ISO-10303-21;
HEADER;
/* Generated by software containing ST-Developer
 * from STEP Tools, Inc. (www.steptools.com) 
 */

FILE_DESCRIPTION(
/* description */ (''),
/* implementation_level */ '2;1');

FILE_NAME(
/* name */ 'Koi Case Top.step',
/* time_stamp */ '2026-06-03T17:28:18-04:00',
/* author */ (''),
/* organization */ (''),
/* preprocessor_version */ 'ST-DEVELOPER v20.1',
/* originating_system */ 'Autodesk Translation Framework v15.8.0.0',
/* authorisation */ '');

FILE_SCHEMA (('AUTOMOTIVE_DESIGN { 1 0 10303 214 3 1 1 }'));
ENDSEC;

DATA;
#10=MECHANICAL_DESIGN_GEOMETRIC_PRESENTATION_REPRESENTATION('',(#126,#127,
#128,#129,#130),#7612);
#11=SHAPE_REPRESENTATION_RELATIONSHIP('SRR','None',#7622,#12);
#12=ADVANCED_BREP_SHAPE_REPRESENTATION('',(#131,#132,#133,#134),#7611);
#13=B_SPLINE_SURFACE_WITH_KNOTS('',3,3,((#5498,#5499,#5500,#5501,#5502,
#5503,#5504,#5505,#5506),(#5507,#5508,#5509,#5510,#5511,#5512,#5513,#5514,
#5515),(#5516,#5517,#5518,#5519,#5520,#5521,#5522,#5523,#5524),(#5525,#5526,
#5527,#5528,#5529,#5530,#5531,#5532,#5533),(#5534,#5535,#5536,#5537,#5538,
#5539,#5540,#5541,#5542),(#5543,#5544,#5545,#5546,#5547,#5548,#5549,#5550,
#5551),(#5552,#5553,#5554,#5555,#5556,#5557,#5558,#5559,#5560)),
 .UNSPECIFIED.,.F.,.F.,.F.,(4,1,1,1,4),(4,1,1,1,1,1,4),(0.,0.285714285714286,
0.571428571428571,0.857142857142857,1.),(0.,0.112199737628207,0.224399475256414,
0.448798950512828,0.673198425769241,1.12199737628207,1.5707963267949),
 .UNSPECIFIED.);
#14=B_SPLINE_SURFACE_WITH_KNOTS('',3,3,((#5561,#5562,#5563,#5564,#5565,
#5566,#5567,#5568,#5569,#5570),(#5571,#5572,#5573,#5574,#5575,#5576,#5577,
#5578,#5579,#5580),(#5581,#5582,#5583,#5584,#5585,#5586,#5587,#5588,#5589,
#5590),(#5591,#5592,#5593,#5594,#5595,#5596,#5597,#5598,#5599,#5600),(#5601,
#5602,#5603,#5604,#5605,#5606,#5607,#5608,#5609,#5610),(#5611,#5612,#5613,
#5614,#5615,#5616,#5617,#5618,#5619,#5620),(#5621,#5622,#5623,#5624,#5625,
#5626,#5627,#5628,#5629,#5630)),.UNSPECIFIED.,.F.,.F.,.F.,(4,1,1,1,4),(4,
1,1,1,1,1,1,4),(0.,0.285714285714286,0.571428571428571,0.857142857142857,
1.),(0.,0.112199737628207,0.224399475256414,0.448798950512828,0.673198425769242,
0.897597901025656,1.12199737628207,1.5707963267949),.UNSPECIFIED.);
#15=B_SPLINE_SURFACE_WITH_KNOTS('',3,3,((#5632,#5633,#5634,#5635,#5636,
#5637,#5638),(#5639,#5640,#5641,#5642,#5643,#5644,#5645),(#5646,#5647,#5648,
#5649,#5650,#5651,#5652),(#5653,#5654,#5655,#5656,#5657,#5658,#5659),(#5660,
#5661,#5662,#5663,#5664,#5665,#5666),(#5667,#5668,#5669,#5670,#5671,#5672,
#5673),(#5674,#5675,#5676,#5677,#5678,#5679,#5680)),.UNSPECIFIED.,.F.,.F.,
 .F.,(4,1,1,1,4),(4,1,1,1,4),(0.,0.285714285714286,0.571428571428571,0.785714285714286,
1.),(0.,0.224399475256414,0.448798950512828,0.897597901025656,1.5707963267949),
 .UNSPECIFIED.);
#16=B_SPLINE_SURFACE_WITH_KNOTS('',3,3,((#5687,#5688,#5689,#5690,#5691,
#5692,#5693,#5694),(#5695,#5696,#5697,#5698,#5699,#5700,#5701,#5702),(#5703,
#5704,#5705,#5706,#5707,#5708,#5709,#5710),(#5711,#5712,#5713,#5714,#5715,
#5716,#5717,#5718),(#5719,#5720,#5721,#5722,#5723,#5724,#5725,#5726),(#5727,
#5728,#5729,#5730,#5731,#5732,#5733,#5734),(#5735,#5736,#5737,#5738,#5739,
#5740,#5741,#5742)),.UNSPECIFIED.,.F.,.F.,.F.,(4,1,1,1,4),(4,1,1,1,1,4),
(0.,0.285714285714286,0.571428571428571,0.785714285714286,1.),(0.,0.224399475256414,
0.336599212884621,0.673198425769241,1.12199737628207,1.5707963267949),
 .UNSPECIFIED.);
#17=B_SPLINE_SURFACE_WITH_KNOTS('',3,3,((#5914,#5915,#5916,#5917,#5918,
#5919),(#5920,#5921,#5922,#5923,#5924,#5925),(#5926,#5927,#5928,#5929,#5930,
#5931),(#5932,#5933,#5934,#5935,#5936,#5937)),.UNSPECIFIED.,.F.,.F.,.F.,
(4,4),(4,1,1,4),(0.182010710826796,0.317989289173205),(1.5707963267949,
2.24399475256414,2.69279370307697,3.14159265358979),.UNSPECIFIED.);
#18=B_SPLINE_SURFACE_WITH_KNOTS('',3,3,((#5939,#5940,#5941,#5942,#5943,
#5944,#5945,#5946),(#5947,#5948,#5949,#5950,#5951,#5952,#5953,#5954),(#5955,
#5956,#5957,#5958,#5959,#5960,#5961,#5962),(#5963,#5964,#5965,#5966,#5967,
#5968,#5969,#5970)),.UNSPECIFIED.,.F.,.F.,.F.,(4,4),(4,2,1,1,4),(0.496092852539897,
0.503263421683765),(-0.00414801980754524,0.,0.798594976277661,1.19789246441649,
1.99648744069415),.UNSPECIFIED.);
#19=B_SPLINE_SURFACE_WITH_KNOTS('',3,3,((#5972,#5973,#5974,#5975,#5976,
#5977,#5978,#5979),(#5980,#5981,#5982,#5983,#5984,#5985,#5986,#5987),(#5988,
#5989,#5990,#5991,#5992,#5993,#5994,#5995),(#5996,#5997,#5998,#5999,#6000,
#6001,#6002,#6003)),.UNSPECIFIED.,.F.,.F.,.F.,(4,4),(4,2,1,1,4),(0.496736558857478,
0.503907128001347),(-2.82008096253433,-2.81593298184015,-2.01739345493183,
-1.61812369147767,-0.819584164569347),.UNSPECIFIED.);
#20=B_SPLINE_SURFACE_WITH_KNOTS('',3,3,((#6005,#6006,#6007,#6008,#6009,
#6010),(#6011,#6012,#6013,#6014,#6015,#6016),(#6017,#6018,#6019,#6020,#6021,
#6022),(#6023,#6024,#6025,#6026,#6027,#6028)),.UNSPECIFIED.,.F.,.F.,.F.,
(4,4),(4,1,1,4),(0.182010710826796,0.317989289173205),(1.5707963267949,
2.24399475256414,2.69279370307697,3.14159265358979),.UNSPECIFIED.);
#21=B_SPLINE_SURFACE_WITH_KNOTS('',3,3,((#6181,#6182,#6183,#6184),(#6185,
#6186,#6187,#6188),(#6189,#6190,#6191,#6192),(#6193,#6194,#6195,#6196)),
 .UNSPECIFIED.,.F.,.F.,.F.,(4,4),(4,4),(0.,1.91663620592809),(0.,0.20066),
 .UNSPECIFIED.);
#22=B_SPLINE_SURFACE_WITH_KNOTS('',3,3,((#6205,#6206,#6207,#6208),(#6209,
#6210,#6211,#6212),(#6213,#6214,#6215,#6216),(#6217,#6218,#6219,#6220),
(#6221,#6222,#6223,#6224),(#6225,#6226,#6227,#6228),(#6229,#6230,#6231,
#6232),(#6233,#6234,#6235,#6236)),.UNSPECIFIED.,.F.,.F.,.F.,(4,2,2,4),(4,
4),(0.220813391502393,0.497852336036964,0.995704672073929,1.98980271956284),
(0.,0.20066),.UNSPECIFIED.);
#23=B_SPLINE_SURFACE_WITH_KNOTS('',3,3,((#6247,#6248,#6249,#6250),(#6251,
#6252,#6253,#6254),(#6255,#6256,#6257,#6258),(#6259,#6260,#6261,#6262),
(#6263,#6264,#6265,#6266),(#6267,#6268,#6269,#6270),(#6271,#6272,#6273,
#6274),(#6275,#6276,#6277,#6278)),.UNSPECIFIED.,.F.,.F.,.F.,(4,2,2,4),(4,
4),(0.,0.28686658882334,0.43029988323501,0.511338579639874),(0.,0.20066),
 .UNSPECIFIED.);
#24=B_SPLINE_SURFACE_WITH_KNOTS('',3,1,((#6289,#6290),(#6291,#6292),(#6293,
#6294),(#6295,#6296)),.UNSPECIFIED.,.F.,.F.,.F.,(4,4),(2,2),(0.,0.220813391502392),
(0.,0.20066),.UNSPECIFIED.);
#25=B_SPLINE_SURFACE_WITH_KNOTS('',3,1,((#6308,#6309),(#6310,#6311),(#6312,
#6313),(#6314,#6315)),.UNSPECIFIED.,.F.,.F.,.F.,(4,4),(2,2),(0.5113396858391,
0.57373317764668),(0.,0.20066),.UNSPECIFIED.);
#26=B_SPLINE_SURFACE_WITH_KNOTS('',3,3,((#6327,#6328,#6329,#6330),(#6331,
#6332,#6333,#6334),(#6335,#6336,#6337,#6338),(#6339,#6340,#6341,#6342),
(#6343,#6344,#6345,#6346),(#6347,#6348,#6349,#6350)),.UNSPECIFIED.,.F.,
 .F.,.F.,(4,2,4),(4,4),(0.,0.287777086867499,0.575554173734998),(0.,0.20066),
 .UNSPECIFIED.);
#27=B_SPLINE_SURFACE_WITH_KNOTS('',3,3,((#6361,#6362,#6363,#6364),(#6365,
#6366,#6367,#6368),(#6369,#6370,#6371,#6372),(#6373,#6374,#6375,#6376),
(#6377,#6378,#6379,#6380),(#6381,#6382,#6383,#6384),(#6385,#6386,#6387,
#6388),(#6389,#6390,#6391,#6392),(#6393,#6394,#6395,#6396),(#6397,#6398,
#6399,#6400)),.UNSPECIFIED.,.F.,.F.,.F.,(4,2,2,2,4),(4,4),(0.,0.495925131809364,
0.991850263618729,1.48777539542809,1.98370052723746),(0.,0.20066),
 .UNSPECIFIED.);
#28=B_SPLINE_SURFACE_WITH_KNOTS('',3,3,((#6413,#6414,#6415,#6416),(#6417,
#6418,#6419,#6420),(#6421,#6422,#6423,#6424),(#6425,#6426,#6427,#6428)),
 .UNSPECIFIED.,.F.,.F.,.F.,(4,4),(4,4),(0.,1.91105197660439),(0.,0.20066),
 .UNSPECIFIED.);
#29=B_SPLINE_SURFACE_WITH_KNOTS('',3,1,((#6434,#6435),(#6436,#6437),(#6438,
#6439),(#6440,#6441)),.UNSPECIFIED.,.F.,.F.,.F.,(4,4),(2,2),(0.,1.02176526325638),
(0.,0.20066),.UNSPECIFIED.);
#30=B_SPLINE_SURFACE_WITH_KNOTS('',3,1,((#6456,#6457),(#6458,#6459),(#6460,
#6461),(#6462,#6463),(#6464,#6465),(#6466,#6467),(#6468,#6469),(#6470,#6471),
(#6472,#6473)),.UNSPECIFIED.,.F.,.F.,.F.,(4,1,1,1,1,1,4),(2,2),(0.,0.221123390010956,
0.442246780021912,0.884493560043824,1.32674034006574,1.54786373007669,1.76898712008765),
(0.,0.20066),.UNSPECIFIED.);
#31=B_SPLINE_SURFACE_WITH_KNOTS('',3,1,((#6493,#6494),(#6495,#6496),(#6497,
#6498),(#6499,#6500)),.UNSPECIFIED.,.F.,.F.,.F.,(4,4),(2,2),(0.,1.03264334053135),
(0.,0.20066),.UNSPECIFIED.);
#32=B_SPLINE_SURFACE_WITH_KNOTS('',3,1,((#6515,#6516),(#6517,#6518),(#6519,
#6520),(#6521,#6522),(#6523,#6524)),.UNSPECIFIED.,.F.,.F.,.F.,(4,1,4),(2,
2),(1.55422720739595,1.5718297007702,1.79540552650425),(0.,0.20066),
 .UNSPECIFIED.);
#33=B_SPLINE_SURFACE_WITH_KNOTS('',3,1,((#6537,#6538),(#6539,#6540),(#6541,
#6542),(#6543,#6544),(#6545,#6546),(#6547,#6548),(#6549,#6550),(#6551,#6552)),
 .UNSPECIFIED.,.F.,.F.,.F.,(4,1,1,1,1,4),(2,2),(0.,0.22527555589201,0.450551111784019,
0.901102223568038,1.34825387503614,1.36315890107815),(0.,0.20066),
 .UNSPECIFIED.);
#34=B_SPLINE_SURFACE_WITH_KNOTS('',3,3,((#6571,#6572,#6573,#6574),(#6575,
#6576,#6577,#6578),(#6579,#6580,#6581,#6582),(#6583,#6584,#6585,#6586)),
 .UNSPECIFIED.,.F.,.F.,.F.,(4,4),(4,4),(1.36315890107815,1.55422718427309),
(0.,0.20066),.UNSPECIFIED.);
#35=B_SPLINE_SURFACE_WITH_KNOTS('',3,1,((#6594,#6595),(#6596,#6597),(#6598,
#6599),(#6600,#6601)),.UNSPECIFIED.,.F.,.F.,.F.,(4,4),(2,2),(0.,1.00541506317168),
(0.,0.20066),.UNSPECIFIED.);
#36=B_SPLINE_SURFACE_WITH_KNOTS('',3,1,((#6615,#6616),(#6617,#6618),(#6619,
#6620),(#6621,#6622),(#6623,#6624),(#6625,#6626),(#6627,#6628),(#6629,#6630)),
 .UNSPECIFIED.,.F.,.F.,.F.,(4,1,1,1,1,4),(2,2),(0.712314012712904,0.803996243559503,
1.07199499141267,1.43034313660875,1.60951720920679,1.78869128180483),(0.,
0.20066),.UNSPECIFIED.);
#37=B_SPLINE_SURFACE_WITH_KNOTS('',3,3,((#6649,#6650,#6651,#6652),(#6653,
#6654,#6655,#6656),(#6657,#6658,#6659,#6660),(#6661,#6662,#6663,#6664)),
 .UNSPECIFIED.,.F.,.F.,.F.,(4,4),(4,4),(1.00541506317168,1.02261037199343),
(0.,0.20066),.UNSPECIFIED.);
#38=B_SPLINE_SURFACE_WITH_KNOTS('',3,3,((#6671,#6672,#6673,#6674),(#6675,
#6676,#6677,#6678),(#6679,#6680,#6681,#6682),(#6683,#6684,#6685,#6686),
(#6687,#6688,#6689,#6690),(#6691,#6692,#6693,#6694),(#6695,#6696,#6697,
#6698),(#6699,#6700,#6701,#6702)),.UNSPECIFIED.,.F.,.F.,.F.,(4,2,2,4),(4,
4),(0.,0.267998747853168,0.535997495706335,0.712293326919606),(0.,0.20066),
 .UNSPECIFIED.);
#39=B_SPLINE_SURFACE_WITH_KNOTS('',3,1,((#6714,#6715),(#6716,#6717),(#6718,
#6719),(#6720,#6721),(#6722,#6723),(#6724,#6725)),.UNSPECIFIED.,.F.,.F.,
 .F.,(4,1,1,4),(2,2),(0.,0.479331512716004,0.958663025432008,1.32222505824382),
(0.,0.20066),.UNSPECIFIED.);
#40=B_SPLINE_SURFACE_WITH_KNOTS('',3,1,((#6749,#6750),(#6751,#6752),(#6753,
#6754),(#6755,#6756),(#6757,#6758),(#6759,#6760),(#6761,#6762)),
 .UNSPECIFIED.,.F.,.F.,.F.,(4,1,1,1,4),(2,2),(0.601976742420645,0.643851075788227,
1.27899464899921,1.59656643560469,1.91413822221018),(0.,0.20066),
 .UNSPECIFIED.);
#41=B_SPLINE_SURFACE_WITH_KNOTS('',3,3,((#6779,#6780,#6781,#6782),(#6783,
#6784,#6785,#6786),(#6787,#6788,#6789,#6790),(#6791,#6792,#6793,#6794),
(#6795,#6796,#6797,#6798),(#6799,#6800,#6801,#6802),(#6803,#6804,#6805,
#6806),(#6807,#6808,#6809,#6810)),.UNSPECIFIED.,.F.,.F.,.F.,(4,2,2,4),(4,
4),(1.32222505824382,1.43799453814801,1.67766029450601,1.91732605086402),
(0.,0.20066),.UNSPECIFIED.);
#42=B_SPLINE_SURFACE_WITH_KNOTS('',3,3,((#6821,#6822,#6823,#6824),(#6825,
#6826,#6827,#6828),(#6829,#6830,#6831,#6832),(#6833,#6834,#6835,#6836),
(#6837,#6838,#6839,#6840),(#6841,#6842,#6843,#6844)),.UNSPECIFIED.,.F.,
 .F.,.F.,(4,2,4),(4,4),(0.,0.321925537894114,0.601976742420645),(0.,0.20066),
 .UNSPECIFIED.);
#43=B_SPLINE_SURFACE_WITH_KNOTS('',3,3,((#6925,#6926,#6927,#6928),(#6929,
#6930,#6931,#6932),(#6933,#6934,#6935,#6936),(#6937,#6938,#6939,#6940),
(#6941,#6942,#6943,#6944),(#6945,#6946,#6947,#6948),(#6949,#6950,#6951,
#6952),(#6953,#6954,#6955,#6956),(#6957,#6958,#6959,#6960),(#6961,#6962,
#6963,#6964)),.UNSPECIFIED.,.F.,.F.,.F.,(4,2,2,2,4),(4,4),(0.,0.25,0.5,
0.75,1.),(-1.60588478786501E-15,1.),.UNSPECIFIED.);
#44=B_SPLINE_SURFACE_WITH_KNOTS('',3,3,((#7006,#7007,#7008,#7009),(#7010,
#7011,#7012,#7013),(#7014,#7015,#7016,#7017),(#7018,#7019,#7020,#7021),
(#7022,#7023,#7024,#7025),(#7026,#7027,#7028,#7029),(#7030,#7031,#7032,
#7033),(#7034,#7035,#7036,#7037),(#7038,#7039,#7040,#7041),(#7042,#7043,
#7044,#7045),(#7046,#7047,#7048,#7049),(#7050,#7051,#7052,#7053)),
 .UNSPECIFIED.,.F.,.F.,.F.,(4,2,2,2,2,4),(4,4),(0.,0.216522032569195,0.412391524426896,
0.608261016284597,0.804130508142299,1.),(-2.52542618488051E-15,1.),
 .UNSPECIFIED.);
#45=B_SPLINE_SURFACE_WITH_KNOTS('',3,3,((#7099,#7100,#7101,#7102),(#7103,
#7104,#7105,#7106),(#7107,#7108,#7109,#7110),(#7111,#7112,#7113,#7114),
(#7115,#7116,#7117,#7118),(#7119,#7120,#7121,#7122),(#7123,#7124,#7125,
#7126),(#7127,#7128,#7129,#7130),(#7131,#7132,#7133,#7134),(#7135,#7136,
#7137,#7138)),.UNSPECIFIED.,.F.,.F.,.F.,(4,2,2,2,4),(4,4),(0.,0.316229351437404,
0.632458702874808,0.873281188190163,1.),(-1.65080288432246E-15,1.),
 .UNSPECIFIED.);
#46=B_SPLINE_SURFACE_WITH_KNOTS('',3,3,((#7177,#7178,#7179,#7180),(#7181,
#7182,#7183,#7184),(#7185,#7186,#7187,#7188),(#7189,#7190,#7191,#7192),
(#7193,#7194,#7195,#7196),(#7197,#7198,#7199,#7200),(#7201,#7202,#7203,
#7204),(#7205,#7206,#7207,#7208),(#7209,#7210,#7211,#7212),(#7213,#7214,
#7215,#7216)),.UNSPECIFIED.,.F.,.F.,.F.,(4,2,2,2,4),(4,4),(0.,0.25,0.5,
0.75,1.),(-4.94870306971338E-15,1.),.UNSPECIFIED.);
#47=B_SPLINE_SURFACE_WITH_KNOTS('',3,1,((#7256,#7257),(#7258,#7259),(#7260,
#7261),(#7262,#7263),(#7264,#7265),(#7266,#7267),(#7268,#7269)),
 .UNSPECIFIED.,.F.,.F.,.F.,(4,1,1,1,4),(2,2),(1.07051164956428,1.37969842171797,
1.97108519357204,2.5624719654261,2.84586118439028),(0.,0.20066),
 .UNSPECIFIED.);
#48=B_SPLINE_SURFACE_WITH_KNOTS('',3,1,((#7279,#7280),(#7281,#7282),(#7283,
#7284),(#7285,#7286),(#7287,#7288),(#7289,#7290),(#7291,#7292)),
 .UNSPECIFIED.,.F.,.F.,.F.,(4,1,1,1,4),(2,2),(1.06898744122734,1.19096283520265,
1.70583525993719,2.22070768467173,2.46562005195508),(0.,0.20066),
 .UNSPECIFIED.);
#49=B_SPLINE_SURFACE_WITH_KNOTS('',3,3,((#7302,#7303,#7304,#7305),(#7306,
#7307,#7308,#7309),(#7310,#7311,#7312,#7313),(#7314,#7315,#7316,#7317),
(#7318,#7319,#7320,#7321),(#7322,#7323,#7324,#7325),(#7326,#7327,#7328,
#7329),(#7330,#7331,#7332,#7333),(#7334,#7335,#7336,#7337),(#7338,#7339,
#7340,#7341)),.UNSPECIFIED.,.F.,.F.,.F.,(4,2,2,2,4),(4,4),(0.,0.394155824931951,
0.591233737397926,0.788311649863901,1.07051164956589),(0.,0.20066),
 .UNSPECIFIED.);
#50=B_SPLINE_SURFACE_WITH_KNOTS('',3,3,((#7352,#7353,#7354,#7355),(#7356,
#7357,#7358,#7359),(#7360,#7361,#7362,#7363),(#7364,#7365,#7366,#7367),
(#7368,#7369,#7370,#7371),(#7372,#7373,#7374,#7375),(#7376,#7377,#7378,
#7379),(#7380,#7381,#7382,#7383),(#7384,#7385,#7386,#7387),(#7388,#7389,
#7390,#7391)),.UNSPECIFIED.,.F.,.F.,.F.,(4,2,2,2,4),(4,4),(2.46562005195492,
2.73558010940628,2.89387343334201,3.05216675727774,3.36875340514919),(0.,
0.20066),.UNSPECIFIED.);
#51=B_SPLINE_CURVE_WITH_KNOTS('',3,(#5350,#5351,#5352,#5353,#5354,#5355,
#5356,#5357),.UNSPECIFIED.,.F.,.F.,(4,2,2,4),(-1.91732605086402,-1.67766029450601,
-1.43799453814801,-1.32222505824382),.UNSPECIFIED.);
#52=B_SPLINE_CURVE_WITH_KNOTS('',3,(#5363,#5364,#5365,#5366,#5367,#5368),
 .UNSPECIFIED.,.F.,.F.,(4,2,4),(-0.601976742420645,-0.321925537894114,0.),
 .UNSPECIFIED.);
#53=B_SPLINE_CURVE_WITH_KNOTS('',3,(#5376,#5377,#5378,#5379),
 .UNSPECIFIED.,.F.,.F.,(4,4),(-1.55422718427309,-1.36315890107815),
 .UNSPECIFIED.);
#54=B_SPLINE_CURVE_WITH_KNOTS('',3,(#5384,#5385,#5386,#5387,#5388,#5389,
#5390,#5391,#5392,#5393,#5394,#5395,#5396,#5397),.UNSPECIFIED.,.F.,.F.,
(4,2,2,2,2,2,4),(-2.82008096253433,-2.81593298184015,-2.4418052687651,-2.06770396372308,
-1.57158079820772,-1.07555832373604,-0.819584164569347),.UNSPECIFIED.);
#55=B_SPLINE_CURVE_WITH_KNOTS('',3,(#5412,#5413,#5414,#5415,#5416,#5417,
#5418,#5419,#5420,#5421,#5422,#5423,#5424,#5425),.UNSPECIFIED.,.F.,.F.,
(4,2,2,2,2,2,4),(-0.00414801980754524,0.,0.416123268820353,0.832213211727062,
1.3283196028891,1.82433777000603,1.99648744069415),.UNSPECIFIED.);
#56=B_SPLINE_CURVE_WITH_KNOTS('',3,(#5429,#5430,#5431,#5432,#5433,#5434,
#5435,#5436,#5437,#5438),.UNSPECIFIED.,.F.,.F.,(4,2,2,2,4),(-1.,-0.75,-0.5,
-0.25,0.),.UNSPECIFIED.);
#57=B_SPLINE_CURVE_WITH_KNOTS('',3,(#5442,#5443,#5444,#5445,#5446,#5447,
#5448,#5449,#5450,#5451),.UNSPECIFIED.,.F.,.F.,(4,2,2,2,4),(-1.07051164956589,
-0.788311649863901,-0.591233737397926,-0.394155824931951,0.),
 .UNSPECIFIED.);
#58=B_SPLINE_CURVE_WITH_KNOTS('',3,(#5455,#5456,#5457,#5458),
 .UNSPECIFIED.,.F.,.F.,(4,4),(-1.02261037199343,-1.00541506317168),
 .UNSPECIFIED.);
#59=B_SPLINE_CURVE_WITH_KNOTS('',3,(#5464,#5465,#5466,#5467,#5468,#5469,
#5470,#5471),.UNSPECIFIED.,.F.,.F.,(4,2,2,4),(-0.712293326761436,-0.535997495706335,
-0.267998747853168,0.),.UNSPECIFIED.);
#60=B_SPLINE_CURVE_WITH_KNOTS('',3,(#5477,#5478,#5479,#5480),
 .UNSPECIFIED.,.F.,.F.,(4,4),(-1.91105197660439,0.),.UNSPECIFIED.);
#61=B_SPLINE_CURVE_WITH_KNOTS('',3,(#5482,#5483,#5484,#5485,#5486,#5487),
 .UNSPECIFIED.,.F.,.F.,(4,2,4),(-0.575554173734998,-0.287777086867499,0.),
 .UNSPECIFIED.);
#62=B_SPLINE_CURVE_WITH_KNOTS('',3,(#5488,#5489,#5490,#5491,#5492,#5493,
#5494,#5495,#5496,#5497),.UNSPECIFIED.,.F.,.F.,(4,2,2,2,4),(-1.98370052723746,
-1.48777539542809,-0.991850263618729,-0.495925131809364,0.),
 .UNSPECIFIED.);
#63=B_SPLINE_CURVE_WITH_KNOTS('',3,(#5762,#5763,#5764,#5765,#5766,#5767,
#5768,#5769,#5770,#5771,#5772,#5773,#5774),.UNSPECIFIED.,.F.,.F.,(4,3,3,
3,4),(-0.00414801980754524,0.,0.943060565864943,1.89234265530334,1.99648744069415),
 .UNSPECIFIED.);
#64=B_SPLINE_CURVE_WITH_KNOTS('',3,(#5788,#5789,#5790,#5791,#5792,#5793,
#5794,#5795,#5796,#5797,#5798,#5799,#5800),.UNSPECIFIED.,.F.,.F.,(4,3,3,
3,4),(-0.00414801980754524,0.,0.94306991434842,1.8923875296761,1.99648744069415),
 .UNSPECIFIED.);
#65=B_SPLINE_CURVE_WITH_KNOTS('',3,(#5806,#5807,#5808,#5809,#5810,#5811,
#5812,#5813,#5814,#5815,#5816,#5817,#5818),.UNSPECIFIED.,.F.,.F.,(4,3,3,
3,4),(-2.82008096253433,-2.81593298184015,-1.8766189981455,-0.918542155344894,
-0.819584164569347),.UNSPECIFIED.);
#66=B_SPLINE_CURVE_WITH_KNOTS('',3,(#5832,#5833,#5834,#5835,#5836,#5837,
#5838,#5839,#5840,#5841,#5842,#5843,#5844,#5845,#5846,#5847,#5848,#5849,
#5850,#5851,#5852,#5853,#5854,#5855,#5856),.UNSPECIFIED.,.F.,.F.,(4,3,3,
3,3,3,3,3,4),(-2.82008096253433,-2.81593298184015,-2.4418052687651,-2.06770396372308,
-2.01739345493183,-1.61812369147767,-1.57158079820772,-1.07555832373604,
-0.819584164569347),.UNSPECIFIED.);
#67=B_SPLINE_CURVE_WITH_KNOTS('',3,(#6082,#6083,#6084,#6085,#6086,#6087,
#6088,#6089,#6090,#6091,#6092,#6093,#6094,#6095,#6096,#6097,#6098,#6099,
#6100,#6101,#6102,#6103),.UNSPECIFIED.,.F.,.F.,(4,2,2,2,2,2,2,2,2,2,4),
(2.99476342943099,2.99858548223782,3.21657510902985,3.6776575764143,3.90819881010653,
4.13874004379876,4.36928127749098,4.59982251118321,5.06090497856767,5.2788946053597,
5.28271665816652),.UNSPECIFIED.);
#68=B_SPLINE_CURVE_WITH_KNOTS('',3,(#6118,#6119,#6120,#6121,#6122,#6123,
#6124,#6125,#6126,#6127,#6128,#6129,#6130,#6131,#6132,#6133,#6134,#6135),
 .UNSPECIFIED.,.F.,.F.,(4,2,2,2,2,2,2,2,4),(1.92885078389575,1.98153077068763,
2.66400970520338,3.00524917246125,3.34648863971912,3.687728106977,4.02896757423487,
4.71144650875061,4.76412649554249),.UNSPECIFIED.);
#69=B_SPLINE_CURVE_WITH_KNOTS('',3,(#6157,#6158,#6159,#6160,#6161,#6162,
#6163,#6164),.UNSPECIFIED.,.F.,.F.,(4,2,2,4),(-0.511338579639874,-0.43029988323501,
-0.28686658882334,0.),.UNSPECIFIED.);
#70=B_SPLINE_CURVE_WITH_KNOTS('',3,(#6166,#6167,#6168,#6169),
 .UNSPECIFIED.,.F.,.F.,(4,4),(-1.91663620592809,0.),.UNSPECIFIED.);
#71=B_SPLINE_CURVE_WITH_KNOTS('',3,(#6171,#6172,#6173,#6174,#6175,#6176,
#6177,#6178),.UNSPECIFIED.,.F.,.F.,(4,2,2,4),(-1.98980271956284,-0.995704672073929,
-0.497852336036964,-0.220813391502393),.UNSPECIFIED.);
#72=B_SPLINE_CURVE_WITH_KNOTS('',3,(#6200,#6201,#6202,#6203),
 .UNSPECIFIED.,.F.,.F.,(4,4),(0.,1.91663620592809),.UNSPECIFIED.);
#73=B_SPLINE_CURVE_WITH_KNOTS('',3,(#6238,#6239,#6240,#6241,#6242,#6243,
#6244,#6245),.UNSPECIFIED.,.F.,.F.,(4,2,2,4),(0.220813391502393,0.497852336036964,
0.995704672073929,1.98980271956284),.UNSPECIFIED.);
#74=B_SPLINE_CURVE_WITH_KNOTS('',3,(#6281,#6282,#6283,#6284,#6285,#6286,
#6287,#6288),.UNSPECIFIED.,.F.,.F.,(4,2,2,4),(0.,0.28686658882334,0.43029988323501,
0.511338579639874),.UNSPECIFIED.);
#75=B_SPLINE_CURVE_WITH_KNOTS('',3,(#6298,#6299,#6300,#6301),
 .UNSPECIFIED.,.F.,.F.,(4,4),(-0.220813391502392,0.),.UNSPECIFIED.);
#76=B_SPLINE_CURVE_WITH_KNOTS('',3,(#6303,#6304,#6305,#6306),
 .UNSPECIFIED.,.F.,.F.,(4,4),(0.,0.220813391502392),.UNSPECIFIED.);
#77=B_SPLINE_CURVE_WITH_KNOTS('',3,(#6316,#6317,#6318,#6319),
 .UNSPECIFIED.,.F.,.F.,(4,4),(-0.57373317764668,-0.5113396858391),
 .UNSPECIFIED.);
#78=B_SPLINE_CURVE_WITH_KNOTS('',3,(#6320,#6321,#6322,#6323),
 .UNSPECIFIED.,.F.,.F.,(4,4),(0.5113396858391,0.57373317764668),
 .UNSPECIFIED.);
#79=B_SPLINE_CURVE_WITH_KNOTS('',3,(#6354,#6355,#6356,#6357,#6358,#6359),
 .UNSPECIFIED.,.F.,.F.,(4,2,4),(0.,0.287777086867499,0.575554173734998),
 .UNSPECIFIED.);
#80=B_SPLINE_CURVE_WITH_KNOTS('',3,(#6402,#6403,#6404,#6405,#6406,#6407,
#6408,#6409,#6410,#6411),.UNSPECIFIED.,.F.,.F.,(4,2,2,2,4),(0.,0.495925131809364,
0.991850263618729,1.48777539542809,1.98370052723746),.UNSPECIFIED.);
#81=B_SPLINE_CURVE_WITH_KNOTS('',3,(#6429,#6430,#6431,#6432),
 .UNSPECIFIED.,.F.,.F.,(4,4),(0.,1.91105197660439),.UNSPECIFIED.);
#82=B_SPLINE_CURVE_WITH_KNOTS('',3,(#6444,#6445,#6446,#6447),
 .UNSPECIFIED.,.F.,.F.,(4,4),(-1.02176526325638,0.),.UNSPECIFIED.);
#83=B_SPLINE_CURVE_WITH_KNOTS('',3,(#6451,#6452,#6453,#6454),
 .UNSPECIFIED.,.F.,.F.,(4,4),(0.,1.02176526325638),.UNSPECIFIED.);
#84=B_SPLINE_CURVE_WITH_KNOTS('',3,(#6474,#6475,#6476,#6477,#6478,#6479,
#6480,#6481,#6482),.UNSPECIFIED.,.F.,.F.,(4,1,1,1,1,1,4),(-1.76898712008765,
-1.54786373007669,-1.32674034006574,-0.884493560043824,-0.442246780021912,
-0.221123390010956,0.),.UNSPECIFIED.);
#85=B_SPLINE_CURVE_WITH_KNOTS('',3,(#6483,#6484,#6485,#6486,#6487,#6488,
#6489,#6490,#6491),.UNSPECIFIED.,.F.,.F.,(4,1,1,1,1,1,4),(0.,0.221123390010956,
0.442246780021912,0.884493560043824,1.32674034006574,1.54786373007669,1.76898712008765),
 .UNSPECIFIED.);
#86=B_SPLINE_CURVE_WITH_KNOTS('',3,(#6503,#6504,#6505,#6506),
 .UNSPECIFIED.,.F.,.F.,(4,4),(-1.03264334053135,0.),.UNSPECIFIED.);
#87=B_SPLINE_CURVE_WITH_KNOTS('',3,(#6510,#6511,#6512,#6513),
 .UNSPECIFIED.,.F.,.F.,(4,4),(0.,1.03264334053135),.UNSPECIFIED.);
#88=B_SPLINE_CURVE_WITH_KNOTS('',3,(#6525,#6526,#6527,#6528,#6529),
 .UNSPECIFIED.,.F.,.F.,(4,1,4),(-1.79540552650425,-1.5718297007702,-1.55422720739595),
 .UNSPECIFIED.);
#89=B_SPLINE_CURVE_WITH_KNOTS('',3,(#6531,#6532,#6533,#6534,#6535),
 .UNSPECIFIED.,.F.,.F.,(4,1,4),(1.55422720739595,1.5718297007702,1.79540552650425),
 .UNSPECIFIED.);
#90=B_SPLINE_CURVE_WITH_KNOTS('',3,(#6553,#6554,#6555,#6556,#6557,#6558,
#6559,#6560),.UNSPECIFIED.,.F.,.F.,(4,1,1,1,1,4),(-1.36315890107815,-1.34825387503614,
-0.901102223568038,-0.450551111784019,-0.22527555589201,0.),
 .UNSPECIFIED.);
#91=B_SPLINE_CURVE_WITH_KNOTS('',3,(#6563,#6564,#6565,#6566,#6567,#6568,
#6569,#6570),.UNSPECIFIED.,.F.,.F.,(4,1,1,1,1,4),(0.,0.22527555589201,0.450551111784019,
0.901102223568038,1.34825387503614,1.36315890107815),.UNSPECIFIED.);
#92=B_SPLINE_CURVE_WITH_KNOTS('',3,(#6587,#6588,#6589,#6590),
 .UNSPECIFIED.,.F.,.F.,(4,4),(1.36315890107815,1.55422718427309),
 .UNSPECIFIED.);
#93=B_SPLINE_CURVE_WITH_KNOTS('',3,(#6603,#6604,#6605,#6606),
 .UNSPECIFIED.,.F.,.F.,(4,4),(-1.00541506317168,0.),.UNSPECIFIED.);
#94=B_SPLINE_CURVE_WITH_KNOTS('',3,(#6610,#6611,#6612,#6613),
 .UNSPECIFIED.,.F.,.F.,(4,4),(0.,1.00541506317168),.UNSPECIFIED.);
#95=B_SPLINE_CURVE_WITH_KNOTS('',3,(#6631,#6632,#6633,#6634,#6635,#6636,
#6637,#6638),.UNSPECIFIED.,.F.,.F.,(4,1,1,1,1,4),(-1.78869128180483,-1.60951720920679,
-1.43034313660875,-1.07199499141267,-0.803996243559503,-0.712314012712904),
 .UNSPECIFIED.);
#96=B_SPLINE_CURVE_WITH_KNOTS('',3,(#6640,#6641,#6642,#6643,#6644,#6645,
#6646,#6647),.UNSPECIFIED.,.F.,.F.,(4,1,1,1,1,4),(0.712314012712904,0.803996243559503,
1.07199499141267,1.43034313660875,1.60951720920679,1.78869128180483),
 .UNSPECIFIED.);
#97=B_SPLINE_CURVE_WITH_KNOTS('',3,(#6667,#6668,#6669,#6670),
 .UNSPECIFIED.,.F.,.F.,(4,4),(1.00541506317168,1.02261037199343),
 .UNSPECIFIED.);
#98=B_SPLINE_CURVE_WITH_KNOTS('',3,(#6703,#6704,#6705,#6706,#6707,#6708,
#6709,#6710),.UNSPECIFIED.,.F.,.F.,(4,2,2,4),(0.,0.267998747853168,0.535997495706335,
0.712293326919606),.UNSPECIFIED.);
#99=B_SPLINE_CURVE_WITH_KNOTS('',3,(#6727,#6728,#6729,#6730,#6731,#6732),
 .UNSPECIFIED.,.F.,.F.,(4,1,1,4),(-1.32222505824382,-0.958663025432008,
-0.479331512716004,0.),.UNSPECIFIED.);
#100=B_SPLINE_CURVE_WITH_KNOTS('',3,(#6736,#6737,#6738,#6739,#6740,#6741),
 .UNSPECIFIED.,.F.,.F.,(4,1,1,4),(0.,0.479331512716004,0.958663025432008,
1.32222505824382),.UNSPECIFIED.);
#101=B_SPLINE_CURVE_WITH_KNOTS('',3,(#6763,#6764,#6765,#6766,#6767,#6768,
#6769),.UNSPECIFIED.,.F.,.F.,(4,1,1,1,4),(-1.91413822221018,-1.59656643560469,
-1.27899464899921,-0.643851075788227,-0.601976742420645),.UNSPECIFIED.);
#102=B_SPLINE_CURVE_WITH_KNOTS('',3,(#6771,#6772,#6773,#6774,#6775,#6776,
#6777),.UNSPECIFIED.,.F.,.F.,(4,1,1,1,4),(0.601976742420645,0.643851075788227,
1.27899464899921,1.59656643560469,1.91413822221018),.UNSPECIFIED.);
#103=B_SPLINE_CURVE_WITH_KNOTS('',3,(#6813,#6814,#6815,#6816,#6817,#6818,
#6819,#6820),.UNSPECIFIED.,.F.,.F.,(4,2,2,4),(1.32222505824382,1.43799453814801,
1.67766029450601,1.91732605086402),.UNSPECIFIED.);
#104=B_SPLINE_CURVE_WITH_KNOTS('',3,(#6845,#6846,#6847,#6848,#6849,#6850),
 .UNSPECIFIED.,.F.,.F.,(4,2,4),(0.,0.321925537894114,0.601976742420645),
 .UNSPECIFIED.);
#105=B_SPLINE_CURVE_WITH_KNOTS('',3,(#6857,#6858,#6859,#6860,#6861,#6862,
#6863),.UNSPECIFIED.,.F.,.F.,(4,1,1,1,4),(-2.46562005195508,-2.22070768467173,
-1.70583525993719,-1.19096283520265,-1.06898744122734),.UNSPECIFIED.);
#106=B_SPLINE_CURVE_WITH_KNOTS('',3,(#6869,#6870,#6871,#6872,#6873,#6874,
#6875),.UNSPECIFIED.,.F.,.F.,(4,1,1,1,4),(-2.84586118439028,-2.5624719654261,
-1.97108519357204,-1.37969842171797,-1.07051164956428),.UNSPECIFIED.);
#107=B_SPLINE_CURVE_WITH_KNOTS('',3,(#6878,#6879,#6880,#6881,#6882,#6883,
#6884,#6885,#6886,#6887,#6888,#6889),.UNSPECIFIED.,.F.,.F.,(4,2,2,2,2,4),
(-1.,-0.804130508142299,-0.608261016284597,-0.412391524426896,-0.216522032569195,
0.),.UNSPECIFIED.);
#108=B_SPLINE_CURVE_WITH_KNOTS('',3,(#6892,#6893,#6894,#6895,#6896,#6897,
#6898,#6899,#6900,#6901),.UNSPECIFIED.,.F.,.F.,(4,2,2,2,4),(-1.,-0.873281188190163,
-0.632458702874808,-0.316229351437404,0.),.UNSPECIFIED.);
#109=B_SPLINE_CURVE_WITH_KNOTS('',3,(#6905,#6906,#6907,#6908,#6909,#6910,
#6911,#6912,#6913,#6914),.UNSPECIFIED.,.F.,.F.,(4,2,2,2,4),(-3.36875340514919,
-3.05216675727774,-2.89387343334201,-2.73558010940628,-2.46562005195492),
 .UNSPECIFIED.);
#110=B_SPLINE_CURVE_WITH_KNOTS('',3,(#6915,#6916,#6917,#6918,#6919,#6920,
#6921,#6922,#6923,#6924),.UNSPECIFIED.,.F.,.F.,(4,2,2,2,4),(-1.,-0.75,-0.5,
-0.25,0.),.UNSPECIFIED.);
#111=B_SPLINE_CURVE_WITH_KNOTS('',3,(#6968,#6969,#6970,#6971,#6972,#6973,
#6974,#6975,#6976,#6977,#6978,#6979,#6980,#6981,#6982,#6983,#6984,#6985,
#6986,#6987,#6988,#6989,#6990,#6991,#6992,#6993,#6994,#6995,#6996,#6997,
#6998,#6999,#7000,#7001,#7002,#7003,#7004),.UNSPECIFIED.,.F.,.F.,(4,3,3,
3,3,3,3,3,3,3,3,3,4),(1.140720827991E-9,0.107195073915217,0.221625159564408,
0.313267796975143,0.432093640511617,0.554759094816682,0.626535593950285,
0.751081508585175,0.868416772874678,0.939803390925428,1.096437289413,1.21922079743552,
1.25307118790057),.UNSPECIFIED.);
#112=B_SPLINE_CURVE_WITH_KNOTS('',3,(#7055,#7056,#7057,#7058,#7059,#7060,
#7061,#7062,#7063,#7064,#7065,#7066,#7067,#7068,#7069,#7070,#7071,#7072,
#7073,#7074,#7075,#7076,#7077,#7078,#7079,#7080,#7081,#7082,#7083,#7084,
#7085,#7086,#7087,#7088,#7089,#7090,#7091,#7092,#7093,#7094,#7095,#7096,
#7097),.UNSPECIFIED.,.F.,.F.,(4,3,3,3,3,3,3,3,3,3,3,3,3,3,4),(2.84586118438993,
2.95879359538271,3.07407499844377,3.15385873728017,3.27894766886772,3.41072445959373,
3.43247853159024,3.58706917178517,3.71109832590031,3.84096115160207,3.9733137346632,
3.98971812021038,4.12902801736541,4.2297742466152,4.26833791452045),
 .UNSPECIFIED.);
#113=B_SPLINE_CURVE_WITH_KNOTS('',3,(#7142,#7143,#7144,#7145,#7146,#7147,
#7148,#7149,#7150,#7151,#7152,#7153,#7154,#7155,#7156,#7157,#7158,#7159,
#7160,#7161,#7162,#7163,#7164,#7165,#7166,#7167,#7168,#7169,#7170,#7171,
#7172,#7173,#7174,#7175),.UNSPECIFIED.,.F.,.F.,(4,3,3,3,3,3,3,3,3,3,3,4),
(0.,0.0927540540716183,0.20694540021802,0.338045205234052,0.473554622934588,
0.608636519431978,0.676090410468105,0.787149357894669,0.89225152333181,
0.933526622835376,1.03419067617028,1.06898744122734),.UNSPECIFIED.);
#114=B_SPLINE_CURVE_WITH_KNOTS('',3,(#7218,#7219,#7220,#7221,#7222,#7223,
#7224,#7225,#7226,#7227,#7228,#7229,#7230,#7231,#7232,#7233,#7234,#7235,
#7236,#7237,#7238,#7239,#7240,#7241,#7242,#7243,#7244,#7245,#7246,#7247,
#7248,#7249,#7250,#7251,#7252,#7253,#7254),.UNSPECIFIED.,.F.,.F.,(4,3,3,
3,3,3,3,3,3,3,3,3,4),(0.,0.103173691187505,0.234929901149504,0.270218770636021,
0.372484550857952,0.485194756701359,0.540437541272041,0.652354318471865,
0.75978721766764,0.810656311908062,0.929906564893654,1.03142155562525,1.08087508254408),
 .UNSPECIFIED.);
#115=B_SPLINE_CURVE_WITH_KNOTS('',3,(#7271,#7272,#7273,#7274,#7275,#7276,
#7277),.UNSPECIFIED.,.F.,.F.,(4,1,1,1,4),(1.07051164956428,1.37969842171797,
1.97108519357204,2.5624719654261,2.84586118439028),.UNSPECIFIED.);
#116=B_SPLINE_CURVE_WITH_KNOTS('',3,(#7295,#7296,#7297,#7298,#7299,#7300,
#7301),.UNSPECIFIED.,.F.,.F.,(4,1,1,1,4),(1.06898744122734,1.19096283520265,
1.70583525993719,2.22070768467173,2.46562005195508),.UNSPECIFIED.);
#117=B_SPLINE_CURVE_WITH_KNOTS('',3,(#7342,#7343,#7344,#7345,#7346,#7347,
#7348,#7349,#7350,#7351),.UNSPECIFIED.,.F.,.F.,(4,2,2,2,4),(0.,0.394155824931951,
0.591233737397926,0.788311649863901,1.07051164956589),.UNSPECIFIED.);
#118=B_SPLINE_CURVE_WITH_KNOTS('',3,(#7392,#7393,#7394,#7395,#7396,#7397,
#7398,#7399,#7400,#7401),.UNSPECIFIED.,.F.,.F.,(4,2,2,2,4),(2.46562005195492,
2.73558010940628,2.89387343334201,3.05216675727774,3.36875340514919),
 .UNSPECIFIED.);
#119=TOROIDAL_SURFACE('',#3795,0.700000000000003,0.5);
#120=TOROIDAL_SURFACE('',#3806,1.01426715375777,0.5);
#121=TOROIDAL_SURFACE('',#3808,1.01426715375777,0.5);
#122=TOROIDAL_SURFACE('',#3831,1.01426715375777,0.4);
#123=TOROIDAL_SURFACE('',#3834,1.01426715375777,0.4);
#124=TOROIDAL_SURFACE('',#3846,0.700000000000003,0.4);
#125=TOROIDAL_SURFACE('',#3908,0.700000000000003,0.579);
#126=STYLED_ITEM('',(#7632),#131);
#127=STYLED_ITEM('',(#7632),#132);
#128=STYLED_ITEM('',(#7633),#133);
#129=STYLED_ITEM('',(#7633),#3656);
#130=STYLED_ITEM('',(#7634),#134);
#131=MANIFOLD_SOLID_BREP('Body1',#3657);
#132=MANIFOLD_SOLID_BREP('Body1',#3658);
#133=MANIFOLD_SOLID_BREP('Body2',#3659);
#134=MANIFOLD_SOLID_BREP('Body3',#3660);
#135=FACE_BOUND('',#604,.T.);
#136=FACE_BOUND('',#608,.T.);
#137=FACE_BOUND('',#619,.T.);
#138=FACE_BOUND('',#623,.T.);
#139=FACE_BOUND('',#669,.T.);
#140=FACE_BOUND('',#687,.T.);
#141=FACE_BOUND('',#688,.T.);
#142=FACE_BOUND('',#689,.T.);
#143=FACE_BOUND('',#690,.T.);
#144=FACE_BOUND('',#749,.T.);
#145=FACE_BOUND('',#750,.T.);
#146=FACE_BOUND('',#751,.T.);
#147=FACE_BOUND('',#752,.T.);
#148=FACE_BOUND('',#753,.T.);
#149=CIRCLE('',#3692,1.41426715375777);
#150=CIRCLE('',#3693,0.1);
#151=CIRCLE('',#3694,0.1);
#152=CIRCLE('',#3695,0.100000000000005);
#153=CIRCLE('',#3696,0.300000000000003);
#154=CIRCLE('',#3697,0.0999999999999994);
#155=CIRCLE('',#3698,0.1);
#156=CIRCLE('',#3699,0.0999999999999998);
#157=CIRCLE('',#3700,1.41426715375777);
#158=CIRCLE('',#3701,1.31454643601988);
#159=CIRCLE('',#3702,0.199720717737887);
#160=CIRCLE('',#3703,0.199720717737887);
#161=CIRCLE('',#3704,0.000279282262112609);
#162=CIRCLE('',#3705,0.39972071773789);
#163=CIRCLE('',#3706,0.000279282262118198);
#164=CIRCLE('',#3707,0.199720717737887);
#165=CIRCLE('',#3708,0.199720717737887);
#166=CIRCLE('',#3709,1.31454643601988);
#167=CIRCLE('',#3713,1.41426715375777);
#168=CIRCLE('',#3715,0.1);
#169=CIRCLE('',#3718,0.1);
#170=CIRCLE('',#3721,0.0999999999999994);
#171=CIRCLE('',#3724,0.300000000000003);
#172=CIRCLE('',#3727,0.100000000000005);
#173=CIRCLE('',#3730,0.1);
#174=CIRCLE('',#3733,0.1);
#175=CIRCLE('',#3735,1.41426715375777);
#176=CIRCLE('',#3740,1.31454643601988);
#177=CIRCLE('',#3741,0.199720717737887);
#178=CIRCLE('',#3742,0.199720717737887);
#179=CIRCLE('',#3743,0.000279282262118198);
#180=CIRCLE('',#3744,0.39972071773789);
#181=CIRCLE('',#3745,0.000279282262112609);
#182=CIRCLE('',#3746,0.199720717737887);
#183=CIRCLE('',#3747,0.199720717737887);
#184=CIRCLE('',#3748,1.31454643601988);
#185=CIRCLE('',#3768,0.199999999999999);
#186=CIRCLE('',#3769,0.199999999999999);
#187=CIRCLE('',#3772,0.200000000000003);
#188=CIRCLE('',#3773,0.200000000000003);
#189=CIRCLE('',#3776,0.200000000000005);
#190=CIRCLE('',#3777,0.200000000000005);
#191=CIRCLE('',#3781,1.51426715375777);
#192=CIRCLE('',#3782,1.51426715375777);
#193=CIRCLE('',#3785,0.56);
#194=CIRCLE('',#3788,1.51426715375777);
#195=CIRCLE('',#3789,1.51426715375777);
#196=CIRCLE('',#3794,0.5);
#197=CIRCLE('',#3796,0.700000000000003);
#198=CIRCLE('',#3797,0.5);
#199=CIRCLE('',#3798,0.700000000000003);
#200=CIRCLE('',#3804,0.5);
#201=CIRCLE('',#3807,1.01426715375777);
#202=CIRCLE('',#3809,1.01426715375777);
#203=CIRCLE('',#3810,0.5);
#204=CIRCLE('',#3818,0.100000000000005);
#205=CIRCLE('',#3821,0.0999999999999993);
#206=CIRCLE('',#3830,0.4);
#207=CIRCLE('',#3832,1.41426715375777);
#208=CIRCLE('',#3833,1.01426715375777);
#209=CIRCLE('',#3835,1.41426715375777);
#210=CIRCLE('',#3836,1.01426715375777);
#211=CIRCLE('',#3837,0.4);
#212=CIRCLE('',#3845,0.4);
#213=CIRCLE('',#3847,0.300000000000003);
#214=CIRCLE('',#3848,0.700000000000003);
#215=CIRCLE('',#3849,0.4);
#216=CIRCLE('',#3852,0.5);
#217=CIRCLE('',#3854,0.0944881889763779);
#218=CIRCLE('',#3855,0.0944881889763779);
#219=CIRCLE('',#3856,0.075);
#220=CIRCLE('',#3857,0.075);
#221=CIRCLE('',#3858,0.075);
#222=CIRCLE('',#3859,0.075);
#223=CIRCLE('',#3860,0.0944881889763779);
#224=CIRCLE('',#3861,0.1);
#225=CIRCLE('',#3862,0.1);
#226=CIRCLE('',#3863,0.1);
#227=CIRCLE('',#3864,0.1);
#228=CIRCLE('',#3866,0.0944881889763779);
#229=CIRCLE('',#3868,0.0944881889763779);
#230=CIRCLE('',#3870,0.0944881889763779);
#231=CIRCLE('',#3873,0.075);
#232=CIRCLE('',#3876,0.075);
#233=CIRCLE('',#3879,0.075);
#234=CIRCLE('',#3882,0.075);
#235=CIRCLE('',#3884,0.56);
#236=CIRCLE('',#3887,0.56);
#237=CIRCLE('',#3888,0.5);
#238=CIRCLE('',#3890,0.56);
#239=CIRCLE('',#3893,0.5);
#240=CIRCLE('',#3895,0.5);
#241=CIRCLE('',#3907,0.700000000000003);
#242=CIRCLE('',#3921,1.41426715375777);
#243=CIRCLE('',#3923,0.1);
#244=CIRCLE('',#3926,0.1);
#245=CIRCLE('',#3929,0.0999999999999994);
#246=CIRCLE('',#3932,0.300000000000003);
#247=CIRCLE('',#3935,0.100000000000005);
#248=CIRCLE('',#3938,0.1);
#249=CIRCLE('',#3941,0.1);
#250=CIRCLE('',#3943,1.41426715375777);
#251=CIRCLE('',#3950,1.51426715375777);
#252=CIRCLE('',#3951,1.51426715375777);
#253=CIRCLE('',#3954,8.54155028573388);
#254=CIRCLE('',#3955,0.0764297780074491);
#255=CIRCLE('',#3957,8.54155028573388);
#256=CIRCLE('',#3958,8.54155028573388);
#257=CIRCLE('',#3960,0.0764297780074491);
#258=CIRCLE('',#3961,0.0499999999999973);
#259=CIRCLE('',#3962,0.0796981171104757);
#260=CIRCLE('',#3963,0.1);
#261=CIRCLE('',#3964,0.12906863831589);
#262=CIRCLE('',#3967,0.12906863831589);
#263=CIRCLE('',#3970,0.1);
#264=CIRCLE('',#3973,0.0796981171104757);
#265=CIRCLE('',#3975,0.0764297780074491);
#266=CIRCLE('',#3978,0.0499999999999973);
#267=CIRCLE('',#3982,1.51426715375777);
#268=CIRCLE('',#3983,1.90549055754724);
#269=CIRCLE('',#3985,1.51426715375777);
#270=CIRCLE('',#3987,1.90549055754724);
#271=CIRCLE('',#3990,0.0500000000000002);
#272=CIRCLE('',#3992,0.0500000000000002);
#273=ELLIPSE('',#3687,0.0022271079722411,0.0015748031496063);
#274=ELLIPSE('',#3688,0.00222710797224109,0.0015748031496063);
#275=ELLIPSE('',#3793,0.799173582547994,0.5);
#276=ELLIPSE('',#3800,0.799173582548005,0.5);
#277=ELLIPSE('',#3802,0.54936974059239,0.5);
#278=ELLIPSE('',#3805,0.56578594149809,0.5);
#279=ELLIPSE('',#3812,0.56578594149809,0.5);
#280=ELLIPSE('',#3814,0.549369740592391,0.5);
#281=ELLIPSE('',#3816,0.799173582548005,0.5);
#282=ELLIPSE('',#3817,0.799173582547994,0.5);
#283=ELLIPSE('',#3819,0.740728300419659,0.4);
#284=ELLIPSE('',#3820,0.740728300419659,0.4);
#285=ELLIPSE('',#3822,0.74072830041967,0.4);
#286=ELLIPSE('',#3823,0.74072830041967,0.4);
#287=ELLIPSE('',#3825,0.460225066547391,0.4);
#288=ELLIPSE('',#3827,0.460225066547391,0.4);
#289=ELLIPSE('',#3829,0.452628753198472,0.4);
#290=ELLIPSE('',#3839,0.452628753198472,0.4);
#291=ELLIPSE('',#3841,0.460225066547391,0.4);
#292=ELLIPSE('',#3843,0.460225066547391,0.4);
#293=ELLIPSE('',#3913,0.56578594149809,0.5);
#294=ELLIPSE('',#3916,0.655180120254788,0.579);
#295=CYLINDRICAL_SURFACE('',#3686,0.0015748031496063);
#296=CYLINDRICAL_SURFACE('',#3712,1.41426715375777);
#297=CYLINDRICAL_SURFACE('',#3714,0.0999999999999998);
#298=CYLINDRICAL_SURFACE('',#3717,0.1);
#299=CYLINDRICAL_SURFACE('',#3720,0.0999999999999994);
#300=CYLINDRICAL_SURFACE('',#3723,0.300000000000003);
#301=CYLINDRICAL_SURFACE('',#3726,0.100000000000005);
#302=CYLINDRICAL_SURFACE('',#3729,0.1);
#303=CYLINDRICAL_SURFACE('',#3732,0.1);
#304=CYLINDRICAL_SURFACE('',#3734,1.41426715375777);
#305=CYLINDRICAL_SURFACE('',#3750,1.31454643601988);
#306=CYLINDRICAL_SURFACE('',#3751,0.199720717737887);
#307=CYLINDRICAL_SURFACE('',#3753,0.199720717737887);
#308=CYLINDRICAL_SURFACE('',#3755,0.000279282262112609);
#309=CYLINDRICAL_SURFACE('',#3757,0.39972071773789);
#310=CYLINDRICAL_SURFACE('',#3759,0.000279282262118198);
#311=CYLINDRICAL_SURFACE('',#3761,0.199720717737887);
#312=CYLINDRICAL_SURFACE('',#3763,0.199720717737887);
#313=CYLINDRICAL_SURFACE('',#3764,1.31454643601988);
#314=CYLINDRICAL_SURFACE('',#3767,0.199999999999999);
#315=CYLINDRICAL_SURFACE('',#3771,0.200000000000003);
#316=CYLINDRICAL_SURFACE('',#3775,0.200000000000005);
#317=CYLINDRICAL_SURFACE('',#3780,1.51426715375777);
#318=CYLINDRICAL_SURFACE('',#3787,1.51426715375777);
#319=CYLINDRICAL_SURFACE('',#3792,0.5);
#320=CYLINDRICAL_SURFACE('',#3799,0.5);
#321=CYLINDRICAL_SURFACE('',#3801,0.5);
#322=CYLINDRICAL_SURFACE('',#3803,0.5);
#323=CYLINDRICAL_SURFACE('',#3811,0.5);
#324=CYLINDRICAL_SURFACE('',#3813,0.5);
#325=CYLINDRICAL_SURFACE('',#3815,0.5);
#326=CYLINDRICAL_SURFACE('',#3824,0.4);
#327=CYLINDRICAL_SURFACE('',#3826,0.4);
#328=CYLINDRICAL_SURFACE('',#3828,0.4);
#329=CYLINDRICAL_SURFACE('',#3838,0.4);
#330=CYLINDRICAL_SURFACE('',#3840,0.4);
#331=CYLINDRICAL_SURFACE('',#3842,0.4);
#332=CYLINDRICAL_SURFACE('',#3844,0.4);
#333=CYLINDRICAL_SURFACE('',#3850,0.4);
#334=CYLINDRICAL_SURFACE('',#3865,0.0944881889763779);
#335=CYLINDRICAL_SURFACE('',#3867,0.0944881889763779);
#336=CYLINDRICAL_SURFACE('',#3869,0.0944881889763779);
#337=CYLINDRICAL_SURFACE('',#3872,0.075);
#338=CYLINDRICAL_SURFACE('',#3875,0.075);
#339=CYLINDRICAL_SURFACE('',#3878,0.075);
#340=CYLINDRICAL_SURFACE('',#3881,0.075);
#341=CYLINDRICAL_SURFACE('',#3885,0.4);
#342=CYLINDRICAL_SURFACE('',#3889,0.56);
#343=CYLINDRICAL_SURFACE('',#3894,0.5);
#344=CYLINDRICAL_SURFACE('',#3896,0.5);
#345=CYLINDRICAL_SURFACE('',#3897,0.579);
#346=CYLINDRICAL_SURFACE('',#3899,0.579);
#347=CYLINDRICAL_SURFACE('',#3902,0.579);
#348=CYLINDRICAL_SURFACE('',#3904,0.579);
#349=CYLINDRICAL_SURFACE('',#3911,0.5);
#350=CYLINDRICAL_SURFACE('',#3912,0.5);
#351=CYLINDRICAL_SURFACE('',#3914,0.5);
#352=CYLINDRICAL_SURFACE('',#3915,0.579);
#353=CYLINDRICAL_SURFACE('',#3918,0.579);
#354=CYLINDRICAL_SURFACE('',#3920,1.41426715375777);
#355=CYLINDRICAL_SURFACE('',#3922,0.1);
#356=CYLINDRICAL_SURFACE('',#3925,0.1);
#357=CYLINDRICAL_SURFACE('',#3928,0.0999999999999994);
#358=CYLINDRICAL_SURFACE('',#3931,0.300000000000003);
#359=CYLINDRICAL_SURFACE('',#3934,0.100000000000005);
#360=CYLINDRICAL_SURFACE('',#3937,0.1);
#361=CYLINDRICAL_SURFACE('',#3940,0.1);
#362=CYLINDRICAL_SURFACE('',#3942,1.41426715375777);
#363=CYLINDRICAL_SURFACE('',#3949,1.51426715375777);
#364=CYLINDRICAL_SURFACE('',#3956,8.54155028573388);
#365=CYLINDRICAL_SURFACE('',#3966,0.12906863831589);
#366=CYLINDRICAL_SURFACE('',#3969,0.1);
#367=CYLINDRICAL_SURFACE('',#3972,0.0796981171104757);
#368=CYLINDRICAL_SURFACE('',#3974,0.0764297780074491);
#369=CYLINDRICAL_SURFACE('',#3977,0.0499999999999973);
#370=CYLINDRICAL_SURFACE('',#3984,1.51426715375777);
#371=CYLINDRICAL_SURFACE('',#3986,1.90549055754724);
#372=CYLINDRICAL_SURFACE('',#3991,0.0500000000000002);
#373=FACE_OUTER_BOUND('',#586,.T.);
#374=FACE_OUTER_BOUND('',#587,.T.);
#375=FACE_OUTER_BOUND('',#588,.T.);
#376=FACE_OUTER_BOUND('',#589,.T.);
#377=FACE_OUTER_BOUND('',#590,.T.);
#378=FACE_OUTER_BOUND('',#591,.T.);
#379=FACE_OUTER_BOUND('',#592,.T.);
#380=FACE_OUTER_BOUND('',#593,.T.);
#381=FACE_OUTER_BOUND('',#594,.T.);
#382=FACE_OUTER_BOUND('',#595,.T.);
#383=FACE_OUTER_BOUND('',#596,.T.);
#384=FACE_OUTER_BOUND('',#597,.T.);
#385=FACE_OUTER_BOUND('',#598,.T.);
#386=FACE_OUTER_BOUND('',#599,.T.);
#387=FACE_OUTER_BOUND('',#600,.T.);
#388=FACE_OUTER_BOUND('',#601,.T.);
#389=FACE_OUTER_BOUND('',#602,.T.);
#390=FACE_OUTER_BOUND('',#603,.T.);
#391=FACE_OUTER_BOUND('',#605,.T.);
#392=FACE_OUTER_BOUND('',#606,.T.);
#393=FACE_OUTER_BOUND('',#607,.T.);
#394=FACE_OUTER_BOUND('',#609,.T.);
#395=FACE_OUTER_BOUND('',#610,.T.);
#396=FACE_OUTER_BOUND('',#611,.T.);
#397=FACE_OUTER_BOUND('',#612,.T.);
#398=FACE_OUTER_BOUND('',#613,.T.);
#399=FACE_OUTER_BOUND('',#614,.T.);
#400=FACE_OUTER_BOUND('',#615,.T.);
#401=FACE_OUTER_BOUND('',#616,.T.);
#402=FACE_OUTER_BOUND('',#617,.T.);
#403=FACE_OUTER_BOUND('',#618,.T.);
#404=FACE_OUTER_BOUND('',#620,.T.);
#405=FACE_OUTER_BOUND('',#621,.T.);
#406=FACE_OUTER_BOUND('',#622,.T.);
#407=FACE_OUTER_BOUND('',#624,.T.);
#408=FACE_OUTER_BOUND('',#625,.T.);
#409=FACE_OUTER_BOUND('',#626,.T.);
#410=FACE_OUTER_BOUND('',#627,.T.);
#411=FACE_OUTER_BOUND('',#628,.T.);
#412=FACE_OUTER_BOUND('',#629,.T.);
#413=FACE_OUTER_BOUND('',#630,.T.);
#414=FACE_OUTER_BOUND('',#631,.T.);
#415=FACE_OUTER_BOUND('',#632,.T.);
#416=FACE_OUTER_BOUND('',#633,.T.);
#417=FACE_OUTER_BOUND('',#634,.T.);
#418=FACE_OUTER_BOUND('',#635,.T.);
#419=FACE_OUTER_BOUND('',#636,.T.);
#420=FACE_OUTER_BOUND('',#637,.T.);
#421=FACE_OUTER_BOUND('',#638,.T.);
#422=FACE_OUTER_BOUND('',#639,.T.);
#423=FACE_OUTER_BOUND('',#640,.T.);
#424=FACE_OUTER_BOUND('',#641,.T.);
#425=FACE_OUTER_BOUND('',#642,.T.);
#426=FACE_OUTER_BOUND('',#643,.T.);
#427=FACE_OUTER_BOUND('',#644,.T.);
#428=FACE_OUTER_BOUND('',#645,.T.);
#429=FACE_OUTER_BOUND('',#646,.T.);
#430=FACE_OUTER_BOUND('',#647,.T.);
#431=FACE_OUTER_BOUND('',#648,.T.);
#432=FACE_OUTER_BOUND('',#649,.T.);
#433=FACE_OUTER_BOUND('',#650,.T.);
#434=FACE_OUTER_BOUND('',#651,.T.);
#435=FACE_OUTER_BOUND('',#652,.T.);
#436=FACE_OUTER_BOUND('',#653,.T.);
#437=FACE_OUTER_BOUND('',#654,.T.);
#438=FACE_OUTER_BOUND('',#655,.T.);
#439=FACE_OUTER_BOUND('',#656,.T.);
#440=FACE_OUTER_BOUND('',#657,.T.);
#441=FACE_OUTER_BOUND('',#658,.T.);
#442=FACE_OUTER_BOUND('',#659,.T.);
#443=FACE_OUTER_BOUND('',#660,.T.);
#444=FACE_OUTER_BOUND('',#661,.T.);
#445=FACE_OUTER_BOUND('',#662,.T.);
#446=FACE_OUTER_BOUND('',#663,.T.);
#447=FACE_OUTER_BOUND('',#664,.T.);
#448=FACE_OUTER_BOUND('',#665,.T.);
#449=FACE_OUTER_BOUND('',#666,.T.);
#450=FACE_OUTER_BOUND('',#667,.T.);
#451=FACE_OUTER_BOUND('',#668,.T.);
#452=FACE_OUTER_BOUND('',#670,.T.);
#453=FACE_OUTER_BOUND('',#671,.T.);
#454=FACE_OUTER_BOUND('',#672,.T.);
#455=FACE_OUTER_BOUND('',#673,.T.);
#456=FACE_OUTER_BOUND('',#674,.T.);
#457=FACE_OUTER_BOUND('',#675,.T.);
#458=FACE_OUTER_BOUND('',#676,.T.);
#459=FACE_OUTER_BOUND('',#677,.T.);
#460=FACE_OUTER_BOUND('',#678,.T.);
#461=FACE_OUTER_BOUND('',#679,.T.);
#462=FACE_OUTER_BOUND('',#680,.T.);
#463=FACE_OUTER_BOUND('',#681,.T.);
#464=FACE_OUTER_BOUND('',#682,.T.);
#465=FACE_OUTER_BOUND('',#683,.T.);
#466=FACE_OUTER_BOUND('',#684,.T.);
#467=FACE_OUTER_BOUND('',#685,.T.);
#468=FACE_OUTER_BOUND('',#686,.T.);
#469=FACE_OUTER_BOUND('',#691,.T.);
#470=FACE_OUTER_BOUND('',#692,.T.);
#471=FACE_OUTER_BOUND('',#693,.T.);
#472=FACE_OUTER_BOUND('',#694,.T.);
#473=FACE_OUTER_BOUND('',#695,.T.);
#474=FACE_OUTER_BOUND('',#696,.T.);
#475=FACE_OUTER_BOUND('',#697,.T.);
#476=FACE_OUTER_BOUND('',#698,.T.);
#477=FACE_OUTER_BOUND('',#699,.T.);
#478=FACE_OUTER_BOUND('',#700,.T.);
#479=FACE_OUTER_BOUND('',#701,.T.);
#480=FACE_OUTER_BOUND('',#702,.T.);
#481=FACE_OUTER_BOUND('',#703,.T.);
#482=FACE_OUTER_BOUND('',#704,.T.);
#483=FACE_OUTER_BOUND('',#705,.T.);
#484=FACE_OUTER_BOUND('',#706,.T.);
#485=FACE_OUTER_BOUND('',#707,.T.);
#486=FACE_OUTER_BOUND('',#708,.T.);
#487=FACE_OUTER_BOUND('',#709,.T.);
#488=FACE_OUTER_BOUND('',#710,.T.);
#489=FACE_OUTER_BOUND('',#711,.T.);
#490=FACE_OUTER_BOUND('',#712,.T.);
#491=FACE_OUTER_BOUND('',#713,.T.);
#492=FACE_OUTER_BOUND('',#714,.T.);
#493=FACE_OUTER_BOUND('',#715,.T.);
#494=FACE_OUTER_BOUND('',#716,.T.);
#495=FACE_OUTER_BOUND('',#717,.T.);
#496=FACE_OUTER_BOUND('',#718,.T.);
#497=FACE_OUTER_BOUND('',#719,.T.);
#498=FACE_OUTER_BOUND('',#720,.T.);
#499=FACE_OUTER_BOUND('',#721,.T.);
#500=FACE_OUTER_BOUND('',#722,.T.);
#501=FACE_OUTER_BOUND('',#723,.T.);
#502=FACE_OUTER_BOUND('',#724,.T.);
#503=FACE_OUTER_BOUND('',#725,.T.);
#504=FACE_OUTER_BOUND('',#726,.T.);
#505=FACE_OUTER_BOUND('',#727,.T.);
#506=FACE_OUTER_BOUND('',#728,.T.);
#507=FACE_OUTER_BOUND('',#729,.T.);
#508=FACE_OUTER_BOUND('',#730,.T.);
#509=FACE_OUTER_BOUND('',#731,.T.);
#510=FACE_OUTER_BOUND('',#732,.T.);
#511=FACE_OUTER_BOUND('',#733,.T.);
#512=FACE_OUTER_BOUND('',#734,.T.);
#513=FACE_OUTER_BOUND('',#735,.T.);
#514=FACE_OUTER_BOUND('',#736,.T.);
#515=FACE_OUTER_BOUND('',#737,.T.);
#516=FACE_OUTER_BOUND('',#738,.T.);
#517=FACE_OUTER_BOUND('',#739,.T.);
#518=FACE_OUTER_BOUND('',#740,.T.);
#519=FACE_OUTER_BOUND('',#741,.T.);
#520=FACE_OUTER_BOUND('',#742,.T.);
#521=FACE_OUTER_BOUND('',#743,.T.);
#522=FACE_OUTER_BOUND('',#744,.T.);
#523=FACE_OUTER_BOUND('',#745,.T.);
#524=FACE_OUTER_BOUND('',#746,.T.);
#525=FACE_OUTER_BOUND('',#747,.T.);
#526=FACE_OUTER_BOUND('',#748,.T.);
#527=FACE_OUTER_BOUND('',#754,.T.);
#528=FACE_OUTER_BOUND('',#755,.T.);
#529=FACE_OUTER_BOUND('',#756,.T.);
#530=FACE_OUTER_BOUND('',#757,.T.);
#531=FACE_OUTER_BOUND('',#758,.T.);
#532=FACE_OUTER_BOUND('',#759,.T.);
#533=FACE_OUTER_BOUND('',#760,.T.);
#534=FACE_OUTER_BOUND('',#761,.T.);
#535=FACE_OUTER_BOUND('',#762,.T.);
#536=FACE_OUTER_BOUND('',#763,.T.);
#537=FACE_OUTER_BOUND('',#764,.T.);
#538=FACE_OUTER_BOUND('',#765,.T.);
#539=FACE_OUTER_BOUND('',#766,.T.);
#540=FACE_OUTER_BOUND('',#767,.T.);
#541=FACE_OUTER_BOUND('',#768,.T.);
#542=FACE_OUTER_BOUND('',#769,.T.);
#543=FACE_OUTER_BOUND('',#770,.T.);
#544=FACE_OUTER_BOUND('',#771,.T.);
#545=FACE_OUTER_BOUND('',#772,.T.);
#546=FACE_OUTER_BOUND('',#773,.T.);
#547=FACE_OUTER_BOUND('',#774,.T.);
#548=FACE_OUTER_BOUND('',#775,.T.);
#549=FACE_OUTER_BOUND('',#776,.T.);
#550=FACE_OUTER_BOUND('',#777,.T.);
#551=FACE_OUTER_BOUND('',#778,.T.);
#552=FACE_OUTER_BOUND('',#779,.T.);
#553=FACE_OUTER_BOUND('',#780,.T.);
#554=FACE_OUTER_BOUND('',#781,.T.);
#555=FACE_OUTER_BOUND('',#782,.T.);
#556=FACE_OUTER_BOUND('',#783,.T.);
#557=FACE_OUTER_BOUND('',#784,.T.);
#558=FACE_OUTER_BOUND('',#785,.T.);
#559=FACE_OUTER_BOUND('',#786,.T.);
#560=FACE_OUTER_BOUND('',#787,.T.);
#561=FACE_OUTER_BOUND('',#788,.T.);
#562=FACE_OUTER_BOUND('',#789,.T.);
#563=FACE_OUTER_BOUND('',#790,.T.);
#564=FACE_OUTER_BOUND('',#791,.T.);
#565=FACE_OUTER_BOUND('',#792,.T.);
#566=FACE_OUTER_BOUND('',#793,.T.);
#567=FACE_OUTER_BOUND('',#794,.T.);
#568=FACE_OUTER_BOUND('',#795,.T.);
#569=FACE_OUTER_BOUND('',#796,.T.);
#570=FACE_OUTER_BOUND('',#797,.T.);
#571=FACE_OUTER_BOUND('',#798,.T.);
#572=FACE_OUTER_BOUND('',#799,.T.);
#573=FACE_OUTER_BOUND('',#800,.T.);
#574=FACE_OUTER_BOUND('',#801,.T.);
#575=FACE_OUTER_BOUND('',#802,.T.);
#576=FACE_OUTER_BOUND('',#803,.T.);
#577=FACE_OUTER_BOUND('',#804,.T.);
#578=FACE_OUTER_BOUND('',#805,.T.);
#579=FACE_OUTER_BOUND('',#806,.T.);
#580=FACE_OUTER_BOUND('',#807,.T.);
#581=FACE_OUTER_BOUND('',#808,.T.);
#582=FACE_OUTER_BOUND('',#809,.T.);
#583=FACE_OUTER_BOUND('',#810,.T.);
#584=FACE_OUTER_BOUND('',#811,.T.);
#585=FACE_OUTER_BOUND('',#812,.T.);
#586=EDGE_LOOP('',(#2298,#2299,#2300));
#587=EDGE_LOOP('',(#2301,#2302,#2303,#2304));
#588=EDGE_LOOP('',(#2305,#2306,#2307));
#589=EDGE_LOOP('',(#2308,#2309,#2310,#2311));
#590=EDGE_LOOP('',(#2312,#2313,#2314));
#591=EDGE_LOOP('',(#2315,#2316,#2317,#2318));
#592=EDGE_LOOP('',(#2319,#2320,#2321));
#593=EDGE_LOOP('',(#2322,#2323,#2324,#2325));
#594=EDGE_LOOP('',(#2326,#2327,#2328));
#595=EDGE_LOOP('',(#2329,#2330,#2331,#2332));
#596=EDGE_LOOP('',(#2333,#2334,#2335));
#597=EDGE_LOOP('',(#2336,#2337,#2338,#2339));
#598=EDGE_LOOP('',(#2340,#2341,#2342,#2343));
#599=EDGE_LOOP('',(#2344,#2345,#2346,#2347));
#600=EDGE_LOOP('',(#2348,#2349,#2350,#2351));
#601=EDGE_LOOP('',(#2352,#2353,#2354,#2355,#2356,#2357,#2358,#2359,#2360,
#2361,#2362,#2363,#2364,#2365,#2366,#2367,#2368,#2369,#2370,#2371,#2372,
#2373,#2374,#2375,#2376,#2377,#2378,#2379,#2380,#2381,#2382,#2383,#2384,
#2385,#2386,#2387));
#602=EDGE_LOOP('',(#2388,#2389,#2390,#2391));
#603=EDGE_LOOP('',(#2392,#2393,#2394,#2395));
#604=EDGE_LOOP('',(#2396,#2397,#2398,#2399));
#605=EDGE_LOOP('',(#2400,#2401,#2402,#2403));
#606=EDGE_LOOP('',(#2404,#2405,#2406,#2407));
#607=EDGE_LOOP('',(#2408,#2409,#2410,#2411));
#608=EDGE_LOOP('',(#2412,#2413,#2414,#2415));
#609=EDGE_LOOP('',(#2416,#2417,#2418,#2419));
#610=EDGE_LOOP('',(#2420,#2421,#2422,#2423));
#611=EDGE_LOOP('',(#2424,#2425,#2426,#2427));
#612=EDGE_LOOP('',(#2428,#2429,#2430,#2431));
#613=EDGE_LOOP('',(#2432,#2433,#2434,#2435));
#614=EDGE_LOOP('',(#2436,#2437,#2438,#2439));
#615=EDGE_LOOP('',(#2440,#2441,#2442,#2443));
#616=EDGE_LOOP('',(#2444,#2445,#2446,#2447));
#617=EDGE_LOOP('',(#2448,#2449,#2450,#2451));
#618=EDGE_LOOP('',(#2452,#2453,#2454,#2455));
#619=EDGE_LOOP('',(#2456,#2457,#2458,#2459));
#620=EDGE_LOOP('',(#2460,#2461,#2462,#2463));
#621=EDGE_LOOP('',(#2464,#2465,#2466,#2467));
#622=EDGE_LOOP('',(#2468,#2469,#2470,#2471));
#623=EDGE_LOOP('',(#2472,#2473,#2474,#2475));
#624=EDGE_LOOP('',(#2476,#2477,#2478,#2479));
#625=EDGE_LOOP('',(#2480,#2481,#2482,#2483));
#626=EDGE_LOOP('',(#2484,#2485,#2486,#2487,#2488,#2489,#2490,#2491,#2492,
#2493,#2494,#2495,#2496,#2497,#2498,#2499,#2500,#2501,#2502,#2503,#2504,
#2505,#2506,#2507,#2508,#2509,#2510,#2511,#2512,#2513,#2514,#2515,#2516,
#2517,#2518,#2519));
#627=EDGE_LOOP('',(#2520,#2521,#2522,#2523));
#628=EDGE_LOOP('',(#2524,#2525,#2526,#2527));
#629=EDGE_LOOP('',(#2528,#2529,#2530,#2531));
#630=EDGE_LOOP('',(#2532,#2533,#2534,#2535));
#631=EDGE_LOOP('',(#2536,#2537,#2538,#2539));
#632=EDGE_LOOP('',(#2540,#2541,#2542,#2543));
#633=EDGE_LOOP('',(#2544,#2545,#2546,#2547));
#634=EDGE_LOOP('',(#2548,#2549,#2550,#2551));
#635=EDGE_LOOP('',(#2552,#2553,#2554,#2555));
#636=EDGE_LOOP('',(#2556,#2557,#2558,#2559));
#637=EDGE_LOOP('',(#2560,#2561,#2562,#2563));
#638=EDGE_LOOP('',(#2564,#2565,#2566,#2567));
#639=EDGE_LOOP('',(#2568,#2569,#2570,#2571));
#640=EDGE_LOOP('',(#2572,#2573,#2574,#2575));
#641=EDGE_LOOP('',(#2576,#2577,#2578,#2579));
#642=EDGE_LOOP('',(#2580,#2581,#2582,#2583));
#643=EDGE_LOOP('',(#2584,#2585,#2586,#2587));
#644=EDGE_LOOP('',(#2588,#2589,#2590,#2591));
#645=EDGE_LOOP('',(#2592,#2593,#2594,#2595));
#646=EDGE_LOOP('',(#2596,#2597,#2598,#2599));
#647=EDGE_LOOP('',(#2600,#2601,#2602,#2603));
#648=EDGE_LOOP('',(#2604,#2605,#2606,#2607));
#649=EDGE_LOOP('',(#2608,#2609,#2610,#2611));
#650=EDGE_LOOP('',(#2612,#2613,#2614,#2615));
#651=EDGE_LOOP('',(#2616,#2617,#2618,#2619));
#652=EDGE_LOOP('',(#2620,#2621,#2622,#2623));
#653=EDGE_LOOP('',(#2624,#2625,#2626,#2627));
#654=EDGE_LOOP('',(#2628,#2629,#2630,#2631));
#655=EDGE_LOOP('',(#2632,#2633,#2634,#2635));
#656=EDGE_LOOP('',(#2636,#2637,#2638,#2639));
#657=EDGE_LOOP('',(#2640,#2641,#2642,#2643));
#658=EDGE_LOOP('',(#2644,#2645,#2646,#2647));
#659=EDGE_LOOP('',(#2648,#2649,#2650,#2651));
#660=EDGE_LOOP('',(#2652,#2653,#2654,#2655,#2656,#2657,#2658));
#661=EDGE_LOOP('',(#2659,#2660,#2661,#2662));
#662=EDGE_LOOP('',(#2663,#2664,#2665,#2666,#2667,#2668));
#663=EDGE_LOOP('',(#2669,#2670,#2671,#2672));
#664=EDGE_LOOP('',(#2673,#2674,#2675,#2676));
#665=EDGE_LOOP('',(#2677,#2678,#2679,#2680));
#666=EDGE_LOOP('',(#2681,#2682,#2683,#2684,#2685,#2686));
#667=EDGE_LOOP('',(#2687,#2688,#2689,#2690,#2691,#2692,#2693));
#668=EDGE_LOOP('',(#2694,#2695,#2696,#2697));
#669=EDGE_LOOP('',(#2698,#2699,#2700));
#670=EDGE_LOOP('',(#2701,#2702,#2703));
#671=EDGE_LOOP('',(#2704,#2705,#2706));
#672=EDGE_LOOP('',(#2707,#2708,#2709));
#673=EDGE_LOOP('',(#2710,#2711,#2712));
#674=EDGE_LOOP('',(#2713,#2714,#2715,#2716));
#675=EDGE_LOOP('',(#2717,#2718,#2719,#2720));
#676=EDGE_LOOP('',(#2721,#2722,#2723,#2724));
#677=EDGE_LOOP('',(#2725,#2726,#2727,#2728));
#678=EDGE_LOOP('',(#2729,#2730,#2731,#2732));
#679=EDGE_LOOP('',(#2733,#2734,#2735,#2736));
#680=EDGE_LOOP('',(#2737,#2738,#2739,#2740));
#681=EDGE_LOOP('',(#2741,#2742,#2743,#2744));
#682=EDGE_LOOP('',(#2745,#2746,#2747,#2748));
#683=EDGE_LOOP('',(#2749,#2750,#2751,#2752));
#684=EDGE_LOOP('',(#2753,#2754,#2755,#2756));
#685=EDGE_LOOP('',(#2757,#2758,#2759,#2760,#2761));
#686=EDGE_LOOP('',(#2762,#2763,#2764,#2765,#2766,#2767,#2768,#2769,#2770,
#2771,#2772,#2773));
#687=EDGE_LOOP('',(#2774));
#688=EDGE_LOOP('',(#2775));
#689=EDGE_LOOP('',(#2776,#2777,#2778,#2779,#2780,#2781,#2782,#2783));
#690=EDGE_LOOP('',(#2784));
#691=EDGE_LOOP('',(#2785,#2786,#2787));
#692=EDGE_LOOP('',(#2788,#2789,#2790));
#693=EDGE_LOOP('',(#2791,#2792,#2793));
#694=EDGE_LOOP('',(#2794,#2795,#2796));
#695=EDGE_LOOP('',(#2797,#2798,#2799,#2800));
#696=EDGE_LOOP('',(#2801,#2802,#2803,#2804));
#697=EDGE_LOOP('',(#2805,#2806,#2807,#2808));
#698=EDGE_LOOP('',(#2809,#2810,#2811,#2812));
#699=EDGE_LOOP('',(#2813,#2814,#2815,#2816));
#700=EDGE_LOOP('',(#2817,#2818,#2819,#2820));
#701=EDGE_LOOP('',(#2821,#2822,#2823,#2824));
#702=EDGE_LOOP('',(#2825,#2826,#2827,#2828));
#703=EDGE_LOOP('',(#2829,#2830,#2831,#2832));
#704=EDGE_LOOP('',(#2833,#2834,#2835,#2836));
#705=EDGE_LOOP('',(#2837,#2838,#2839,#2840));
#706=EDGE_LOOP('',(#2841,#2842,#2843,#2844));
#707=EDGE_LOOP('',(#2845,#2846,#2847,#2848,#2849,#2850));
#708=EDGE_LOOP('',(#2851,#2852,#2853,#2854,#2855));
#709=EDGE_LOOP('',(#2856,#2857,#2858,#2859,#2860,#2861,#2862));
#710=EDGE_LOOP('',(#2863,#2864,#2865,#2866));
#711=EDGE_LOOP('',(#2867,#2868,#2869,#2870,#2871));
#712=EDGE_LOOP('',(#2872,#2873,#2874,#2875,#2876,#2877,#2878,#2879));
#713=EDGE_LOOP('',(#2880,#2881,#2882,#2883,#2884,#2885,#2886,#2887));
#714=EDGE_LOOP('',(#2888,#2889,#2890,#2891));
#715=EDGE_LOOP('',(#2892,#2893,#2894,#2895));
#716=EDGE_LOOP('',(#2896,#2897,#2898,#2899));
#717=EDGE_LOOP('',(#2900,#2901,#2902,#2903));
#718=EDGE_LOOP('',(#2904,#2905,#2906,#2907));
#719=EDGE_LOOP('',(#2908,#2909,#2910,#2911));
#720=EDGE_LOOP('',(#2912,#2913,#2914));
#721=EDGE_LOOP('',(#2915,#2916,#2917,#2918));
#722=EDGE_LOOP('',(#2919,#2920,#2921,#2922));
#723=EDGE_LOOP('',(#2923,#2924,#2925,#2926));
#724=EDGE_LOOP('',(#2927,#2928,#2929));
#725=EDGE_LOOP('',(#2930,#2931,#2932,#2933));
#726=EDGE_LOOP('',(#2934,#2935,#2936,#2937));
#727=EDGE_LOOP('',(#2938,#2939));
#728=EDGE_LOOP('',(#2940,#2941,#2942,#2943));
#729=EDGE_LOOP('',(#2944,#2945,#2946,#2947));
#730=EDGE_LOOP('',(#2948,#2949,#2950,#2951));
#731=EDGE_LOOP('',(#2952,#2953,#2954,#2955));
#732=EDGE_LOOP('',(#2956,#2957,#2958,#2959));
#733=EDGE_LOOP('',(#2960,#2961));
#734=EDGE_LOOP('',(#2962,#2963,#2964,#2965));
#735=EDGE_LOOP('',(#2966,#2967,#2968,#2969));
#736=EDGE_LOOP('',(#2970,#2971,#2972,#2973));
#737=EDGE_LOOP('',(#2974,#2975,#2976,#2977));
#738=EDGE_LOOP('',(#2978,#2979,#2980));
#739=EDGE_LOOP('',(#2981,#2982,#2983));
#740=EDGE_LOOP('',(#2984,#2985,#2986,#2987));
#741=EDGE_LOOP('',(#2988,#2989,#2990,#2991));
#742=EDGE_LOOP('',(#2992,#2993,#2994,#2995));
#743=EDGE_LOOP('',(#2996,#2997,#2998,#2999));
#744=EDGE_LOOP('',(#3000,#3001,#3002,#3003));
#745=EDGE_LOOP('',(#3004,#3005,#3006,#3007));
#746=EDGE_LOOP('',(#3008,#3009,#3010));
#747=EDGE_LOOP('',(#3011,#3012,#3013));
#748=EDGE_LOOP('',(#3014,#3015,#3016,#3017,#3018,#3019,#3020,#3021,#3022,
#3023,#3024,#3025,#3026,#3027,#3028,#3029,#3030,#3031,#3032,#3033,#3034,
#3035,#3036,#3037,#3038,#3039,#3040));
#749=EDGE_LOOP('',(#3041));
#750=EDGE_LOOP('',(#3042,#3043,#3044,#3045,#3046,#3047,#3048,#3049));
#751=EDGE_LOOP('',(#3050));
#752=EDGE_LOOP('',(#3051));
#753=EDGE_LOOP('',(#3052,#3053));
#754=EDGE_LOOP('',(#3054,#3055,#3056,#3057,#3058,#3059,#3060));
#755=EDGE_LOOP('',(#3061,#3062,#3063));
#756=EDGE_LOOP('',(#3064,#3065,#3066,#3067));
#757=EDGE_LOOP('',(#3068,#3069,#3070,#3071));
#758=EDGE_LOOP('',(#3072,#3073,#3074,#3075));
#759=EDGE_LOOP('',(#3076,#3077,#3078,#3079));
#760=EDGE_LOOP('',(#3080,#3081,#3082,#3083));
#761=EDGE_LOOP('',(#3084,#3085,#3086,#3087));
#762=EDGE_LOOP('',(#3088,#3089,#3090,#3091));
#763=EDGE_LOOP('',(#3092,#3093,#3094,#3095));
#764=EDGE_LOOP('',(#3096,#3097,#3098,#3099));
#765=EDGE_LOOP('',(#3100,#3101,#3102,#3103));
#766=EDGE_LOOP('',(#3104,#3105,#3106,#3107));
#767=EDGE_LOOP('',(#3108,#3109,#3110,#3111,#3112,#3113));
#768=EDGE_LOOP('',(#3114,#3115,#3116,#3117));
#769=EDGE_LOOP('',(#3118,#3119,#3120,#3121));
#770=EDGE_LOOP('',(#3122,#3123,#3124,#3125));
#771=EDGE_LOOP('',(#3126,#3127,#3128,#3129));
#772=EDGE_LOOP('',(#3130,#3131,#3132,#3133));
#773=EDGE_LOOP('',(#3134,#3135,#3136,#3137));
#774=EDGE_LOOP('',(#3138,#3139,#3140,#3141));
#775=EDGE_LOOP('',(#3142,#3143,#3144,#3145));
#776=EDGE_LOOP('',(#3146,#3147,#3148,#3149));
#777=EDGE_LOOP('',(#3150,#3151,#3152,#3153));
#778=EDGE_LOOP('',(#3154,#3155,#3156,#3157));
#779=EDGE_LOOP('',(#3158,#3159,#3160,#3161));
#780=EDGE_LOOP('',(#3162,#3163,#3164,#3165));
#781=EDGE_LOOP('',(#3166,#3167,#3168,#3169));
#782=EDGE_LOOP('',(#3170,#3171,#3172,#3173));
#783=EDGE_LOOP('',(#3174,#3175,#3176,#3177));
#784=EDGE_LOOP('',(#3178,#3179,#3180,#3181));
#785=EDGE_LOOP('',(#3182,#3183,#3184,#3185,#3186));
#786=EDGE_LOOP('',(#3187,#3188,#3189,#3190,#3191,#3192,#3193,#3194,#3195,
#3196,#3197,#3198,#3199,#3200,#3201,#3202,#3203,#3204,#3205,#3206,#3207,
#3208,#3209,#3210,#3211,#3212,#3213,#3214,#3215,#3216,#3217,#3218,#3219,
#3220,#3221,#3222,#3223,#3224,#3225));
#787=EDGE_LOOP('',(#3226,#3227,#3228,#3229));
#788=EDGE_LOOP('',(#3230,#3231,#3232,#3233));
#789=EDGE_LOOP('',(#3234,#3235,#3236,#3237));
#790=EDGE_LOOP('',(#3238,#3239,#3240,#3241));
#791=EDGE_LOOP('',(#3242,#3243,#3244,#3245));
#792=EDGE_LOOP('',(#3246,#3247,#3248,#3249,#3250,#3251));
#793=EDGE_LOOP('',(#3252,#3253,#3254,#3255,#3256,#3257,#3258,#3259,#3260,
#3261,#3262,#3263,#3264));
#794=EDGE_LOOP('',(#3265,#3266,#3267,#3268));
#795=EDGE_LOOP('',(#3269,#3270,#3271,#3272));
#796=EDGE_LOOP('',(#3273,#3274,#3275,#3276));
#797=EDGE_LOOP('',(#3277,#3278,#3279,#3280));
#798=EDGE_LOOP('',(#3281,#3282,#3283,#3284));
#799=EDGE_LOOP('',(#3285,#3286,#3287,#3288));
#800=EDGE_LOOP('',(#3289,#3290,#3291,#3292,#3293,#3294));
#801=EDGE_LOOP('',(#3295,#3296,#3297,#3298));
#802=EDGE_LOOP('',(#3299,#3300,#3301,#3302));
#803=EDGE_LOOP('',(#3303,#3304,#3305,#3306));
#804=EDGE_LOOP('',(#3307,#3308,#3309,#3310,#3311,#3312,#3313,#3314,#3315,
#3316,#3317));
#805=EDGE_LOOP('',(#3318,#3319,#3320,#3321));
#806=EDGE_LOOP('',(#3322,#3323,#3324,#3325));
#807=EDGE_LOOP('',(#3326,#3327,#3328,#3329));
#808=EDGE_LOOP('',(#3330,#3331,#3332,#3333,#3334,#3335));
#809=EDGE_LOOP('',(#3336,#3337,#3338,#3339));
#810=EDGE_LOOP('',(#3340,#3341,#3342,#3343));
#811=EDGE_LOOP('',(#3344,#3345,#3346,#3347,#3348,#3349));
#812=EDGE_LOOP('',(#3350,#3351,#3352,#3353));
#813=LINE('',#4957,#1127);
#814=LINE('',#4959,#1128);
#815=LINE('',#4960,#1129);
#816=LINE('',#4964,#1130);
#817=LINE('',#4965,#1131);
#818=LINE('',#4966,#1132);
#819=LINE('',#4969,#1133);
#820=LINE('',#4970,#1134);
#821=LINE('',#4972,#1135);
#822=LINE('',#4976,#1136);
#823=LINE('',#4978,#1137);
#824=LINE('',#4979,#1138);
#825=LINE('',#4983,#1139);
#826=LINE('',#4984,#1140);
#827=LINE('',#4985,#1141);
#828=LINE('',#4988,#1142);
#829=LINE('',#4989,#1143);
#830=LINE('',#4991,#1144);
#831=LINE('',#4995,#1145);
#832=LINE('',#4997,#1146);
#833=LINE('',#4998,#1147);
#834=LINE('',#5002,#1148);
#835=LINE('',#5003,#1149);
#836=LINE('',#5004,#1150);
#837=LINE('',#5007,#1151);
#838=LINE('',#5008,#1152);
#839=LINE('',#5010,#1153);
#840=LINE('',#5016,#1154);
#841=LINE('',#5019,#1155);
#842=LINE('',#5022,#1156);
#843=LINE('',#5024,#1157);
#844=LINE('',#5025,#1158);
#845=LINE('',#5028,#1159);
#846=LINE('',#5029,#1160);
#847=LINE('',#5033,#1161);
#848=LINE('',#5035,#1162);
#849=LINE('',#5037,#1163);
#850=LINE('',#5043,#1164);
#851=LINE('',#5047,#1165);
#852=LINE('',#5051,#1166);
#853=LINE('',#5055,#1167);
#854=LINE('',#5059,#1168);
#855=LINE('',#5063,#1169);
#856=LINE('',#5069,#1170);
#857=LINE('',#5071,#1171);
#858=LINE('',#5073,#1172);
#859=LINE('',#5079,#1173);
#860=LINE('',#5083,#1174);
#861=LINE('',#5087,#1175);
#862=LINE('',#5091,#1176);
#863=LINE('',#5095,#1177);
#864=LINE('',#5099,#1178);
#865=LINE('',#5105,#1179);
#866=LINE('',#5107,#1180);
#867=LINE('',#5108,#1181);
#868=LINE('',#5111,#1182);
#869=LINE('',#5112,#1183);
#870=LINE('',#5115,#1184);
#871=LINE('',#5119,#1185);
#872=LINE('',#5123,#1186);
#873=LINE('',#5124,#1187);
#874=LINE('',#5127,#1188);
#875=LINE('',#5131,#1189);
#876=LINE('',#5132,#1190);
#877=LINE('',#5135,#1191);
#878=LINE('',#5139,#1192);
#879=LINE('',#5140,#1193);
#880=LINE('',#5143,#1194);
#881=LINE('',#5147,#1195);
#882=LINE('',#5148,#1196);
#883=LINE('',#5151,#1197);
#884=LINE('',#5155,#1198);
#885=LINE('',#5156,#1199);
#886=LINE('',#5159,#1200);
#887=LINE('',#5163,#1201);
#888=LINE('',#5164,#1202);
#889=LINE('',#5167,#1203);
#890=LINE('',#5171,#1204);
#891=LINE('',#5175,#1205);
#892=LINE('',#5176,#1206);
#893=LINE('',#5178,#1207);
#894=LINE('',#5179,#1208);
#895=LINE('',#5181,#1209);
#896=LINE('',#5186,#1210);
#897=LINE('',#5192,#1211);
#898=LINE('',#5196,#1212);
#899=LINE('',#5200,#1213);
#900=LINE('',#5204,#1214);
#901=LINE('',#5208,#1215);
#902=LINE('',#5212,#1216);
#903=LINE('',#5217,#1217);
#904=LINE('',#5218,#1218);
#905=LINE('',#5220,#1219);
#906=LINE('',#5222,#1220);
#907=LINE('',#5224,#1221);
#908=LINE('',#5226,#1222);
#909=LINE('',#5228,#1223);
#910=LINE('',#5230,#1224);
#911=LINE('',#5232,#1225);
#912=LINE('',#5234,#1226);
#913=LINE('',#5236,#1227);
#914=LINE('',#5238,#1228);
#915=LINE('',#5240,#1229);
#916=LINE('',#5242,#1230);
#917=LINE('',#5244,#1231);
#918=LINE('',#5246,#1232);
#919=LINE('',#5248,#1233);
#920=LINE('',#5250,#1234);
#921=LINE('',#5252,#1235);
#922=LINE('',#5259,#1236);
#923=LINE('',#5262,#1237);
#924=LINE('',#5265,#1238);
#925=LINE('',#5267,#1239);
#926=LINE('',#5268,#1240);
#927=LINE('',#5273,#1241);
#928=LINE('',#5277,#1242);
#929=LINE('',#5279,#1243);
#930=LINE('',#5280,#1244);
#931=LINE('',#5285,#1245);
#932=LINE('',#5289,#1246);
#933=LINE('',#5291,#1247);
#934=LINE('',#5292,#1248);
#935=LINE('',#5295,#1249);
#936=LINE('',#5297,#1250);
#937=LINE('',#5298,#1251);
#938=LINE('',#5303,#1252);
#939=LINE('',#5307,#1253);
#940=LINE('',#5309,#1254);
#941=LINE('',#5310,#1255);
#942=LINE('',#5314,#1256);
#943=LINE('',#5316,#1257);
#944=LINE('',#5318,#1258);
#945=LINE('',#5322,#1259);
#946=LINE('',#5324,#1260);
#947=LINE('',#5325,#1261);
#948=LINE('',#5330,#1262);
#949=LINE('',#5334,#1263);
#950=LINE('',#5336,#1264);
#951=LINE('',#5337,#1265);
#952=LINE('',#5339,#1266);
#953=LINE('',#5340,#1267);
#954=LINE('',#5345,#1268);
#955=LINE('',#5372,#1269);
#956=LINE('',#5381,#1270);
#957=LINE('',#5398,#1271);
#958=LINE('',#5402,#1272);
#959=LINE('',#5441,#1273);
#960=LINE('',#5459,#1274);
#961=LINE('',#5463,#1275);
#962=LINE('',#5474,#1276);
#963=LINE('',#5751,#1277);
#964=LINE('',#5753,#1278);
#965=LINE('',#5757,#1279);
#966=LINE('',#5761,#1280);
#967=LINE('',#5780,#1281);
#968=LINE('',#5783,#1282);
#969=LINE('',#5824,#1283);
#970=LINE('',#5827,#1284);
#971=LINE('',#5830,#1285);
#972=LINE('',#5858,#1286);
#973=LINE('',#5862,#1287);
#974=LINE('',#5863,#1288);
#975=LINE('',#5867,#1289);
#976=LINE('',#5869,#1290);
#977=LINE('',#5878,#1291);
#978=LINE('',#5879,#1292);
#979=LINE('',#5883,#1293);
#980=LINE('',#5886,#1294);
#981=LINE('',#5888,#1295);
#982=LINE('',#5889,#1296);
#983=LINE('',#5891,#1297);
#984=LINE('',#5898,#1298);
#985=LINE('',#5902,#1299);
#986=LINE('',#5906,#1300);
#987=LINE('',#5910,#1301);
#988=LINE('',#6033,#1302);
#989=LINE('',#6037,#1303);
#990=LINE('',#6041,#1304);
#991=LINE('',#6044,#1305);
#992=LINE('',#6046,#1306);
#993=LINE('',#6047,#1307);
#994=LINE('',#6051,#1308);
#995=LINE('',#6054,#1309);
#996=LINE('',#6055,#1310);
#997=LINE('',#6059,#1311);
#998=LINE('',#6062,#1312);
#999=LINE('',#6064,#1313);
#1000=LINE('',#6065,#1314);
#1001=LINE('',#6070,#1315);
#1002=LINE('',#6071,#1316);
#1003=LINE('',#6076,#1317);
#1004=LINE('',#6079,#1318);
#1005=LINE('',#6104,#1319);
#1006=LINE('',#6108,#1320);
#1007=LINE('',#6112,#1321);
#1008=LINE('',#6115,#1322);
#1009=LINE('',#6117,#1323);
#1010=LINE('',#6138,#1324);
#1011=LINE('',#6141,#1325);
#1012=LINE('',#6142,#1326);
#1013=LINE('',#6147,#1327);
#1014=LINE('',#6148,#1328);
#1015=LINE('',#6150,#1329);
#1016=LINE('',#6152,#1330);
#1017=LINE('',#6179,#1331);
#1018=LINE('',#6180,#1332);
#1019=LINE('',#6198,#1333);
#1020=LINE('',#6204,#1334);
#1021=LINE('',#6246,#1335);
#1022=LINE('',#6280,#1336);
#1023=LINE('',#6307,#1337);
#1024=LINE('',#6325,#1338);
#1025=LINE('',#6352,#1339);
#1026=LINE('',#6360,#1340);
#1027=LINE('',#6412,#1341);
#1028=LINE('',#6449,#1342);
#1029=LINE('',#6455,#1343);
#1030=LINE('',#6508,#1344);
#1031=LINE('',#6514,#1345);
#1032=LINE('',#6536,#1346);
#1033=LINE('',#6562,#1347);
#1034=LINE('',#6592,#1348);
#1035=LINE('',#6608,#1349);
#1036=LINE('',#6614,#1350);
#1037=LINE('',#6648,#1351);
#1038=LINE('',#6666,#1352);
#1039=LINE('',#6712,#1353);
#1040=LINE('',#6734,#1354);
#1041=LINE('',#6742,#1355);
#1042=LINE('',#6745,#1356);
#1043=LINE('',#6747,#1357);
#1044=LINE('',#6748,#1358);
#1045=LINE('',#6778,#1359);
#1046=LINE('',#6812,#1360);
#1047=LINE('',#6865,#1361);
#1048=LINE('',#6866,#1362);
#1049=LINE('',#6876,#1363);
#1050=LINE('',#6966,#1364);
#1051=LINE('',#7005,#1365);
#1052=LINE('',#7098,#1366);
#1053=LINE('',#7140,#1367);
#1054=LINE('',#7176,#1368);
#1055=LINE('',#7255,#1369);
#1056=LINE('',#7278,#1370);
#1057=LINE('',#7294,#1371);
#1058=LINE('',#7403,#1372);
#1059=LINE('',#7406,#1373);
#1060=LINE('',#7410,#1374);
#1061=LINE('',#7411,#1375);
#1062=LINE('',#7414,#1376);
#1063=LINE('',#7418,#1377);
#1064=LINE('',#7422,#1378);
#1065=LINE('',#7423,#1379);
#1066=LINE('',#7426,#1380);
#1067=LINE('',#7430,#1381);
#1068=LINE('',#7431,#1382);
#1069=LINE('',#7434,#1383);
#1070=LINE('',#7438,#1384);
#1071=LINE('',#7439,#1385);
#1072=LINE('',#7442,#1386);
#1073=LINE('',#7446,#1387);
#1074=LINE('',#7447,#1388);
#1075=LINE('',#7450,#1389);
#1076=LINE('',#7454,#1390);
#1077=LINE('',#7455,#1391);
#1078=LINE('',#7458,#1392);
#1079=LINE('',#7462,#1393);
#1080=LINE('',#7463,#1394);
#1081=LINE('',#7466,#1395);
#1082=LINE('',#7470,#1396);
#1083=LINE('',#7474,#1397);
#1084=LINE('',#7475,#1398);
#1085=LINE('',#7478,#1399);
#1086=LINE('',#7479,#1400);
#1087=LINE('',#7481,#1401);
#1088=LINE('',#7482,#1402);
#1089=LINE('',#7488,#1403);
#1090=LINE('',#7492,#1404);
#1091=LINE('',#7497,#1405);
#1092=LINE('',#7498,#1406);
#1093=LINE('',#7499,#1407);
#1094=LINE('',#7508,#1408);
#1095=LINE('',#7511,#1409);
#1096=LINE('',#7516,#1410);
#1097=LINE('',#7520,#1411);
#1098=LINE('',#7524,#1412);
#1099=LINE('',#7528,#1413);
#1100=LINE('',#7531,#1414);
#1101=LINE('',#7534,#1415);
#1102=LINE('',#7535,#1416);
#1103=LINE('',#7538,#1417);
#1104=LINE('',#7542,#1418);
#1105=LINE('',#7543,#1419);
#1106=LINE('',#7546,#1420);
#1107=LINE('',#7550,#1421);
#1108=LINE('',#7551,#1422);
#1109=LINE('',#7554,#1423);
#1110=LINE('',#7559,#1424);
#1111=LINE('',#7562,#1425);
#1112=LINE('',#7563,#1426);
#1113=LINE('',#7567,#1427);
#1114=LINE('',#7569,#1428);
#1115=LINE('',#7574,#1429);
#1116=LINE('',#7578,#1430);
#1117=LINE('',#7582,#1431);
#1118=LINE('',#7585,#1432);
#1119=LINE('',#7588,#1433);
#1120=LINE('',#7591,#1434);
#1121=LINE('',#7594,#1435);
#1122=LINE('',#7596,#1436);
#1123=LINE('',#7597,#1437);
#1124=LINE('',#7600,#1438);
#1125=LINE('',#7604,#1439);
#1126=LINE('',#7607,#1440);
#1127=VECTOR('',#3999,0.393700787401575);
#1128=VECTOR('',#4000,0.393700787401575);
#1129=VECTOR('',#4001,0.393700787401575);
#1130=VECTOR('',#4004,0.393700787401575);
#1131=VECTOR('',#4005,0.393700787401575);
#1132=VECTOR('',#4006,0.393700787401575);
#1133=VECTOR('',#4009,0.393700787401575);
#1134=VECTOR('',#4010,0.393700787401575);
#1135=VECTOR('',#4013,0.393700787401575);
#1136=VECTOR('',#4016,0.393700787401575);
#1137=VECTOR('',#4017,0.393700787401575);
#1138=VECTOR('',#4018,0.393700787401575);
#1139=VECTOR('',#4021,0.393700787401575);
#1140=VECTOR('',#4022,0.393700787401575);
#1141=VECTOR('',#4023,0.393700787401575);
#1142=VECTOR('',#4026,0.393700787401575);
#1143=VECTOR('',#4027,0.393700787401575);
#1144=VECTOR('',#4030,0.393700787401575);
#1145=VECTOR('',#4033,0.393700787401575);
#1146=VECTOR('',#4034,0.393700787401575);
#1147=VECTOR('',#4035,0.393700787401575);
#1148=VECTOR('',#4038,0.393700787401575);
#1149=VECTOR('',#4039,0.393700787401575);
#1150=VECTOR('',#4040,0.393700787401575);
#1151=VECTOR('',#4043,0.393700787401575);
#1152=VECTOR('',#4044,0.393700787401575);
#1153=VECTOR('',#4047,0.393700787401575);
#1154=VECTOR('',#4052,0.393700787401575);
#1155=VECTOR('',#4055,0.393700787401575);
#1156=VECTOR('',#4058,0.393700787401575);
#1157=VECTOR('',#4059,0.393700787401575);
#1158=VECTOR('',#4060,0.393700787401575);
#1159=VECTOR('',#4063,0.393700787401575);
#1160=VECTOR('',#4064,0.393700787401575);
#1161=VECTOR('',#4067,0.393700787401575);
#1162=VECTOR('',#4068,0.393700787401575);
#1163=VECTOR('',#4069,0.393700787401575);
#1164=VECTOR('',#4074,0.393700787401575);
#1165=VECTOR('',#4077,0.393700787401575);
#1166=VECTOR('',#4080,0.393700787401575);
#1167=VECTOR('',#4083,0.393700787401575);
#1168=VECTOR('',#4086,0.393700787401575);
#1169=VECTOR('',#4089,0.393700787401575);
#1170=VECTOR('',#4094,0.393700787401575);
#1171=VECTOR('',#4095,0.393700787401575);
#1172=VECTOR('',#4096,0.393700787401575);
#1173=VECTOR('',#4101,0.393700787401575);
#1174=VECTOR('',#4104,0.393700787401575);
#1175=VECTOR('',#4107,0.393700787401575);
#1176=VECTOR('',#4110,0.393700787401575);
#1177=VECTOR('',#4113,0.393700787401575);
#1178=VECTOR('',#4116,0.393700787401575);
#1179=VECTOR('',#4123,0.393700787401575);
#1180=VECTOR('',#4124,0.393700787401575);
#1181=VECTOR('',#4125,0.393700787401575);
#1182=VECTOR('',#4128,0.393700787401575);
#1183=VECTOR('',#4129,0.393700787401575);
#1184=VECTOR('',#4132,0.393700787401575);
#1185=VECTOR('',#4137,0.393700787401575);
#1186=VECTOR('',#4142,0.393700787401575);
#1187=VECTOR('',#4143,0.393700787401575);
#1188=VECTOR('',#4146,0.393700787401575);
#1189=VECTOR('',#4151,0.393700787401575);
#1190=VECTOR('',#4152,0.393700787401575);
#1191=VECTOR('',#4155,0.393700787401575);
#1192=VECTOR('',#4160,0.393700787401575);
#1193=VECTOR('',#4161,0.393700787401575);
#1194=VECTOR('',#4164,0.393700787401575);
#1195=VECTOR('',#4169,0.393700787401575);
#1196=VECTOR('',#4170,0.393700787401575);
#1197=VECTOR('',#4173,0.393700787401575);
#1198=VECTOR('',#4178,0.393700787401575);
#1199=VECTOR('',#4179,0.393700787401575);
#1200=VECTOR('',#4182,0.393700787401575);
#1201=VECTOR('',#4187,0.393700787401575);
#1202=VECTOR('',#4188,0.393700787401575);
#1203=VECTOR('',#4191,0.393700787401575);
#1204=VECTOR('',#4196,0.393700787401575);
#1205=VECTOR('',#4201,0.393700787401575);
#1206=VECTOR('',#4202,0.393700787401575);
#1207=VECTOR('',#4203,0.393700787401575);
#1208=VECTOR('',#4204,0.393700787401575);
#1209=VECTOR('',#4207,0.393700787401575);
#1210=VECTOR('',#4212,0.393700787401575);
#1211=VECTOR('',#4217,0.393700787401575);
#1212=VECTOR('',#4220,0.393700787401575);
#1213=VECTOR('',#4223,0.393700787401575);
#1214=VECTOR('',#4226,0.393700787401575);
#1215=VECTOR('',#4229,0.393700787401575);
#1216=VECTOR('',#4232,0.393700787401575);
#1217=VECTOR('',#4237,0.393700787401575);
#1218=VECTOR('',#4238,0.393700787401575);
#1219=VECTOR('',#4241,0.393700787401575);
#1220=VECTOR('',#4244,0.393700787401575);
#1221=VECTOR('',#4247,0.393700787401575);
#1222=VECTOR('',#4250,0.393700787401575);
#1223=VECTOR('',#4253,0.393700787401575);
#1224=VECTOR('',#4256,0.393700787401575);
#1225=VECTOR('',#4259,0.393700787401575);
#1226=VECTOR('',#4262,0.393700787401575);
#1227=VECTOR('',#4265,0.393700787401575);
#1228=VECTOR('',#4268,0.393700787401575);
#1229=VECTOR('',#4271,0.393700787401575);
#1230=VECTOR('',#4274,0.393700787401575);
#1231=VECTOR('',#4277,0.393700787401575);
#1232=VECTOR('',#4280,0.393700787401575);
#1233=VECTOR('',#4283,0.393700787401575);
#1234=VECTOR('',#4286,0.393700787401575);
#1235=VECTOR('',#4289,0.393700787401575);
#1236=VECTOR('',#4296,0.393700787401575);
#1237=VECTOR('',#4299,0.393700787401575);
#1238=VECTOR('',#4302,0.393700787401575);
#1239=VECTOR('',#4303,0.393700787401575);
#1240=VECTOR('',#4304,0.393700787401575);
#1241=VECTOR('',#4309,0.393700787401575);
#1242=VECTOR('',#4314,0.393700787401575);
#1243=VECTOR('',#4315,0.393700787401575);
#1244=VECTOR('',#4316,0.393700787401575);
#1245=VECTOR('',#4321,0.393700787401575);
#1246=VECTOR('',#4326,0.393700787401575);
#1247=VECTOR('',#4327,0.393700787401575);
#1248=VECTOR('',#4328,0.393700787401575);
#1249=VECTOR('',#4331,0.393700787401575);
#1250=VECTOR('',#4332,0.393700787401575);
#1251=VECTOR('',#4333,0.393700787401575);
#1252=VECTOR('',#4338,0.393700787401575);
#1253=VECTOR('',#4343,0.393700787401575);
#1254=VECTOR('',#4344,0.393700787401575);
#1255=VECTOR('',#4345,0.393700787401575);
#1256=VECTOR('',#4348,0.393700787401575);
#1257=VECTOR('',#4349,0.393700787401575);
#1258=VECTOR('',#4350,0.393700787401575);
#1259=VECTOR('',#4355,0.393700787401575);
#1260=VECTOR('',#4356,0.393700787401575);
#1261=VECTOR('',#4357,0.393700787401575);
#1262=VECTOR('',#4362,0.393700787401575);
#1263=VECTOR('',#4367,0.393700787401575);
#1264=VECTOR('',#4368,0.393700787401575);
#1265=VECTOR('',#4369,0.393700787401575);
#1266=VECTOR('',#4372,0.393700787401575);
#1267=VECTOR('',#4373,0.393700787401575);
#1268=VECTOR('',#4378,0.393700787401575);
#1269=VECTOR('',#4393,0.393700787401575);
#1270=VECTOR('',#4396,0.393700787401575);
#1271=VECTOR('',#4399,0.393700787401575);
#1272=VECTOR('',#4402,0.393700787401575);
#1273=VECTOR('',#4421,0.393700787401575);
#1274=VECTOR('',#4424,0.393700787401575);
#1275=VECTOR('',#4427,0.393700787401575);
#1276=VECTOR('',#4432,0.393700787401575);
#1277=VECTOR('',#4449,0.393700787401575);
#1278=VECTOR('',#4450,0.393700787401575);
#1279=VECTOR('',#4455,0.393700787401575);
#1280=VECTOR('',#4458,0.393700787401575);
#1281=VECTOR('',#4463,0.393700787401575);
#1282=VECTOR('',#4466,0.393700787401575);
#1283=VECTOR('',#4483,0.393700787401575);
#1284=VECTOR('',#4486,0.393700787401575);
#1285=VECTOR('',#4489,0.393700787401575);
#1286=VECTOR('',#4490,0.393700787401575);
#1287=VECTOR('',#4495,0.393700787401575);
#1288=VECTOR('',#4496,0.393700787401575);
#1289=VECTOR('',#4501,0.393700787401575);
#1290=VECTOR('',#4502,0.393700787401575);
#1291=VECTOR('',#4515,0.393700787401575);
#1292=VECTOR('',#4516,0.393700787401575);
#1293=VECTOR('',#4519,0.393700787401575);
#1294=VECTOR('',#4522,0.393700787401575);
#1295=VECTOR('',#4523,0.393700787401575);
#1296=VECTOR('',#4524,0.393700787401575);
#1297=VECTOR('',#4527,0.393700787401575);
#1298=VECTOR('',#4532,0.393700787401575);
#1299=VECTOR('',#4535,0.393700787401575);
#1300=VECTOR('',#4538,0.393700787401575);
#1301=VECTOR('',#4541,0.393700787401575);
#1302=VECTOR('',#4558,0.0944881889763779);
#1303=VECTOR('',#4563,0.0944881889763779);
#1304=VECTOR('',#4568,0.0944881889763779);
#1305=VECTOR('',#4571,0.393700787401575);
#1306=VECTOR('',#4572,0.393700787401575);
#1307=VECTOR('',#4573,0.393700787401575);
#1308=VECTOR('',#4578,0.393700787401575);
#1309=VECTOR('',#4581,0.393700787401575);
#1310=VECTOR('',#4582,0.393700787401575);
#1311=VECTOR('',#4587,0.393700787401575);
#1312=VECTOR('',#4590,0.393700787401575);
#1313=VECTOR('',#4591,0.393700787401575);
#1314=VECTOR('',#4592,0.393700787401575);
#1315=VECTOR('',#4599,0.393700787401575);
#1316=VECTOR('',#4600,0.393700787401575);
#1317=VECTOR('',#4607,0.393700787401575);
#1318=VECTOR('',#4610,0.393700787401575);
#1319=VECTOR('',#4613,0.393700787401575);
#1320=VECTOR('',#4616,0.393700787401575);
#1321=VECTOR('',#4619,0.393700787401575);
#1322=VECTOR('',#4622,0.393700787401575);
#1323=VECTOR('',#4625,0.393700787401575);
#1324=VECTOR('',#4628,0.393700787401575);
#1325=VECTOR('',#4631,0.393700787401575);
#1326=VECTOR('',#4632,0.393700787401575);
#1327=VECTOR('',#4637,0.393700787401575);
#1328=VECTOR('',#4638,0.393700787401575);
#1329=VECTOR('',#4641,0.393700787401575);
#1330=VECTOR('',#4642,0.393700787401575);
#1331=VECTOR('',#4647,0.393700787401575);
#1332=VECTOR('',#4648,0.393700787401575);
#1333=VECTOR('',#4649,0.393700787401575);
#1334=VECTOR('',#4650,0.393700787401575);
#1335=VECTOR('',#4651,0.393700787401575);
#1336=VECTOR('',#4652,0.393700787401575);
#1337=VECTOR('',#4653,0.393700787401575);
#1338=VECTOR('',#4656,0.393700787401575);
#1339=VECTOR('',#4659,0.393700787401575);
#1340=VECTOR('',#4660,0.393700787401575);
#1341=VECTOR('',#4661,0.393700787401575);
#1342=VECTOR('',#4664,0.393700787401575);
#1343=VECTOR('',#4665,0.393700787401575);
#1344=VECTOR('',#4668,0.393700787401575);
#1345=VECTOR('',#4669,0.393700787401575);
#1346=VECTOR('',#4670,0.393700787401575);
#1347=VECTOR('',#4671,0.393700787401575);
#1348=VECTOR('',#4674,0.393700787401575);
#1349=VECTOR('',#4677,0.393700787401575);
#1350=VECTOR('',#4678,0.393700787401575);
#1351=VECTOR('',#4679,0.393700787401575);
#1352=VECTOR('',#4680,0.393700787401575);
#1353=VECTOR('',#4683,0.393700787401575);
#1354=VECTOR('',#4686,0.393700787401575);
#1355=VECTOR('',#4687,0.393700787401575);
#1356=VECTOR('',#4690,0.393700787401575);
#1357=VECTOR('',#4691,0.393700787401575);
#1358=VECTOR('',#4692,0.393700787401575);
#1359=VECTOR('',#4693,0.393700787401575);
#1360=VECTOR('',#4694,0.393700787401575);
#1361=VECTOR('',#4703,0.393700787401575);
#1362=VECTOR('',#4704,0.393700787401575);
#1363=VECTOR('',#4707,0.393700787401575);
#1364=VECTOR('',#4716,0.0789999999999999);
#1365=VECTOR('',#4717,0.393700787401575);
#1366=VECTOR('',#4718,0.393700787401575);
#1367=VECTOR('',#4719,0.393700787401575);
#1368=VECTOR('',#4720,0.393700787401575);
#1369=VECTOR('',#4721,0.393700787401575);
#1370=VECTOR('',#4722,0.393700787401575);
#1371=VECTOR('',#4723,0.393700787401575);
#1372=VECTOR('',#4726,0.393700787401575);
#1373=VECTOR('',#4731,0.393700787401575);
#1374=VECTOR('',#4736,0.393700787401575);
#1375=VECTOR('',#4737,0.393700787401575);
#1376=VECTOR('',#4740,0.393700787401575);
#1377=VECTOR('',#4745,0.393700787401575);
#1378=VECTOR('',#4750,0.393700787401575);
#1379=VECTOR('',#4751,0.393700787401575);
#1380=VECTOR('',#4754,0.393700787401575);
#1381=VECTOR('',#4759,0.393700787401575);
#1382=VECTOR('',#4760,0.393700787401575);
#1383=VECTOR('',#4763,0.393700787401575);
#1384=VECTOR('',#4768,0.393700787401575);
#1385=VECTOR('',#4769,0.393700787401575);
#1386=VECTOR('',#4772,0.393700787401575);
#1387=VECTOR('',#4777,0.393700787401575);
#1388=VECTOR('',#4778,0.393700787401575);
#1389=VECTOR('',#4781,0.393700787401575);
#1390=VECTOR('',#4786,0.393700787401575);
#1391=VECTOR('',#4787,0.393700787401575);
#1392=VECTOR('',#4790,0.393700787401575);
#1393=VECTOR('',#4795,0.393700787401575);
#1394=VECTOR('',#4796,0.393700787401575);
#1395=VECTOR('',#4799,0.393700787401575);
#1396=VECTOR('',#4804,0.393700787401575);
#1397=VECTOR('',#4809,0.393700787401575);
#1398=VECTOR('',#4810,0.393700787401575);
#1399=VECTOR('',#4813,0.393700787401575);
#1400=VECTOR('',#4814,0.393700787401575);
#1401=VECTOR('',#4817,0.393700787401575);
#1402=VECTOR('',#4818,0.393700787401575);
#1403=VECTOR('',#4825,0.393700787401575);
#1404=VECTOR('',#4828,0.393700787401575);
#1405=VECTOR('',#4833,0.393700787401575);
#1406=VECTOR('',#4834,0.393700787401575);
#1407=VECTOR('',#4835,0.393700787401575);
#1408=VECTOR('',#4846,0.393700787401575);
#1409=VECTOR('',#4849,0.393700787401575);
#1410=VECTOR('',#4854,0.393700787401575);
#1411=VECTOR('',#4857,0.393700787401575);
#1412=VECTOR('',#4860,0.393700787401575);
#1413=VECTOR('',#4863,0.393700787401575);
#1414=VECTOR('',#4866,0.393700787401575);
#1415=VECTOR('',#4869,0.393700787401575);
#1416=VECTOR('',#4870,0.393700787401575);
#1417=VECTOR('',#4873,0.393700787401575);
#1418=VECTOR('',#4878,0.393700787401575);
#1419=VECTOR('',#4879,0.393700787401575);
#1420=VECTOR('',#4882,0.393700787401575);
#1421=VECTOR('',#4887,0.393700787401575);
#1422=VECTOR('',#4888,0.393700787401575);
#1423=VECTOR('',#4891,0.393700787401575);
#1424=VECTOR('',#4898,0.393700787401575);
#1425=VECTOR('',#4901,0.393700787401575);
#1426=VECTOR('',#4902,0.393700787401575);
#1427=VECTOR('',#4907,0.393700787401575);
#1428=VECTOR('',#4910,0.393700787401575);
#1429=VECTOR('',#4915,0.393700787401575);
#1430=VECTOR('',#4918,0.393700787401575);
#1431=VECTOR('',#4923,0.393700787401575);
#1432=VECTOR('',#4926,0.393700787401575);
#1433=VECTOR('',#4929,0.393700787401575);
#1434=VECTOR('',#4932,0.393700787401575);
#1435=VECTOR('',#4935,0.393700787401575);
#1436=VECTOR('',#4936,0.393700787401575);
#1437=VECTOR('',#4937,0.393700787401575);
#1438=VECTOR('',#4940,0.393700787401575);
#1439=VECTOR('',#4945,0.393700787401575);
#1440=VECTOR('',#4950,0.393700787401575);
#1441=VERTEX_POINT('',#4955);
#1442=VERTEX_POINT('',#4956);
#1443=VERTEX_POINT('',#4958);
#1444=VERTEX_POINT('',#4962);
#1445=VERTEX_POINT('',#4963);
#1446=VERTEX_POINT('',#4968);
#1447=VERTEX_POINT('',#4974);
#1448=VERTEX_POINT('',#4975);
#1449=VERTEX_POINT('',#4977);
#1450=VERTEX_POINT('',#4981);
#1451=VERTEX_POINT('',#4982);
#1452=VERTEX_POINT('',#4987);
#1453=VERTEX_POINT('',#4993);
#1454=VERTEX_POINT('',#4994);
#1455=VERTEX_POINT('',#4996);
#1456=VERTEX_POINT('',#5000);
#1457=VERTEX_POINT('',#5001);
#1458=VERTEX_POINT('',#5006);
#1459=VERTEX_POINT('',#5012);
#1460=VERTEX_POINT('',#5013);
#1461=VERTEX_POINT('',#5015);
#1462=VERTEX_POINT('',#5017);
#1463=VERTEX_POINT('',#5021);
#1464=VERTEX_POINT('',#5023);
#1465=VERTEX_POINT('',#5027);
#1466=VERTEX_POINT('',#5031);
#1467=VERTEX_POINT('',#5032);
#1468=VERTEX_POINT('',#5034);
#1469=VERTEX_POINT('',#5036);
#1470=VERTEX_POINT('',#5038);
#1471=VERTEX_POINT('',#5040);
#1472=VERTEX_POINT('',#5042);
#1473=VERTEX_POINT('',#5044);
#1474=VERTEX_POINT('',#5046);
#1475=VERTEX_POINT('',#5048);
#1476=VERTEX_POINT('',#5050);
#1477=VERTEX_POINT('',#5052);
#1478=VERTEX_POINT('',#5054);
#1479=VERTEX_POINT('',#5056);
#1480=VERTEX_POINT('',#5058);
#1481=VERTEX_POINT('',#5060);
#1482=VERTEX_POINT('',#5062);
#1483=VERTEX_POINT('',#5064);
#1484=VERTEX_POINT('',#5066);
#1485=VERTEX_POINT('',#5068);
#1486=VERTEX_POINT('',#5070);
#1487=VERTEX_POINT('',#5072);
#1488=VERTEX_POINT('',#5074);
#1489=VERTEX_POINT('',#5076);
#1490=VERTEX_POINT('',#5078);
#1491=VERTEX_POINT('',#5080);
#1492=VERTEX_POINT('',#5082);
#1493=VERTEX_POINT('',#5084);
#1494=VERTEX_POINT('',#5086);
#1495=VERTEX_POINT('',#5088);
#1496=VERTEX_POINT('',#5090);
#1497=VERTEX_POINT('',#5092);
#1498=VERTEX_POINT('',#5094);
#1499=VERTEX_POINT('',#5096);
#1500=VERTEX_POINT('',#5098);
#1501=VERTEX_POINT('',#5100);
#1502=VERTEX_POINT('',#5104);
#1503=VERTEX_POINT('',#5106);
#1504=VERTEX_POINT('',#5110);
#1505=VERTEX_POINT('',#5114);
#1506=VERTEX_POINT('',#5118);
#1507=VERTEX_POINT('',#5122);
#1508=VERTEX_POINT('',#5126);
#1509=VERTEX_POINT('',#5130);
#1510=VERTEX_POINT('',#5134);
#1511=VERTEX_POINT('',#5138);
#1512=VERTEX_POINT('',#5142);
#1513=VERTEX_POINT('',#5146);
#1514=VERTEX_POINT('',#5150);
#1515=VERTEX_POINT('',#5154);
#1516=VERTEX_POINT('',#5158);
#1517=VERTEX_POINT('',#5162);
#1518=VERTEX_POINT('',#5166);
#1519=VERTEX_POINT('',#5170);
#1520=VERTEX_POINT('',#5174);
#1521=VERTEX_POINT('',#5177);
#1522=VERTEX_POINT('',#5184);
#1523=VERTEX_POINT('',#5185);
#1524=VERTEX_POINT('',#5187);
#1525=VERTEX_POINT('',#5189);
#1526=VERTEX_POINT('',#5191);
#1527=VERTEX_POINT('',#5193);
#1528=VERTEX_POINT('',#5195);
#1529=VERTEX_POINT('',#5197);
#1530=VERTEX_POINT('',#5199);
#1531=VERTEX_POINT('',#5201);
#1532=VERTEX_POINT('',#5203);
#1533=VERTEX_POINT('',#5205);
#1534=VERTEX_POINT('',#5207);
#1535=VERTEX_POINT('',#5209);
#1536=VERTEX_POINT('',#5211);
#1537=VERTEX_POINT('',#5213);
#1538=VERTEX_POINT('',#5215);
#1539=VERTEX_POINT('',#5255);
#1540=VERTEX_POINT('',#5256);
#1541=VERTEX_POINT('',#5258);
#1542=VERTEX_POINT('',#5260);
#1543=VERTEX_POINT('',#5264);
#1544=VERTEX_POINT('',#5266);
#1545=VERTEX_POINT('',#5270);
#1546=VERTEX_POINT('',#5272);
#1547=VERTEX_POINT('',#5276);
#1548=VERTEX_POINT('',#5278);
#1549=VERTEX_POINT('',#5282);
#1550=VERTEX_POINT('',#5284);
#1551=VERTEX_POINT('',#5288);
#1552=VERTEX_POINT('',#5290);
#1553=VERTEX_POINT('',#5294);
#1554=VERTEX_POINT('',#5296);
#1555=VERTEX_POINT('',#5300);
#1556=VERTEX_POINT('',#5302);
#1557=VERTEX_POINT('',#5306);
#1558=VERTEX_POINT('',#5308);
#1559=VERTEX_POINT('',#5312);
#1560=VERTEX_POINT('',#5313);
#1561=VERTEX_POINT('',#5315);
#1562=VERTEX_POINT('',#5317);
#1563=VERTEX_POINT('',#5321);
#1564=VERTEX_POINT('',#5323);
#1565=VERTEX_POINT('',#5327);
#1566=VERTEX_POINT('',#5329);
#1567=VERTEX_POINT('',#5333);
#1568=VERTEX_POINT('',#5335);
#1569=VERTEX_POINT('',#5342);
#1570=VERTEX_POINT('',#5344);
#1571=VERTEX_POINT('',#5348);
#1572=VERTEX_POINT('',#5349);
#1573=VERTEX_POINT('',#5358);
#1574=VERTEX_POINT('',#5361);
#1575=VERTEX_POINT('',#5370);
#1576=VERTEX_POINT('',#5374);
#1577=VERTEX_POINT('',#5375);
#1578=VERTEX_POINT('',#5380);
#1579=VERTEX_POINT('',#5383);
#1580=VERTEX_POINT('',#5400);
#1581=VERTEX_POINT('',#5401);
#1582=VERTEX_POINT('',#5408);
#1583=VERTEX_POINT('',#5409);
#1584=VERTEX_POINT('',#5427);
#1585=VERTEX_POINT('',#5428);
#1586=VERTEX_POINT('',#5440);
#1587=VERTEX_POINT('',#5453);
#1588=VERTEX_POINT('',#5454);
#1589=VERTEX_POINT('',#5460);
#1590=VERTEX_POINT('',#5462);
#1591=VERTEX_POINT('',#5475);
#1592=VERTEX_POINT('',#5476);
#1593=VERTEX_POINT('',#5481);
#1594=VERTEX_POINT('',#5681);
#1595=VERTEX_POINT('',#5682);
#1596=VERTEX_POINT('',#5684);
#1597=VERTEX_POINT('',#5743);
#1598=VERTEX_POINT('',#5744);
#1599=VERTEX_POINT('',#5746);
#1600=VERTEX_POINT('',#5750);
#1601=VERTEX_POINT('',#5752);
#1602=VERTEX_POINT('',#5756);
#1603=VERTEX_POINT('',#5758);
#1604=VERTEX_POINT('',#5760);
#1605=VERTEX_POINT('',#5776);
#1606=VERTEX_POINT('',#5777);
#1607=VERTEX_POINT('',#5779);
#1608=VERTEX_POINT('',#5781);
#1609=VERTEX_POINT('',#5785);
#1610=VERTEX_POINT('',#5802);
#1611=VERTEX_POINT('',#5803);
#1612=VERTEX_POINT('',#5805);
#1613=VERTEX_POINT('',#5819);
#1614=VERTEX_POINT('',#5823);
#1615=VERTEX_POINT('',#5825);
#1616=VERTEX_POINT('',#5829);
#1617=VERTEX_POINT('',#5831);
#1618=VERTEX_POINT('',#5857);
#1619=VERTEX_POINT('',#5861);
#1620=VERTEX_POINT('',#5866);
#1621=VERTEX_POINT('',#5868);
#1622=VERTEX_POINT('',#5872);
#1623=VERTEX_POINT('',#5874);
#1624=VERTEX_POINT('',#5881);
#1625=VERTEX_POINT('',#5882);
#1626=VERTEX_POINT('',#5884);
#1627=VERTEX_POINT('',#5887);
#1628=VERTEX_POINT('',#5892);
#1629=VERTEX_POINT('',#5894);
#1630=VERTEX_POINT('',#5896);
#1631=VERTEX_POINT('',#5897);
#1632=VERTEX_POINT('',#5899);
#1633=VERTEX_POINT('',#5901);
#1634=VERTEX_POINT('',#5903);
#1635=VERTEX_POINT('',#5905);
#1636=VERTEX_POINT('',#5907);
#1637=VERTEX_POINT('',#5909);
#1638=VERTEX_POINT('',#5912);
#1639=VERTEX_POINT('',#6031);
#1640=VERTEX_POINT('',#6035);
#1641=VERTEX_POINT('',#6039);
#1642=VERTEX_POINT('',#6043);
#1643=VERTEX_POINT('',#6045);
#1644=VERTEX_POINT('',#6049);
#1645=VERTEX_POINT('',#6053);
#1646=VERTEX_POINT('',#6057);
#1647=VERTEX_POINT('',#6061);
#1648=VERTEX_POINT('',#6063);
#1649=VERTEX_POINT('',#6069);
#1650=VERTEX_POINT('',#6075);
#1651=VERTEX_POINT('',#6077);
#1652=VERTEX_POINT('',#6081);
#1653=VERTEX_POINT('',#6106);
#1654=VERTEX_POINT('',#6107);
#1655=VERTEX_POINT('',#6109);
#1656=VERTEX_POINT('',#6111);
#1657=VERTEX_POINT('',#6113);
#1658=VERTEX_POINT('',#6136);
#1659=VERTEX_POINT('',#6140);
#1660=VERTEX_POINT('',#6144);
#1661=VERTEX_POINT('',#6146);
#1662=VERTEX_POINT('',#6151);
#1663=VERTEX_POINT('',#6155);
#1664=VERTEX_POINT('',#6156);
#1665=VERTEX_POINT('',#6165);
#1666=VERTEX_POINT('',#6170);
#1667=VERTEX_POINT('',#6197);
#1668=VERTEX_POINT('',#6199);
#1669=VERTEX_POINT('',#6237);
#1670=VERTEX_POINT('',#6279);
#1671=VERTEX_POINT('',#6297);
#1672=VERTEX_POINT('',#6302);
#1673=VERTEX_POINT('',#6351);
#1674=VERTEX_POINT('',#6353);
#1675=VERTEX_POINT('',#6401);
#1676=VERTEX_POINT('',#6442);
#1677=VERTEX_POINT('',#6443);
#1678=VERTEX_POINT('',#6448);
#1679=VERTEX_POINT('',#6450);
#1680=VERTEX_POINT('',#6501);
#1681=VERTEX_POINT('',#6502);
#1682=VERTEX_POINT('',#6507);
#1683=VERTEX_POINT('',#6509);
#1684=VERTEX_POINT('',#6530);
#1685=VERTEX_POINT('',#6561);
#1686=VERTEX_POINT('',#6602);
#1687=VERTEX_POINT('',#6607);
#1688=VERTEX_POINT('',#6609);
#1689=VERTEX_POINT('',#6639);
#1690=VERTEX_POINT('',#6665);
#1691=VERTEX_POINT('',#6726);
#1692=VERTEX_POINT('',#6733);
#1693=VERTEX_POINT('',#6735);
#1694=VERTEX_POINT('',#6744);
#1695=VERTEX_POINT('',#6746);
#1696=VERTEX_POINT('',#6770);
#1697=VERTEX_POINT('',#6811);
#1698=VERTEX_POINT('',#6855);
#1699=VERTEX_POINT('',#6856);
#1700=VERTEX_POINT('',#6864);
#1701=VERTEX_POINT('',#6868);
#1702=VERTEX_POINT('',#6891);
#1703=VERTEX_POINT('',#6904);
#1704=VERTEX_POINT('',#6965);
#1705=VERTEX_POINT('',#6967);
#1706=VERTEX_POINT('',#7054);
#1707=VERTEX_POINT('',#7139);
#1708=VERTEX_POINT('',#7141);
#1709=VERTEX_POINT('',#7217);
#1710=VERTEX_POINT('',#7270);
#1711=VERTEX_POINT('',#7293);
#1712=VERTEX_POINT('',#7409);
#1713=VERTEX_POINT('',#7413);
#1714=VERTEX_POINT('',#7417);
#1715=VERTEX_POINT('',#7421);
#1716=VERTEX_POINT('',#7425);
#1717=VERTEX_POINT('',#7429);
#1718=VERTEX_POINT('',#7433);
#1719=VERTEX_POINT('',#7437);
#1720=VERTEX_POINT('',#7441);
#1721=VERTEX_POINT('',#7445);
#1722=VERTEX_POINT('',#7449);
#1723=VERTEX_POINT('',#7453);
#1724=VERTEX_POINT('',#7457);
#1725=VERTEX_POINT('',#7461);
#1726=VERTEX_POINT('',#7465);
#1727=VERTEX_POINT('',#7469);
#1728=VERTEX_POINT('',#7473);
#1729=VERTEX_POINT('',#7477);
#1730=VERTEX_POINT('',#7486);
#1731=VERTEX_POINT('',#7487);
#1732=VERTEX_POINT('',#7489);
#1733=VERTEX_POINT('',#7491);
#1734=VERTEX_POINT('',#7495);
#1735=VERTEX_POINT('',#7496);
#1736=VERTEX_POINT('',#7501);
#1737=VERTEX_POINT('',#7505);
#1738=VERTEX_POINT('',#7507);
#1739=VERTEX_POINT('',#7509);
#1740=VERTEX_POINT('',#7513);
#1741=VERTEX_POINT('',#7515);
#1742=VERTEX_POINT('',#7517);
#1743=VERTEX_POINT('',#7519);
#1744=VERTEX_POINT('',#7521);
#1745=VERTEX_POINT('',#7523);
#1746=VERTEX_POINT('',#7525);
#1747=VERTEX_POINT('',#7527);
#1748=VERTEX_POINT('',#7529);
#1749=VERTEX_POINT('',#7533);
#1750=VERTEX_POINT('',#7537);
#1751=VERTEX_POINT('',#7541);
#1752=VERTEX_POINT('',#7545);
#1753=VERTEX_POINT('',#7549);
#1754=VERTEX_POINT('',#7553);
#1755=VERTEX_POINT('',#7557);
#1756=VERTEX_POINT('',#7561);
#1757=VERTEX_POINT('',#7565);
#1758=VERTEX_POINT('',#7572);
#1759=VERTEX_POINT('',#7573);
#1760=VERTEX_POINT('',#7575);
#1761=VERTEX_POINT('',#7577);
#1762=VERTEX_POINT('',#7581);
#1763=VERTEX_POINT('',#7583);
#1764=VERTEX_POINT('',#7587);
#1765=VERTEX_POINT('',#7589);
#1766=VERTEX_POINT('',#7593);
#1767=VERTEX_POINT('',#7595);
#1768=VERTEX_POINT('',#7599);
#1769=VERTEX_POINT('',#7603);
#1770=EDGE_CURVE('',#1441,#1442,#813,.T.);
#1771=EDGE_CURVE('',#1443,#1442,#814,.T.);
#1772=EDGE_CURVE('',#1441,#1443,#815,.T.);
#1773=EDGE_CURVE('',#1444,#1445,#816,.T.);
#1774=EDGE_CURVE('',#1443,#1444,#817,.T.);
#1775=EDGE_CURVE('',#1442,#1445,#818,.F.);
#1776=EDGE_CURVE('',#1446,#1445,#819,.T.);
#1777=EDGE_CURVE('',#1444,#1446,#820,.T.);
#1778=EDGE_CURVE('',#1446,#1441,#821,.T.);
#1779=EDGE_CURVE('',#1447,#1448,#822,.T.);
#1780=EDGE_CURVE('',#1449,#1447,#823,.T.);
#1781=EDGE_CURVE('',#1449,#1448,#824,.T.);
#1782=EDGE_CURVE('',#1450,#1451,#825,.T.);
#1783=EDGE_CURVE('',#1448,#1451,#826,.F.);
#1784=EDGE_CURVE('',#1450,#1449,#827,.T.);
#1785=EDGE_CURVE('',#1452,#1450,#828,.T.);
#1786=EDGE_CURVE('',#1452,#1451,#829,.T.);
#1787=EDGE_CURVE('',#1447,#1452,#830,.T.);
#1788=EDGE_CURVE('',#1453,#1454,#831,.T.);
#1789=EDGE_CURVE('',#1455,#1454,#832,.T.);
#1790=EDGE_CURVE('',#1453,#1455,#833,.T.);
#1791=EDGE_CURVE('',#1456,#1457,#834,.T.);
#1792=EDGE_CURVE('',#1455,#1456,#835,.T.);
#1793=EDGE_CURVE('',#1454,#1457,#836,.F.);
#1794=EDGE_CURVE('',#1458,#1457,#837,.T.);
#1795=EDGE_CURVE('',#1456,#1458,#838,.T.);
#1796=EDGE_CURVE('',#1458,#1453,#839,.T.);
#1797=EDGE_CURVE('',#1459,#1460,#273,.T.);
#1798=EDGE_CURVE('',#1459,#1461,#840,.T.);
#1799=EDGE_CURVE('',#1462,#1461,#274,.T.);
#1800=EDGE_CURVE('',#1462,#1460,#841,.T.);
#1801=EDGE_CURVE('',#1463,#1460,#842,.T.);
#1802=EDGE_CURVE('',#1464,#1463,#843,.T.);
#1803=EDGE_CURVE('',#1464,#1459,#844,.T.);
#1804=EDGE_CURVE('',#1465,#1462,#845,.T.);
#1805=EDGE_CURVE('',#1463,#1465,#846,.T.);
#1806=EDGE_CURVE('',#1466,#1467,#847,.T.);
#1807=EDGE_CURVE('',#1468,#1466,#848,.T.);
#1808=EDGE_CURVE('',#1469,#1468,#849,.T.);
#1809=EDGE_CURVE('',#1470,#1469,#149,.T.);
#1810=EDGE_CURVE('',#1471,#1470,#150,.T.);
#1811=EDGE_CURVE('',#1472,#1471,#850,.T.);
#1812=EDGE_CURVE('',#1473,#1472,#151,.T.);
#1813=EDGE_CURVE('',#1474,#1473,#851,.T.);
#1814=EDGE_CURVE('',#1475,#1474,#152,.T.);
#1815=EDGE_CURVE('',#1476,#1475,#852,.T.);
#1816=EDGE_CURVE('',#1477,#1476,#153,.T.);
#1817=EDGE_CURVE('',#1478,#1477,#853,.T.);
#1818=EDGE_CURVE('',#1479,#1478,#154,.T.);
#1819=EDGE_CURVE('',#1480,#1479,#854,.T.);
#1820=EDGE_CURVE('',#1481,#1480,#155,.T.);
#1821=EDGE_CURVE('',#1482,#1481,#855,.T.);
#1822=EDGE_CURVE('',#1483,#1482,#156,.T.);
#1823=EDGE_CURVE('',#1484,#1483,#157,.T.);
#1824=EDGE_CURVE('',#1485,#1484,#856,.T.);
#1825=EDGE_CURVE('',#1486,#1485,#857,.T.);
#1826=EDGE_CURVE('',#1487,#1486,#858,.T.);
#1827=EDGE_CURVE('',#1488,#1487,#158,.T.);
#1828=EDGE_CURVE('',#1489,#1488,#159,.T.);
#1829=EDGE_CURVE('',#1490,#1489,#859,.T.);
#1830=EDGE_CURVE('',#1491,#1490,#160,.T.);
#1831=EDGE_CURVE('',#1492,#1491,#860,.T.);
#1832=EDGE_CURVE('',#1493,#1492,#161,.T.);
#1833=EDGE_CURVE('',#1494,#1493,#861,.T.);
#1834=EDGE_CURVE('',#1495,#1494,#162,.T.);
#1835=EDGE_CURVE('',#1496,#1495,#862,.T.);
#1836=EDGE_CURVE('',#1497,#1496,#163,.T.);
#1837=EDGE_CURVE('',#1498,#1497,#863,.T.);
#1838=EDGE_CURVE('',#1499,#1498,#164,.T.);
#1839=EDGE_CURVE('',#1500,#1499,#864,.T.);
#1840=EDGE_CURVE('',#1501,#1500,#165,.T.);
#1841=EDGE_CURVE('',#1467,#1501,#166,.T.);
#1842=EDGE_CURVE('',#1502,#1485,#865,.T.);
#1843=EDGE_CURVE('',#1502,#1503,#866,.T.);
#1844=EDGE_CURVE('',#1503,#1486,#867,.T.);
#1845=EDGE_CURVE('',#1484,#1504,#868,.T.);
#1846=EDGE_CURVE('',#1504,#1502,#869,.T.);
#1847=EDGE_CURVE('',#1483,#1505,#870,.T.);
#1848=EDGE_CURVE('',#1505,#1504,#167,.T.);
#1849=EDGE_CURVE('',#1482,#1506,#871,.T.);
#1850=EDGE_CURVE('',#1506,#1505,#168,.T.);
#1851=EDGE_CURVE('',#1481,#1507,#872,.T.);
#1852=EDGE_CURVE('',#1507,#1506,#873,.T.);
#1853=EDGE_CURVE('',#1480,#1508,#874,.T.);
#1854=EDGE_CURVE('',#1508,#1507,#169,.T.);
#1855=EDGE_CURVE('',#1479,#1509,#875,.T.);
#1856=EDGE_CURVE('',#1509,#1508,#876,.T.);
#1857=EDGE_CURVE('',#1478,#1510,#877,.T.);
#1858=EDGE_CURVE('',#1510,#1509,#170,.T.);
#1859=EDGE_CURVE('',#1477,#1511,#878,.T.);
#1860=EDGE_CURVE('',#1511,#1510,#879,.T.);
#1861=EDGE_CURVE('',#1476,#1512,#880,.T.);
#1862=EDGE_CURVE('',#1512,#1511,#171,.T.);
#1863=EDGE_CURVE('',#1475,#1513,#881,.T.);
#1864=EDGE_CURVE('',#1513,#1512,#882,.T.);
#1865=EDGE_CURVE('',#1474,#1514,#883,.T.);
#1866=EDGE_CURVE('',#1514,#1513,#172,.T.);
#1867=EDGE_CURVE('',#1473,#1515,#884,.T.);
#1868=EDGE_CURVE('',#1515,#1514,#885,.T.);
#1869=EDGE_CURVE('',#1472,#1516,#886,.T.);
#1870=EDGE_CURVE('',#1516,#1515,#173,.T.);
#1871=EDGE_CURVE('',#1471,#1517,#887,.T.);
#1872=EDGE_CURVE('',#1517,#1516,#888,.T.);
#1873=EDGE_CURVE('',#1470,#1518,#889,.T.);
#1874=EDGE_CURVE('',#1518,#1517,#174,.T.);
#1875=EDGE_CURVE('',#1469,#1519,#890,.T.);
#1876=EDGE_CURVE('',#1519,#1518,#175,.T.);
#1877=EDGE_CURVE('',#1520,#1468,#891,.T.);
#1878=EDGE_CURVE('',#1520,#1519,#892,.T.);
#1879=EDGE_CURVE('',#1465,#1521,#893,.T.);
#1880=EDGE_CURVE('',#1521,#1464,#894,.T.);
#1881=EDGE_CURVE('',#1521,#1461,#895,.T.);
#1882=EDGE_CURVE('',#1522,#1523,#896,.T.);
#1883=EDGE_CURVE('',#1524,#1522,#176,.T.);
#1884=EDGE_CURVE('',#1525,#1524,#177,.T.);
#1885=EDGE_CURVE('',#1526,#1525,#897,.T.);
#1886=EDGE_CURVE('',#1527,#1526,#178,.T.);
#1887=EDGE_CURVE('',#1528,#1527,#898,.T.);
#1888=EDGE_CURVE('',#1529,#1528,#179,.T.);
#1889=EDGE_CURVE('',#1530,#1529,#899,.T.);
#1890=EDGE_CURVE('',#1531,#1530,#180,.T.);
#1891=EDGE_CURVE('',#1532,#1531,#900,.T.);
#1892=EDGE_CURVE('',#1533,#1532,#181,.T.);
#1893=EDGE_CURVE('',#1534,#1533,#901,.T.);
#1894=EDGE_CURVE('',#1535,#1534,#182,.T.);
#1895=EDGE_CURVE('',#1536,#1535,#902,.T.);
#1896=EDGE_CURVE('',#1537,#1536,#183,.T.);
#1897=EDGE_CURVE('',#1538,#1537,#184,.T.);
#1898=EDGE_CURVE('',#1503,#1538,#903,.T.);
#1899=EDGE_CURVE('',#1523,#1520,#904,.T.);
#1900=EDGE_CURVE('',#1538,#1487,#905,.T.);
#1901=EDGE_CURVE('',#1537,#1488,#906,.T.);
#1902=EDGE_CURVE('',#1536,#1489,#907,.T.);
#1903=EDGE_CURVE('',#1535,#1490,#908,.T.);
#1904=EDGE_CURVE('',#1534,#1491,#909,.T.);
#1905=EDGE_CURVE('',#1533,#1492,#910,.T.);
#1906=EDGE_CURVE('',#1532,#1493,#911,.T.);
#1907=EDGE_CURVE('',#1531,#1494,#912,.T.);
#1908=EDGE_CURVE('',#1530,#1495,#913,.T.);
#1909=EDGE_CURVE('',#1529,#1496,#914,.T.);
#1910=EDGE_CURVE('',#1528,#1497,#915,.T.);
#1911=EDGE_CURVE('',#1527,#1498,#916,.T.);
#1912=EDGE_CURVE('',#1526,#1499,#917,.T.);
#1913=EDGE_CURVE('',#1525,#1500,#918,.T.);
#1914=EDGE_CURVE('',#1524,#1501,#919,.T.);
#1915=EDGE_CURVE('',#1467,#1522,#920,.T.);
#1916=EDGE_CURVE('',#1523,#1466,#921,.T.);
#1917=EDGE_CURVE('',#1539,#1540,#185,.T.);
#1918=EDGE_CURVE('',#1540,#1541,#922,.T.);
#1919=EDGE_CURVE('',#1542,#1541,#186,.T.);
#1920=EDGE_CURVE('',#1539,#1542,#923,.T.);
#1921=EDGE_CURVE('',#1540,#1543,#924,.T.);
#1922=EDGE_CURVE('',#1543,#1544,#925,.T.);
#1923=EDGE_CURVE('',#1541,#1544,#926,.T.);
#1924=EDGE_CURVE('',#1543,#1545,#187,.T.);
#1925=EDGE_CURVE('',#1545,#1546,#927,.T.);
#1926=EDGE_CURVE('',#1544,#1546,#188,.T.);
#1927=EDGE_CURVE('',#1545,#1547,#928,.T.);
#1928=EDGE_CURVE('',#1547,#1548,#929,.T.);
#1929=EDGE_CURVE('',#1546,#1548,#930,.T.);
#1930=EDGE_CURVE('',#1547,#1549,#189,.T.);
#1931=EDGE_CURVE('',#1549,#1550,#931,.T.);
#1932=EDGE_CURVE('',#1548,#1550,#190,.T.);
#1933=EDGE_CURVE('',#1549,#1551,#932,.T.);
#1934=EDGE_CURVE('',#1551,#1552,#933,.T.);
#1935=EDGE_CURVE('',#1550,#1552,#934,.T.);
#1936=EDGE_CURVE('',#1551,#1553,#935,.T.);
#1937=EDGE_CURVE('',#1553,#1554,#936,.T.);
#1938=EDGE_CURVE('',#1552,#1554,#937,.T.);
#1939=EDGE_CURVE('',#1553,#1555,#191,.T.);
#1940=EDGE_CURVE('',#1555,#1556,#938,.T.);
#1941=EDGE_CURVE('',#1554,#1556,#192,.T.);
#1942=EDGE_CURVE('',#1555,#1557,#939,.T.);
#1943=EDGE_CURVE('',#1557,#1558,#940,.T.);
#1944=EDGE_CURVE('',#1556,#1558,#941,.T.);
#1945=EDGE_CURVE('',#1559,#1560,#942,.T.);
#1946=EDGE_CURVE('',#1560,#1561,#943,.T.);
#1947=EDGE_CURVE('',#1562,#1561,#944,.T.);
#1948=EDGE_CURVE('',#1562,#1559,#193,.T.);
#1949=EDGE_CURVE('',#1560,#1563,#945,.T.);
#1950=EDGE_CURVE('',#1563,#1564,#946,.T.);
#1951=EDGE_CURVE('',#1561,#1564,#947,.T.);
#1952=EDGE_CURVE('',#1563,#1565,#194,.T.);
#1953=EDGE_CURVE('',#1565,#1566,#948,.T.);
#1954=EDGE_CURVE('',#1564,#1566,#195,.T.);
#1955=EDGE_CURVE('',#1565,#1567,#949,.T.);
#1956=EDGE_CURVE('',#1567,#1568,#950,.T.);
#1957=EDGE_CURVE('',#1566,#1568,#951,.T.);
#1958=EDGE_CURVE('',#1567,#1539,#952,.T.);
#1959=EDGE_CURVE('',#1568,#1542,#953,.T.);
#1960=EDGE_CURVE('',#1569,#1548,#275,.T.);
#1961=EDGE_CURVE('',#1569,#1570,#954,.T.);
#1962=EDGE_CURVE('',#1546,#1570,#196,.T.);
#1963=EDGE_CURVE('',#1571,#1572,#51,.T.);
#1964=EDGE_CURVE('',#1572,#1573,#197,.T.);
#1965=EDGE_CURVE('',#1544,#1573,#198,.T.);
#1966=EDGE_CURVE('',#1570,#1574,#199,.T.);
#1967=EDGE_CURVE('',#1574,#1571,#52,.T.);
#1968=EDGE_CURVE('',#1541,#1575,#276,.T.);
#1969=EDGE_CURVE('',#1573,#1575,#955,.T.);
#1970=EDGE_CURVE('',#1576,#1577,#53,.T.);
#1971=EDGE_CURVE('',#1577,#1578,#956,.T.);
#1972=EDGE_CURVE('',#1578,#1552,#277,.T.);
#1973=EDGE_CURVE('',#1579,#1554,#54,.T.);
#1974=EDGE_CURVE('',#1579,#1576,#957,.T.);
#1975=EDGE_CURVE('',#1580,#1581,#958,.T.);
#1976=EDGE_CURVE('',#1556,#1581,#200,.T.);
#1977=EDGE_CURVE('',#1580,#1558,#278,.T.);
#1978=EDGE_CURVE('',#1581,#1579,#201,.T.);
#1979=EDGE_CURVE('',#1582,#1583,#202,.T.);
#1980=EDGE_CURVE('',#1564,#1583,#203,.T.);
#1981=EDGE_CURVE('',#1582,#1566,#55,.T.);
#1982=EDGE_CURVE('',#1584,#1585,#56,.T.);
#1983=EDGE_CURVE('',#1585,#1561,#279,.T.);
#1984=EDGE_CURVE('',#1583,#1586,#959,.T.);
#1985=EDGE_CURVE('',#1586,#1584,#57,.T.);
#1986=EDGE_CURVE('',#1587,#1588,#58,.T.);
#1987=EDGE_CURVE('',#1588,#1582,#960,.T.);
#1988=EDGE_CURVE('',#1589,#1568,#280,.T.);
#1989=EDGE_CURVE('',#1589,#1590,#961,.T.);
#1990=EDGE_CURVE('',#1590,#1587,#59,.T.);
#1991=EDGE_CURVE('',#1575,#1542,#281,.T.);
#1992=EDGE_CURVE('',#1575,#1589,#962,.T.);
#1993=EDGE_CURVE('',#1591,#1592,#60,.T.);
#1994=EDGE_CURVE('',#1592,#1593,#61,.T.);
#1995=EDGE_CURVE('',#1593,#1591,#62,.T.);
#1996=EDGE_CURVE('',#1550,#1569,#282,.T.);
#1997=EDGE_CURVE('',#1594,#1595,#204,.T.);
#1998=EDGE_CURVE('',#1596,#1594,#283,.T.);
#1999=EDGE_CURVE('',#1595,#1596,#284,.T.);
#2000=EDGE_CURVE('',#1597,#1598,#205,.T.);
#2001=EDGE_CURVE('',#1599,#1597,#285,.T.);
#2002=EDGE_CURVE('',#1598,#1599,#286,.T.);
#2003=EDGE_CURVE('',#1599,#1600,#963,.T.);
#2004=EDGE_CURVE('',#1601,#1597,#964,.T.);
#2005=EDGE_CURVE('',#1600,#1601,#287,.T.);
#2006=EDGE_CURVE('',#1600,#1602,#965,.T.);
#2007=EDGE_CURVE('',#1600,#1603,#288,.T.);
#2008=EDGE_CURVE('',#1604,#1603,#966,.T.);
#2009=EDGE_CURVE('',#1602,#1604,#63,.T.);
#2010=EDGE_CURVE('',#1605,#1606,#289,.T.);
#2011=EDGE_CURVE('',#1607,#1605,#967,.T.);
#2012=EDGE_CURVE('',#1608,#1607,#206,.T.);
#2013=EDGE_CURVE('',#1606,#1608,#968,.T.);
#2014=EDGE_CURVE('',#1608,#1609,#207,.T.);
#2015=EDGE_CURVE('',#1602,#1607,#208,.T.);
#2016=EDGE_CURVE('',#1602,#1609,#64,.T.);
#2017=EDGE_CURVE('',#1610,#1611,#209,.T.);
#2018=EDGE_CURVE('',#1612,#1610,#65,.T.);
#2019=EDGE_CURVE('',#1613,#1612,#210,.T.);
#2020=EDGE_CURVE('',#1611,#1613,#211,.T.);
#2021=EDGE_CURVE('',#1614,#1613,#969,.T.);
#2022=EDGE_CURVE('',#1614,#1615,#290,.T.);
#2023=EDGE_CURVE('',#1611,#1615,#970,.T.);
#2024=EDGE_CURVE('',#1612,#1616,#971,.T.);
#2025=EDGE_CURVE('',#1612,#1617,#66,.T.);
#2026=EDGE_CURVE('',#1618,#1617,#972,.T.);
#2027=EDGE_CURVE('',#1616,#1618,#291,.T.);
#2028=EDGE_CURVE('',#1595,#1619,#973,.T.);
#2029=EDGE_CURVE('',#1616,#1596,#974,.T.);
#2030=EDGE_CURVE('',#1616,#1619,#292,.T.);
#2031=EDGE_CURVE('',#1598,#1620,#975,.T.);
#2032=EDGE_CURVE('',#1621,#1599,#976,.T.);
#2033=EDGE_CURVE('',#1620,#1621,#212,.T.);
#2034=EDGE_CURVE('',#1620,#1622,#213,.T.);
#2035=EDGE_CURVE('',#1623,#1621,#214,.T.);
#2036=EDGE_CURVE('',#1622,#1623,#215,.T.);
#2037=EDGE_CURVE('',#1622,#1594,#977,.T.);
#2038=EDGE_CURVE('',#1596,#1623,#978,.T.);
#2039=EDGE_CURVE('',#1624,#1625,#979,.T.);
#2040=EDGE_CURVE('',#1625,#1626,#216,.T.);
#2041=EDGE_CURVE('',#1626,#1606,#980,.T.);
#2042=EDGE_CURVE('',#1606,#1627,#981,.T.);
#2043=EDGE_CURVE('',#1627,#1624,#982,.T.);
#2044=EDGE_CURVE('',#1605,#1614,#983,.T.);
#2045=EDGE_CURVE('',#1628,#1628,#217,.T.);
#2046=EDGE_CURVE('',#1629,#1629,#218,.T.);
#2047=EDGE_CURVE('',#1630,#1631,#984,.T.);
#2048=EDGE_CURVE('',#1632,#1631,#219,.T.);
#2049=EDGE_CURVE('',#1632,#1633,#985,.T.);
#2050=EDGE_CURVE('',#1634,#1633,#220,.T.);
#2051=EDGE_CURVE('',#1634,#1635,#986,.T.);
#2052=EDGE_CURVE('',#1636,#1635,#221,.T.);
#2053=EDGE_CURVE('',#1636,#1637,#987,.T.);
#2054=EDGE_CURVE('',#1630,#1637,#222,.T.);
#2055=EDGE_CURVE('',#1638,#1638,#223,.T.);
#2056=EDGE_CURVE('',#1601,#1603,#224,.T.);
#2057=EDGE_CURVE('',#1604,#1609,#225,.T.);
#2058=EDGE_CURVE('',#1610,#1617,#226,.T.);
#2059=EDGE_CURVE('',#1618,#1619,#227,.T.);
#2060=EDGE_CURVE('',#1639,#1639,#228,.T.);
#2061=EDGE_CURVE('',#1639,#1638,#988,.T.);
#2062=EDGE_CURVE('',#1640,#1640,#229,.T.);
#2063=EDGE_CURVE('',#1640,#1629,#989,.T.);
#2064=EDGE_CURVE('',#1641,#1641,#230,.T.);
#2065=EDGE_CURVE('',#1641,#1628,#990,.T.);
#2066=EDGE_CURVE('',#1635,#1642,#991,.T.);
#2067=EDGE_CURVE('',#1643,#1634,#992,.T.);
#2068=EDGE_CURVE('',#1642,#1643,#993,.T.);
#2069=EDGE_CURVE('',#1644,#1643,#231,.T.);
#2070=EDGE_CURVE('',#1633,#1644,#994,.T.);
#2071=EDGE_CURVE('',#1645,#1632,#995,.T.);
#2072=EDGE_CURVE('',#1644,#1645,#996,.T.);
#2073=EDGE_CURVE('',#1646,#1645,#232,.T.);
#2074=EDGE_CURVE('',#1631,#1646,#997,.T.);
#2075=EDGE_CURVE('',#1637,#1647,#998,.T.);
#2076=EDGE_CURVE('',#1648,#1636,#999,.T.);
#2077=EDGE_CURVE('',#1647,#1648,#1000,.T.);
#2078=EDGE_CURVE('',#1642,#1648,#233,.T.);
#2079=EDGE_CURVE('',#1649,#1630,#1001,.T.);
#2080=EDGE_CURVE('',#1646,#1649,#1002,.T.);
#2081=EDGE_CURVE('',#1647,#1649,#234,.T.);
#2082=EDGE_CURVE('',#1557,#1650,#1003,.T.);
#2083=EDGE_CURVE('',#1650,#1651,#235,.T.);
#2084=EDGE_CURVE('',#1558,#1651,#1004,.T.);
#2085=EDGE_CURVE('',#1626,#1652,#67,.T.);
#2086=EDGE_CURVE('',#1615,#1652,#1005,.T.);
#2087=EDGE_CURVE('',#1653,#1654,#1006,.T.);
#2088=EDGE_CURVE('',#1654,#1655,#236,.T.);
#2089=EDGE_CURVE('',#1655,#1656,#1007,.T.);
#2090=EDGE_CURVE('',#1656,#1657,#237,.T.);
#2091=EDGE_CURVE('',#1657,#1653,#1008,.T.);
#2092=EDGE_CURVE('',#1654,#1559,#1009,.T.);
#2093=EDGE_CURVE('',#1651,#1562,#68,.T.);
#2094=EDGE_CURVE('',#1658,#1650,#238,.T.);
#2095=EDGE_CURVE('',#1658,#1655,#1010,.T.);
#2096=EDGE_CURVE('',#1659,#1658,#1011,.T.);
#2097=EDGE_CURVE('',#1659,#1656,#1012,.T.);
#2098=EDGE_CURVE('',#1660,#1659,#239,.T.);
#2099=EDGE_CURVE('',#1650,#1661,#1013,.T.);
#2100=EDGE_CURVE('',#1660,#1661,#1014,.T.);
#2101=EDGE_CURVE('',#1625,#1657,#1015,.T.);
#2102=EDGE_CURVE('',#1662,#1660,#1016,.T.);
#2103=EDGE_CURVE('',#1652,#1662,#240,.T.);
#2104=EDGE_CURVE('',#1663,#1664,#69,.T.);
#2105=EDGE_CURVE('',#1664,#1665,#70,.T.);
#2106=EDGE_CURVE('',#1665,#1666,#71,.T.);
#2107=EDGE_CURVE('',#1666,#1569,#1017,.T.);
#2108=EDGE_CURVE('',#1578,#1663,#1018,.T.);
#2109=EDGE_CURVE('',#1664,#1667,#1019,.T.);
#2110=EDGE_CURVE('',#1668,#1667,#72,.T.);
#2111=EDGE_CURVE('',#1665,#1668,#1020,.T.);
#2112=EDGE_CURVE('',#1669,#1668,#73,.T.);
#2113=EDGE_CURVE('',#1666,#1669,#1021,.T.);
#2114=EDGE_CURVE('',#1663,#1670,#1022,.T.);
#2115=EDGE_CURVE('',#1667,#1670,#74,.T.);
#2116=EDGE_CURVE('',#1666,#1671,#75,.T.);
#2117=EDGE_CURVE('',#1672,#1669,#76,.T.);
#2118=EDGE_CURVE('',#1671,#1672,#1023,.T.);
#2119=EDGE_CURVE('',#1671,#1663,#77,.T.);
#2120=EDGE_CURVE('',#1670,#1672,#78,.T.);
#2121=EDGE_CURVE('',#1670,#1669,#1024,.T.);
#2122=EDGE_CURVE('',#1592,#1673,#1025,.T.);
#2123=EDGE_CURVE('',#1674,#1673,#79,.T.);
#2124=EDGE_CURVE('',#1593,#1674,#1026,.T.);
#2125=EDGE_CURVE('',#1675,#1674,#80,.T.);
#2126=EDGE_CURVE('',#1591,#1675,#1027,.T.);
#2127=EDGE_CURVE('',#1673,#1675,#81,.T.);
#2128=EDGE_CURVE('',#1676,#1677,#82,.T.);
#2129=EDGE_CURVE('',#1676,#1678,#1028,.T.);
#2130=EDGE_CURVE('',#1679,#1678,#83,.T.);
#2131=EDGE_CURVE('',#1677,#1679,#1029,.T.);
#2132=EDGE_CURVE('',#1677,#1676,#84,.T.);
#2133=EDGE_CURVE('',#1678,#1679,#85,.T.);
#2134=EDGE_CURVE('',#1680,#1681,#86,.T.);
#2135=EDGE_CURVE('',#1680,#1682,#1030,.T.);
#2136=EDGE_CURVE('',#1683,#1682,#87,.T.);
#2137=EDGE_CURVE('',#1681,#1683,#1031,.T.);
#2138=EDGE_CURVE('',#1681,#1576,#88,.T.);
#2139=EDGE_CURVE('',#1684,#1683,#89,.T.);
#2140=EDGE_CURVE('',#1576,#1684,#1032,.T.);
#2141=EDGE_CURVE('',#1577,#1680,#90,.T.);
#2142=EDGE_CURVE('',#1577,#1685,#1033,.T.);
#2143=EDGE_CURVE('',#1682,#1685,#91,.T.);
#2144=EDGE_CURVE('',#1685,#1684,#92,.T.);
#2145=EDGE_CURVE('',#1684,#1685,#1034,.T.);
#2146=EDGE_CURVE('',#1588,#1686,#93,.T.);
#2147=EDGE_CURVE('',#1588,#1687,#1035,.T.);
#2148=EDGE_CURVE('',#1688,#1687,#94,.T.);
#2149=EDGE_CURVE('',#1686,#1688,#1036,.T.);
#2150=EDGE_CURVE('',#1686,#1590,#95,.T.);
#2151=EDGE_CURVE('',#1689,#1688,#96,.T.);
#2152=EDGE_CURVE('',#1590,#1689,#1037,.T.);
#2153=EDGE_CURVE('',#1587,#1690,#1038,.T.);
#2154=EDGE_CURVE('',#1687,#1690,#97,.T.);
#2155=EDGE_CURVE('',#1690,#1689,#98,.T.);
#2156=EDGE_CURVE('',#1689,#1687,#1039,.T.);
#2157=EDGE_CURVE('',#1572,#1691,#99,.T.);
#2158=EDGE_CURVE('',#1572,#1692,#1040,.T.);
#2159=EDGE_CURVE('',#1693,#1692,#100,.T.);
#2160=EDGE_CURVE('',#1691,#1693,#1041,.T.);
#2161=EDGE_CURVE('',#1691,#1694,#1042,.T.);
#2162=EDGE_CURVE('',#1695,#1693,#1043,.T.);
#2163=EDGE_CURVE('',#1694,#1695,#1044,.T.);
#2164=EDGE_CURVE('',#1694,#1574,#101,.T.);
#2165=EDGE_CURVE('',#1696,#1695,#102,.T.);
#2166=EDGE_CURVE('',#1574,#1696,#1045,.T.);
#2167=EDGE_CURVE('',#1571,#1697,#1046,.T.);
#2168=EDGE_CURVE('',#1692,#1697,#103,.T.);
#2169=EDGE_CURVE('',#1697,#1696,#104,.T.);
#2170=EDGE_CURVE('',#1696,#1692,#241,.T.);
#2171=EDGE_CURVE('',#1698,#1699,#105,.T.);
#2172=EDGE_CURVE('',#1700,#1699,#1047,.T.);
#2173=EDGE_CURVE('',#1698,#1700,#1048,.T.);
#2174=EDGE_CURVE('',#1701,#1586,#106,.T.);
#2175=EDGE_CURVE('',#1701,#1580,#1049,.T.);
#2176=EDGE_CURVE('',#1585,#1701,#107,.T.);
#2177=EDGE_CURVE('',#1699,#1702,#108,.T.);
#2178=EDGE_CURVE('',#1700,#1702,#293,.T.);
#2179=EDGE_CURVE('',#1703,#1698,#109,.T.);
#2180=EDGE_CURVE('',#1702,#1703,#110,.T.);
#2181=EDGE_CURVE('',#1584,#1704,#1050,.T.);
#2182=EDGE_CURVE('',#1705,#1704,#111,.T.);
#2183=EDGE_CURVE('',#1585,#1705,#1051,.T.);
#2184=EDGE_CURVE('',#1706,#1705,#112,.T.);
#2185=EDGE_CURVE('',#1701,#1706,#1052,.T.);
#2186=EDGE_CURVE('',#1699,#1707,#1053,.T.);
#2187=EDGE_CURVE('',#1708,#1707,#113,.T.);
#2188=EDGE_CURVE('',#1702,#1708,#1054,.T.);
#2189=EDGE_CURVE('',#1709,#1708,#114,.T.);
#2190=EDGE_CURVE('',#1703,#1709,#1055,.T.);
#2191=EDGE_CURVE('',#1710,#1706,#115,.T.);
#2192=EDGE_CURVE('',#1586,#1710,#1056,.T.);
#2193=EDGE_CURVE('',#1698,#1711,#1057,.T.);
#2194=EDGE_CURVE('',#1707,#1711,#116,.T.);
#2195=EDGE_CURVE('',#1704,#1710,#117,.T.);
#2196=EDGE_CURVE('',#1711,#1709,#118,.T.);
#2197=EDGE_CURVE('',#1707,#1706,#1058,.T.);
#2198=EDGE_CURVE('',#1708,#1705,#294,.T.);
#2199=EDGE_CURVE('',#1710,#1711,#1059,.T.);
#2200=EDGE_CURVE('',#1712,#1608,#1060,.T.);
#2201=EDGE_CURVE('',#1712,#1627,#1061,.T.);
#2202=EDGE_CURVE('',#1713,#1609,#1062,.T.);
#2203=EDGE_CURVE('',#1713,#1712,#242,.T.);
#2204=EDGE_CURVE('',#1714,#1604,#1063,.T.);
#2205=EDGE_CURVE('',#1714,#1713,#243,.T.);
#2206=EDGE_CURVE('',#1715,#1603,#1064,.T.);
#2207=EDGE_CURVE('',#1715,#1714,#1065,.T.);
#2208=EDGE_CURVE('',#1716,#1601,#1066,.T.);
#2209=EDGE_CURVE('',#1716,#1715,#244,.T.);
#2210=EDGE_CURVE('',#1717,#1597,#1067,.T.);
#2211=EDGE_CURVE('',#1717,#1716,#1068,.T.);
#2212=EDGE_CURVE('',#1718,#1598,#1069,.T.);
#2213=EDGE_CURVE('',#1718,#1717,#245,.T.);
#2214=EDGE_CURVE('',#1719,#1620,#1070,.T.);
#2215=EDGE_CURVE('',#1719,#1718,#1071,.T.);
#2216=EDGE_CURVE('',#1720,#1622,#1072,.T.);
#2217=EDGE_CURVE('',#1720,#1719,#246,.T.);
#2218=EDGE_CURVE('',#1721,#1594,#1073,.T.);
#2219=EDGE_CURVE('',#1721,#1720,#1074,.T.);
#2220=EDGE_CURVE('',#1722,#1595,#1075,.T.);
#2221=EDGE_CURVE('',#1722,#1721,#247,.T.);
#2222=EDGE_CURVE('',#1723,#1619,#1076,.T.);
#2223=EDGE_CURVE('',#1723,#1722,#1077,.T.);
#2224=EDGE_CURVE('',#1724,#1618,#1078,.T.);
#2225=EDGE_CURVE('',#1724,#1723,#248,.T.);
#2226=EDGE_CURVE('',#1725,#1617,#1079,.T.);
#2227=EDGE_CURVE('',#1725,#1724,#1080,.T.);
#2228=EDGE_CURVE('',#1726,#1610,#1081,.T.);
#2229=EDGE_CURVE('',#1726,#1725,#249,.T.);
#2230=EDGE_CURVE('',#1727,#1611,#1082,.T.);
#2231=EDGE_CURVE('',#1727,#1726,#250,.T.);
#2232=EDGE_CURVE('',#1615,#1728,#1083,.T.);
#2233=EDGE_CURVE('',#1728,#1727,#1084,.T.);
#2234=EDGE_CURVE('',#1662,#1729,#1085,.T.);
#2235=EDGE_CURVE('',#1729,#1728,#1086,.T.);
#2236=EDGE_CURVE('',#1624,#1653,#1087,.T.);
#2237=EDGE_CURVE('',#1661,#1729,#1088,.T.);
#2238=EDGE_CURVE('',#1730,#1731,#1089,.T.);
#2239=EDGE_CURVE('',#1730,#1732,#251,.T.);
#2240=EDGE_CURVE('',#1733,#1732,#1090,.T.);
#2241=EDGE_CURVE('',#1731,#1733,#252,.T.);
#2242=EDGE_CURVE('',#1734,#1735,#1091,.T.);
#2243=EDGE_CURVE('',#1733,#1734,#1092,.T.);
#2244=EDGE_CURVE('',#1732,#1735,#1093,.T.);
#2245=EDGE_CURVE('',#1736,#1730,#253,.T.);
#2246=EDGE_CURVE('',#1735,#1736,#254,.T.);
#2247=EDGE_CURVE('',#1731,#1737,#255,.T.);
#2248=EDGE_CURVE('',#1737,#1738,#1094,.T.);
#2249=EDGE_CURVE('',#1739,#1738,#256,.T.);
#2250=EDGE_CURVE('',#1736,#1739,#1095,.T.);
#2251=EDGE_CURVE('',#1740,#1734,#257,.T.);
#2252=EDGE_CURVE('',#1741,#1740,#1096,.T.);
#2253=EDGE_CURVE('',#1742,#1741,#258,.T.);
#2254=EDGE_CURVE('',#1743,#1742,#1097,.T.);
#2255=EDGE_CURVE('',#1744,#1743,#259,.T.);
#2256=EDGE_CURVE('',#1745,#1744,#1098,.T.);
#2257=EDGE_CURVE('',#1746,#1745,#260,.T.);
#2258=EDGE_CURVE('',#1747,#1746,#1099,.T.);
#2259=EDGE_CURVE('',#1748,#1747,#261,.T.);
#2260=EDGE_CURVE('',#1737,#1748,#1100,.T.);
#2261=EDGE_CURVE('',#1748,#1749,#1101,.T.);
#2262=EDGE_CURVE('',#1738,#1749,#1102,.T.);
#2263=EDGE_CURVE('',#1747,#1750,#1103,.T.);
#2264=EDGE_CURVE('',#1749,#1750,#262,.T.);
#2265=EDGE_CURVE('',#1746,#1751,#1104,.T.);
#2266=EDGE_CURVE('',#1750,#1751,#1105,.T.);
#2267=EDGE_CURVE('',#1745,#1752,#1106,.T.);
#2268=EDGE_CURVE('',#1751,#1752,#263,.T.);
#2269=EDGE_CURVE('',#1744,#1753,#1107,.T.);
#2270=EDGE_CURVE('',#1752,#1753,#1108,.T.);
#2271=EDGE_CURVE('',#1743,#1754,#1109,.T.);
#2272=EDGE_CURVE('',#1753,#1754,#264,.T.);
#2273=EDGE_CURVE('',#1755,#1739,#265,.T.);
#2274=EDGE_CURVE('',#1740,#1755,#1110,.T.);
#2275=EDGE_CURVE('',#1756,#1755,#1111,.T.);
#2276=EDGE_CURVE('',#1741,#1756,#1112,.T.);
#2277=EDGE_CURVE('',#1757,#1756,#266,.T.);
#2278=EDGE_CURVE('',#1742,#1757,#1113,.T.);
#2279=EDGE_CURVE('',#1754,#1757,#1114,.T.);
#2280=EDGE_CURVE('',#1758,#1759,#1115,.T.);
#2281=EDGE_CURVE('',#1760,#1758,#267,.T.);
#2282=EDGE_CURVE('',#1761,#1760,#1116,.T.);
#2283=EDGE_CURVE('',#1759,#1761,#268,.T.);
#2284=EDGE_CURVE('',#1762,#1758,#1117,.T.);
#2285=EDGE_CURVE('',#1763,#1762,#269,.T.);
#2286=EDGE_CURVE('',#1760,#1763,#1118,.T.);
#2287=EDGE_CURVE('',#1761,#1764,#1119,.T.);
#2288=EDGE_CURVE('',#1765,#1764,#270,.T.);
#2289=EDGE_CURVE('',#1759,#1765,#1120,.T.);
#2290=EDGE_CURVE('',#1763,#1766,#1121,.T.);
#2291=EDGE_CURVE('',#1766,#1767,#1122,.T.);
#2292=EDGE_CURVE('',#1764,#1767,#1123,.T.);
#2293=EDGE_CURVE('',#1768,#1762,#1124,.T.);
#2294=EDGE_CURVE('',#1766,#1768,#271,.T.);
#2295=EDGE_CURVE('',#1768,#1769,#1125,.T.);
#2296=EDGE_CURVE('',#1767,#1769,#272,.T.);
#2297=EDGE_CURVE('',#1769,#1765,#1126,.T.);
#2298=ORIENTED_EDGE('',*,*,#1770,.T.);
#2299=ORIENTED_EDGE('',*,*,#1771,.F.);
#2300=ORIENTED_EDGE('',*,*,#1772,.F.);
#2301=ORIENTED_EDGE('',*,*,#1773,.F.);
#2302=ORIENTED_EDGE('',*,*,#1774,.F.);
#2303=ORIENTED_EDGE('',*,*,#1771,.T.);
#2304=ORIENTED_EDGE('',*,*,#1775,.T.);
#2305=ORIENTED_EDGE('',*,*,#1773,.T.);
#2306=ORIENTED_EDGE('',*,*,#1776,.F.);
#2307=ORIENTED_EDGE('',*,*,#1777,.F.);
#2308=ORIENTED_EDGE('',*,*,#1770,.F.);
#2309=ORIENTED_EDGE('',*,*,#1778,.F.);
#2310=ORIENTED_EDGE('',*,*,#1776,.T.);
#2311=ORIENTED_EDGE('',*,*,#1775,.F.);
#2312=ORIENTED_EDGE('',*,*,#1779,.F.);
#2313=ORIENTED_EDGE('',*,*,#1780,.F.);
#2314=ORIENTED_EDGE('',*,*,#1781,.T.);
#2315=ORIENTED_EDGE('',*,*,#1782,.T.);
#2316=ORIENTED_EDGE('',*,*,#1783,.F.);
#2317=ORIENTED_EDGE('',*,*,#1781,.F.);
#2318=ORIENTED_EDGE('',*,*,#1784,.F.);
#2319=ORIENTED_EDGE('',*,*,#1782,.F.);
#2320=ORIENTED_EDGE('',*,*,#1785,.F.);
#2321=ORIENTED_EDGE('',*,*,#1786,.T.);
#2322=ORIENTED_EDGE('',*,*,#1779,.T.);
#2323=ORIENTED_EDGE('',*,*,#1783,.T.);
#2324=ORIENTED_EDGE('',*,*,#1786,.F.);
#2325=ORIENTED_EDGE('',*,*,#1787,.F.);
#2326=ORIENTED_EDGE('',*,*,#1788,.T.);
#2327=ORIENTED_EDGE('',*,*,#1789,.F.);
#2328=ORIENTED_EDGE('',*,*,#1790,.F.);
#2329=ORIENTED_EDGE('',*,*,#1791,.F.);
#2330=ORIENTED_EDGE('',*,*,#1792,.F.);
#2331=ORIENTED_EDGE('',*,*,#1789,.T.);
#2332=ORIENTED_EDGE('',*,*,#1793,.T.);
#2333=ORIENTED_EDGE('',*,*,#1791,.T.);
#2334=ORIENTED_EDGE('',*,*,#1794,.F.);
#2335=ORIENTED_EDGE('',*,*,#1795,.F.);
#2336=ORIENTED_EDGE('',*,*,#1788,.F.);
#2337=ORIENTED_EDGE('',*,*,#1796,.F.);
#2338=ORIENTED_EDGE('',*,*,#1794,.T.);
#2339=ORIENTED_EDGE('',*,*,#1793,.F.);
#2340=ORIENTED_EDGE('',*,*,#1797,.F.);
#2341=ORIENTED_EDGE('',*,*,#1798,.T.);
#2342=ORIENTED_EDGE('',*,*,#1799,.F.);
#2343=ORIENTED_EDGE('',*,*,#1800,.T.);
#2344=ORIENTED_EDGE('',*,*,#1797,.T.);
#2345=ORIENTED_EDGE('',*,*,#1801,.F.);
#2346=ORIENTED_EDGE('',*,*,#1802,.F.);
#2347=ORIENTED_EDGE('',*,*,#1803,.T.);
#2348=ORIENTED_EDGE('',*,*,#1800,.F.);
#2349=ORIENTED_EDGE('',*,*,#1804,.F.);
#2350=ORIENTED_EDGE('',*,*,#1805,.F.);
#2351=ORIENTED_EDGE('',*,*,#1801,.T.);
#2352=ORIENTED_EDGE('',*,*,#1806,.F.);
#2353=ORIENTED_EDGE('',*,*,#1807,.F.);
#2354=ORIENTED_EDGE('',*,*,#1808,.F.);
#2355=ORIENTED_EDGE('',*,*,#1809,.F.);
#2356=ORIENTED_EDGE('',*,*,#1810,.F.);
#2357=ORIENTED_EDGE('',*,*,#1811,.F.);
#2358=ORIENTED_EDGE('',*,*,#1812,.F.);
#2359=ORIENTED_EDGE('',*,*,#1813,.F.);
#2360=ORIENTED_EDGE('',*,*,#1814,.F.);
#2361=ORIENTED_EDGE('',*,*,#1815,.F.);
#2362=ORIENTED_EDGE('',*,*,#1816,.F.);
#2363=ORIENTED_EDGE('',*,*,#1817,.F.);
#2364=ORIENTED_EDGE('',*,*,#1818,.F.);
#2365=ORIENTED_EDGE('',*,*,#1819,.F.);
#2366=ORIENTED_EDGE('',*,*,#1820,.F.);
#2367=ORIENTED_EDGE('',*,*,#1821,.F.);
#2368=ORIENTED_EDGE('',*,*,#1822,.F.);
#2369=ORIENTED_EDGE('',*,*,#1823,.F.);
#2370=ORIENTED_EDGE('',*,*,#1824,.F.);
#2371=ORIENTED_EDGE('',*,*,#1825,.F.);
#2372=ORIENTED_EDGE('',*,*,#1826,.F.);
#2373=ORIENTED_EDGE('',*,*,#1827,.F.);
#2374=ORIENTED_EDGE('',*,*,#1828,.F.);
#2375=ORIENTED_EDGE('',*,*,#1829,.F.);
#2376=ORIENTED_EDGE('',*,*,#1830,.F.);
#2377=ORIENTED_EDGE('',*,*,#1831,.F.);
#2378=ORIENTED_EDGE('',*,*,#1832,.F.);
#2379=ORIENTED_EDGE('',*,*,#1833,.F.);
#2380=ORIENTED_EDGE('',*,*,#1834,.F.);
#2381=ORIENTED_EDGE('',*,*,#1835,.F.);
#2382=ORIENTED_EDGE('',*,*,#1836,.F.);
#2383=ORIENTED_EDGE('',*,*,#1837,.F.);
#2384=ORIENTED_EDGE('',*,*,#1838,.F.);
#2385=ORIENTED_EDGE('',*,*,#1839,.F.);
#2386=ORIENTED_EDGE('',*,*,#1840,.F.);
#2387=ORIENTED_EDGE('',*,*,#1841,.F.);
#2388=ORIENTED_EDGE('',*,*,#1825,.T.);
#2389=ORIENTED_EDGE('',*,*,#1842,.F.);
#2390=ORIENTED_EDGE('',*,*,#1843,.T.);
#2391=ORIENTED_EDGE('',*,*,#1844,.T.);
#2392=ORIENTED_EDGE('',*,*,#1824,.T.);
#2393=ORIENTED_EDGE('',*,*,#1845,.T.);
#2394=ORIENTED_EDGE('',*,*,#1846,.T.);
#2395=ORIENTED_EDGE('',*,*,#1842,.T.);
#2396=ORIENTED_EDGE('',*,*,#1790,.T.);
#2397=ORIENTED_EDGE('',*,*,#1792,.T.);
#2398=ORIENTED_EDGE('',*,*,#1795,.T.);
#2399=ORIENTED_EDGE('',*,*,#1796,.T.);
#2400=ORIENTED_EDGE('',*,*,#1823,.T.);
#2401=ORIENTED_EDGE('',*,*,#1847,.T.);
#2402=ORIENTED_EDGE('',*,*,#1848,.T.);
#2403=ORIENTED_EDGE('',*,*,#1845,.F.);
#2404=ORIENTED_EDGE('',*,*,#1822,.T.);
#2405=ORIENTED_EDGE('',*,*,#1849,.T.);
#2406=ORIENTED_EDGE('',*,*,#1850,.T.);
#2407=ORIENTED_EDGE('',*,*,#1847,.F.);
#2408=ORIENTED_EDGE('',*,*,#1821,.T.);
#2409=ORIENTED_EDGE('',*,*,#1851,.T.);
#2410=ORIENTED_EDGE('',*,*,#1852,.T.);
#2411=ORIENTED_EDGE('',*,*,#1849,.F.);
#2412=ORIENTED_EDGE('',*,*,#1772,.T.);
#2413=ORIENTED_EDGE('',*,*,#1774,.T.);
#2414=ORIENTED_EDGE('',*,*,#1777,.T.);
#2415=ORIENTED_EDGE('',*,*,#1778,.T.);
#2416=ORIENTED_EDGE('',*,*,#1820,.T.);
#2417=ORIENTED_EDGE('',*,*,#1853,.T.);
#2418=ORIENTED_EDGE('',*,*,#1854,.T.);
#2419=ORIENTED_EDGE('',*,*,#1851,.F.);
#2420=ORIENTED_EDGE('',*,*,#1819,.T.);
#2421=ORIENTED_EDGE('',*,*,#1855,.T.);
#2422=ORIENTED_EDGE('',*,*,#1856,.T.);
#2423=ORIENTED_EDGE('',*,*,#1853,.F.);
#2424=ORIENTED_EDGE('',*,*,#1818,.T.);
#2425=ORIENTED_EDGE('',*,*,#1857,.T.);
#2426=ORIENTED_EDGE('',*,*,#1858,.T.);
#2427=ORIENTED_EDGE('',*,*,#1855,.F.);
#2428=ORIENTED_EDGE('',*,*,#1817,.T.);
#2429=ORIENTED_EDGE('',*,*,#1859,.T.);
#2430=ORIENTED_EDGE('',*,*,#1860,.T.);
#2431=ORIENTED_EDGE('',*,*,#1857,.F.);
#2432=ORIENTED_EDGE('',*,*,#1816,.T.);
#2433=ORIENTED_EDGE('',*,*,#1861,.T.);
#2434=ORIENTED_EDGE('',*,*,#1862,.T.);
#2435=ORIENTED_EDGE('',*,*,#1859,.F.);
#2436=ORIENTED_EDGE('',*,*,#1815,.T.);
#2437=ORIENTED_EDGE('',*,*,#1863,.T.);
#2438=ORIENTED_EDGE('',*,*,#1864,.T.);
#2439=ORIENTED_EDGE('',*,*,#1861,.F.);
#2440=ORIENTED_EDGE('',*,*,#1814,.T.);
#2441=ORIENTED_EDGE('',*,*,#1865,.T.);
#2442=ORIENTED_EDGE('',*,*,#1866,.T.);
#2443=ORIENTED_EDGE('',*,*,#1863,.F.);
#2444=ORIENTED_EDGE('',*,*,#1813,.T.);
#2445=ORIENTED_EDGE('',*,*,#1867,.T.);
#2446=ORIENTED_EDGE('',*,*,#1868,.T.);
#2447=ORIENTED_EDGE('',*,*,#1865,.F.);
#2448=ORIENTED_EDGE('',*,*,#1812,.T.);
#2449=ORIENTED_EDGE('',*,*,#1869,.T.);
#2450=ORIENTED_EDGE('',*,*,#1870,.T.);
#2451=ORIENTED_EDGE('',*,*,#1867,.F.);
#2452=ORIENTED_EDGE('',*,*,#1811,.T.);
#2453=ORIENTED_EDGE('',*,*,#1871,.T.);
#2454=ORIENTED_EDGE('',*,*,#1872,.T.);
#2455=ORIENTED_EDGE('',*,*,#1869,.F.);
#2456=ORIENTED_EDGE('',*,*,#1780,.T.);
#2457=ORIENTED_EDGE('',*,*,#1787,.T.);
#2458=ORIENTED_EDGE('',*,*,#1785,.T.);
#2459=ORIENTED_EDGE('',*,*,#1784,.T.);
#2460=ORIENTED_EDGE('',*,*,#1810,.T.);
#2461=ORIENTED_EDGE('',*,*,#1873,.T.);
#2462=ORIENTED_EDGE('',*,*,#1874,.T.);
#2463=ORIENTED_EDGE('',*,*,#1871,.F.);
#2464=ORIENTED_EDGE('',*,*,#1809,.T.);
#2465=ORIENTED_EDGE('',*,*,#1875,.T.);
#2466=ORIENTED_EDGE('',*,*,#1876,.T.);
#2467=ORIENTED_EDGE('',*,*,#1873,.F.);
#2468=ORIENTED_EDGE('',*,*,#1808,.T.);
#2469=ORIENTED_EDGE('',*,*,#1877,.F.);
#2470=ORIENTED_EDGE('',*,*,#1878,.T.);
#2471=ORIENTED_EDGE('',*,*,#1875,.F.);
#2472=ORIENTED_EDGE('',*,*,#1879,.T.);
#2473=ORIENTED_EDGE('',*,*,#1880,.T.);
#2474=ORIENTED_EDGE('',*,*,#1802,.T.);
#2475=ORIENTED_EDGE('',*,*,#1805,.T.);
#2476=ORIENTED_EDGE('',*,*,#1799,.T.);
#2477=ORIENTED_EDGE('',*,*,#1881,.F.);
#2478=ORIENTED_EDGE('',*,*,#1879,.F.);
#2479=ORIENTED_EDGE('',*,*,#1804,.T.);
#2480=ORIENTED_EDGE('',*,*,#1798,.F.);
#2481=ORIENTED_EDGE('',*,*,#1803,.F.);
#2482=ORIENTED_EDGE('',*,*,#1880,.F.);
#2483=ORIENTED_EDGE('',*,*,#1881,.T.);
#2484=ORIENTED_EDGE('',*,*,#1882,.F.);
#2485=ORIENTED_EDGE('',*,*,#1883,.F.);
#2486=ORIENTED_EDGE('',*,*,#1884,.F.);
#2487=ORIENTED_EDGE('',*,*,#1885,.F.);
#2488=ORIENTED_EDGE('',*,*,#1886,.F.);
#2489=ORIENTED_EDGE('',*,*,#1887,.F.);
#2490=ORIENTED_EDGE('',*,*,#1888,.F.);
#2491=ORIENTED_EDGE('',*,*,#1889,.F.);
#2492=ORIENTED_EDGE('',*,*,#1890,.F.);
#2493=ORIENTED_EDGE('',*,*,#1891,.F.);
#2494=ORIENTED_EDGE('',*,*,#1892,.F.);
#2495=ORIENTED_EDGE('',*,*,#1893,.F.);
#2496=ORIENTED_EDGE('',*,*,#1894,.F.);
#2497=ORIENTED_EDGE('',*,*,#1895,.F.);
#2498=ORIENTED_EDGE('',*,*,#1896,.F.);
#2499=ORIENTED_EDGE('',*,*,#1897,.F.);
#2500=ORIENTED_EDGE('',*,*,#1898,.F.);
#2501=ORIENTED_EDGE('',*,*,#1843,.F.);
#2502=ORIENTED_EDGE('',*,*,#1846,.F.);
#2503=ORIENTED_EDGE('',*,*,#1848,.F.);
#2504=ORIENTED_EDGE('',*,*,#1850,.F.);
#2505=ORIENTED_EDGE('',*,*,#1852,.F.);
#2506=ORIENTED_EDGE('',*,*,#1854,.F.);
#2507=ORIENTED_EDGE('',*,*,#1856,.F.);
#2508=ORIENTED_EDGE('',*,*,#1858,.F.);
#2509=ORIENTED_EDGE('',*,*,#1860,.F.);
#2510=ORIENTED_EDGE('',*,*,#1862,.F.);
#2511=ORIENTED_EDGE('',*,*,#1864,.F.);
#2512=ORIENTED_EDGE('',*,*,#1866,.F.);
#2513=ORIENTED_EDGE('',*,*,#1868,.F.);
#2514=ORIENTED_EDGE('',*,*,#1870,.F.);
#2515=ORIENTED_EDGE('',*,*,#1872,.F.);
#2516=ORIENTED_EDGE('',*,*,#1874,.F.);
#2517=ORIENTED_EDGE('',*,*,#1876,.F.);
#2518=ORIENTED_EDGE('',*,*,#1878,.F.);
#2519=ORIENTED_EDGE('',*,*,#1899,.F.);
#2520=ORIENTED_EDGE('',*,*,#1826,.T.);
#2521=ORIENTED_EDGE('',*,*,#1844,.F.);
#2522=ORIENTED_EDGE('',*,*,#1898,.T.);
#2523=ORIENTED_EDGE('',*,*,#1900,.T.);
#2524=ORIENTED_EDGE('',*,*,#1827,.T.);
#2525=ORIENTED_EDGE('',*,*,#1900,.F.);
#2526=ORIENTED_EDGE('',*,*,#1897,.T.);
#2527=ORIENTED_EDGE('',*,*,#1901,.T.);
#2528=ORIENTED_EDGE('',*,*,#1828,.T.);
#2529=ORIENTED_EDGE('',*,*,#1901,.F.);
#2530=ORIENTED_EDGE('',*,*,#1896,.T.);
#2531=ORIENTED_EDGE('',*,*,#1902,.T.);
#2532=ORIENTED_EDGE('',*,*,#1829,.T.);
#2533=ORIENTED_EDGE('',*,*,#1902,.F.);
#2534=ORIENTED_EDGE('',*,*,#1895,.T.);
#2535=ORIENTED_EDGE('',*,*,#1903,.T.);
#2536=ORIENTED_EDGE('',*,*,#1830,.T.);
#2537=ORIENTED_EDGE('',*,*,#1903,.F.);
#2538=ORIENTED_EDGE('',*,*,#1894,.T.);
#2539=ORIENTED_EDGE('',*,*,#1904,.T.);
#2540=ORIENTED_EDGE('',*,*,#1831,.T.);
#2541=ORIENTED_EDGE('',*,*,#1904,.F.);
#2542=ORIENTED_EDGE('',*,*,#1893,.T.);
#2543=ORIENTED_EDGE('',*,*,#1905,.T.);
#2544=ORIENTED_EDGE('',*,*,#1832,.T.);
#2545=ORIENTED_EDGE('',*,*,#1905,.F.);
#2546=ORIENTED_EDGE('',*,*,#1892,.T.);
#2547=ORIENTED_EDGE('',*,*,#1906,.T.);
#2548=ORIENTED_EDGE('',*,*,#1833,.T.);
#2549=ORIENTED_EDGE('',*,*,#1906,.F.);
#2550=ORIENTED_EDGE('',*,*,#1891,.T.);
#2551=ORIENTED_EDGE('',*,*,#1907,.T.);
#2552=ORIENTED_EDGE('',*,*,#1834,.T.);
#2553=ORIENTED_EDGE('',*,*,#1907,.F.);
#2554=ORIENTED_EDGE('',*,*,#1890,.T.);
#2555=ORIENTED_EDGE('',*,*,#1908,.T.);
#2556=ORIENTED_EDGE('',*,*,#1835,.T.);
#2557=ORIENTED_EDGE('',*,*,#1908,.F.);
#2558=ORIENTED_EDGE('',*,*,#1889,.T.);
#2559=ORIENTED_EDGE('',*,*,#1909,.T.);
#2560=ORIENTED_EDGE('',*,*,#1836,.T.);
#2561=ORIENTED_EDGE('',*,*,#1909,.F.);
#2562=ORIENTED_EDGE('',*,*,#1888,.T.);
#2563=ORIENTED_EDGE('',*,*,#1910,.T.);
#2564=ORIENTED_EDGE('',*,*,#1837,.T.);
#2565=ORIENTED_EDGE('',*,*,#1910,.F.);
#2566=ORIENTED_EDGE('',*,*,#1887,.T.);
#2567=ORIENTED_EDGE('',*,*,#1911,.T.);
#2568=ORIENTED_EDGE('',*,*,#1838,.T.);
#2569=ORIENTED_EDGE('',*,*,#1911,.F.);
#2570=ORIENTED_EDGE('',*,*,#1886,.T.);
#2571=ORIENTED_EDGE('',*,*,#1912,.T.);
#2572=ORIENTED_EDGE('',*,*,#1839,.T.);
#2573=ORIENTED_EDGE('',*,*,#1912,.F.);
#2574=ORIENTED_EDGE('',*,*,#1885,.T.);
#2575=ORIENTED_EDGE('',*,*,#1913,.T.);
#2576=ORIENTED_EDGE('',*,*,#1840,.T.);
#2577=ORIENTED_EDGE('',*,*,#1913,.F.);
#2578=ORIENTED_EDGE('',*,*,#1884,.T.);
#2579=ORIENTED_EDGE('',*,*,#1914,.T.);
#2580=ORIENTED_EDGE('',*,*,#1841,.T.);
#2581=ORIENTED_EDGE('',*,*,#1914,.F.);
#2582=ORIENTED_EDGE('',*,*,#1883,.T.);
#2583=ORIENTED_EDGE('',*,*,#1915,.F.);
#2584=ORIENTED_EDGE('',*,*,#1806,.T.);
#2585=ORIENTED_EDGE('',*,*,#1915,.T.);
#2586=ORIENTED_EDGE('',*,*,#1882,.T.);
#2587=ORIENTED_EDGE('',*,*,#1916,.T.);
#2588=ORIENTED_EDGE('',*,*,#1807,.T.);
#2589=ORIENTED_EDGE('',*,*,#1916,.F.);
#2590=ORIENTED_EDGE('',*,*,#1899,.T.);
#2591=ORIENTED_EDGE('',*,*,#1877,.T.);
#2592=ORIENTED_EDGE('',*,*,#1917,.T.);
#2593=ORIENTED_EDGE('',*,*,#1918,.T.);
#2594=ORIENTED_EDGE('',*,*,#1919,.F.);
#2595=ORIENTED_EDGE('',*,*,#1920,.F.);
#2596=ORIENTED_EDGE('',*,*,#1921,.T.);
#2597=ORIENTED_EDGE('',*,*,#1922,.T.);
#2598=ORIENTED_EDGE('',*,*,#1923,.F.);
#2599=ORIENTED_EDGE('',*,*,#1918,.F.);
#2600=ORIENTED_EDGE('',*,*,#1924,.T.);
#2601=ORIENTED_EDGE('',*,*,#1925,.T.);
#2602=ORIENTED_EDGE('',*,*,#1926,.F.);
#2603=ORIENTED_EDGE('',*,*,#1922,.F.);
#2604=ORIENTED_EDGE('',*,*,#1927,.T.);
#2605=ORIENTED_EDGE('',*,*,#1928,.T.);
#2606=ORIENTED_EDGE('',*,*,#1929,.F.);
#2607=ORIENTED_EDGE('',*,*,#1925,.F.);
#2608=ORIENTED_EDGE('',*,*,#1930,.T.);
#2609=ORIENTED_EDGE('',*,*,#1931,.T.);
#2610=ORIENTED_EDGE('',*,*,#1932,.F.);
#2611=ORIENTED_EDGE('',*,*,#1928,.F.);
#2612=ORIENTED_EDGE('',*,*,#1933,.T.);
#2613=ORIENTED_EDGE('',*,*,#1934,.T.);
#2614=ORIENTED_EDGE('',*,*,#1935,.F.);
#2615=ORIENTED_EDGE('',*,*,#1931,.F.);
#2616=ORIENTED_EDGE('',*,*,#1936,.T.);
#2617=ORIENTED_EDGE('',*,*,#1937,.T.);
#2618=ORIENTED_EDGE('',*,*,#1938,.F.);
#2619=ORIENTED_EDGE('',*,*,#1934,.F.);
#2620=ORIENTED_EDGE('',*,*,#1939,.T.);
#2621=ORIENTED_EDGE('',*,*,#1940,.T.);
#2622=ORIENTED_EDGE('',*,*,#1941,.F.);
#2623=ORIENTED_EDGE('',*,*,#1937,.F.);
#2624=ORIENTED_EDGE('',*,*,#1942,.T.);
#2625=ORIENTED_EDGE('',*,*,#1943,.T.);
#2626=ORIENTED_EDGE('',*,*,#1944,.F.);
#2627=ORIENTED_EDGE('',*,*,#1940,.F.);
#2628=ORIENTED_EDGE('',*,*,#1945,.T.);
#2629=ORIENTED_EDGE('',*,*,#1946,.T.);
#2630=ORIENTED_EDGE('',*,*,#1947,.F.);
#2631=ORIENTED_EDGE('',*,*,#1948,.T.);
#2632=ORIENTED_EDGE('',*,*,#1949,.T.);
#2633=ORIENTED_EDGE('',*,*,#1950,.T.);
#2634=ORIENTED_EDGE('',*,*,#1951,.F.);
#2635=ORIENTED_EDGE('',*,*,#1946,.F.);
#2636=ORIENTED_EDGE('',*,*,#1952,.T.);
#2637=ORIENTED_EDGE('',*,*,#1953,.T.);
#2638=ORIENTED_EDGE('',*,*,#1954,.F.);
#2639=ORIENTED_EDGE('',*,*,#1950,.F.);
#2640=ORIENTED_EDGE('',*,*,#1955,.T.);
#2641=ORIENTED_EDGE('',*,*,#1956,.T.);
#2642=ORIENTED_EDGE('',*,*,#1957,.F.);
#2643=ORIENTED_EDGE('',*,*,#1953,.F.);
#2644=ORIENTED_EDGE('',*,*,#1958,.T.);
#2645=ORIENTED_EDGE('',*,*,#1920,.T.);
#2646=ORIENTED_EDGE('',*,*,#1959,.F.);
#2647=ORIENTED_EDGE('',*,*,#1956,.F.);
#2648=ORIENTED_EDGE('',*,*,#1960,.F.);
#2649=ORIENTED_EDGE('',*,*,#1961,.T.);
#2650=ORIENTED_EDGE('',*,*,#1962,.F.);
#2651=ORIENTED_EDGE('',*,*,#1929,.T.);
#2652=ORIENTED_EDGE('',*,*,#1963,.T.);
#2653=ORIENTED_EDGE('',*,*,#1964,.T.);
#2654=ORIENTED_EDGE('',*,*,#1965,.F.);
#2655=ORIENTED_EDGE('',*,*,#1926,.T.);
#2656=ORIENTED_EDGE('',*,*,#1962,.T.);
#2657=ORIENTED_EDGE('',*,*,#1966,.T.);
#2658=ORIENTED_EDGE('',*,*,#1967,.T.);
#2659=ORIENTED_EDGE('',*,*,#1968,.F.);
#2660=ORIENTED_EDGE('',*,*,#1923,.T.);
#2661=ORIENTED_EDGE('',*,*,#1965,.T.);
#2662=ORIENTED_EDGE('',*,*,#1969,.T.);
#2663=ORIENTED_EDGE('',*,*,#1970,.T.);
#2664=ORIENTED_EDGE('',*,*,#1971,.T.);
#2665=ORIENTED_EDGE('',*,*,#1972,.T.);
#2666=ORIENTED_EDGE('',*,*,#1938,.T.);
#2667=ORIENTED_EDGE('',*,*,#1973,.F.);
#2668=ORIENTED_EDGE('',*,*,#1974,.T.);
#2669=ORIENTED_EDGE('',*,*,#1975,.T.);
#2670=ORIENTED_EDGE('',*,*,#1976,.F.);
#2671=ORIENTED_EDGE('',*,*,#1944,.T.);
#2672=ORIENTED_EDGE('',*,*,#1977,.F.);
#2673=ORIENTED_EDGE('',*,*,#1941,.T.);
#2674=ORIENTED_EDGE('',*,*,#1976,.T.);
#2675=ORIENTED_EDGE('',*,*,#1978,.T.);
#2676=ORIENTED_EDGE('',*,*,#1973,.T.);
#2677=ORIENTED_EDGE('',*,*,#1979,.T.);
#2678=ORIENTED_EDGE('',*,*,#1980,.F.);
#2679=ORIENTED_EDGE('',*,*,#1954,.T.);
#2680=ORIENTED_EDGE('',*,*,#1981,.F.);
#2681=ORIENTED_EDGE('',*,*,#1982,.T.);
#2682=ORIENTED_EDGE('',*,*,#1983,.T.);
#2683=ORIENTED_EDGE('',*,*,#1951,.T.);
#2684=ORIENTED_EDGE('',*,*,#1980,.T.);
#2685=ORIENTED_EDGE('',*,*,#1984,.T.);
#2686=ORIENTED_EDGE('',*,*,#1985,.T.);
#2687=ORIENTED_EDGE('',*,*,#1986,.T.);
#2688=ORIENTED_EDGE('',*,*,#1987,.T.);
#2689=ORIENTED_EDGE('',*,*,#1981,.T.);
#2690=ORIENTED_EDGE('',*,*,#1957,.T.);
#2691=ORIENTED_EDGE('',*,*,#1988,.F.);
#2692=ORIENTED_EDGE('',*,*,#1989,.T.);
#2693=ORIENTED_EDGE('',*,*,#1990,.T.);
#2694=ORIENTED_EDGE('',*,*,#1991,.F.);
#2695=ORIENTED_EDGE('',*,*,#1992,.T.);
#2696=ORIENTED_EDGE('',*,*,#1988,.T.);
#2697=ORIENTED_EDGE('',*,*,#1959,.T.);
#2698=ORIENTED_EDGE('',*,*,#1993,.T.);
#2699=ORIENTED_EDGE('',*,*,#1994,.T.);
#2700=ORIENTED_EDGE('',*,*,#1995,.T.);
#2701=ORIENTED_EDGE('',*,*,#1968,.T.);
#2702=ORIENTED_EDGE('',*,*,#1991,.T.);
#2703=ORIENTED_EDGE('',*,*,#1919,.T.);
#2704=ORIENTED_EDGE('',*,*,#1996,.T.);
#2705=ORIENTED_EDGE('',*,*,#1960,.T.);
#2706=ORIENTED_EDGE('',*,*,#1932,.T.);
#2707=ORIENTED_EDGE('',*,*,#1997,.F.);
#2708=ORIENTED_EDGE('',*,*,#1998,.F.);
#2709=ORIENTED_EDGE('',*,*,#1999,.F.);
#2710=ORIENTED_EDGE('',*,*,#2000,.F.);
#2711=ORIENTED_EDGE('',*,*,#2001,.F.);
#2712=ORIENTED_EDGE('',*,*,#2002,.F.);
#2713=ORIENTED_EDGE('',*,*,#2003,.F.);
#2714=ORIENTED_EDGE('',*,*,#2001,.T.);
#2715=ORIENTED_EDGE('',*,*,#2004,.F.);
#2716=ORIENTED_EDGE('',*,*,#2005,.F.);
#2717=ORIENTED_EDGE('',*,*,#2006,.F.);
#2718=ORIENTED_EDGE('',*,*,#2007,.T.);
#2719=ORIENTED_EDGE('',*,*,#2008,.F.);
#2720=ORIENTED_EDGE('',*,*,#2009,.F.);
#2721=ORIENTED_EDGE('',*,*,#2010,.F.);
#2722=ORIENTED_EDGE('',*,*,#2011,.F.);
#2723=ORIENTED_EDGE('',*,*,#2012,.F.);
#2724=ORIENTED_EDGE('',*,*,#2013,.F.);
#2725=ORIENTED_EDGE('',*,*,#2014,.F.);
#2726=ORIENTED_EDGE('',*,*,#2012,.T.);
#2727=ORIENTED_EDGE('',*,*,#2015,.F.);
#2728=ORIENTED_EDGE('',*,*,#2016,.T.);
#2729=ORIENTED_EDGE('',*,*,#2017,.F.);
#2730=ORIENTED_EDGE('',*,*,#2018,.F.);
#2731=ORIENTED_EDGE('',*,*,#2019,.F.);
#2732=ORIENTED_EDGE('',*,*,#2020,.F.);
#2733=ORIENTED_EDGE('',*,*,#2021,.F.);
#2734=ORIENTED_EDGE('',*,*,#2022,.T.);
#2735=ORIENTED_EDGE('',*,*,#2023,.F.);
#2736=ORIENTED_EDGE('',*,*,#2020,.T.);
#2737=ORIENTED_EDGE('',*,*,#2024,.F.);
#2738=ORIENTED_EDGE('',*,*,#2025,.T.);
#2739=ORIENTED_EDGE('',*,*,#2026,.F.);
#2740=ORIENTED_EDGE('',*,*,#2027,.F.);
#2741=ORIENTED_EDGE('',*,*,#2028,.F.);
#2742=ORIENTED_EDGE('',*,*,#1999,.T.);
#2743=ORIENTED_EDGE('',*,*,#2029,.F.);
#2744=ORIENTED_EDGE('',*,*,#2030,.T.);
#2745=ORIENTED_EDGE('',*,*,#2031,.F.);
#2746=ORIENTED_EDGE('',*,*,#2002,.T.);
#2747=ORIENTED_EDGE('',*,*,#2032,.F.);
#2748=ORIENTED_EDGE('',*,*,#2033,.F.);
#2749=ORIENTED_EDGE('',*,*,#2034,.F.);
#2750=ORIENTED_EDGE('',*,*,#2033,.T.);
#2751=ORIENTED_EDGE('',*,*,#2035,.F.);
#2752=ORIENTED_EDGE('',*,*,#2036,.F.);
#2753=ORIENTED_EDGE('',*,*,#2037,.F.);
#2754=ORIENTED_EDGE('',*,*,#2036,.T.);
#2755=ORIENTED_EDGE('',*,*,#2038,.F.);
#2756=ORIENTED_EDGE('',*,*,#1998,.T.);
#2757=ORIENTED_EDGE('',*,*,#2039,.T.);
#2758=ORIENTED_EDGE('',*,*,#2040,.T.);
#2759=ORIENTED_EDGE('',*,*,#2041,.T.);
#2760=ORIENTED_EDGE('',*,*,#2042,.T.);
#2761=ORIENTED_EDGE('',*,*,#2043,.T.);
#2762=ORIENTED_EDGE('',*,*,#2038,.T.);
#2763=ORIENTED_EDGE('',*,*,#2035,.T.);
#2764=ORIENTED_EDGE('',*,*,#2032,.T.);
#2765=ORIENTED_EDGE('',*,*,#2003,.T.);
#2766=ORIENTED_EDGE('',*,*,#2006,.T.);
#2767=ORIENTED_EDGE('',*,*,#2015,.T.);
#2768=ORIENTED_EDGE('',*,*,#2011,.T.);
#2769=ORIENTED_EDGE('',*,*,#2044,.T.);
#2770=ORIENTED_EDGE('',*,*,#2021,.T.);
#2771=ORIENTED_EDGE('',*,*,#2019,.T.);
#2772=ORIENTED_EDGE('',*,*,#2024,.T.);
#2773=ORIENTED_EDGE('',*,*,#2029,.T.);
#2774=ORIENTED_EDGE('',*,*,#2045,.T.);
#2775=ORIENTED_EDGE('',*,*,#2046,.T.);
#2776=ORIENTED_EDGE('',*,*,#2047,.T.);
#2777=ORIENTED_EDGE('',*,*,#2048,.F.);
#2778=ORIENTED_EDGE('',*,*,#2049,.T.);
#2779=ORIENTED_EDGE('',*,*,#2050,.F.);
#2780=ORIENTED_EDGE('',*,*,#2051,.T.);
#2781=ORIENTED_EDGE('',*,*,#2052,.F.);
#2782=ORIENTED_EDGE('',*,*,#2053,.T.);
#2783=ORIENTED_EDGE('',*,*,#2054,.F.);
#2784=ORIENTED_EDGE('',*,*,#2055,.T.);
#2785=ORIENTED_EDGE('',*,*,#2007,.F.);
#2786=ORIENTED_EDGE('',*,*,#2005,.T.);
#2787=ORIENTED_EDGE('',*,*,#2056,.T.);
#2788=ORIENTED_EDGE('',*,*,#2016,.F.);
#2789=ORIENTED_EDGE('',*,*,#2009,.T.);
#2790=ORIENTED_EDGE('',*,*,#2057,.T.);
#2791=ORIENTED_EDGE('',*,*,#2025,.F.);
#2792=ORIENTED_EDGE('',*,*,#2018,.T.);
#2793=ORIENTED_EDGE('',*,*,#2058,.T.);
#2794=ORIENTED_EDGE('',*,*,#2030,.F.);
#2795=ORIENTED_EDGE('',*,*,#2027,.T.);
#2796=ORIENTED_EDGE('',*,*,#2059,.T.);
#2797=ORIENTED_EDGE('',*,*,#2060,.F.);
#2798=ORIENTED_EDGE('',*,*,#2061,.T.);
#2799=ORIENTED_EDGE('',*,*,#2055,.F.);
#2800=ORIENTED_EDGE('',*,*,#2061,.F.);
#2801=ORIENTED_EDGE('',*,*,#2062,.F.);
#2802=ORIENTED_EDGE('',*,*,#2063,.T.);
#2803=ORIENTED_EDGE('',*,*,#2046,.F.);
#2804=ORIENTED_EDGE('',*,*,#2063,.F.);
#2805=ORIENTED_EDGE('',*,*,#2064,.F.);
#2806=ORIENTED_EDGE('',*,*,#2065,.T.);
#2807=ORIENTED_EDGE('',*,*,#2045,.F.);
#2808=ORIENTED_EDGE('',*,*,#2065,.F.);
#2809=ORIENTED_EDGE('',*,*,#2066,.F.);
#2810=ORIENTED_EDGE('',*,*,#2051,.F.);
#2811=ORIENTED_EDGE('',*,*,#2067,.F.);
#2812=ORIENTED_EDGE('',*,*,#2068,.F.);
#2813=ORIENTED_EDGE('',*,*,#2069,.T.);
#2814=ORIENTED_EDGE('',*,*,#2067,.T.);
#2815=ORIENTED_EDGE('',*,*,#2050,.T.);
#2816=ORIENTED_EDGE('',*,*,#2070,.T.);
#2817=ORIENTED_EDGE('',*,*,#2071,.F.);
#2818=ORIENTED_EDGE('',*,*,#2072,.F.);
#2819=ORIENTED_EDGE('',*,*,#2070,.F.);
#2820=ORIENTED_EDGE('',*,*,#2049,.F.);
#2821=ORIENTED_EDGE('',*,*,#2073,.T.);
#2822=ORIENTED_EDGE('',*,*,#2071,.T.);
#2823=ORIENTED_EDGE('',*,*,#2048,.T.);
#2824=ORIENTED_EDGE('',*,*,#2074,.T.);
#2825=ORIENTED_EDGE('',*,*,#2075,.F.);
#2826=ORIENTED_EDGE('',*,*,#2053,.F.);
#2827=ORIENTED_EDGE('',*,*,#2076,.F.);
#2828=ORIENTED_EDGE('',*,*,#2077,.F.);
#2829=ORIENTED_EDGE('',*,*,#2078,.T.);
#2830=ORIENTED_EDGE('',*,*,#2076,.T.);
#2831=ORIENTED_EDGE('',*,*,#2052,.T.);
#2832=ORIENTED_EDGE('',*,*,#2066,.T.);
#2833=ORIENTED_EDGE('',*,*,#2079,.F.);
#2834=ORIENTED_EDGE('',*,*,#2080,.F.);
#2835=ORIENTED_EDGE('',*,*,#2074,.F.);
#2836=ORIENTED_EDGE('',*,*,#2047,.F.);
#2837=ORIENTED_EDGE('',*,*,#2081,.T.);
#2838=ORIENTED_EDGE('',*,*,#2079,.T.);
#2839=ORIENTED_EDGE('',*,*,#2054,.T.);
#2840=ORIENTED_EDGE('',*,*,#2075,.T.);
#2841=ORIENTED_EDGE('',*,*,#2082,.T.);
#2842=ORIENTED_EDGE('',*,*,#2083,.T.);
#2843=ORIENTED_EDGE('',*,*,#2084,.F.);
#2844=ORIENTED_EDGE('',*,*,#1943,.F.);
#2845=ORIENTED_EDGE('',*,*,#2085,.T.);
#2846=ORIENTED_EDGE('',*,*,#2086,.F.);
#2847=ORIENTED_EDGE('',*,*,#2022,.F.);
#2848=ORIENTED_EDGE('',*,*,#2044,.F.);
#2849=ORIENTED_EDGE('',*,*,#2010,.T.);
#2850=ORIENTED_EDGE('',*,*,#2041,.F.);
#2851=ORIENTED_EDGE('',*,*,#2087,.T.);
#2852=ORIENTED_EDGE('',*,*,#2088,.T.);
#2853=ORIENTED_EDGE('',*,*,#2089,.T.);
#2854=ORIENTED_EDGE('',*,*,#2090,.T.);
#2855=ORIENTED_EDGE('',*,*,#2091,.T.);
#2856=ORIENTED_EDGE('',*,*,#2092,.T.);
#2857=ORIENTED_EDGE('',*,*,#1948,.F.);
#2858=ORIENTED_EDGE('',*,*,#2093,.F.);
#2859=ORIENTED_EDGE('',*,*,#2083,.F.);
#2860=ORIENTED_EDGE('',*,*,#2094,.F.);
#2861=ORIENTED_EDGE('',*,*,#2095,.T.);
#2862=ORIENTED_EDGE('',*,*,#2088,.F.);
#2863=ORIENTED_EDGE('',*,*,#2096,.F.);
#2864=ORIENTED_EDGE('',*,*,#2097,.T.);
#2865=ORIENTED_EDGE('',*,*,#2089,.F.);
#2866=ORIENTED_EDGE('',*,*,#2095,.F.);
#2867=ORIENTED_EDGE('',*,*,#2098,.T.);
#2868=ORIENTED_EDGE('',*,*,#2096,.T.);
#2869=ORIENTED_EDGE('',*,*,#2094,.T.);
#2870=ORIENTED_EDGE('',*,*,#2099,.T.);
#2871=ORIENTED_EDGE('',*,*,#2100,.F.);
#2872=ORIENTED_EDGE('',*,*,#2085,.F.);
#2873=ORIENTED_EDGE('',*,*,#2040,.F.);
#2874=ORIENTED_EDGE('',*,*,#2101,.T.);
#2875=ORIENTED_EDGE('',*,*,#2090,.F.);
#2876=ORIENTED_EDGE('',*,*,#2097,.F.);
#2877=ORIENTED_EDGE('',*,*,#2098,.F.);
#2878=ORIENTED_EDGE('',*,*,#2102,.F.);
#2879=ORIENTED_EDGE('',*,*,#2103,.F.);
#2880=ORIENTED_EDGE('',*,*,#2104,.T.);
#2881=ORIENTED_EDGE('',*,*,#2105,.T.);
#2882=ORIENTED_EDGE('',*,*,#2106,.T.);
#2883=ORIENTED_EDGE('',*,*,#2107,.T.);
#2884=ORIENTED_EDGE('',*,*,#1996,.F.);
#2885=ORIENTED_EDGE('',*,*,#1935,.T.);
#2886=ORIENTED_EDGE('',*,*,#1972,.F.);
#2887=ORIENTED_EDGE('',*,*,#2108,.T.);
#2888=ORIENTED_EDGE('',*,*,#2105,.F.);
#2889=ORIENTED_EDGE('',*,*,#2109,.T.);
#2890=ORIENTED_EDGE('',*,*,#2110,.F.);
#2891=ORIENTED_EDGE('',*,*,#2111,.F.);
#2892=ORIENTED_EDGE('',*,*,#2106,.F.);
#2893=ORIENTED_EDGE('',*,*,#2111,.T.);
#2894=ORIENTED_EDGE('',*,*,#2112,.F.);
#2895=ORIENTED_EDGE('',*,*,#2113,.F.);
#2896=ORIENTED_EDGE('',*,*,#2104,.F.);
#2897=ORIENTED_EDGE('',*,*,#2114,.T.);
#2898=ORIENTED_EDGE('',*,*,#2115,.F.);
#2899=ORIENTED_EDGE('',*,*,#2109,.F.);
#2900=ORIENTED_EDGE('',*,*,#2116,.F.);
#2901=ORIENTED_EDGE('',*,*,#2113,.T.);
#2902=ORIENTED_EDGE('',*,*,#2117,.F.);
#2903=ORIENTED_EDGE('',*,*,#2118,.F.);
#2904=ORIENTED_EDGE('',*,*,#2119,.F.);
#2905=ORIENTED_EDGE('',*,*,#2118,.T.);
#2906=ORIENTED_EDGE('',*,*,#2120,.F.);
#2907=ORIENTED_EDGE('',*,*,#2114,.F.);
#2908=ORIENTED_EDGE('',*,*,#2115,.T.);
#2909=ORIENTED_EDGE('',*,*,#2121,.T.);
#2910=ORIENTED_EDGE('',*,*,#2112,.T.);
#2911=ORIENTED_EDGE('',*,*,#2110,.T.);
#2912=ORIENTED_EDGE('',*,*,#2120,.T.);
#2913=ORIENTED_EDGE('',*,*,#2117,.T.);
#2914=ORIENTED_EDGE('',*,*,#2121,.F.);
#2915=ORIENTED_EDGE('',*,*,#1994,.F.);
#2916=ORIENTED_EDGE('',*,*,#2122,.T.);
#2917=ORIENTED_EDGE('',*,*,#2123,.F.);
#2918=ORIENTED_EDGE('',*,*,#2124,.F.);
#2919=ORIENTED_EDGE('',*,*,#1995,.F.);
#2920=ORIENTED_EDGE('',*,*,#2124,.T.);
#2921=ORIENTED_EDGE('',*,*,#2125,.F.);
#2922=ORIENTED_EDGE('',*,*,#2126,.F.);
#2923=ORIENTED_EDGE('',*,*,#1993,.F.);
#2924=ORIENTED_EDGE('',*,*,#2126,.T.);
#2925=ORIENTED_EDGE('',*,*,#2127,.F.);
#2926=ORIENTED_EDGE('',*,*,#2122,.F.);
#2927=ORIENTED_EDGE('',*,*,#2127,.T.);
#2928=ORIENTED_EDGE('',*,*,#2125,.T.);
#2929=ORIENTED_EDGE('',*,*,#2123,.T.);
#2930=ORIENTED_EDGE('',*,*,#2128,.F.);
#2931=ORIENTED_EDGE('',*,*,#2129,.T.);
#2932=ORIENTED_EDGE('',*,*,#2130,.F.);
#2933=ORIENTED_EDGE('',*,*,#2131,.F.);
#2934=ORIENTED_EDGE('',*,*,#2132,.F.);
#2935=ORIENTED_EDGE('',*,*,#2131,.T.);
#2936=ORIENTED_EDGE('',*,*,#2133,.F.);
#2937=ORIENTED_EDGE('',*,*,#2129,.F.);
#2938=ORIENTED_EDGE('',*,*,#2133,.T.);
#2939=ORIENTED_EDGE('',*,*,#2130,.T.);
#2940=ORIENTED_EDGE('',*,*,#2134,.F.);
#2941=ORIENTED_EDGE('',*,*,#2135,.T.);
#2942=ORIENTED_EDGE('',*,*,#2136,.F.);
#2943=ORIENTED_EDGE('',*,*,#2137,.F.);
#2944=ORIENTED_EDGE('',*,*,#2138,.F.);
#2945=ORIENTED_EDGE('',*,*,#2137,.T.);
#2946=ORIENTED_EDGE('',*,*,#2139,.F.);
#2947=ORIENTED_EDGE('',*,*,#2140,.F.);
#2948=ORIENTED_EDGE('',*,*,#2141,.F.);
#2949=ORIENTED_EDGE('',*,*,#2142,.T.);
#2950=ORIENTED_EDGE('',*,*,#2143,.F.);
#2951=ORIENTED_EDGE('',*,*,#2135,.F.);
#2952=ORIENTED_EDGE('',*,*,#1970,.F.);
#2953=ORIENTED_EDGE('',*,*,#2140,.T.);
#2954=ORIENTED_EDGE('',*,*,#2144,.F.);
#2955=ORIENTED_EDGE('',*,*,#2142,.F.);
#2956=ORIENTED_EDGE('',*,*,#2143,.T.);
#2957=ORIENTED_EDGE('',*,*,#2145,.F.);
#2958=ORIENTED_EDGE('',*,*,#2139,.T.);
#2959=ORIENTED_EDGE('',*,*,#2136,.T.);
#2960=ORIENTED_EDGE('',*,*,#2144,.T.);
#2961=ORIENTED_EDGE('',*,*,#2145,.T.);
#2962=ORIENTED_EDGE('',*,*,#2146,.F.);
#2963=ORIENTED_EDGE('',*,*,#2147,.T.);
#2964=ORIENTED_EDGE('',*,*,#2148,.F.);
#2965=ORIENTED_EDGE('',*,*,#2149,.F.);
#2966=ORIENTED_EDGE('',*,*,#2150,.F.);
#2967=ORIENTED_EDGE('',*,*,#2149,.T.);
#2968=ORIENTED_EDGE('',*,*,#2151,.F.);
#2969=ORIENTED_EDGE('',*,*,#2152,.F.);
#2970=ORIENTED_EDGE('',*,*,#1986,.F.);
#2971=ORIENTED_EDGE('',*,*,#2153,.T.);
#2972=ORIENTED_EDGE('',*,*,#2154,.F.);
#2973=ORIENTED_EDGE('',*,*,#2147,.F.);
#2974=ORIENTED_EDGE('',*,*,#1990,.F.);
#2975=ORIENTED_EDGE('',*,*,#2152,.T.);
#2976=ORIENTED_EDGE('',*,*,#2155,.F.);
#2977=ORIENTED_EDGE('',*,*,#2153,.F.);
#2978=ORIENTED_EDGE('',*,*,#2151,.T.);
#2979=ORIENTED_EDGE('',*,*,#2148,.T.);
#2980=ORIENTED_EDGE('',*,*,#2156,.F.);
#2981=ORIENTED_EDGE('',*,*,#2155,.T.);
#2982=ORIENTED_EDGE('',*,*,#2156,.T.);
#2983=ORIENTED_EDGE('',*,*,#2154,.T.);
#2984=ORIENTED_EDGE('',*,*,#2157,.F.);
#2985=ORIENTED_EDGE('',*,*,#2158,.T.);
#2986=ORIENTED_EDGE('',*,*,#2159,.F.);
#2987=ORIENTED_EDGE('',*,*,#2160,.F.);
#2988=ORIENTED_EDGE('',*,*,#2161,.F.);
#2989=ORIENTED_EDGE('',*,*,#2160,.T.);
#2990=ORIENTED_EDGE('',*,*,#2162,.F.);
#2991=ORIENTED_EDGE('',*,*,#2163,.F.);
#2992=ORIENTED_EDGE('',*,*,#2164,.F.);
#2993=ORIENTED_EDGE('',*,*,#2163,.T.);
#2994=ORIENTED_EDGE('',*,*,#2165,.F.);
#2995=ORIENTED_EDGE('',*,*,#2166,.F.);
#2996=ORIENTED_EDGE('',*,*,#1963,.F.);
#2997=ORIENTED_EDGE('',*,*,#2167,.T.);
#2998=ORIENTED_EDGE('',*,*,#2168,.F.);
#2999=ORIENTED_EDGE('',*,*,#2158,.F.);
#3000=ORIENTED_EDGE('',*,*,#1967,.F.);
#3001=ORIENTED_EDGE('',*,*,#2166,.T.);
#3002=ORIENTED_EDGE('',*,*,#2169,.F.);
#3003=ORIENTED_EDGE('',*,*,#2167,.F.);
#3004=ORIENTED_EDGE('',*,*,#2165,.T.);
#3005=ORIENTED_EDGE('',*,*,#2162,.T.);
#3006=ORIENTED_EDGE('',*,*,#2159,.T.);
#3007=ORIENTED_EDGE('',*,*,#2170,.F.);
#3008=ORIENTED_EDGE('',*,*,#2169,.T.);
#3009=ORIENTED_EDGE('',*,*,#2170,.T.);
#3010=ORIENTED_EDGE('',*,*,#2168,.T.);
#3011=ORIENTED_EDGE('',*,*,#2171,.T.);
#3012=ORIENTED_EDGE('',*,*,#2172,.F.);
#3013=ORIENTED_EDGE('',*,*,#2173,.F.);
#3014=ORIENTED_EDGE('',*,*,#2174,.T.);
#3015=ORIENTED_EDGE('',*,*,#1984,.F.);
#3016=ORIENTED_EDGE('',*,*,#1979,.F.);
#3017=ORIENTED_EDGE('',*,*,#1987,.F.);
#3018=ORIENTED_EDGE('',*,*,#2146,.T.);
#3019=ORIENTED_EDGE('',*,*,#2150,.T.);
#3020=ORIENTED_EDGE('',*,*,#1989,.F.);
#3021=ORIENTED_EDGE('',*,*,#1992,.F.);
#3022=ORIENTED_EDGE('',*,*,#1969,.F.);
#3023=ORIENTED_EDGE('',*,*,#1964,.F.);
#3024=ORIENTED_EDGE('',*,*,#2157,.T.);
#3025=ORIENTED_EDGE('',*,*,#2161,.T.);
#3026=ORIENTED_EDGE('',*,*,#2164,.T.);
#3027=ORIENTED_EDGE('',*,*,#1966,.F.);
#3028=ORIENTED_EDGE('',*,*,#1961,.F.);
#3029=ORIENTED_EDGE('',*,*,#2107,.F.);
#3030=ORIENTED_EDGE('',*,*,#2116,.T.);
#3031=ORIENTED_EDGE('',*,*,#2119,.T.);
#3032=ORIENTED_EDGE('',*,*,#2108,.F.);
#3033=ORIENTED_EDGE('',*,*,#1971,.F.);
#3034=ORIENTED_EDGE('',*,*,#2141,.T.);
#3035=ORIENTED_EDGE('',*,*,#2134,.T.);
#3036=ORIENTED_EDGE('',*,*,#2138,.T.);
#3037=ORIENTED_EDGE('',*,*,#1974,.F.);
#3038=ORIENTED_EDGE('',*,*,#1978,.F.);
#3039=ORIENTED_EDGE('',*,*,#1975,.F.);
#3040=ORIENTED_EDGE('',*,*,#2175,.F.);
#3041=ORIENTED_EDGE('',*,*,#2060,.T.);
#3042=ORIENTED_EDGE('',*,*,#2080,.T.);
#3043=ORIENTED_EDGE('',*,*,#2081,.F.);
#3044=ORIENTED_EDGE('',*,*,#2077,.T.);
#3045=ORIENTED_EDGE('',*,*,#2078,.F.);
#3046=ORIENTED_EDGE('',*,*,#2068,.T.);
#3047=ORIENTED_EDGE('',*,*,#2069,.F.);
#3048=ORIENTED_EDGE('',*,*,#2072,.T.);
#3049=ORIENTED_EDGE('',*,*,#2073,.F.);
#3050=ORIENTED_EDGE('',*,*,#2062,.T.);
#3051=ORIENTED_EDGE('',*,*,#2064,.T.);
#3052=ORIENTED_EDGE('',*,*,#2132,.T.);
#3053=ORIENTED_EDGE('',*,*,#2128,.T.);
#3054=ORIENTED_EDGE('',*,*,#2176,.T.);
#3055=ORIENTED_EDGE('',*,*,#2175,.T.);
#3056=ORIENTED_EDGE('',*,*,#1977,.T.);
#3057=ORIENTED_EDGE('',*,*,#2084,.T.);
#3058=ORIENTED_EDGE('',*,*,#2093,.T.);
#3059=ORIENTED_EDGE('',*,*,#1947,.T.);
#3060=ORIENTED_EDGE('',*,*,#1983,.F.);
#3061=ORIENTED_EDGE('',*,*,#2177,.T.);
#3062=ORIENTED_EDGE('',*,*,#2178,.F.);
#3063=ORIENTED_EDGE('',*,*,#2172,.T.);
#3064=ORIENTED_EDGE('',*,*,#2179,.T.);
#3065=ORIENTED_EDGE('',*,*,#2173,.T.);
#3066=ORIENTED_EDGE('',*,*,#2178,.T.);
#3067=ORIENTED_EDGE('',*,*,#2180,.T.);
#3068=ORIENTED_EDGE('',*,*,#1982,.F.);
#3069=ORIENTED_EDGE('',*,*,#2181,.T.);
#3070=ORIENTED_EDGE('',*,*,#2182,.F.);
#3071=ORIENTED_EDGE('',*,*,#2183,.F.);
#3072=ORIENTED_EDGE('',*,*,#2176,.F.);
#3073=ORIENTED_EDGE('',*,*,#2183,.T.);
#3074=ORIENTED_EDGE('',*,*,#2184,.F.);
#3075=ORIENTED_EDGE('',*,*,#2185,.F.);
#3076=ORIENTED_EDGE('',*,*,#2177,.F.);
#3077=ORIENTED_EDGE('',*,*,#2186,.T.);
#3078=ORIENTED_EDGE('',*,*,#2187,.F.);
#3079=ORIENTED_EDGE('',*,*,#2188,.F.);
#3080=ORIENTED_EDGE('',*,*,#2180,.F.);
#3081=ORIENTED_EDGE('',*,*,#2188,.T.);
#3082=ORIENTED_EDGE('',*,*,#2189,.F.);
#3083=ORIENTED_EDGE('',*,*,#2190,.F.);
#3084=ORIENTED_EDGE('',*,*,#2174,.F.);
#3085=ORIENTED_EDGE('',*,*,#2185,.T.);
#3086=ORIENTED_EDGE('',*,*,#2191,.F.);
#3087=ORIENTED_EDGE('',*,*,#2192,.F.);
#3088=ORIENTED_EDGE('',*,*,#2171,.F.);
#3089=ORIENTED_EDGE('',*,*,#2193,.T.);
#3090=ORIENTED_EDGE('',*,*,#2194,.F.);
#3091=ORIENTED_EDGE('',*,*,#2186,.F.);
#3092=ORIENTED_EDGE('',*,*,#1985,.F.);
#3093=ORIENTED_EDGE('',*,*,#2192,.T.);
#3094=ORIENTED_EDGE('',*,*,#2195,.F.);
#3095=ORIENTED_EDGE('',*,*,#2181,.F.);
#3096=ORIENTED_EDGE('',*,*,#2179,.F.);
#3097=ORIENTED_EDGE('',*,*,#2190,.T.);
#3098=ORIENTED_EDGE('',*,*,#2196,.F.);
#3099=ORIENTED_EDGE('',*,*,#2193,.F.);
#3100=ORIENTED_EDGE('',*,*,#2187,.T.);
#3101=ORIENTED_EDGE('',*,*,#2197,.T.);
#3102=ORIENTED_EDGE('',*,*,#2184,.T.);
#3103=ORIENTED_EDGE('',*,*,#2198,.F.);
#3104=ORIENTED_EDGE('',*,*,#2194,.T.);
#3105=ORIENTED_EDGE('',*,*,#2199,.F.);
#3106=ORIENTED_EDGE('',*,*,#2191,.T.);
#3107=ORIENTED_EDGE('',*,*,#2197,.F.);
#3108=ORIENTED_EDGE('',*,*,#2196,.T.);
#3109=ORIENTED_EDGE('',*,*,#2189,.T.);
#3110=ORIENTED_EDGE('',*,*,#2198,.T.);
#3111=ORIENTED_EDGE('',*,*,#2182,.T.);
#3112=ORIENTED_EDGE('',*,*,#2195,.T.);
#3113=ORIENTED_EDGE('',*,*,#2199,.T.);
#3114=ORIENTED_EDGE('',*,*,#2042,.F.);
#3115=ORIENTED_EDGE('',*,*,#2013,.T.);
#3116=ORIENTED_EDGE('',*,*,#2200,.F.);
#3117=ORIENTED_EDGE('',*,*,#2201,.T.);
#3118=ORIENTED_EDGE('',*,*,#2200,.T.);
#3119=ORIENTED_EDGE('',*,*,#2014,.T.);
#3120=ORIENTED_EDGE('',*,*,#2202,.F.);
#3121=ORIENTED_EDGE('',*,*,#2203,.T.);
#3122=ORIENTED_EDGE('',*,*,#2202,.T.);
#3123=ORIENTED_EDGE('',*,*,#2057,.F.);
#3124=ORIENTED_EDGE('',*,*,#2204,.F.);
#3125=ORIENTED_EDGE('',*,*,#2205,.T.);
#3126=ORIENTED_EDGE('',*,*,#2204,.T.);
#3127=ORIENTED_EDGE('',*,*,#2008,.T.);
#3128=ORIENTED_EDGE('',*,*,#2206,.F.);
#3129=ORIENTED_EDGE('',*,*,#2207,.T.);
#3130=ORIENTED_EDGE('',*,*,#2206,.T.);
#3131=ORIENTED_EDGE('',*,*,#2056,.F.);
#3132=ORIENTED_EDGE('',*,*,#2208,.F.);
#3133=ORIENTED_EDGE('',*,*,#2209,.T.);
#3134=ORIENTED_EDGE('',*,*,#2208,.T.);
#3135=ORIENTED_EDGE('',*,*,#2004,.T.);
#3136=ORIENTED_EDGE('',*,*,#2210,.F.);
#3137=ORIENTED_EDGE('',*,*,#2211,.T.);
#3138=ORIENTED_EDGE('',*,*,#2210,.T.);
#3139=ORIENTED_EDGE('',*,*,#2000,.T.);
#3140=ORIENTED_EDGE('',*,*,#2212,.F.);
#3141=ORIENTED_EDGE('',*,*,#2213,.T.);
#3142=ORIENTED_EDGE('',*,*,#2212,.T.);
#3143=ORIENTED_EDGE('',*,*,#2031,.T.);
#3144=ORIENTED_EDGE('',*,*,#2214,.F.);
#3145=ORIENTED_EDGE('',*,*,#2215,.T.);
#3146=ORIENTED_EDGE('',*,*,#2214,.T.);
#3147=ORIENTED_EDGE('',*,*,#2034,.T.);
#3148=ORIENTED_EDGE('',*,*,#2216,.F.);
#3149=ORIENTED_EDGE('',*,*,#2217,.T.);
#3150=ORIENTED_EDGE('',*,*,#2216,.T.);
#3151=ORIENTED_EDGE('',*,*,#2037,.T.);
#3152=ORIENTED_EDGE('',*,*,#2218,.F.);
#3153=ORIENTED_EDGE('',*,*,#2219,.T.);
#3154=ORIENTED_EDGE('',*,*,#2218,.T.);
#3155=ORIENTED_EDGE('',*,*,#1997,.T.);
#3156=ORIENTED_EDGE('',*,*,#2220,.F.);
#3157=ORIENTED_EDGE('',*,*,#2221,.T.);
#3158=ORIENTED_EDGE('',*,*,#2220,.T.);
#3159=ORIENTED_EDGE('',*,*,#2028,.T.);
#3160=ORIENTED_EDGE('',*,*,#2222,.F.);
#3161=ORIENTED_EDGE('',*,*,#2223,.T.);
#3162=ORIENTED_EDGE('',*,*,#2222,.T.);
#3163=ORIENTED_EDGE('',*,*,#2059,.F.);
#3164=ORIENTED_EDGE('',*,*,#2224,.F.);
#3165=ORIENTED_EDGE('',*,*,#2225,.T.);
#3166=ORIENTED_EDGE('',*,*,#2224,.T.);
#3167=ORIENTED_EDGE('',*,*,#2026,.T.);
#3168=ORIENTED_EDGE('',*,*,#2226,.F.);
#3169=ORIENTED_EDGE('',*,*,#2227,.T.);
#3170=ORIENTED_EDGE('',*,*,#2226,.T.);
#3171=ORIENTED_EDGE('',*,*,#2058,.F.);
#3172=ORIENTED_EDGE('',*,*,#2228,.F.);
#3173=ORIENTED_EDGE('',*,*,#2229,.T.);
#3174=ORIENTED_EDGE('',*,*,#2228,.T.);
#3175=ORIENTED_EDGE('',*,*,#2017,.T.);
#3176=ORIENTED_EDGE('',*,*,#2230,.F.);
#3177=ORIENTED_EDGE('',*,*,#2231,.T.);
#3178=ORIENTED_EDGE('',*,*,#2230,.T.);
#3179=ORIENTED_EDGE('',*,*,#2023,.T.);
#3180=ORIENTED_EDGE('',*,*,#2232,.T.);
#3181=ORIENTED_EDGE('',*,*,#2233,.T.);
#3182=ORIENTED_EDGE('',*,*,#2234,.T.);
#3183=ORIENTED_EDGE('',*,*,#2235,.T.);
#3184=ORIENTED_EDGE('',*,*,#2232,.F.);
#3185=ORIENTED_EDGE('',*,*,#2086,.T.);
#3186=ORIENTED_EDGE('',*,*,#2103,.T.);
#3187=ORIENTED_EDGE('',*,*,#1945,.F.);
#3188=ORIENTED_EDGE('',*,*,#2092,.F.);
#3189=ORIENTED_EDGE('',*,*,#2087,.F.);
#3190=ORIENTED_EDGE('',*,*,#2236,.F.);
#3191=ORIENTED_EDGE('',*,*,#2043,.F.);
#3192=ORIENTED_EDGE('',*,*,#2201,.F.);
#3193=ORIENTED_EDGE('',*,*,#2203,.F.);
#3194=ORIENTED_EDGE('',*,*,#2205,.F.);
#3195=ORIENTED_EDGE('',*,*,#2207,.F.);
#3196=ORIENTED_EDGE('',*,*,#2209,.F.);
#3197=ORIENTED_EDGE('',*,*,#2211,.F.);
#3198=ORIENTED_EDGE('',*,*,#2213,.F.);
#3199=ORIENTED_EDGE('',*,*,#2215,.F.);
#3200=ORIENTED_EDGE('',*,*,#2217,.F.);
#3201=ORIENTED_EDGE('',*,*,#2219,.F.);
#3202=ORIENTED_EDGE('',*,*,#2221,.F.);
#3203=ORIENTED_EDGE('',*,*,#2223,.F.);
#3204=ORIENTED_EDGE('',*,*,#2225,.F.);
#3205=ORIENTED_EDGE('',*,*,#2227,.F.);
#3206=ORIENTED_EDGE('',*,*,#2229,.F.);
#3207=ORIENTED_EDGE('',*,*,#2231,.F.);
#3208=ORIENTED_EDGE('',*,*,#2233,.F.);
#3209=ORIENTED_EDGE('',*,*,#2235,.F.);
#3210=ORIENTED_EDGE('',*,*,#2237,.F.);
#3211=ORIENTED_EDGE('',*,*,#2099,.F.);
#3212=ORIENTED_EDGE('',*,*,#2082,.F.);
#3213=ORIENTED_EDGE('',*,*,#1942,.F.);
#3214=ORIENTED_EDGE('',*,*,#1939,.F.);
#3215=ORIENTED_EDGE('',*,*,#1936,.F.);
#3216=ORIENTED_EDGE('',*,*,#1933,.F.);
#3217=ORIENTED_EDGE('',*,*,#1930,.F.);
#3218=ORIENTED_EDGE('',*,*,#1927,.F.);
#3219=ORIENTED_EDGE('',*,*,#1924,.F.);
#3220=ORIENTED_EDGE('',*,*,#1921,.F.);
#3221=ORIENTED_EDGE('',*,*,#1917,.F.);
#3222=ORIENTED_EDGE('',*,*,#1958,.F.);
#3223=ORIENTED_EDGE('',*,*,#1955,.F.);
#3224=ORIENTED_EDGE('',*,*,#1952,.F.);
#3225=ORIENTED_EDGE('',*,*,#1949,.F.);
#3226=ORIENTED_EDGE('',*,*,#2101,.F.);
#3227=ORIENTED_EDGE('',*,*,#2039,.F.);
#3228=ORIENTED_EDGE('',*,*,#2236,.T.);
#3229=ORIENTED_EDGE('',*,*,#2091,.F.);
#3230=ORIENTED_EDGE('',*,*,#2102,.T.);
#3231=ORIENTED_EDGE('',*,*,#2100,.T.);
#3232=ORIENTED_EDGE('',*,*,#2237,.T.);
#3233=ORIENTED_EDGE('',*,*,#2234,.F.);
#3234=ORIENTED_EDGE('',*,*,#2238,.F.);
#3235=ORIENTED_EDGE('',*,*,#2239,.T.);
#3236=ORIENTED_EDGE('',*,*,#2240,.F.);
#3237=ORIENTED_EDGE('',*,*,#2241,.F.);
#3238=ORIENTED_EDGE('',*,*,#2242,.F.);
#3239=ORIENTED_EDGE('',*,*,#2243,.F.);
#3240=ORIENTED_EDGE('',*,*,#2240,.T.);
#3241=ORIENTED_EDGE('',*,*,#2244,.T.);
#3242=ORIENTED_EDGE('',*,*,#2245,.F.);
#3243=ORIENTED_EDGE('',*,*,#2246,.F.);
#3244=ORIENTED_EDGE('',*,*,#2244,.F.);
#3245=ORIENTED_EDGE('',*,*,#2239,.F.);
#3246=ORIENTED_EDGE('',*,*,#2245,.T.);
#3247=ORIENTED_EDGE('',*,*,#2238,.T.);
#3248=ORIENTED_EDGE('',*,*,#2247,.T.);
#3249=ORIENTED_EDGE('',*,*,#2248,.T.);
#3250=ORIENTED_EDGE('',*,*,#2249,.F.);
#3251=ORIENTED_EDGE('',*,*,#2250,.F.);
#3252=ORIENTED_EDGE('',*,*,#2241,.T.);
#3253=ORIENTED_EDGE('',*,*,#2243,.T.);
#3254=ORIENTED_EDGE('',*,*,#2251,.F.);
#3255=ORIENTED_EDGE('',*,*,#2252,.F.);
#3256=ORIENTED_EDGE('',*,*,#2253,.F.);
#3257=ORIENTED_EDGE('',*,*,#2254,.F.);
#3258=ORIENTED_EDGE('',*,*,#2255,.F.);
#3259=ORIENTED_EDGE('',*,*,#2256,.F.);
#3260=ORIENTED_EDGE('',*,*,#2257,.F.);
#3261=ORIENTED_EDGE('',*,*,#2258,.F.);
#3262=ORIENTED_EDGE('',*,*,#2259,.F.);
#3263=ORIENTED_EDGE('',*,*,#2260,.F.);
#3264=ORIENTED_EDGE('',*,*,#2247,.F.);
#3265=ORIENTED_EDGE('',*,*,#2260,.T.);
#3266=ORIENTED_EDGE('',*,*,#2261,.T.);
#3267=ORIENTED_EDGE('',*,*,#2262,.F.);
#3268=ORIENTED_EDGE('',*,*,#2248,.F.);
#3269=ORIENTED_EDGE('',*,*,#2259,.T.);
#3270=ORIENTED_EDGE('',*,*,#2263,.T.);
#3271=ORIENTED_EDGE('',*,*,#2264,.F.);
#3272=ORIENTED_EDGE('',*,*,#2261,.F.);
#3273=ORIENTED_EDGE('',*,*,#2258,.T.);
#3274=ORIENTED_EDGE('',*,*,#2265,.T.);
#3275=ORIENTED_EDGE('',*,*,#2266,.F.);
#3276=ORIENTED_EDGE('',*,*,#2263,.F.);
#3277=ORIENTED_EDGE('',*,*,#2257,.T.);
#3278=ORIENTED_EDGE('',*,*,#2267,.T.);
#3279=ORIENTED_EDGE('',*,*,#2268,.F.);
#3280=ORIENTED_EDGE('',*,*,#2265,.F.);
#3281=ORIENTED_EDGE('',*,*,#2256,.T.);
#3282=ORIENTED_EDGE('',*,*,#2269,.T.);
#3283=ORIENTED_EDGE('',*,*,#2270,.F.);
#3284=ORIENTED_EDGE('',*,*,#2267,.F.);
#3285=ORIENTED_EDGE('',*,*,#2255,.T.);
#3286=ORIENTED_EDGE('',*,*,#2271,.T.);
#3287=ORIENTED_EDGE('',*,*,#2272,.F.);
#3288=ORIENTED_EDGE('',*,*,#2269,.F.);
#3289=ORIENTED_EDGE('',*,*,#2246,.T.);
#3290=ORIENTED_EDGE('',*,*,#2250,.T.);
#3291=ORIENTED_EDGE('',*,*,#2273,.F.);
#3292=ORIENTED_EDGE('',*,*,#2274,.F.);
#3293=ORIENTED_EDGE('',*,*,#2251,.T.);
#3294=ORIENTED_EDGE('',*,*,#2242,.T.);
#3295=ORIENTED_EDGE('',*,*,#2252,.T.);
#3296=ORIENTED_EDGE('',*,*,#2274,.T.);
#3297=ORIENTED_EDGE('',*,*,#2275,.F.);
#3298=ORIENTED_EDGE('',*,*,#2276,.F.);
#3299=ORIENTED_EDGE('',*,*,#2253,.T.);
#3300=ORIENTED_EDGE('',*,*,#2276,.T.);
#3301=ORIENTED_EDGE('',*,*,#2277,.F.);
#3302=ORIENTED_EDGE('',*,*,#2278,.F.);
#3303=ORIENTED_EDGE('',*,*,#2254,.T.);
#3304=ORIENTED_EDGE('',*,*,#2278,.T.);
#3305=ORIENTED_EDGE('',*,*,#2279,.F.);
#3306=ORIENTED_EDGE('',*,*,#2271,.F.);
#3307=ORIENTED_EDGE('',*,*,#2272,.T.);
#3308=ORIENTED_EDGE('',*,*,#2279,.T.);
#3309=ORIENTED_EDGE('',*,*,#2277,.T.);
#3310=ORIENTED_EDGE('',*,*,#2275,.T.);
#3311=ORIENTED_EDGE('',*,*,#2273,.T.);
#3312=ORIENTED_EDGE('',*,*,#2249,.T.);
#3313=ORIENTED_EDGE('',*,*,#2262,.T.);
#3314=ORIENTED_EDGE('',*,*,#2264,.T.);
#3315=ORIENTED_EDGE('',*,*,#2266,.T.);
#3316=ORIENTED_EDGE('',*,*,#2268,.T.);
#3317=ORIENTED_EDGE('',*,*,#2270,.T.);
#3318=ORIENTED_EDGE('',*,*,#2280,.F.);
#3319=ORIENTED_EDGE('',*,*,#2281,.F.);
#3320=ORIENTED_EDGE('',*,*,#2282,.F.);
#3321=ORIENTED_EDGE('',*,*,#2283,.F.);
#3322=ORIENTED_EDGE('',*,*,#2284,.F.);
#3323=ORIENTED_EDGE('',*,*,#2285,.F.);
#3324=ORIENTED_EDGE('',*,*,#2286,.F.);
#3325=ORIENTED_EDGE('',*,*,#2281,.T.);
#3326=ORIENTED_EDGE('',*,*,#2283,.T.);
#3327=ORIENTED_EDGE('',*,*,#2287,.T.);
#3328=ORIENTED_EDGE('',*,*,#2288,.F.);
#3329=ORIENTED_EDGE('',*,*,#2289,.F.);
#3330=ORIENTED_EDGE('',*,*,#2282,.T.);
#3331=ORIENTED_EDGE('',*,*,#2286,.T.);
#3332=ORIENTED_EDGE('',*,*,#2290,.T.);
#3333=ORIENTED_EDGE('',*,*,#2291,.T.);
#3334=ORIENTED_EDGE('',*,*,#2292,.F.);
#3335=ORIENTED_EDGE('',*,*,#2287,.F.);
#3336=ORIENTED_EDGE('',*,*,#2285,.T.);
#3337=ORIENTED_EDGE('',*,*,#2293,.F.);
#3338=ORIENTED_EDGE('',*,*,#2294,.F.);
#3339=ORIENTED_EDGE('',*,*,#2290,.F.);
#3340=ORIENTED_EDGE('',*,*,#2294,.T.);
#3341=ORIENTED_EDGE('',*,*,#2295,.T.);
#3342=ORIENTED_EDGE('',*,*,#2296,.F.);
#3343=ORIENTED_EDGE('',*,*,#2291,.F.);
#3344=ORIENTED_EDGE('',*,*,#2280,.T.);
#3345=ORIENTED_EDGE('',*,*,#2289,.T.);
#3346=ORIENTED_EDGE('',*,*,#2297,.F.);
#3347=ORIENTED_EDGE('',*,*,#2295,.F.);
#3348=ORIENTED_EDGE('',*,*,#2293,.T.);
#3349=ORIENTED_EDGE('',*,*,#2284,.T.);
#3350=ORIENTED_EDGE('',*,*,#2297,.T.);
#3351=ORIENTED_EDGE('',*,*,#2288,.T.);
#3352=ORIENTED_EDGE('',*,*,#2292,.T.);
#3353=ORIENTED_EDGE('',*,*,#2296,.T.);
#3354=PLANE('',#3674);
#3355=PLANE('',#3675);
#3356=PLANE('',#3676);
#3357=PLANE('',#3677);
#3358=PLANE('',#3678);
#3359=PLANE('',#3679);
#3360=PLANE('',#3680);
#3361=PLANE('',#3681);
#3362=PLANE('',#3682);
#3363=PLANE('',#3683);
#3364=PLANE('',#3684);
#3365=PLANE('',#3685);
#3366=PLANE('',#3689);
#3367=PLANE('',#3690);
#3368=PLANE('',#3691);
#3369=PLANE('',#3710);
#3370=PLANE('',#3711);
#3371=PLANE('',#3716);
#3372=PLANE('',#3719);
#3373=PLANE('',#3722);
#3374=PLANE('',#3725);
#3375=PLANE('',#3728);
#3376=PLANE('',#3731);
#3377=PLANE('',#3736);
#3378=PLANE('',#3737);
#3379=PLANE('',#3738);
#3380=PLANE('',#3739);
#3381=PLANE('',#3749);
#3382=PLANE('',#3752);
#3383=PLANE('',#3754);
#3384=PLANE('',#3756);
#3385=PLANE('',#3758);
#3386=PLANE('',#3760);
#3387=PLANE('',#3762);
#3388=PLANE('',#3765);
#3389=PLANE('',#3766);
#3390=PLANE('',#3770);
#3391=PLANE('',#3774);
#3392=PLANE('',#3778);
#3393=PLANE('',#3779);
#3394=PLANE('',#3783);
#3395=PLANE('',#3784);
#3396=PLANE('',#3786);
#3397=PLANE('',#3790);
#3398=PLANE('',#3791);
#3399=PLANE('',#3851);
#3400=PLANE('',#3853);
#3401=PLANE('',#3871);
#3402=PLANE('',#3874);
#3403=PLANE('',#3877);
#3404=PLANE('',#3880);
#3405=PLANE('',#3883);
#3406=PLANE('',#3886);
#3407=PLANE('',#3891);
#3408=PLANE('',#3892);
#3409=PLANE('',#3898);
#3410=PLANE('',#3900);
#3411=PLANE('',#3901);
#3412=PLANE('',#3903);
#3413=PLANE('',#3905);
#3414=PLANE('',#3906);
#3415=PLANE('',#3909);
#3416=PLANE('',#3910);
#3417=PLANE('',#3917);
#3418=PLANE('',#3919);
#3419=PLANE('',#3924);
#3420=PLANE('',#3927);
#3421=PLANE('',#3930);
#3422=PLANE('',#3933);
#3423=PLANE('',#3936);
#3424=PLANE('',#3939);
#3425=PLANE('',#3944);
#3426=PLANE('',#3945);
#3427=PLANE('',#3946);
#3428=PLANE('',#3947);
#3429=PLANE('',#3948);
#3430=PLANE('',#3952);
#3431=PLANE('',#3953);
#3432=PLANE('',#3959);
#3433=PLANE('',#3965);
#3434=PLANE('',#3968);
#3435=PLANE('',#3971);
#3436=PLANE('',#3976);
#3437=PLANE('',#3979);
#3438=PLANE('',#3980);
#3439=PLANE('',#3981);
#3440=PLANE('',#3988);
#3441=PLANE('',#3989);
#3442=PLANE('',#3993);
#3443=PLANE('',#3994);
#3444=ADVANCED_FACE('',(#373),#3354,.T.);
#3445=ADVANCED_FACE('',(#374),#3355,.T.);
#3446=ADVANCED_FACE('',(#375),#3356,.T.);
#3447=ADVANCED_FACE('',(#376),#3357,.T.);
#3448=ADVANCED_FACE('',(#377),#3358,.F.);
#3449=ADVANCED_FACE('',(#378),#3359,.F.);
#3450=ADVANCED_FACE('',(#379),#3360,.F.);
#3451=ADVANCED_FACE('',(#380),#3361,.F.);
#3452=ADVANCED_FACE('',(#381),#3362,.T.);
#3453=ADVANCED_FACE('',(#382),#3363,.T.);
#3454=ADVANCED_FACE('',(#383),#3364,.T.);
#3455=ADVANCED_FACE('',(#384),#3365,.T.);
#3456=ADVANCED_FACE('',(#385),#295,.F.);
#3457=ADVANCED_FACE('',(#386),#3366,.F.);
#3458=ADVANCED_FACE('',(#387),#3367,.F.);
#3459=ADVANCED_FACE('',(#388),#3368,.T.);
#3460=ADVANCED_FACE('',(#389),#3369,.T.);
#3461=ADVANCED_FACE('',(#390,#135),#3370,.T.);
#3462=ADVANCED_FACE('',(#391),#296,.T.);
#3463=ADVANCED_FACE('',(#392),#297,.F.);
#3464=ADVANCED_FACE('',(#393,#136),#3371,.T.);
#3465=ADVANCED_FACE('',(#394),#298,.F.);
#3466=ADVANCED_FACE('',(#395),#3372,.T.);
#3467=ADVANCED_FACE('',(#396),#299,.T.);
#3468=ADVANCED_FACE('',(#397),#3373,.T.);
#3469=ADVANCED_FACE('',(#398),#300,.F.);
#3470=ADVANCED_FACE('',(#399),#3374,.T.);
#3471=ADVANCED_FACE('',(#400),#301,.T.);
#3472=ADVANCED_FACE('',(#401),#3375,.T.);
#3473=ADVANCED_FACE('',(#402),#302,.F.);
#3474=ADVANCED_FACE('',(#403,#137),#3376,.T.);
#3475=ADVANCED_FACE('',(#404),#303,.F.);
#3476=ADVANCED_FACE('',(#405),#304,.T.);
#3477=ADVANCED_FACE('',(#406,#138),#3377,.T.);
#3478=ADVANCED_FACE('',(#407),#3378,.F.);
#3479=ADVANCED_FACE('',(#408),#3379,.F.);
#3480=ADVANCED_FACE('',(#409),#3380,.F.);
#3481=ADVANCED_FACE('',(#410),#3381,.T.);
#3482=ADVANCED_FACE('',(#411),#305,.F.);
#3483=ADVANCED_FACE('',(#412),#306,.T.);
#3484=ADVANCED_FACE('',(#413),#3382,.T.);
#3485=ADVANCED_FACE('',(#414),#307,.T.);
#3486=ADVANCED_FACE('',(#415),#3383,.T.);
#3487=ADVANCED_FACE('',(#416),#308,.F.);
#3488=ADVANCED_FACE('',(#417),#3384,.T.);
#3489=ADVANCED_FACE('',(#418),#309,.T.);
#3490=ADVANCED_FACE('',(#419),#3385,.T.);
#3491=ADVANCED_FACE('',(#420),#310,.F.);
#3492=ADVANCED_FACE('',(#421),#3386,.T.);
#3493=ADVANCED_FACE('',(#422),#311,.T.);
#3494=ADVANCED_FACE('',(#423),#3387,.T.);
#3495=ADVANCED_FACE('',(#424),#312,.T.);
#3496=ADVANCED_FACE('',(#425),#313,.F.);
#3497=ADVANCED_FACE('',(#426),#3388,.T.);
#3498=ADVANCED_FACE('',(#427),#3389,.T.);
#3499=ADVANCED_FACE('',(#428),#314,.T.);
#3500=ADVANCED_FACE('',(#429),#3390,.T.);
#3501=ADVANCED_FACE('',(#430),#315,.F.);
#3502=ADVANCED_FACE('',(#431),#3391,.T.);
#3503=ADVANCED_FACE('',(#432),#316,.T.);
#3504=ADVANCED_FACE('',(#433),#3392,.T.);
#3505=ADVANCED_FACE('',(#434),#3393,.T.);
#3506=ADVANCED_FACE('',(#435),#317,.T.);
#3507=ADVANCED_FACE('',(#436),#3394,.T.);
#3508=ADVANCED_FACE('',(#437),#3395,.T.);
#3509=ADVANCED_FACE('',(#438),#3396,.T.);
#3510=ADVANCED_FACE('',(#439),#318,.T.);
#3511=ADVANCED_FACE('',(#440),#3397,.T.);
#3512=ADVANCED_FACE('',(#441),#3398,.T.);
#3513=ADVANCED_FACE('',(#442),#319,.T.);
#3514=ADVANCED_FACE('',(#443),#119,.T.);
#3515=ADVANCED_FACE('',(#444),#320,.T.);
#3516=ADVANCED_FACE('',(#445),#321,.T.);
#3517=ADVANCED_FACE('',(#446),#322,.T.);
#3518=ADVANCED_FACE('',(#447),#120,.T.);
#3519=ADVANCED_FACE('',(#448),#121,.T.);
#3520=ADVANCED_FACE('',(#449),#323,.T.);
#3521=ADVANCED_FACE('',(#450),#324,.T.);
#3522=ADVANCED_FACE('',(#451,#139),#325,.T.);
#3523=ADVANCED_FACE('',(#452),#13,.F.);
#3524=ADVANCED_FACE('',(#453),#14,.F.);
#3525=ADVANCED_FACE('',(#454),#15,.T.);
#3526=ADVANCED_FACE('',(#455),#16,.T.);
#3527=ADVANCED_FACE('',(#456),#326,.F.);
#3528=ADVANCED_FACE('',(#457),#327,.F.);
#3529=ADVANCED_FACE('',(#458),#328,.F.);
#3530=ADVANCED_FACE('',(#459),#122,.F.);
#3531=ADVANCED_FACE('',(#460),#123,.F.);
#3532=ADVANCED_FACE('',(#461),#329,.F.);
#3533=ADVANCED_FACE('',(#462),#330,.F.);
#3534=ADVANCED_FACE('',(#463),#331,.F.);
#3535=ADVANCED_FACE('',(#464),#332,.F.);
#3536=ADVANCED_FACE('',(#465),#124,.F.);
#3537=ADVANCED_FACE('',(#466),#333,.F.);
#3538=ADVANCED_FACE('',(#467),#3399,.F.);
#3539=ADVANCED_FACE('',(#468,#140,#141,#142,#143),#3400,.F.);
#3540=ADVANCED_FACE('',(#469),#17,.F.);
#3541=ADVANCED_FACE('',(#470),#18,.F.);
#3542=ADVANCED_FACE('',(#471),#19,.F.);
#3543=ADVANCED_FACE('',(#472),#20,.F.);
#3544=ADVANCED_FACE('',(#473),#334,.F.);
#3545=ADVANCED_FACE('',(#474),#335,.F.);
#3546=ADVANCED_FACE('',(#475),#336,.F.);
#3547=ADVANCED_FACE('',(#476),#3401,.F.);
#3548=ADVANCED_FACE('',(#477),#337,.F.);
#3549=ADVANCED_FACE('',(#478),#3402,.F.);
#3550=ADVANCED_FACE('',(#479),#338,.F.);
#3551=ADVANCED_FACE('',(#480),#3403,.F.);
#3552=ADVANCED_FACE('',(#481),#339,.F.);
#3553=ADVANCED_FACE('',(#482),#3404,.F.);
#3554=ADVANCED_FACE('',(#483),#340,.F.);
#3555=ADVANCED_FACE('',(#484),#3405,.T.);
#3556=ADVANCED_FACE('',(#485),#341,.F.);
#3557=ADVANCED_FACE('',(#486),#3406,.T.);
#3558=ADVANCED_FACE('',(#487),#342,.T.);
#3559=ADVANCED_FACE('',(#488),#3407,.T.);
#3560=ADVANCED_FACE('',(#489),#3408,.F.);
#3561=ADVANCED_FACE('',(#490),#343,.F.);
#3562=ADVANCED_FACE('',(#491),#344,.T.);
#3563=ADVANCED_FACE('',(#492),#21,.T.);
#3564=ADVANCED_FACE('',(#493),#22,.T.);
#3565=ADVANCED_FACE('',(#494),#23,.T.);
#3566=ADVANCED_FACE('',(#495),#24,.T.);
#3567=ADVANCED_FACE('',(#496),#25,.T.);
#3568=ADVANCED_FACE('',(#497),#345,.T.);
#3569=ADVANCED_FACE('',(#498),#3409,.T.);
#3570=ADVANCED_FACE('',(#499),#26,.T.);
#3571=ADVANCED_FACE('',(#500),#27,.T.);
#3572=ADVANCED_FACE('',(#501),#28,.T.);
#3573=ADVANCED_FACE('',(#502),#346,.T.);
#3574=ADVANCED_FACE('',(#503),#29,.T.);
#3575=ADVANCED_FACE('',(#504),#30,.T.);
#3576=ADVANCED_FACE('',(#505),#3410,.T.);
#3577=ADVANCED_FACE('',(#506),#31,.T.);
#3578=ADVANCED_FACE('',(#507),#32,.T.);
#3579=ADVANCED_FACE('',(#508),#33,.T.);
#3580=ADVANCED_FACE('',(#509),#34,.T.);
#3581=ADVANCED_FACE('',(#510),#3411,.T.);
#3582=ADVANCED_FACE('',(#511),#347,.T.);
#3583=ADVANCED_FACE('',(#512),#35,.T.);
#3584=ADVANCED_FACE('',(#513),#36,.T.);
#3585=ADVANCED_FACE('',(#514),#37,.T.);
#3586=ADVANCED_FACE('',(#515),#38,.T.);
#3587=ADVANCED_FACE('',(#516),#3412,.T.);
#3588=ADVANCED_FACE('',(#517),#348,.T.);
#3589=ADVANCED_FACE('',(#518),#39,.T.);
#3590=ADVANCED_FACE('',(#519),#3413,.F.);
#3591=ADVANCED_FACE('',(#520),#40,.T.);
#3592=ADVANCED_FACE('',(#521),#41,.T.);
#3593=ADVANCED_FACE('',(#522),#42,.T.);
#3594=ADVANCED_FACE('',(#523),#3414,.T.);
#3595=ADVANCED_FACE('',(#524),#125,.T.);
#3596=ADVANCED_FACE('',(#525),#3415,.T.);
#3597=ADVANCED_FACE('',(#526,#144,#145,#146,#147,#148),#3416,.T.);
#3598=ADVANCED_FACE('',(#527),#349,.T.);
#3599=ADVANCED_FACE('',(#528),#350,.T.);
#3600=ADVANCED_FACE('',(#529),#351,.T.);
#3601=ADVANCED_FACE('',(#530),#43,.F.);
#3602=ADVANCED_FACE('',(#531),#44,.F.);
#3603=ADVANCED_FACE('',(#532),#45,.F.);
#3604=ADVANCED_FACE('',(#533),#46,.F.);
#3605=ADVANCED_FACE('',(#534),#47,.T.);
#3606=ADVANCED_FACE('',(#535),#48,.T.);
#3607=ADVANCED_FACE('',(#536),#49,.T.);
#3608=ADVANCED_FACE('',(#537),#50,.T.);
#3609=ADVANCED_FACE('',(#538),#352,.T.);
#3610=ADVANCED_FACE('',(#539),#3417,.T.);
#3611=ADVANCED_FACE('',(#540),#353,.T.);
#3612=ADVANCED_FACE('',(#541),#3418,.F.);
#3613=ADVANCED_FACE('',(#542),#354,.F.);
#3614=ADVANCED_FACE('',(#543),#355,.T.);
#3615=ADVANCED_FACE('',(#544),#3419,.F.);
#3616=ADVANCED_FACE('',(#545),#356,.T.);
#3617=ADVANCED_FACE('',(#546),#3420,.F.);
#3618=ADVANCED_FACE('',(#547),#357,.F.);
#3619=ADVANCED_FACE('',(#548),#3421,.F.);
#3620=ADVANCED_FACE('',(#549),#358,.T.);
#3621=ADVANCED_FACE('',(#550),#3422,.F.);
#3622=ADVANCED_FACE('',(#551),#359,.F.);
#3623=ADVANCED_FACE('',(#552),#3423,.F.);
#3624=ADVANCED_FACE('',(#553),#360,.T.);
#3625=ADVANCED_FACE('',(#554),#3424,.F.);
#3626=ADVANCED_FACE('',(#555),#361,.T.);
#3627=ADVANCED_FACE('',(#556),#362,.F.);
#3628=ADVANCED_FACE('',(#557),#3425,.F.);
#3629=ADVANCED_FACE('',(#558),#3426,.F.);
#3630=ADVANCED_FACE('',(#559),#3427,.F.);
#3631=ADVANCED_FACE('',(#560),#3428,.F.);
#3632=ADVANCED_FACE('',(#561),#3429,.F.);
#3633=ADVANCED_FACE('',(#562),#363,.F.);
#3634=ADVANCED_FACE('',(#563),#3430,.F.);
#3635=ADVANCED_FACE('',(#564),#3431,.F.);
#3636=ADVANCED_FACE('',(#565),#364,.F.);
#3637=ADVANCED_FACE('',(#566),#3432,.T.);
#3638=ADVANCED_FACE('',(#567),#3433,.T.);
#3639=ADVANCED_FACE('',(#568),#365,.T.);
#3640=ADVANCED_FACE('',(#569),#3434,.T.);
#3641=ADVANCED_FACE('',(#570),#366,.F.);
#3642=ADVANCED_FACE('',(#571),#3435,.T.);
#3643=ADVANCED_FACE('',(#572),#367,.T.);
#3644=ADVANCED_FACE('',(#573),#368,.T.);
#3645=ADVANCED_FACE('',(#574),#3436,.T.);
#3646=ADVANCED_FACE('',(#575),#369,.F.);
#3647=ADVANCED_FACE('',(#576),#3437,.T.);
#3648=ADVANCED_FACE('',(#577),#3438,.F.);
#3649=ADVANCED_FACE('',(#578),#3439,.F.);
#3650=ADVANCED_FACE('',(#579),#370,.F.);
#3651=ADVANCED_FACE('',(#580),#371,.F.);
#3652=ADVANCED_FACE('',(#581),#3440,.T.);
#3653=ADVANCED_FACE('',(#582),#3441,.T.);
#3654=ADVANCED_FACE('',(#583),#372,.T.);
#3655=ADVANCED_FACE('',(#584),#3442,.T.);
#3656=ADVANCED_FACE('',(#585),#3443,.F.);
#3657=CLOSED_SHELL('',(#3444,#3445,#3446,#3447,#3448,#3449,#3450,#3451,
#3452,#3453,#3454,#3455,#3456,#3457,#3458,#3459,#3460,#3461,#3462,#3463,
#3464,#3465,#3466,#3467,#3468,#3469,#3470,#3471,#3472,#3473,#3474,#3475,
#3476,#3477,#3478,#3479,#3480,#3481,#3482,#3483,#3484,#3485,#3486,#3487,
#3488,#3489,#3490,#3491,#3492,#3493,#3494,#3495,#3496,#3497,#3498));
#3658=CLOSED_SHELL('',(#3499,#3500,#3501,#3502,#3503,#3504,#3505,#3506,
#3507,#3508,#3509,#3510,#3511,#3512,#3513,#3514,#3515,#3516,#3517,#3518,
#3519,#3520,#3521,#3522,#3523,#3524,#3525,#3526,#3527,#3528,#3529,#3530,
#3531,#3532,#3533,#3534,#3535,#3536,#3537,#3538,#3539,#3540,#3541,#3542,
#3543,#3544,#3545,#3546,#3547,#3548,#3549,#3550,#3551,#3552,#3553,#3554,
#3555,#3556,#3557,#3558,#3559,#3560,#3561,#3562,#3563,#3564,#3565,#3566,
#3567,#3568,#3569,#3570,#3571,#3572,#3573,#3574,#3575,#3576,#3577,#3578,
#3579,#3580,#3581,#3582,#3583,#3584,#3585,#3586,#3587,#3588,#3589,#3590,
#3591,#3592,#3593,#3594,#3595,#3596,#3597,#3598,#3599,#3600,#3601,#3602,
#3603,#3604,#3605,#3606,#3607,#3608,#3609,#3610,#3611,#3612,#3613,#3614,
#3615,#3616,#3617,#3618,#3619,#3620,#3621,#3622,#3623,#3624,#3625,#3626,
#3627,#3628,#3629,#3630,#3631,#3632));
#3659=CLOSED_SHELL('',(#3633,#3634,#3635,#3636,#3637,#3638,#3639,#3640,
#3641,#3642,#3643,#3644,#3645,#3646,#3647,#3648));
#3660=CLOSED_SHELL('',(#3649,#3650,#3651,#3652,#3653,#3654,#3655,#3656));
#3661=DERIVED_UNIT_ELEMENT(#3663,1.);
#3662=DERIVED_UNIT_ELEMENT(#7616,-3.);
#3663=(
MASS_UNIT()
NAMED_UNIT(*)
SI_UNIT(.KILO.,.GRAM.)
);
#3664=DERIVED_UNIT((#3661,#3662));
#3665=MEASURE_REPRESENTATION_ITEM('density measure',
POSITIVE_RATIO_MEASURE(7850.),#3664);
#3666=PROPERTY_DEFINITION_REPRESENTATION(#3671,#3668);
#3667=PROPERTY_DEFINITION_REPRESENTATION(#3672,#3669);
#3668=REPRESENTATION('material name',(#3670),#7611);
#3669=REPRESENTATION('density',(#3665),#7611);
#3670=DESCRIPTIVE_REPRESENTATION_ITEM('Steel','Steel');
#3671=PROPERTY_DEFINITION('material property','material name',#7624);
#3672=PROPERTY_DEFINITION('material property','density of part',#7624);
#3673=AXIS2_PLACEMENT_3D('',#4953,#3995,#3996);
#3674=AXIS2_PLACEMENT_3D('',#4954,#3997,#3998);
#3675=AXIS2_PLACEMENT_3D('',#4961,#4002,#4003);
#3676=AXIS2_PLACEMENT_3D('',#4967,#4007,#4008);
#3677=AXIS2_PLACEMENT_3D('',#4971,#4011,#4012);
#3678=AXIS2_PLACEMENT_3D('',#4973,#4014,#4015);
#3679=AXIS2_PLACEMENT_3D('',#4980,#4019,#4020);
#3680=AXIS2_PLACEMENT_3D('',#4986,#4024,#4025);
#3681=AXIS2_PLACEMENT_3D('',#4990,#4028,#4029);
#3682=AXIS2_PLACEMENT_3D('',#4992,#4031,#4032);
#3683=AXIS2_PLACEMENT_3D('',#4999,#4036,#4037);
#3684=AXIS2_PLACEMENT_3D('',#5005,#4041,#4042);
#3685=AXIS2_PLACEMENT_3D('',#5009,#4045,#4046);
#3686=AXIS2_PLACEMENT_3D('',#5011,#4048,#4049);
#3687=AXIS2_PLACEMENT_3D('',#5014,#4050,#4051);
#3688=AXIS2_PLACEMENT_3D('',#5018,#4053,#4054);
#3689=AXIS2_PLACEMENT_3D('',#5020,#4056,#4057);
#3690=AXIS2_PLACEMENT_3D('',#5026,#4061,#4062);
#3691=AXIS2_PLACEMENT_3D('',#5030,#4065,#4066);
#3692=AXIS2_PLACEMENT_3D('',#5039,#4070,#4071);
#3693=AXIS2_PLACEMENT_3D('',#5041,#4072,#4073);
#3694=AXIS2_PLACEMENT_3D('',#5045,#4075,#4076);
#3695=AXIS2_PLACEMENT_3D('',#5049,#4078,#4079);
#3696=AXIS2_PLACEMENT_3D('',#5053,#4081,#4082);
#3697=AXIS2_PLACEMENT_3D('',#5057,#4084,#4085);
#3698=AXIS2_PLACEMENT_3D('',#5061,#4087,#4088);
#3699=AXIS2_PLACEMENT_3D('',#5065,#4090,#4091);
#3700=AXIS2_PLACEMENT_3D('',#5067,#4092,#4093);
#3701=AXIS2_PLACEMENT_3D('',#5075,#4097,#4098);
#3702=AXIS2_PLACEMENT_3D('',#5077,#4099,#4100);
#3703=AXIS2_PLACEMENT_3D('',#5081,#4102,#4103);
#3704=AXIS2_PLACEMENT_3D('',#5085,#4105,#4106);
#3705=AXIS2_PLACEMENT_3D('',#5089,#4108,#4109);
#3706=AXIS2_PLACEMENT_3D('',#5093,#4111,#4112);
#3707=AXIS2_PLACEMENT_3D('',#5097,#4114,#4115);
#3708=AXIS2_PLACEMENT_3D('',#5101,#4117,#4118);
#3709=AXIS2_PLACEMENT_3D('',#5102,#4119,#4120);
#3710=AXIS2_PLACEMENT_3D('',#5103,#4121,#4122);
#3711=AXIS2_PLACEMENT_3D('',#5109,#4126,#4127);
#3712=AXIS2_PLACEMENT_3D('',#5113,#4130,#4131);
#3713=AXIS2_PLACEMENT_3D('',#5116,#4133,#4134);
#3714=AXIS2_PLACEMENT_3D('',#5117,#4135,#4136);
#3715=AXIS2_PLACEMENT_3D('',#5120,#4138,#4139);
#3716=AXIS2_PLACEMENT_3D('',#5121,#4140,#4141);
#3717=AXIS2_PLACEMENT_3D('',#5125,#4144,#4145);
#3718=AXIS2_PLACEMENT_3D('',#5128,#4147,#4148);
#3719=AXIS2_PLACEMENT_3D('',#5129,#4149,#4150);
#3720=AXIS2_PLACEMENT_3D('',#5133,#4153,#4154);
#3721=AXIS2_PLACEMENT_3D('',#5136,#4156,#4157);
#3722=AXIS2_PLACEMENT_3D('',#5137,#4158,#4159);
#3723=AXIS2_PLACEMENT_3D('',#5141,#4162,#4163);
#3724=AXIS2_PLACEMENT_3D('',#5144,#4165,#4166);
#3725=AXIS2_PLACEMENT_3D('',#5145,#4167,#4168);
#3726=AXIS2_PLACEMENT_3D('',#5149,#4171,#4172);
#3727=AXIS2_PLACEMENT_3D('',#5152,#4174,#4175);
#3728=AXIS2_PLACEMENT_3D('',#5153,#4176,#4177);
#3729=AXIS2_PLACEMENT_3D('',#5157,#4180,#4181);
#3730=AXIS2_PLACEMENT_3D('',#5160,#4183,#4184);
#3731=AXIS2_PLACEMENT_3D('',#5161,#4185,#4186);
#3732=AXIS2_PLACEMENT_3D('',#5165,#4189,#4190);
#3733=AXIS2_PLACEMENT_3D('',#5168,#4192,#4193);
#3734=AXIS2_PLACEMENT_3D('',#5169,#4194,#4195);
#3735=AXIS2_PLACEMENT_3D('',#5172,#4197,#4198);
#3736=AXIS2_PLACEMENT_3D('',#5173,#4199,#4200);
#3737=AXIS2_PLACEMENT_3D('',#5180,#4205,#4206);
#3738=AXIS2_PLACEMENT_3D('',#5182,#4208,#4209);
#3739=AXIS2_PLACEMENT_3D('',#5183,#4210,#4211);
#3740=AXIS2_PLACEMENT_3D('',#5188,#4213,#4214);
#3741=AXIS2_PLACEMENT_3D('',#5190,#4215,#4216);
#3742=AXIS2_PLACEMENT_3D('',#5194,#4218,#4219);
#3743=AXIS2_PLACEMENT_3D('',#5198,#4221,#4222);
#3744=AXIS2_PLACEMENT_3D('',#5202,#4224,#4225);
#3745=AXIS2_PLACEMENT_3D('',#5206,#4227,#4228);
#3746=AXIS2_PLACEMENT_3D('',#5210,#4230,#4231);
#3747=AXIS2_PLACEMENT_3D('',#5214,#4233,#4234);
#3748=AXIS2_PLACEMENT_3D('',#5216,#4235,#4236);
#3749=AXIS2_PLACEMENT_3D('',#5219,#4239,#4240);
#3750=AXIS2_PLACEMENT_3D('',#5221,#4242,#4243);
#3751=AXIS2_PLACEMENT_3D('',#5223,#4245,#4246);
#3752=AXIS2_PLACEMENT_3D('',#5225,#4248,#4249);
#3753=AXIS2_PLACEMENT_3D('',#5227,#4251,#4252);
#3754=AXIS2_PLACEMENT_3D('',#5229,#4254,#4255);
#3755=AXIS2_PLACEMENT_3D('',#5231,#4257,#4258);
#3756=AXIS2_PLACEMENT_3D('',#5233,#4260,#4261);
#3757=AXIS2_PLACEMENT_3D('',#5235,#4263,#4264);
#3758=AXIS2_PLACEMENT_3D('',#5237,#4266,#4267);
#3759=AXIS2_PLACEMENT_3D('',#5239,#4269,#4270);
#3760=AXIS2_PLACEMENT_3D('',#5241,#4272,#4273);
#3761=AXIS2_PLACEMENT_3D('',#5243,#4275,#4276);
#3762=AXIS2_PLACEMENT_3D('',#5245,#4278,#4279);
#3763=AXIS2_PLACEMENT_3D('',#5247,#4281,#4282);
#3764=AXIS2_PLACEMENT_3D('',#5249,#4284,#4285);
#3765=AXIS2_PLACEMENT_3D('',#5251,#4287,#4288);
#3766=AXIS2_PLACEMENT_3D('',#5253,#4290,#4291);
#3767=AXIS2_PLACEMENT_3D('',#5254,#4292,#4293);
#3768=AXIS2_PLACEMENT_3D('',#5257,#4294,#4295);
#3769=AXIS2_PLACEMENT_3D('',#5261,#4297,#4298);
#3770=AXIS2_PLACEMENT_3D('',#5263,#4300,#4301);
#3771=AXIS2_PLACEMENT_3D('',#5269,#4305,#4306);
#3772=AXIS2_PLACEMENT_3D('',#5271,#4307,#4308);
#3773=AXIS2_PLACEMENT_3D('',#5274,#4310,#4311);
#3774=AXIS2_PLACEMENT_3D('',#5275,#4312,#4313);
#3775=AXIS2_PLACEMENT_3D('',#5281,#4317,#4318);
#3776=AXIS2_PLACEMENT_3D('',#5283,#4319,#4320);
#3777=AXIS2_PLACEMENT_3D('',#5286,#4322,#4323);
#3778=AXIS2_PLACEMENT_3D('',#5287,#4324,#4325);
#3779=AXIS2_PLACEMENT_3D('',#5293,#4329,#4330);
#3780=AXIS2_PLACEMENT_3D('',#5299,#4334,#4335);
#3781=AXIS2_PLACEMENT_3D('',#5301,#4336,#4337);
#3782=AXIS2_PLACEMENT_3D('',#5304,#4339,#4340);
#3783=AXIS2_PLACEMENT_3D('',#5305,#4341,#4342);
#3784=AXIS2_PLACEMENT_3D('',#5311,#4346,#4347);
#3785=AXIS2_PLACEMENT_3D('',#5319,#4351,#4352);
#3786=AXIS2_PLACEMENT_3D('',#5320,#4353,#4354);
#3787=AXIS2_PLACEMENT_3D('',#5326,#4358,#4359);
#3788=AXIS2_PLACEMENT_3D('',#5328,#4360,#4361);
#3789=AXIS2_PLACEMENT_3D('',#5331,#4363,#4364);
#3790=AXIS2_PLACEMENT_3D('',#5332,#4365,#4366);
#3791=AXIS2_PLACEMENT_3D('',#5338,#4370,#4371);
#3792=AXIS2_PLACEMENT_3D('',#5341,#4374,#4375);
#3793=AXIS2_PLACEMENT_3D('',#5343,#4376,#4377);
#3794=AXIS2_PLACEMENT_3D('',#5346,#4379,#4380);
#3795=AXIS2_PLACEMENT_3D('',#5347,#4381,#4382);
#3796=AXIS2_PLACEMENT_3D('',#5359,#4383,#4384);
#3797=AXIS2_PLACEMENT_3D('',#5360,#4385,#4386);
#3798=AXIS2_PLACEMENT_3D('',#5362,#4387,#4388);
#3799=AXIS2_PLACEMENT_3D('',#5369,#4389,#4390);
#3800=AXIS2_PLACEMENT_3D('',#5371,#4391,#4392);
#3801=AXIS2_PLACEMENT_3D('',#5373,#4394,#4395);
#3802=AXIS2_PLACEMENT_3D('',#5382,#4397,#4398);
#3803=AXIS2_PLACEMENT_3D('',#5399,#4400,#4401);
#3804=AXIS2_PLACEMENT_3D('',#5403,#4403,#4404);
#3805=AXIS2_PLACEMENT_3D('',#5404,#4405,#4406);
#3806=AXIS2_PLACEMENT_3D('',#5405,#4407,#4408);
#3807=AXIS2_PLACEMENT_3D('',#5406,#4409,#4410);
#3808=AXIS2_PLACEMENT_3D('',#5407,#4411,#4412);
#3809=AXIS2_PLACEMENT_3D('',#5410,#4413,#4414);
#3810=AXIS2_PLACEMENT_3D('',#5411,#4415,#4416);
#3811=AXIS2_PLACEMENT_3D('',#5426,#4417,#4418);
#3812=AXIS2_PLACEMENT_3D('',#5439,#4419,#4420);
#3813=AXIS2_PLACEMENT_3D('',#5452,#4422,#4423);
#3814=AXIS2_PLACEMENT_3D('',#5461,#4425,#4426);
#3815=AXIS2_PLACEMENT_3D('',#5472,#4428,#4429);
#3816=AXIS2_PLACEMENT_3D('',#5473,#4430,#4431);
#3817=AXIS2_PLACEMENT_3D('',#5631,#4433,#4434);
#3818=AXIS2_PLACEMENT_3D('',#5683,#4435,#4436);
#3819=AXIS2_PLACEMENT_3D('',#5685,#4437,#4438);
#3820=AXIS2_PLACEMENT_3D('',#5686,#4439,#4440);
#3821=AXIS2_PLACEMENT_3D('',#5745,#4441,#4442);
#3822=AXIS2_PLACEMENT_3D('',#5747,#4443,#4444);
#3823=AXIS2_PLACEMENT_3D('',#5748,#4445,#4446);
#3824=AXIS2_PLACEMENT_3D('',#5749,#4447,#4448);
#3825=AXIS2_PLACEMENT_3D('',#5754,#4451,#4452);
#3826=AXIS2_PLACEMENT_3D('',#5755,#4453,#4454);
#3827=AXIS2_PLACEMENT_3D('',#5759,#4456,#4457);
#3828=AXIS2_PLACEMENT_3D('',#5775,#4459,#4460);
#3829=AXIS2_PLACEMENT_3D('',#5778,#4461,#4462);
#3830=AXIS2_PLACEMENT_3D('',#5782,#4464,#4465);
#3831=AXIS2_PLACEMENT_3D('',#5784,#4467,#4468);
#3832=AXIS2_PLACEMENT_3D('',#5786,#4469,#4470);
#3833=AXIS2_PLACEMENT_3D('',#5787,#4471,#4472);
#3834=AXIS2_PLACEMENT_3D('',#5801,#4473,#4474);
#3835=AXIS2_PLACEMENT_3D('',#5804,#4475,#4476);
#3836=AXIS2_PLACEMENT_3D('',#5820,#4477,#4478);
#3837=AXIS2_PLACEMENT_3D('',#5821,#4479,#4480);
#3838=AXIS2_PLACEMENT_3D('',#5822,#4481,#4482);
#3839=AXIS2_PLACEMENT_3D('',#5826,#4484,#4485);
#3840=AXIS2_PLACEMENT_3D('',#5828,#4487,#4488);
#3841=AXIS2_PLACEMENT_3D('',#5859,#4491,#4492);
#3842=AXIS2_PLACEMENT_3D('',#5860,#4493,#4494);
#3843=AXIS2_PLACEMENT_3D('',#5864,#4497,#4498);
#3844=AXIS2_PLACEMENT_3D('',#5865,#4499,#4500);
#3845=AXIS2_PLACEMENT_3D('',#5870,#4503,#4504);
#3846=AXIS2_PLACEMENT_3D('',#5871,#4505,#4506);
#3847=AXIS2_PLACEMENT_3D('',#5873,#4507,#4508);
#3848=AXIS2_PLACEMENT_3D('',#5875,#4509,#4510);
#3849=AXIS2_PLACEMENT_3D('',#5876,#4511,#4512);
#3850=AXIS2_PLACEMENT_3D('',#5877,#4513,#4514);
#3851=AXIS2_PLACEMENT_3D('',#5880,#4517,#4518);
#3852=AXIS2_PLACEMENT_3D('',#5885,#4520,#4521);
#3853=AXIS2_PLACEMENT_3D('',#5890,#4525,#4526);
#3854=AXIS2_PLACEMENT_3D('',#5893,#4528,#4529);
#3855=AXIS2_PLACEMENT_3D('',#5895,#4530,#4531);
#3856=AXIS2_PLACEMENT_3D('',#5900,#4533,#4534);
#3857=AXIS2_PLACEMENT_3D('',#5904,#4536,#4537);
#3858=AXIS2_PLACEMENT_3D('',#5908,#4539,#4540);
#3859=AXIS2_PLACEMENT_3D('',#5911,#4542,#4543);
#3860=AXIS2_PLACEMENT_3D('',#5913,#4544,#4545);
#3861=AXIS2_PLACEMENT_3D('',#5938,#4546,#4547);
#3862=AXIS2_PLACEMENT_3D('',#5971,#4548,#4549);
#3863=AXIS2_PLACEMENT_3D('',#6004,#4550,#4551);
#3864=AXIS2_PLACEMENT_3D('',#6029,#4552,#4553);
#3865=AXIS2_PLACEMENT_3D('',#6030,#4554,#4555);
#3866=AXIS2_PLACEMENT_3D('',#6032,#4556,#4557);
#3867=AXIS2_PLACEMENT_3D('',#6034,#4559,#4560);
#3868=AXIS2_PLACEMENT_3D('',#6036,#4561,#4562);
#3869=AXIS2_PLACEMENT_3D('',#6038,#4564,#4565);
#3870=AXIS2_PLACEMENT_3D('',#6040,#4566,#4567);
#3871=AXIS2_PLACEMENT_3D('',#6042,#4569,#4570);
#3872=AXIS2_PLACEMENT_3D('',#6048,#4574,#4575);
#3873=AXIS2_PLACEMENT_3D('',#6050,#4576,#4577);
#3874=AXIS2_PLACEMENT_3D('',#6052,#4579,#4580);
#3875=AXIS2_PLACEMENT_3D('',#6056,#4583,#4584);
#3876=AXIS2_PLACEMENT_3D('',#6058,#4585,#4586);
#3877=AXIS2_PLACEMENT_3D('',#6060,#4588,#4589);
#3878=AXIS2_PLACEMENT_3D('',#6066,#4593,#4594);
#3879=AXIS2_PLACEMENT_3D('',#6067,#4595,#4596);
#3880=AXIS2_PLACEMENT_3D('',#6068,#4597,#4598);
#3881=AXIS2_PLACEMENT_3D('',#6072,#4601,#4602);
#3882=AXIS2_PLACEMENT_3D('',#6073,#4603,#4604);
#3883=AXIS2_PLACEMENT_3D('',#6074,#4605,#4606);
#3884=AXIS2_PLACEMENT_3D('',#6078,#4608,#4609);
#3885=AXIS2_PLACEMENT_3D('',#6080,#4611,#4612);
#3886=AXIS2_PLACEMENT_3D('',#6105,#4614,#4615);
#3887=AXIS2_PLACEMENT_3D('',#6110,#4617,#4618);
#3888=AXIS2_PLACEMENT_3D('',#6114,#4620,#4621);
#3889=AXIS2_PLACEMENT_3D('',#6116,#4623,#4624);
#3890=AXIS2_PLACEMENT_3D('',#6137,#4626,#4627);
#3891=AXIS2_PLACEMENT_3D('',#6139,#4629,#4630);
#3892=AXIS2_PLACEMENT_3D('',#6143,#4633,#4634);
#3893=AXIS2_PLACEMENT_3D('',#6145,#4635,#4636);
#3894=AXIS2_PLACEMENT_3D('',#6149,#4639,#4640);
#3895=AXIS2_PLACEMENT_3D('',#6153,#4643,#4644);
#3896=AXIS2_PLACEMENT_3D('',#6154,#4645,#4646);
#3897=AXIS2_PLACEMENT_3D('',#6324,#4654,#4655);
#3898=AXIS2_PLACEMENT_3D('',#6326,#4657,#4658);
#3899=AXIS2_PLACEMENT_3D('',#6433,#4662,#4663);
#3900=AXIS2_PLACEMENT_3D('',#6492,#4666,#4667);
#3901=AXIS2_PLACEMENT_3D('',#6591,#4672,#4673);
#3902=AXIS2_PLACEMENT_3D('',#6593,#4675,#4676);
#3903=AXIS2_PLACEMENT_3D('',#6711,#4681,#4682);
#3904=AXIS2_PLACEMENT_3D('',#6713,#4684,#4685);
#3905=AXIS2_PLACEMENT_3D('',#6743,#4688,#4689);
#3906=AXIS2_PLACEMENT_3D('',#6851,#4695,#4696);
#3907=AXIS2_PLACEMENT_3D('',#6852,#4697,#4698);
#3908=AXIS2_PLACEMENT_3D('',#6853,#4699,#4700);
#3909=AXIS2_PLACEMENT_3D('',#6854,#4701,#4702);
#3910=AXIS2_PLACEMENT_3D('',#6867,#4705,#4706);
#3911=AXIS2_PLACEMENT_3D('',#6877,#4708,#4709);
#3912=AXIS2_PLACEMENT_3D('',#6890,#4710,#4711);
#3913=AXIS2_PLACEMENT_3D('',#6902,#4712,#4713);
#3914=AXIS2_PLACEMENT_3D('',#6903,#4714,#4715);
#3915=AXIS2_PLACEMENT_3D('',#7402,#4724,#4725);
#3916=AXIS2_PLACEMENT_3D('',#7404,#4727,#4728);
#3917=AXIS2_PLACEMENT_3D('',#7405,#4729,#4730);
#3918=AXIS2_PLACEMENT_3D('',#7407,#4732,#4733);
#3919=AXIS2_PLACEMENT_3D('',#7408,#4734,#4735);
#3920=AXIS2_PLACEMENT_3D('',#7412,#4738,#4739);
#3921=AXIS2_PLACEMENT_3D('',#7415,#4741,#4742);
#3922=AXIS2_PLACEMENT_3D('',#7416,#4743,#4744);
#3923=AXIS2_PLACEMENT_3D('',#7419,#4746,#4747);
#3924=AXIS2_PLACEMENT_3D('',#7420,#4748,#4749);
#3925=AXIS2_PLACEMENT_3D('',#7424,#4752,#4753);
#3926=AXIS2_PLACEMENT_3D('',#7427,#4755,#4756);
#3927=AXIS2_PLACEMENT_3D('',#7428,#4757,#4758);
#3928=AXIS2_PLACEMENT_3D('',#7432,#4761,#4762);
#3929=AXIS2_PLACEMENT_3D('',#7435,#4764,#4765);
#3930=AXIS2_PLACEMENT_3D('',#7436,#4766,#4767);
#3931=AXIS2_PLACEMENT_3D('',#7440,#4770,#4771);
#3932=AXIS2_PLACEMENT_3D('',#7443,#4773,#4774);
#3933=AXIS2_PLACEMENT_3D('',#7444,#4775,#4776);
#3934=AXIS2_PLACEMENT_3D('',#7448,#4779,#4780);
#3935=AXIS2_PLACEMENT_3D('',#7451,#4782,#4783);
#3936=AXIS2_PLACEMENT_3D('',#7452,#4784,#4785);
#3937=AXIS2_PLACEMENT_3D('',#7456,#4788,#4789);
#3938=AXIS2_PLACEMENT_3D('',#7459,#4791,#4792);
#3939=AXIS2_PLACEMENT_3D('',#7460,#4793,#4794);
#3940=AXIS2_PLACEMENT_3D('',#7464,#4797,#4798);
#3941=AXIS2_PLACEMENT_3D('',#7467,#4800,#4801);
#3942=AXIS2_PLACEMENT_3D('',#7468,#4802,#4803);
#3943=AXIS2_PLACEMENT_3D('',#7471,#4805,#4806);
#3944=AXIS2_PLACEMENT_3D('',#7472,#4807,#4808);
#3945=AXIS2_PLACEMENT_3D('',#7476,#4811,#4812);
#3946=AXIS2_PLACEMENT_3D('',#7480,#4815,#4816);
#3947=AXIS2_PLACEMENT_3D('',#7483,#4819,#4820);
#3948=AXIS2_PLACEMENT_3D('',#7484,#4821,#4822);
#3949=AXIS2_PLACEMENT_3D('',#7485,#4823,#4824);
#3950=AXIS2_PLACEMENT_3D('',#7490,#4826,#4827);
#3951=AXIS2_PLACEMENT_3D('',#7493,#4829,#4830);
#3952=AXIS2_PLACEMENT_3D('',#7494,#4831,#4832);
#3953=AXIS2_PLACEMENT_3D('',#7500,#4836,#4837);
#3954=AXIS2_PLACEMENT_3D('',#7502,#4838,#4839);
#3955=AXIS2_PLACEMENT_3D('',#7503,#4840,#4841);
#3956=AXIS2_PLACEMENT_3D('',#7504,#4842,#4843);
#3957=AXIS2_PLACEMENT_3D('',#7506,#4844,#4845);
#3958=AXIS2_PLACEMENT_3D('',#7510,#4847,#4848);
#3959=AXIS2_PLACEMENT_3D('',#7512,#4850,#4851);
#3960=AXIS2_PLACEMENT_3D('',#7514,#4852,#4853);
#3961=AXIS2_PLACEMENT_3D('',#7518,#4855,#4856);
#3962=AXIS2_PLACEMENT_3D('',#7522,#4858,#4859);
#3963=AXIS2_PLACEMENT_3D('',#7526,#4861,#4862);
#3964=AXIS2_PLACEMENT_3D('',#7530,#4864,#4865);
#3965=AXIS2_PLACEMENT_3D('',#7532,#4867,#4868);
#3966=AXIS2_PLACEMENT_3D('',#7536,#4871,#4872);
#3967=AXIS2_PLACEMENT_3D('',#7539,#4874,#4875);
#3968=AXIS2_PLACEMENT_3D('',#7540,#4876,#4877);
#3969=AXIS2_PLACEMENT_3D('',#7544,#4880,#4881);
#3970=AXIS2_PLACEMENT_3D('',#7547,#4883,#4884);
#3971=AXIS2_PLACEMENT_3D('',#7548,#4885,#4886);
#3972=AXIS2_PLACEMENT_3D('',#7552,#4889,#4890);
#3973=AXIS2_PLACEMENT_3D('',#7555,#4892,#4893);
#3974=AXIS2_PLACEMENT_3D('',#7556,#4894,#4895);
#3975=AXIS2_PLACEMENT_3D('',#7558,#4896,#4897);
#3976=AXIS2_PLACEMENT_3D('',#7560,#4899,#4900);
#3977=AXIS2_PLACEMENT_3D('',#7564,#4903,#4904);
#3978=AXIS2_PLACEMENT_3D('',#7566,#4905,#4906);
#3979=AXIS2_PLACEMENT_3D('',#7568,#4908,#4909);
#3980=AXIS2_PLACEMENT_3D('',#7570,#4911,#4912);
#3981=AXIS2_PLACEMENT_3D('',#7571,#4913,#4914);
#3982=AXIS2_PLACEMENT_3D('',#7576,#4916,#4917);
#3983=AXIS2_PLACEMENT_3D('',#7579,#4919,#4920);
#3984=AXIS2_PLACEMENT_3D('',#7580,#4921,#4922);
#3985=AXIS2_PLACEMENT_3D('',#7584,#4924,#4925);
#3986=AXIS2_PLACEMENT_3D('',#7586,#4927,#4928);
#3987=AXIS2_PLACEMENT_3D('',#7590,#4930,#4931);
#3988=AXIS2_PLACEMENT_3D('',#7592,#4933,#4934);
#3989=AXIS2_PLACEMENT_3D('',#7598,#4938,#4939);
#3990=AXIS2_PLACEMENT_3D('',#7601,#4941,#4942);
#3991=AXIS2_PLACEMENT_3D('',#7602,#4943,#4944);
#3992=AXIS2_PLACEMENT_3D('',#7605,#4946,#4947);
#3993=AXIS2_PLACEMENT_3D('',#7606,#4948,#4949);
#3994=AXIS2_PLACEMENT_3D('',#7608,#4951,#4952);
#3995=DIRECTION('axis',(0.,0.,1.));
#3996=DIRECTION('refdir',(1.,0.,0.));
#3997=DIRECTION('center_axis',(-0.27472112789738,-0.961523947640823,0.));
#3998=DIRECTION('ref_axis',(0.,0.,-1.));
#3999=DIRECTION('',(0.785081015728861,-0.224308861636819,0.577350269189626));
#4000=DIRECTION('',(0.785081015728862,-0.224308861636819,-0.577350269189625));
#4001=DIRECTION('',(0.,0.,1.));
#4002=DIRECTION('center_axis',(-0.6181225377691,-0.343401409871721,-0.707106781186548));
#4003=DIRECTION('ref_axis',(-0.485642931178631,0.874157276121539,0.));
#4004=DIRECTION('',(0.224308861636819,0.785081015728862,-0.577350269189625));
#4005=DIRECTION('',(0.485642931178631,-0.874157276121539,0.));
#4006=DIRECTION('',(-0.485642931178631,0.874157276121539,0.));
#4007=DIRECTION('center_axis',(-0.961523947640823,0.27472112789738,0.));
#4008=DIRECTION('ref_axis',(0.,0.,1.));
#4009=DIRECTION('',(0.224308861636819,0.785081015728861,0.577350269189626));
#4010=DIRECTION('',(0.,0.,-1.));
#4011=DIRECTION('center_axis',(-0.618122537769101,-0.343401409871722,0.707106781186547));
#4012=DIRECTION('ref_axis',(0.485642931178631,-0.874157276121539,0.));
#4013=DIRECTION('',(-0.485642931178631,0.874157276121539,0.));
#4014=DIRECTION('center_axis',(-0.27472112789738,0.961523947640823,0.));
#4015=DIRECTION('ref_axis',(0.,0.,-1.));
#4016=DIRECTION('',(-0.785081015728861,-0.224308861636819,0.577350269189626));
#4017=DIRECTION('',(0.,0.,-1.));
#4018=DIRECTION('',(-0.785081015728862,-0.224308861636819,-0.577350269189625));
#4019=DIRECTION('center_axis',(-0.6181225377691,0.343401409871721,0.707106781186548));
#4020=DIRECTION('ref_axis',(0.485642931178631,0.874157276121539,0.));
#4021=DIRECTION('',(-0.224308861636819,0.785081015728862,-0.577350269189625));
#4022=DIRECTION('',(0.485642931178631,0.874157276121539,0.));
#4023=DIRECTION('',(0.485642931178631,0.874157276121539,0.));
#4024=DIRECTION('center_axis',(-0.961523947640823,-0.27472112789738,0.));
#4025=DIRECTION('ref_axis',(0.,0.,1.));
#4026=DIRECTION('',(0.,0.,1.));
#4027=DIRECTION('',(-0.224308861636819,0.785081015728861,0.577350269189626));
#4028=DIRECTION('center_axis',(-0.618122537769101,0.343401409871722,-0.707106781186547));
#4029=DIRECTION('ref_axis',(-0.485642931178631,-0.874157276121539,0.));
#4030=DIRECTION('',(-0.485642931178631,-0.874157276121539,0.));
#4031=DIRECTION('center_axis',(-0.187545805568128,0.982255858121397,0.));
#4032=DIRECTION('ref_axis',(0.,0.,1.));
#4033=DIRECTION('',(0.80200854975235,0.153130509013713,-0.577350269189627));
#4034=DIRECTION('',(0.80200854975235,0.153130509013713,0.577350269189627));
#4035=DIRECTION('',(0.,0.,-1.));
#4036=DIRECTION('center_axis',(-0.584900831844763,0.397355026276634,0.707106781186547));
#4037=DIRECTION('ref_axis',(-0.561944867237533,-0.827174689038169,3.70074341541719E-16));
#4038=DIRECTION('',(0.153130509013713,-0.80200854975235,0.577350269189626));
#4039=DIRECTION('',(0.561944867237533,0.827174689038169,-6.2803698347351E-16));
#4040=DIRECTION('',(-0.561944867237533,-0.827174689038169,3.33066907387547E-16));
#4041=DIRECTION('center_axis',(-0.982255858121397,-0.187545805568128,0.));
#4042=DIRECTION('ref_axis',(0.,0.,-1.));
#4043=DIRECTION('',(0.153130509013713,-0.80200854975235,-0.577350269189626));
#4044=DIRECTION('',(0.,0.,1.));
#4045=DIRECTION('center_axis',(-0.584900831844763,0.397355026276634,-0.707106781186547));
#4046=DIRECTION('ref_axis',(0.561944867237533,0.827174689038169,-3.70074341541719E-16));
#4047=DIRECTION('',(-0.561944867237533,-0.827174689038169,0.));
#4048=DIRECTION('center_axis',(-0.561944867237533,0.827174689038169,-3.33066907387547E-16));
#4049=DIRECTION('ref_axis',(-0.827174689038227,-0.561944867237447,0.));
#4050=DIRECTION('center_axis',(0.982255858121397,-0.187545805568128,0.));
#4051=DIRECTION('ref_axis',(-0.187545805568128,-0.982255858121397,2.35513868802591E-16));
#4052=DIRECTION('',(0.561944867237533,-0.827174689038169,2.84290388095057E-16));
#4053=DIRECTION('center_axis',(0.187545805568128,0.982255858121397,0.));
#4054=DIRECTION('ref_axis',(-0.982255858121397,0.187545805568128,-2.35513868802542E-16));
#4055=DIRECTION('',(-0.561944867237533,0.827174689038169,-4.0204732249634E-16));
#4056=DIRECTION('center_axis',(-0.982255858121397,0.187545805568128,0.));
#4057=DIRECTION('ref_axis',(0.,0.,-1.));
#4058=DIRECTION('',(-0.153130509013713,-0.80200854975235,0.577350269189626));
#4059=DIRECTION('',(0.,0.,-1.));
#4060=DIRECTION('',(-0.153130509013713,-0.80200854975235,-0.577350269189626));
#4061=DIRECTION('center_axis',(-0.584900831844763,-0.397355026276634,-0.707106781186547));
#4062=DIRECTION('ref_axis',(0.561944867237533,-0.827174689038169,3.70074341541719E-16));
#4063=DIRECTION('',(-0.80200854975235,0.153130509013713,0.577350269189627));
#4064=DIRECTION('',(0.561944867237533,-0.827174689038169,3.92523114670944E-16));
#4065=DIRECTION('center_axis',(0.,0.,-1.));
#4066=DIRECTION('ref_axis',(1.,0.,0.));
#4067=DIRECTION('',(0.561944867237533,-0.827174689038169,0.));
#4068=DIRECTION('',(-0.827174689038169,-0.561944867237533,0.));
#4069=DIRECTION('',(-0.561944867237533,0.827174689038169,0.));
#4070=DIRECTION('center_axis',(0.,0.,1.));
#4071=DIRECTION('ref_axis',(0.82717468903817,0.561944867237531,0.));
#4072=DIRECTION('center_axis',(0.,0.,-1.));
#4073=DIRECTION('ref_axis',(-0.874157276121539,0.48564293117863,0.));
#4074=DIRECTION('',(0.485642931178631,0.874157276121539,0.));
#4075=DIRECTION('center_axis',(0.,0.,-1.));
#4076=DIRECTION('ref_axis',(-0.940301884377559,-0.34034154350595,0.));
#4077=DIRECTION('',(-0.340341543505955,0.940301884377557,0.));
#4078=DIRECTION('center_axis',(0.,0.,1.));
#4079=DIRECTION('ref_axis',(0.940301884377559,0.34034154350595,0.));
#4080=DIRECTION('',(0.947162409448146,-0.320754376631687,0.));
#4081=DIRECTION('center_axis',(0.,0.,-1.));
#4082=DIRECTION('ref_axis',(-0.320754376631682,0.947162409448148,0.));
#4083=DIRECTION('',(0.947162409448146,0.320754376631687,0.));
#4084=DIRECTION('center_axis',(0.,0.,1.));
#4085=DIRECTION('ref_axis',(0.320754376631699,-0.947162409448142,0.));
#4086=DIRECTION('',(-0.340341543505952,-0.940301884377558,0.));
#4087=DIRECTION('center_axis',(0.,0.,-1.));
#4088=DIRECTION('ref_axis',(0.874157276121538,0.485642931178631,0.));
#4089=DIRECTION('',(0.485642931178631,-0.874157276121539,0.));
#4090=DIRECTION('center_axis',(0.,0.,-1.));
#4091=DIRECTION('ref_axis',(0.851397453678013,0.524521091921569,0.));
#4092=DIRECTION('center_axis',(0.,0.,1.));
#4093=DIRECTION('ref_axis',(-0.851397453678016,-0.524521091921565,0.));
#4094=DIRECTION('',(-0.561944867237533,-0.827174689038169,0.));
#4095=DIRECTION('',(-0.827174689038169,0.561944867237533,0.));
#4096=DIRECTION('',(0.561944867237533,0.827174689038169,0.));
#4097=DIRECTION('center_axis',(0.,0.,-1.));
#4098=DIRECTION('ref_axis',(-0.851397453678016,-0.524521091921565,0.));
#4099=DIRECTION('center_axis',(0.,0.,1.));
#4100=DIRECTION('ref_axis',(0.851397453678015,0.524521091921567,0.));
#4101=DIRECTION('',(-0.485642931178631,0.874157276121539,0.));
#4102=DIRECTION('center_axis',(0.,0.,1.));
#4103=DIRECTION('ref_axis',(0.874157276121539,0.48564293117863,0.));
#4104=DIRECTION('',(0.340341543505952,0.940301884377558,0.));
#4105=DIRECTION('center_axis',(0.,0.,-1.));
#4106=DIRECTION('ref_axis',(0.320754376631713,-0.947162409448137,0.));
#4107=DIRECTION('',(-0.947162409448146,-0.320754376631687,0.));
#4108=DIRECTION('center_axis',(0.,0.,1.));
#4109=DIRECTION('ref_axis',(-0.320754376631683,0.947162409448148,0.));
#4110=DIRECTION('',(-0.947162409448146,0.320754376631688,0.));
#4111=DIRECTION('center_axis',(0.,0.,-1.));
#4112=DIRECTION('ref_axis',(0.940301884377712,0.340341543505527,0.));
#4113=DIRECTION('',(0.340341543505955,-0.940301884377557,0.));
#4114=DIRECTION('center_axis',(0.,0.,1.));
#4115=DIRECTION('ref_axis',(-0.940301884377558,-0.340341543505952,0.));
#4116=DIRECTION('',(-0.485642931178631,-0.874157276121539,0.));
#4117=DIRECTION('center_axis',(0.,0.,1.));
#4118=DIRECTION('ref_axis',(-0.874157276121539,0.48564293117863,0.));
#4119=DIRECTION('center_axis',(0.,0.,-1.));
#4120=DIRECTION('ref_axis',(0.82717468903817,0.561944867237532,0.));
#4121=DIRECTION('center_axis',(0.561944867237533,0.827174689038169,0.));
#4122=DIRECTION('ref_axis',(-0.827174689038169,0.561944867237533,0.));
#4123=DIRECTION('',(0.,0.,-1.));
#4124=DIRECTION('',(0.827174689038169,-0.561944867237533,0.));
#4125=DIRECTION('',(0.,0.,-1.));
#4126=DIRECTION('center_axis',(-0.827174689038169,0.561944867237533,0.));
#4127=DIRECTION('ref_axis',(0.561944867237533,0.827174689038169,0.));
#4128=DIRECTION('',(0.,0.,1.));
#4129=DIRECTION('',(0.561944867237533,0.827174689038169,0.));
#4130=DIRECTION('center_axis',(0.,0.,-1.));
#4131=DIRECTION('ref_axis',(-0.851397453678016,-0.524521091921565,0.));
#4132=DIRECTION('',(0.,0.,1.));
#4133=DIRECTION('center_axis',(0.,0.,-1.));
#4134=DIRECTION('ref_axis',(-0.82717468903817,0.561944867237532,0.));
#4135=DIRECTION('center_axis',(0.,0.,-1.));
#4136=DIRECTION('ref_axis',(0.851397453678013,0.524521091921569,0.));
#4137=DIRECTION('',(0.,0.,1.));
#4138=DIRECTION('center_axis',(0.,0.,1.));
#4139=DIRECTION('ref_axis',(0.,1.,0.));
#4140=DIRECTION('center_axis',(-0.874157276121539,-0.48564293117863,0.));
#4141=DIRECTION('ref_axis',(-0.485642931178631,0.874157276121539,0.));
#4142=DIRECTION('',(0.,0.,1.));
#4143=DIRECTION('',(-0.485642931178631,0.874157276121538,0.));
#4144=DIRECTION('center_axis',(0.,0.,-1.));
#4145=DIRECTION('ref_axis',(0.874157276121538,0.485642931178631,0.));
#4146=DIRECTION('',(0.,0.,1.));
#4147=DIRECTION('center_axis',(0.,0.,1.));
#4148=DIRECTION('ref_axis',(0.,1.,0.));
#4149=DIRECTION('center_axis',(-0.940301884377558,0.340341543505952,0.));
#4150=DIRECTION('ref_axis',(0.340341543505952,0.940301884377558,0.));
#4151=DIRECTION('',(0.,0.,1.));
#4152=DIRECTION('',(0.340341543505951,0.940301884377558,0.));
#4153=DIRECTION('center_axis',(0.,0.,-1.));
#4154=DIRECTION('ref_axis',(0.320754376631699,-0.947162409448142,0.));
#4155=DIRECTION('',(0.,0.,1.));
#4156=DIRECTION('center_axis',(0.,0.,-1.));
#4157=DIRECTION('ref_axis',(-0.940301884377558,0.340341543505951,0.));
#4158=DIRECTION('center_axis',(0.320754376631687,-0.947162409448146,0.));
#4159=DIRECTION('ref_axis',(-0.947162409448146,-0.320754376631687,0.));
#4160=DIRECTION('',(0.,0.,1.));
#4161=DIRECTION('',(-0.947162409448146,-0.320754376631688,0.));
#4162=DIRECTION('center_axis',(0.,0.,-1.));
#4163=DIRECTION('ref_axis',(-0.320754376631682,0.947162409448148,0.));
#4164=DIRECTION('',(0.,0.,1.));
#4165=DIRECTION('center_axis',(0.,0.,1.));
#4166=DIRECTION('ref_axis',(0.320754376631682,0.947162409448148,0.));
#4167=DIRECTION('center_axis',(-0.320754376631687,-0.947162409448146,0.));
#4168=DIRECTION('ref_axis',(-0.947162409448146,0.320754376631687,0.));
#4169=DIRECTION('',(0.,0.,1.));
#4170=DIRECTION('',(-0.947162409448146,0.320754376631687,0.));
#4171=DIRECTION('center_axis',(0.,0.,-1.));
#4172=DIRECTION('ref_axis',(0.940301884377559,0.34034154350595,0.));
#4173=DIRECTION('',(0.,0.,1.));
#4174=DIRECTION('center_axis',(0.,0.,-1.));
#4175=DIRECTION('ref_axis',(-0.320754376631672,-0.947162409448151,0.));
#4176=DIRECTION('center_axis',(0.940301884377557,0.340341543505955,0.));
#4177=DIRECTION('ref_axis',(0.340341543505955,-0.940301884377557,0.));
#4178=DIRECTION('',(0.,0.,1.));
#4179=DIRECTION('',(0.34034154350595,-0.940301884377558,0.));
#4180=DIRECTION('center_axis',(0.,0.,-1.));
#4181=DIRECTION('ref_axis',(-0.940301884377559,-0.34034154350595,0.));
#4182=DIRECTION('',(0.,0.,1.));
#4183=DIRECTION('center_axis',(0.,0.,1.));
#4184=DIRECTION('ref_axis',(0.,1.,0.));
#4185=DIRECTION('center_axis',(0.874157276121539,-0.48564293117863,0.));
#4186=DIRECTION('ref_axis',(-0.485642931178631,-0.874157276121539,0.));
#4187=DIRECTION('',(0.,0.,1.));
#4188=DIRECTION('',(-0.485642931178631,-0.874157276121539,0.));
#4189=DIRECTION('center_axis',(0.,0.,-1.));
#4190=DIRECTION('ref_axis',(-0.874157276121539,0.48564293117863,0.));
#4191=DIRECTION('',(0.,0.,1.));
#4192=DIRECTION('center_axis',(0.,0.,1.));
#4193=DIRECTION('ref_axis',(0.,1.,0.));
#4194=DIRECTION('center_axis',(0.,0.,-1.));
#4195=DIRECTION('ref_axis',(0.82717468903817,0.561944867237531,0.));
#4196=DIRECTION('',(0.,0.,1.));
#4197=DIRECTION('center_axis',(0.,0.,-1.));
#4198=DIRECTION('ref_axis',(0.851397453678016,-0.524521091921565,0.));
#4199=DIRECTION('center_axis',(0.827174689038169,0.561944867237533,0.));
#4200=DIRECTION('ref_axis',(0.561944867237533,-0.827174689038169,0.));
#4201=DIRECTION('',(0.,0.,-1.));
#4202=DIRECTION('',(0.561944867237533,-0.827174689038169,0.));
#4203=DIRECTION('',(0.,0.,1.));
#4204=DIRECTION('',(-0.561944867237533,0.827174689038169,-3.14018491736755E-16));
#4205=DIRECTION('center_axis',(-0.187545805568128,-0.982255858121397,0.));
#4206=DIRECTION('ref_axis',(0.,0.,1.));
#4207=DIRECTION('',(-0.80200854975235,0.153130509013713,-0.577350269189627));
#4208=DIRECTION('center_axis',(-0.584900831844763,-0.397355026276634,0.707106781186547));
#4209=DIRECTION('ref_axis',(-0.561944867237533,0.827174689038169,-3.70074341541719E-16));
#4210=DIRECTION('center_axis',(0.,0.,-1.));
#4211=DIRECTION('ref_axis',(1.,0.,0.));
#4212=DIRECTION('',(-0.561944867237533,0.827174689038169,0.));
#4213=DIRECTION('center_axis',(0.,0.,1.));
#4214=DIRECTION('ref_axis',(0.82717468903817,0.561944867237532,0.));
#4215=DIRECTION('center_axis',(0.,0.,-1.));
#4216=DIRECTION('ref_axis',(-0.874157276121539,0.48564293117863,0.));
#4217=DIRECTION('',(0.485642931178631,0.874157276121539,0.));
#4218=DIRECTION('center_axis',(0.,0.,-1.));
#4219=DIRECTION('ref_axis',(-0.940301884377558,-0.340341543505952,0.));
#4220=DIRECTION('',(-0.340341543505955,0.940301884377557,0.));
#4221=DIRECTION('center_axis',(0.,0.,1.));
#4222=DIRECTION('ref_axis',(0.940301884377712,0.340341543505527,0.));
#4223=DIRECTION('',(0.947162409448146,-0.320754376631688,0.));
#4224=DIRECTION('center_axis',(0.,0.,-1.));
#4225=DIRECTION('ref_axis',(-0.320754376631683,0.947162409448148,0.));
#4226=DIRECTION('',(0.947162409448146,0.320754376631687,0.));
#4227=DIRECTION('center_axis',(0.,0.,1.));
#4228=DIRECTION('ref_axis',(0.320754376631713,-0.947162409448137,0.));
#4229=DIRECTION('',(-0.340341543505952,-0.940301884377558,0.));
#4230=DIRECTION('center_axis',(0.,0.,-1.));
#4231=DIRECTION('ref_axis',(0.874157276121539,0.48564293117863,0.));
#4232=DIRECTION('',(0.485642931178631,-0.874157276121539,0.));
#4233=DIRECTION('center_axis',(0.,0.,-1.));
#4234=DIRECTION('ref_axis',(0.851397453678015,0.524521091921567,0.));
#4235=DIRECTION('center_axis',(0.,0.,1.));
#4236=DIRECTION('ref_axis',(-0.851397453678016,-0.524521091921565,0.));
#4237=DIRECTION('',(-0.561944867237533,-0.827174689038169,0.));
#4238=DIRECTION('',(0.827174689038169,0.561944867237533,0.));
#4239=DIRECTION('center_axis',(0.827174689038169,-0.561944867237533,0.));
#4240=DIRECTION('ref_axis',(0.561944867237533,0.827174689038169,0.));
#4241=DIRECTION('',(0.,0.,-1.));
#4242=DIRECTION('center_axis',(0.,0.,1.));
#4243=DIRECTION('ref_axis',(-0.851397453678016,-0.524521091921565,0.));
#4244=DIRECTION('',(0.,0.,-1.));
#4245=DIRECTION('center_axis',(0.,0.,1.));
#4246=DIRECTION('ref_axis',(0.851397453678015,0.524521091921567,0.));
#4247=DIRECTION('',(0.,0.,-1.));
#4248=DIRECTION('center_axis',(0.874157276121539,0.485642931178631,0.));
#4249=DIRECTION('ref_axis',(-0.485642931178631,0.874157276121539,0.));
#4250=DIRECTION('',(0.,0.,-1.));
#4251=DIRECTION('center_axis',(0.,0.,1.));
#4252=DIRECTION('ref_axis',(0.874157276121539,0.48564293117863,0.));
#4253=DIRECTION('',(0.,0.,-1.));
#4254=DIRECTION('center_axis',(0.940301884377558,-0.340341543505952,0.));
#4255=DIRECTION('ref_axis',(0.340341543505952,0.940301884377558,0.));
#4256=DIRECTION('',(0.,0.,-1.));
#4257=DIRECTION('center_axis',(0.,0.,1.));
#4258=DIRECTION('ref_axis',(0.320754376631713,-0.947162409448137,0.));
#4259=DIRECTION('',(0.,0.,-1.));
#4260=DIRECTION('center_axis',(-0.320754376631687,0.947162409448146,0.));
#4261=DIRECTION('ref_axis',(-0.947162409448146,-0.320754376631687,0.));
#4262=DIRECTION('',(0.,0.,-1.));
#4263=DIRECTION('center_axis',(0.,0.,1.));
#4264=DIRECTION('ref_axis',(-0.320754376631683,0.947162409448148,0.));
#4265=DIRECTION('',(0.,0.,-1.));
#4266=DIRECTION('center_axis',(0.320754376631688,0.947162409448146,0.));
#4267=DIRECTION('ref_axis',(-0.947162409448146,0.320754376631688,0.));
#4268=DIRECTION('',(0.,0.,-1.));
#4269=DIRECTION('center_axis',(0.,0.,1.));
#4270=DIRECTION('ref_axis',(0.940301884377712,0.340341543505527,0.));
#4271=DIRECTION('',(0.,0.,-1.));
#4272=DIRECTION('center_axis',(-0.940301884377557,-0.340341543505955,0.));
#4273=DIRECTION('ref_axis',(0.340341543505955,-0.940301884377557,0.));
#4274=DIRECTION('',(0.,0.,-1.));
#4275=DIRECTION('center_axis',(0.,0.,1.));
#4276=DIRECTION('ref_axis',(-0.940301884377558,-0.340341543505952,0.));
#4277=DIRECTION('',(0.,0.,-1.));
#4278=DIRECTION('center_axis',(-0.874157276121539,0.485642931178631,0.));
#4279=DIRECTION('ref_axis',(-0.485642931178631,-0.874157276121539,0.));
#4280=DIRECTION('',(0.,0.,-1.));
#4281=DIRECTION('center_axis',(0.,0.,1.));
#4282=DIRECTION('ref_axis',(-0.874157276121539,0.48564293117863,0.));
#4283=DIRECTION('',(0.,0.,-1.));
#4284=DIRECTION('center_axis',(0.,0.,1.));
#4285=DIRECTION('ref_axis',(0.82717468903817,0.561944867237532,0.));
#4286=DIRECTION('',(0.,0.,1.));
#4287=DIRECTION('center_axis',(-0.827174689038169,-0.561944867237533,0.));
#4288=DIRECTION('ref_axis',(0.561944867237533,-0.827174689038169,0.));
#4289=DIRECTION('',(0.,0.,-1.));
#4290=DIRECTION('center_axis',(-0.561944867237533,0.827174689038169,0.));
#4291=DIRECTION('ref_axis',(-0.827174689038169,-0.561944867237533,0.));
#4292=DIRECTION('center_axis',(0.,0.,1.));
#4293=DIRECTION('ref_axis',(-0.940301884377558,0.340341543505951,0.));
#4294=DIRECTION('center_axis',(0.,0.,1.));
#4295=DIRECTION('ref_axis',(-0.940301884377558,0.340341543505951,0.));
#4296=DIRECTION('',(0.,0.,1.));
#4297=DIRECTION('center_axis',(0.,0.,1.));
#4298=DIRECTION('ref_axis',(-0.940301884377558,0.340341543505951,0.));
#4299=DIRECTION('',(0.,0.,1.));
#4300=DIRECTION('center_axis',(0.320754376631688,-0.947162409448146,0.));
#4301=DIRECTION('ref_axis',(0.947162409448146,0.320754376631688,0.));
#4302=DIRECTION('',(0.947162409448146,0.320754376631688,0.));
#4303=DIRECTION('',(0.,0.,1.));
#4304=DIRECTION('',(0.947162409448146,0.320754376631688,0.));
#4305=DIRECTION('center_axis',(0.,0.,1.));
#4306=DIRECTION('ref_axis',(0.320754376631682,0.947162409448148,0.));
#4307=DIRECTION('center_axis',(0.,0.,-1.));
#4308=DIRECTION('ref_axis',(0.320754376631682,0.947162409448148,0.));
#4309=DIRECTION('',(0.,0.,1.));
#4310=DIRECTION('center_axis',(0.,0.,-1.));
#4311=DIRECTION('ref_axis',(5.46369598732844E-16,1.,0.));
#4312=DIRECTION('center_axis',(-0.320754376631687,-0.947162409448146,0.));
#4313=DIRECTION('ref_axis',(0.947162409448146,-0.320754376631687,0.));
#4314=DIRECTION('',(0.947162409448146,-0.320754376631687,0.));
#4315=DIRECTION('',(0.,0.,1.));
#4316=DIRECTION('',(0.947162409448146,-0.320754376631687,0.));
#4317=DIRECTION('center_axis',(0.,0.,1.));
#4318=DIRECTION('ref_axis',(-0.320754376631672,-0.947162409448151,0.));
#4319=DIRECTION('center_axis',(0.,0.,1.));
#4320=DIRECTION('ref_axis',(-0.320754376631672,-0.947162409448151,0.));
#4321=DIRECTION('',(0.,0.,1.));
#4322=DIRECTION('center_axis',(0.,0.,1.));
#4323=DIRECTION('ref_axis',(-0.320754376631686,-0.947162409448146,0.));
#4324=DIRECTION('center_axis',(0.940301884377558,0.34034154350595,0.));
#4325=DIRECTION('ref_axis',(-0.34034154350595,0.940301884377558,0.));
#4326=DIRECTION('',(-0.34034154350595,0.940301884377558,0.));
#4327=DIRECTION('',(0.,0.,1.));
#4328=DIRECTION('',(-0.34034154350595,0.940301884377558,0.));
#4329=DIRECTION('center_axis',(0.874157276121539,-0.485642931178631,0.));
#4330=DIRECTION('ref_axis',(0.485642931178631,0.874157276121539,0.));
#4331=DIRECTION('',(0.485642931178631,0.874157276121539,0.));
#4332=DIRECTION('',(0.,0.,1.));
#4333=DIRECTION('',(0.485642931178631,0.874157276121539,0.));
#4334=DIRECTION('center_axis',(0.,0.,1.));
#4335=DIRECTION('ref_axis',(0.851397453678016,-0.524521091921565,0.));
#4336=DIRECTION('center_axis',(0.,0.,1.));
#4337=DIRECTION('ref_axis',(0.851397453678016,-0.524521091921565,0.));
#4338=DIRECTION('',(0.,0.,1.));
#4339=DIRECTION('center_axis',(0.,0.,1.));
#4340=DIRECTION('ref_axis',(0.999751558977817,0.0222894666025085,0.));
#4341=DIRECTION('center_axis',(0.827174689038169,0.561944867237533,0.));
#4342=DIRECTION('ref_axis',(-0.561944867237533,0.827174689038169,0.));
#4343=DIRECTION('',(-0.561944867237533,0.827174689038169,0.));
#4344=DIRECTION('',(0.,0.,1.));
#4345=DIRECTION('',(-0.561944867237533,0.827174689038169,0.));
#4346=DIRECTION('center_axis',(0.,1.,0.));
#4347=DIRECTION('ref_axis',(-1.,0.,0.));
#4348=DIRECTION('',(-1.,0.,0.));
#4349=DIRECTION('',(0.,0.,1.));
#4350=DIRECTION('',(-1.,0.,0.));
#4351=DIRECTION('center_axis',(0.,-1.,0.));
#4352=DIRECTION('ref_axis',(-1.,0.,0.));
#4353=DIRECTION('center_axis',(-0.827174689038169,0.561944867237533,0.));
#4354=DIRECTION('ref_axis',(-0.561944867237533,-0.827174689038169,0.));
#4355=DIRECTION('',(-0.561944867237533,-0.827174689038169,0.));
#4356=DIRECTION('',(0.,0.,1.));
#4357=DIRECTION('',(-0.561944867237533,-0.827174689038169,0.));
#4358=DIRECTION('center_axis',(0.,0.,1.));
#4359=DIRECTION('ref_axis',(-0.82717468903817,0.561944867237532,0.));
#4360=DIRECTION('center_axis',(0.,0.,1.));
#4361=DIRECTION('ref_axis',(-0.82717468903817,0.561944867237532,0.));
#4362=DIRECTION('',(0.,0.,1.));
#4363=DIRECTION('center_axis',(0.,0.,1.));
#4364=DIRECTION('ref_axis',(-0.999751558977817,0.022289466602508,0.));
#4365=DIRECTION('center_axis',(-0.874157276121538,-0.485642931178631,0.));
#4366=DIRECTION('ref_axis',(0.485642931178631,-0.874157276121538,0.));
#4367=DIRECTION('',(0.485642931178631,-0.874157276121538,0.));
#4368=DIRECTION('',(0.,0.,1.));
#4369=DIRECTION('',(0.485642931178631,-0.874157276121538,0.));
#4370=DIRECTION('center_axis',(-0.940301884377558,0.340341543505951,0.));
#4371=DIRECTION('ref_axis',(-0.340341543505951,-0.940301884377558,0.));
#4372=DIRECTION('',(-0.340341543505951,-0.940301884377558,0.));
#4373=DIRECTION('',(-0.340341543505951,-0.940301884377558,0.));
#4374=DIRECTION('center_axis',(0.947162409448146,-0.320754376631687,0.));
#4375=DIRECTION('ref_axis',(-0.22680759481153,-0.669744962605774,0.707106781186547));
#4376=DIRECTION('center_axis',(0.842811349713876,0.538209093934202,0.));
#4377=DIRECTION('ref_axis',(0.538209093934202,-0.842811349713876,0.));
#4378=DIRECTION('',(-0.947162409448146,0.320754376631687,0.));
#4379=DIRECTION('center_axis',(-0.947162409448148,0.320754376631682,0.));
#4380=DIRECTION('ref_axis',(-0.320754376631682,-0.947162409448148,0.));
#4381=DIRECTION('center_axis',(0.,0.,-1.));
#4382=DIRECTION('ref_axis',(-1.,0.,0.));
#4383=DIRECTION('center_axis',(0.,0.,1.));
#4384=DIRECTION('ref_axis',(5.46369598732844E-16,1.,0.));
#4385=DIRECTION('center_axis',(-0.947162409448146,-0.320754376631688,0.));
#4386=DIRECTION('ref_axis',(0.320754376631688,-0.947162409448146,0.));
#4387=DIRECTION('center_axis',(0.,0.,1.));
#4388=DIRECTION('ref_axis',(5.46369598732844E-16,1.,0.));
#4389=DIRECTION('center_axis',(0.947162409448146,0.320754376631688,0.));
#4390=DIRECTION('ref_axis',(0.226807594811531,-0.669744962605773,0.707106781186548));
#4391=DIRECTION('center_axis',(-0.842811349713871,0.53820909393421,1.47355679664212E-16));
#4392=DIRECTION('ref_axis',(-0.53820909393421,-0.842811349713871,0.));
#4393=DIRECTION('',(-0.947162409448146,-0.320754376631688,0.));
#4394=DIRECTION('center_axis',(0.485642931178631,0.874157276121539,0.));
#4395=DIRECTION('ref_axis',(0.618122537769101,-0.343401409871721,0.707106781186548));
#4396=DIRECTION('',(-0.485642931178631,-0.874157276121539,0.));
#4397=DIRECTION('center_axis',(0.0798241856534565,0.996808958318876,0.));
#4398=DIRECTION('ref_axis',(-0.996808958318876,0.0798241856534565,0.));
#4399=DIRECTION('',(-0.485642931178631,-0.874157276121539,0.));
#4400=DIRECTION('center_axis',(-0.561944867237533,0.827174689038169,0.));
#4401=DIRECTION('ref_axis',(0.584900831844763,0.397355026276633,0.707106781186548));
#4402=DIRECTION('',(0.561944867237533,-0.827174689038169,0.));
#4403=DIRECTION('center_axis',(0.561944867237532,-0.82717468903817,0.));
#4404=DIRECTION('ref_axis',(0.82717468903817,0.561944867237532,0.));
#4405=DIRECTION('center_axis',(-0.883726447278096,0.468003810220851,0.));
#4406=DIRECTION('ref_axis',(0.468003810220851,0.883726447278096,0.));
#4407=DIRECTION('center_axis',(0.,0.,1.));
#4408=DIRECTION('ref_axis',(1.,0.,0.));
#4409=DIRECTION('center_axis',(0.,0.,-1.));
#4410=DIRECTION('ref_axis',(0.999751558977817,0.0222894666025085,0.));
#4411=DIRECTION('center_axis',(0.,0.,1.));
#4412=DIRECTION('ref_axis',(-0.999850495481623,0.0172912314527572,0.));
#4413=DIRECTION('center_axis',(0.,0.,-1.));
#4414=DIRECTION('ref_axis',(-0.999751558977817,0.022289466602508,0.));
#4415=DIRECTION('center_axis',(0.561944867237532,0.827174689038169,0.));
#4416=DIRECTION('ref_axis',(-0.827174689038169,0.561944867237532,0.));
#4417=DIRECTION('center_axis',(-0.561944867237533,-0.827174689038169,0.));
#4418=DIRECTION('ref_axis',(-0.584900831844763,0.397355026276633,0.707106781186548));
#4419=DIRECTION('center_axis',(-0.883726447278096,-0.46800381022085,-1.54509204604462E-16));
#4420=DIRECTION('ref_axis',(-0.46800381022085,0.883726447278096,-2.91758031611817E-16));
#4421=DIRECTION('',(0.561944867237533,0.827174689038169,0.));
#4422=DIRECTION('center_axis',(0.485642931178631,-0.874157276121538,0.));
#4423=DIRECTION('ref_axis',(-0.618122537769101,-0.343401409871722,0.707106781186548));
#4424=DIRECTION('',(-0.485642931178631,0.874157276121538,0.));
#4425=DIRECTION('center_axis',(0.0798241856534542,-0.996808958318876,-6.97816132554472E-18));
#4426=DIRECTION('ref_axis',(0.996808958318876,0.0798241856534542,-1.53290880502448E-17));
#4427=DIRECTION('',(-0.485642931178631,0.874157276121538,0.));
#4428=DIRECTION('center_axis',(-0.340341543505951,-0.940301884377558,0.));
#4429=DIRECTION('ref_axis',(-0.66489383880586,0.240657813332554,0.707106781186548));
#4430=DIRECTION('center_axis',(0.520602512717747,-0.853799170620333,9.10212435113312E-17));
#4431=DIRECTION('ref_axis',(-0.853799170620333,-0.520602512717747,0.));
#4432=DIRECTION('',(0.340341543505951,0.940301884377558,0.));
#4433=DIRECTION('center_axis',(-0.520602512717739,-0.853799170620338,2.73063730533989E-16));
#4434=DIRECTION('ref_axis',(0.853799170620338,-0.520602512717739,0.));
#4435=DIRECTION('center_axis',(0.,0.,1.));
#4436=DIRECTION('ref_axis',(-0.320754376631686,-0.947162409448147,0.));
#4437=DIRECTION('center_axis',(0.781442162382881,0.623977681371992,0.));
#4438=DIRECTION('ref_axis',(0.623977681371992,-0.781442162382881,0.));
#4439=DIRECTION('center_axis',(-0.607626209593616,-0.794223135784205,2.71545164727703E-16));
#4440=DIRECTION('ref_axis',(0.794223135784205,-0.607626209593615,0.));
#4441=DIRECTION('center_axis',(0.,0.,1.));
#4442=DIRECTION('ref_axis',(-0.940301884377558,0.340341543505951,0.));
#4443=DIRECTION('center_axis',(0.607626209593623,-0.7942231357842,9.05150549092357E-17));
#4444=DIRECTION('ref_axis',(-0.794223135784199,-0.607626209593622,0.));
#4445=DIRECTION('center_axis',(-0.781442162382876,0.623977681371999,1.46536203214291E-16));
#4446=DIRECTION('ref_axis',(-0.623977681371999,-0.781442162382875,0.));
#4447=DIRECTION('center_axis',(-0.340341543505951,-0.940301884377558,0.));
#4448=DIRECTION('ref_axis',(-0.66489383880586,0.240657813332554,0.707106781186548));
#4449=DIRECTION('',(0.340341543505951,0.940301884377558,0.));
#4450=DIRECTION('',(-0.340341543505951,-0.940301884377558,0.));
#4451=DIRECTION('center_axis',(0.169237080240634,-0.98557537036577,-8.32981720440818E-18));
#4452=DIRECTION('ref_axis',(0.98557537036577,0.169237080240634,-1.82983017175874E-17));
#4453=DIRECTION('center_axis',(0.485642931178631,-0.874157276121538,0.));
#4454=DIRECTION('ref_axis',(-0.618122537769101,-0.343401409871722,0.707106781186548));
#4455=DIRECTION('',(-0.485642931178631,0.874157276121538,0.));
#4456=DIRECTION('center_axis',(-0.0102369499075099,-0.999947601055471,-5.56983678096469E-18));
#4457=DIRECTION('ref_axis',(0.999947601055471,-0.0102369499075099,-1.82983017175874E-17));
#4458=DIRECTION('',(0.485642931178631,-0.874157276121538,0.));
#4459=DIRECTION('center_axis',(-0.561944867237533,-0.827174689038169,0.));
#4460=DIRECTION('ref_axis',(-0.584900831844763,0.397355026276633,0.707106781186548));
#4461=DIRECTION('center_axis',(-0.883726447278097,-0.46800381022085,0.));
#4462=DIRECTION('ref_axis',(-0.46800381022085,0.883726447278097,-9.65682528777886E-17));
#4463=DIRECTION('',(0.561944867237533,0.827174689038169,0.));
#4464=DIRECTION('center_axis',(0.561944867237532,0.827174689038169,0.));
#4465=DIRECTION('ref_axis',(-0.827174689038169,0.561944867237532,0.));
#4466=DIRECTION('',(-0.561944867237533,-0.827174689038169,0.));
#4467=DIRECTION('center_axis',(0.,0.,1.));
#4468=DIRECTION('ref_axis',(-0.999850495481623,0.0172912314527571,0.));
#4469=DIRECTION('center_axis',(0.,0.,1.));
#4470=DIRECTION('ref_axis',(-0.999751558977817,0.022289466602508,0.));
#4471=DIRECTION('center_axis',(0.,0.,-1.));
#4472=DIRECTION('ref_axis',(-0.999751558977817,0.022289466602508,0.));
#4473=DIRECTION('center_axis',(0.,0.,1.));
#4474=DIRECTION('ref_axis',(1.,0.,0.));
#4475=DIRECTION('center_axis',(0.,0.,1.));
#4476=DIRECTION('ref_axis',(0.999751558977817,0.0222894666025085,0.));
#4477=DIRECTION('center_axis',(0.,0.,-1.));
#4478=DIRECTION('ref_axis',(0.999751558977817,0.0222894666025085,0.));
#4479=DIRECTION('center_axis',(0.561944867237532,-0.82717468903817,0.));
#4480=DIRECTION('ref_axis',(0.82717468903817,0.561944867237532,0.));
#4481=DIRECTION('center_axis',(-0.561944867237533,0.827174689038169,0.));
#4482=DIRECTION('ref_axis',(0.584900831844763,0.397355026276633,0.707106781186548));
#4483=DIRECTION('',(0.561944867237533,-0.827174689038169,0.));
#4484=DIRECTION('center_axis',(-0.883726447278096,0.468003810220851,0.));
#4485=DIRECTION('ref_axis',(0.468003810220851,0.883726447278096,1.93136505755577E-16));
#4486=DIRECTION('',(-0.561944867237533,0.827174689038169,0.));
#4487=DIRECTION('center_axis',(0.485642931178631,0.874157276121539,0.));
#4488=DIRECTION('ref_axis',(0.618122537769101,-0.343401409871722,0.707106781186548));
#4489=DIRECTION('',(-0.485642931178631,-0.874157276121539,0.));
#4490=DIRECTION('',(0.485642931178631,0.874157276121539,0.));
#4491=DIRECTION('center_axis',(-0.0102369499075073,0.999947601055471,0.));
#4492=DIRECTION('ref_axis',(-0.999947601055471,-0.0102369499075073,0.));
#4493=DIRECTION('center_axis',(-0.34034154350595,0.940301884377558,0.));
#4494=DIRECTION('ref_axis',(0.66489383880586,0.240657813332554,0.707106781186547));
#4495=DIRECTION('',(-0.34034154350595,0.940301884377558,0.));
#4496=DIRECTION('',(0.34034154350595,-0.940301884377558,0.));
#4497=DIRECTION('center_axis',(0.169237080240637,0.98557537036577,0.));
#4498=DIRECTION('ref_axis',(-0.98557537036577,0.169237080240637,0.));
#4499=DIRECTION('center_axis',(0.947162409448146,0.320754376631688,0.));
#4500=DIRECTION('ref_axis',(0.226807594811531,-0.669744962605773,0.707106781186548));
#4501=DIRECTION('',(0.947162409448146,0.320754376631688,0.));
#4502=DIRECTION('',(-0.947162409448146,-0.320754376631688,0.));
#4503=DIRECTION('center_axis',(-0.947162409448146,-0.320754376631688,0.));
#4504=DIRECTION('ref_axis',(0.320754376631688,-0.947162409448146,0.));
#4505=DIRECTION('center_axis',(0.,0.,-1.));
#4506=DIRECTION('ref_axis',(-1.,0.,0.));
#4507=DIRECTION('center_axis',(0.,0.,-1.));
#4508=DIRECTION('ref_axis',(5.46369598732844E-16,1.,0.));
#4509=DIRECTION('center_axis',(0.,0.,1.));
#4510=DIRECTION('ref_axis',(5.46369598732844E-16,1.,0.));
#4511=DIRECTION('center_axis',(-0.947162409448148,0.320754376631682,0.));
#4512=DIRECTION('ref_axis',(-0.320754376631682,-0.947162409448148,0.));
#4513=DIRECTION('center_axis',(0.947162409448146,-0.320754376631687,0.));
#4514=DIRECTION('ref_axis',(-0.22680759481153,-0.669744962605774,0.707106781186547));
#4515=DIRECTION('',(0.947162409448146,-0.320754376631687,0.));
#4516=DIRECTION('',(-0.947162409448146,0.320754376631687,0.));
#4517=DIRECTION('center_axis',(0.,1.,0.));
#4518=DIRECTION('ref_axis',(-1.,0.,0.));
#4519=DIRECTION('',(0.,0.,-1.));
#4520=DIRECTION('center_axis',(0.,1.,0.));
#4521=DIRECTION('ref_axis',(1.,0.,0.));
#4522=DIRECTION('',(-1.,0.,0.));
#4523=DIRECTION('',(0.,0.,-1.));
#4524=DIRECTION('',(1.,0.,0.));
#4525=DIRECTION('center_axis',(0.,0.,1.));
#4526=DIRECTION('ref_axis',(1.,0.,0.));
#4527=DIRECTION('',(1.,0.,0.));
#4528=DIRECTION('center_axis',(0.,0.,1.));
#4529=DIRECTION('ref_axis',(1.,0.,0.));
#4530=DIRECTION('center_axis',(0.,0.,1.));
#4531=DIRECTION('ref_axis',(1.,0.,0.));
#4532=DIRECTION('',(1.36223684003087E-16,1.,0.));
#4533=DIRECTION('center_axis',(0.,0.,-1.));
#4534=DIRECTION('ref_axis',(0.707106781186547,0.707106781186547,0.));
#4535=DIRECTION('',(-1.,0.,0.));
#4536=DIRECTION('center_axis',(0.,0.,-1.));
#4537=DIRECTION('ref_axis',(-0.707106781186547,0.707106781186547,0.));
#4538=DIRECTION('',(0.,-1.,0.));
#4539=DIRECTION('center_axis',(0.,0.,-1.));
#4540=DIRECTION('ref_axis',(-0.707106781186547,-0.707106781186547,0.));
#4541=DIRECTION('',(1.,0.,0.));
#4542=DIRECTION('center_axis',(0.,0.,-1.));
#4543=DIRECTION('ref_axis',(0.707106781186547,-0.707106781186548,0.));
#4544=DIRECTION('center_axis',(0.,0.,1.));
#4545=DIRECTION('ref_axis',(1.,0.,0.));
#4546=DIRECTION('center_axis',(7.4982300459814E-17,2.50431177310543E-18,
1.));
#4547=DIRECTION('ref_axis',(-0.940301884377558,0.340341543505951,6.96536770830486E-17));
#4548=DIRECTION('center_axis',(-1.0696965765341E-14,-5.61329376155192E-15,
1.));
#4549=DIRECTION('ref_axis',(-0.874157276121538,-0.485642931178631,-1.20768868921227E-14));
#4550=DIRECTION('center_axis',(6.48361092658056E-16,2.89322423067842E-16,
1.));
#4551=DIRECTION('ref_axis',(0.851397453678016,-0.524521091921565,-4.00257270088027E-16));
#4552=DIRECTION('center_axis',(-6.70637012915575E-17,5.37044264884379E-18,
1.));
#4553=DIRECTION('ref_axis',(0.874157276121539,-0.48564293117863,6.12323399573676E-17));
#4554=DIRECTION('center_axis',(0.,0.,-1.));
#4555=DIRECTION('ref_axis',(1.,0.,0.));
#4556=DIRECTION('center_axis',(0.,0.,-1.));
#4557=DIRECTION('ref_axis',(1.,0.,0.));
#4558=DIRECTION('',(0.,0.,-1.));
#4559=DIRECTION('center_axis',(0.,0.,-1.));
#4560=DIRECTION('ref_axis',(1.,0.,0.));
#4561=DIRECTION('center_axis',(0.,0.,-1.));
#4562=DIRECTION('ref_axis',(1.,0.,0.));
#4563=DIRECTION('',(0.,0.,-1.));
#4564=DIRECTION('center_axis',(0.,0.,-1.));
#4565=DIRECTION('ref_axis',(1.,0.,0.));
#4566=DIRECTION('center_axis',(0.,0.,-1.));
#4567=DIRECTION('ref_axis',(1.,0.,0.));
#4568=DIRECTION('',(0.,0.,-1.));
#4569=DIRECTION('center_axis',(-1.,0.,0.));
#4570=DIRECTION('ref_axis',(0.,1.,0.));
#4571=DIRECTION('',(0.,0.,1.));
#4572=DIRECTION('',(0.,0.,-1.));
#4573=DIRECTION('',(0.,1.,0.));
#4574=DIRECTION('center_axis',(0.,0.,-1.));
#4575=DIRECTION('ref_axis',(-0.707106781186547,0.707106781186547,0.));
#4576=DIRECTION('center_axis',(0.,0.,1.));
#4577=DIRECTION('ref_axis',(-0.707106781186547,0.707106781186547,0.));
#4578=DIRECTION('',(0.,0.,1.));
#4579=DIRECTION('center_axis',(0.,1.,0.));
#4580=DIRECTION('ref_axis',(1.,0.,0.));
#4581=DIRECTION('',(0.,0.,-1.));
#4582=DIRECTION('',(1.,0.,0.));
#4583=DIRECTION('center_axis',(0.,0.,-1.));
#4584=DIRECTION('ref_axis',(0.707106781186547,0.707106781186547,0.));
#4585=DIRECTION('center_axis',(0.,0.,1.));
#4586=DIRECTION('ref_axis',(0.707106781186547,0.707106781186547,0.));
#4587=DIRECTION('',(0.,0.,1.));
#4588=DIRECTION('center_axis',(0.,-1.,0.));
#4589=DIRECTION('ref_axis',(-1.,0.,0.));
#4590=DIRECTION('',(0.,0.,1.));
#4591=DIRECTION('',(0.,0.,-1.));
#4592=DIRECTION('',(-1.,0.,0.));
#4593=DIRECTION('center_axis',(0.,0.,-1.));
#4594=DIRECTION('ref_axis',(-0.707106781186547,-0.707106781186547,0.));
#4595=DIRECTION('center_axis',(0.,0.,1.));
#4596=DIRECTION('ref_axis',(-0.707106781186547,-0.707106781186547,0.));
#4597=DIRECTION('center_axis',(1.,-1.36223684003087E-16,0.));
#4598=DIRECTION('ref_axis',(-1.36223684003087E-16,-1.,0.));
#4599=DIRECTION('',(0.,0.,-1.));
#4600=DIRECTION('',(-1.36223684003087E-16,-1.,0.));
#4601=DIRECTION('center_axis',(0.,0.,-1.));
#4602=DIRECTION('ref_axis',(0.707106781186547,-0.707106781186548,0.));
#4603=DIRECTION('center_axis',(0.,0.,1.));
#4604=DIRECTION('ref_axis',(0.707106781186547,-0.707106781186548,0.));
#4605=DIRECTION('center_axis',(0.,1.,0.));
#4606=DIRECTION('ref_axis',(-1.,0.,0.));
#4607=DIRECTION('',(-1.,0.,0.));
#4608=DIRECTION('center_axis',(0.,-1.,0.));
#4609=DIRECTION('ref_axis',(-1.,0.,0.));
#4610=DIRECTION('',(-1.,0.,0.));
#4611=DIRECTION('center_axis',(-1.,0.,0.));
#4612=DIRECTION('ref_axis',(0.,0.707106781186547,0.707106781186548));
#4613=DIRECTION('',(-1.,0.,0.));
#4614=DIRECTION('center_axis',(0.,1.,0.));
#4615=DIRECTION('ref_axis',(-1.,0.,0.));
#4616=DIRECTION('',(-1.,0.,0.));
#4617=DIRECTION('center_axis',(0.,1.,0.));
#4618=DIRECTION('ref_axis',(-1.,0.,0.));
#4619=DIRECTION('',(-0.999999982390252,0.,0.000187668576931464));
#4620=DIRECTION('center_axis',(0.,-1.,0.));
#4621=DIRECTION('ref_axis',(-1.,0.,0.));
#4622=DIRECTION('',(0.,0.,1.));
#4623=DIRECTION('center_axis',(0.,1.,0.));
#4624=DIRECTION('ref_axis',(0.0448649360605891,0.,0.998993061793864));
#4625=DIRECTION('',(0.,-1.,0.));
#4626=DIRECTION('center_axis',(0.,-1.,0.));
#4627=DIRECTION('ref_axis',(-1.,0.,0.));
#4628=DIRECTION('',(0.,1.,0.));
#4629=DIRECTION('center_axis',(-0.000187668576931464,0.,-0.999999982390252));
#4630=DIRECTION('ref_axis',(-0.999999982390252,0.,0.000187668576931464));
#4631=DIRECTION('',(0.999999982390252,0.,-0.000187668576931464));
#4632=DIRECTION('',(0.,1.,0.));
#4633=DIRECTION('center_axis',(0.,1.,0.));
#4634=DIRECTION('ref_axis',(-1.,0.,0.));
#4635=DIRECTION('center_axis',(0.,1.,0.));
#4636=DIRECTION('ref_axis',(-1.,0.,0.));
#4637=DIRECTION('',(-1.,0.,0.));
#4638=DIRECTION('',(0.,0.,1.));
#4639=DIRECTION('center_axis',(0.,1.,0.));
#4640=DIRECTION('ref_axis',(1.,0.,0.));
#4641=DIRECTION('',(0.,1.,0.));
#4642=DIRECTION('',(0.,1.,0.));
#4643=DIRECTION('center_axis',(0.,1.,0.));
#4644=DIRECTION('ref_axis',(1.,0.,0.));
#4645=DIRECTION('center_axis',(-0.34034154350595,0.940301884377558,0.));
#4646=DIRECTION('ref_axis',(0.664893838805861,0.240657813332554,0.707106781186548));
#4647=DIRECTION('',(0.34034154350595,-0.940301884377558,0.));
#4648=DIRECTION('',(0.34034154350595,-0.940301884377558,0.));
#4649=DIRECTION('',(0.369385896000904,0.13369894082207,0.919607880054682));
#4650=DIRECTION('',(0.354074246126515,0.12815690093206,0.926394752237636));
#4651=DIRECTION('',(-2.18547839493141E-17,0.,1.));
#4652=DIRECTION('',(0.,0.,1.));
#4653=DIRECTION('',(0.,0.,1.));
#4654=DIRECTION('center_axis',(-0.34034154350595,0.940301884377558,0.));
#4655=DIRECTION('ref_axis',(0.664893838805861,0.240657813332554,0.707106781186547));
#4656=DIRECTION('',(0.34034154350595,-0.940301884377558,0.));
#4657=DIRECTION('center_axis',(0.,0.,1.));
#4658=DIRECTION('ref_axis',(1.,0.,0.));
#4659=DIRECTION('',(-0.477831599450843,0.172950779738859,0.861257795525805));
#4660=DIRECTION('',(-0.0737795800892643,0.0267044622413187,0.996916970092421));
#4661=DIRECTION('',(-0.454571864137105,0.164531936439978,0.875382009311494));
#4662=DIRECTION('center_axis',(-0.340341543505951,-0.940301884377558,0.));
#4663=DIRECTION('ref_axis',(-0.66489383880586,0.240657813332554,0.707106781186548));
#4664=DIRECTION('',(0.,0.,1.));
#4665=DIRECTION('',(0.,0.,1.));
#4666=DIRECTION('center_axis',(0.,0.,1.));
#4667=DIRECTION('ref_axis',(1.,0.,0.));
#4668=DIRECTION('',(0.,0.,1.));
#4669=DIRECTION('',(0.,0.,1.));
#4670=DIRECTION('',(0.,-2.18547839493141E-17,1.));
#4671=DIRECTION('',(1.91229359556498E-17,-2.18547839493141E-17,1.));
#4672=DIRECTION('center_axis',(0.,0.,1.));
#4673=DIRECTION('ref_axis',(1.,0.,0.));
#4674=DIRECTION('',(-0.485642931178631,-0.874157276121539,0.));
#4675=DIRECTION('center_axis',(0.485642931178631,0.874157276121539,0.));
#4676=DIRECTION('ref_axis',(0.618122537769101,-0.343401409871722,0.707106781186548));
#4677=DIRECTION('',(0.,0.,1.));
#4678=DIRECTION('',(0.,0.,1.));
#4679=DIRECTION('',(0.,0.,1.));
#4680=DIRECTION('',(-0.0104467251210144,-0.00580373617834132,0.999928588740525));
#4681=DIRECTION('center_axis',(0.,0.,1.));
#4682=DIRECTION('ref_axis',(1.,0.,0.));
#4683=DIRECTION('',(-0.485642931178631,0.874157276121538,0.));
#4684=DIRECTION('center_axis',(0.485642931178631,-0.874157276121538,0.));
#4685=DIRECTION('ref_axis',(-0.618122537769101,-0.343401409871722,0.707106781186548));
#4686=DIRECTION('',(1.09273919746571E-17,-1.74838271594513E-16,1.));
#4687=DIRECTION('',(0.,0.,1.));
#4688=DIRECTION('center_axis',(0.00165354178737162,-0.999998632898844,0.));
#4689=DIRECTION('ref_axis',(0.,0.,-1.));
#4690=DIRECTION('',(0.999998632898844,0.00165354178737162,0.));
#4691=DIRECTION('',(-0.999998632898844,-0.00165354178737162,0.));
#4692=DIRECTION('',(0.,0.,1.));
#4693=DIRECTION('',(1.70740499604016E-19,-1.74838271594513E-16,1.));
#4694=DIRECTION('',(0.0306134699633867,-0.4511719483262,0.891911816549339));
#4695=DIRECTION('center_axis',(0.,0.,1.));
#4696=DIRECTION('ref_axis',(1.,0.,0.));
#4697=DIRECTION('center_axis',(0.,0.,1.));
#4698=DIRECTION('ref_axis',(5.46369598732844E-16,1.,0.));
#4699=DIRECTION('center_axis',(0.,0.,-1.));
#4700=DIRECTION('ref_axis',(-1.,0.,0.));
#4701=DIRECTION('center_axis',(0.,0.,1.));
#4702=DIRECTION('ref_axis',(1.,0.,0.));
#4703=DIRECTION('',(1.,0.,0.));
#4704=DIRECTION('',(0.561944867237533,0.827174689038169,0.));
#4705=DIRECTION('center_axis',(0.,0.,1.));
#4706=DIRECTION('ref_axis',(1.,0.,0.));
#4707=DIRECTION('',(1.,0.,0.));
#4708=DIRECTION('center_axis',(-1.,0.,0.));
#4709=DIRECTION('ref_axis',(0.,0.707106781186547,0.707106781186548));
#4710=DIRECTION('center_axis',(-1.,0.,0.));
#4711=DIRECTION('ref_axis',(0.,0.707106781186547,0.707106781186548));
#4712=DIRECTION('center_axis',(-0.883726447278096,-0.46800381022085,-1.54509204604462E-16));
#4713=DIRECTION('ref_axis',(-0.46800381022085,0.883726447278096,-2.91758031611817E-16));
#4714=DIRECTION('center_axis',(-0.561944867237533,-0.827174689038169,0.));
#4715=DIRECTION('ref_axis',(-0.584900831844763,0.397355026276633,0.707106781186548));
#4716=DIRECTION('',(-0.559818351719969,0.380315129927644,0.736181917073257));
#4717=DIRECTION('',(-0.262500246202812,0.495676327671285,0.827888035261877));
#4718=DIRECTION('',(0.,-2.21314267841155E-15,1.));
#4719=DIRECTION('',(-5.53285669602889E-16,0.,1.));
#4720=DIRECTION('',(-0.209322209963279,0.395260826744028,0.894400967831384));
#4721=DIRECTION('',(-0.48771090018751,0.331328606506142,0.807687707191949));
#4722=DIRECTION('',(0.,-4.37095678986282E-17,1.));
#4723=DIRECTION('',(4.37095678986282E-17,-4.37095678986282E-17,1.));
#4724=DIRECTION('center_axis',(-1.,0.,0.));
#4725=DIRECTION('ref_axis',(0.,0.707106781186547,0.707106781186548));
#4726=DIRECTION('',(1.,0.,0.));
#4727=DIRECTION('center_axis',(-0.883726447278097,-0.46800381022085,0.));
#4728=DIRECTION('ref_axis',(-0.46800381022085,0.883726447278097,-6.67138189138436E-17));
#4729=DIRECTION('center_axis',(0.,0.,1.));
#4730=DIRECTION('ref_axis',(1.,0.,0.));
#4731=DIRECTION('',(0.561944867237533,0.827174689038169,0.));
#4732=DIRECTION('center_axis',(-0.561944867237533,-0.827174689038169,0.));
#4733=DIRECTION('ref_axis',(-0.584900831844763,0.397355026276633,0.707106781186548));
#4734=DIRECTION('center_axis',(-0.827174689038169,0.561944867237533,0.));
#4735=DIRECTION('ref_axis',(-0.561944867237533,-0.827174689038169,0.));
#4736=DIRECTION('',(0.,0.,1.));
#4737=DIRECTION('',(0.561944867237533,0.827174689038169,0.));
#4738=DIRECTION('center_axis',(0.,0.,1.));
#4739=DIRECTION('ref_axis',(-0.82717468903817,0.561944867237532,0.));
#4740=DIRECTION('',(0.,0.,1.));
#4741=DIRECTION('center_axis',(0.,0.,-1.));
#4742=DIRECTION('ref_axis',(-0.82717468903817,0.561944867237532,0.));
#4743=DIRECTION('center_axis',(0.,0.,1.));
#4744=DIRECTION('ref_axis',(0.,1.,0.));
#4745=DIRECTION('',(0.,0.,1.));
#4746=DIRECTION('center_axis',(0.,0.,1.));
#4747=DIRECTION('ref_axis',(0.,1.,0.));
#4748=DIRECTION('center_axis',(-0.874157276121538,-0.485642931178631,0.));
#4749=DIRECTION('ref_axis',(0.485642931178631,-0.874157276121538,0.));
#4750=DIRECTION('',(0.,0.,1.));
#4751=DIRECTION('',(-0.485642931178631,0.874157276121538,0.));
#4752=DIRECTION('center_axis',(0.,0.,1.));
#4753=DIRECTION('ref_axis',(0.,1.,0.));
#4754=DIRECTION('',(0.,0.,1.));
#4755=DIRECTION('center_axis',(0.,0.,1.));
#4756=DIRECTION('ref_axis',(0.,1.,0.));
#4757=DIRECTION('center_axis',(-0.940301884377558,0.340341543505951,0.));
#4758=DIRECTION('ref_axis',(-0.340341543505951,-0.940301884377558,0.));
#4759=DIRECTION('',(0.,0.,1.));
#4760=DIRECTION('',(0.340341543505951,0.940301884377558,0.));
#4761=DIRECTION('center_axis',(0.,0.,1.));
#4762=DIRECTION('ref_axis',(-0.940301884377558,0.340341543505951,0.));
#4763=DIRECTION('',(0.,0.,1.));
#4764=DIRECTION('center_axis',(0.,0.,-1.));
#4765=DIRECTION('ref_axis',(-0.940301884377558,0.340341543505951,0.));
#4766=DIRECTION('center_axis',(0.320754376631688,-0.947162409448146,0.));
#4767=DIRECTION('ref_axis',(0.947162409448146,0.320754376631688,0.));
#4768=DIRECTION('',(0.,0.,1.));
#4769=DIRECTION('',(-0.947162409448146,-0.320754376631688,0.));
#4770=DIRECTION('center_axis',(0.,0.,1.));
#4771=DIRECTION('ref_axis',(0.320754376631682,0.947162409448148,0.));
#4772=DIRECTION('',(0.,0.,1.));
#4773=DIRECTION('center_axis',(0.,0.,1.));
#4774=DIRECTION('ref_axis',(0.320754376631682,0.947162409448148,0.));
#4775=DIRECTION('center_axis',(-0.320754376631687,-0.947162409448146,0.));
#4776=DIRECTION('ref_axis',(0.947162409448146,-0.320754376631687,0.));
#4777=DIRECTION('',(0.,0.,1.));
#4778=DIRECTION('',(-0.947162409448146,0.320754376631687,0.));
#4779=DIRECTION('center_axis',(0.,0.,1.));
#4780=DIRECTION('ref_axis',(-0.320754376631672,-0.947162409448151,0.));
#4781=DIRECTION('',(0.,0.,1.));
#4782=DIRECTION('center_axis',(0.,0.,-1.));
#4783=DIRECTION('ref_axis',(-0.320754376631672,-0.947162409448151,0.));
#4784=DIRECTION('center_axis',(0.940301884377558,0.34034154350595,0.));
#4785=DIRECTION('ref_axis',(-0.34034154350595,0.940301884377558,0.));
#4786=DIRECTION('',(0.,0.,1.));
#4787=DIRECTION('',(0.34034154350595,-0.940301884377558,0.));
#4788=DIRECTION('center_axis',(0.,0.,1.));
#4789=DIRECTION('ref_axis',(0.,1.,0.));
#4790=DIRECTION('',(0.,0.,1.));
#4791=DIRECTION('center_axis',(0.,0.,1.));
#4792=DIRECTION('ref_axis',(0.,1.,0.));
#4793=DIRECTION('center_axis',(0.874157276121539,-0.485642931178631,0.));
#4794=DIRECTION('ref_axis',(0.485642931178631,0.874157276121539,0.));
#4795=DIRECTION('',(0.,0.,1.));
#4796=DIRECTION('',(-0.485642931178631,-0.874157276121539,0.));
#4797=DIRECTION('center_axis',(0.,0.,1.));
#4798=DIRECTION('ref_axis',(0.,1.,0.));
#4799=DIRECTION('',(0.,0.,1.));
#4800=DIRECTION('center_axis',(0.,0.,1.));
#4801=DIRECTION('ref_axis',(0.,1.,0.));
#4802=DIRECTION('center_axis',(0.,0.,1.));
#4803=DIRECTION('ref_axis',(0.851397453678016,-0.524521091921565,0.));
#4804=DIRECTION('',(0.,0.,1.));
#4805=DIRECTION('center_axis',(0.,0.,-1.));
#4806=DIRECTION('ref_axis',(0.851397453678016,-0.524521091921565,0.));
#4807=DIRECTION('center_axis',(0.827174689038169,0.561944867237533,0.));
#4808=DIRECTION('ref_axis',(-0.561944867237533,0.827174689038169,0.));
#4809=DIRECTION('',(0.,0.,-1.));
#4810=DIRECTION('',(0.561944867237533,-0.827174689038169,0.));
#4811=DIRECTION('center_axis',(0.,1.,0.));
#4812=DIRECTION('ref_axis',(-1.,0.,0.));
#4813=DIRECTION('',(0.,0.,1.));
#4814=DIRECTION('',(1.,0.,0.));
#4815=DIRECTION('center_axis',(0.,0.,1.));
#4816=DIRECTION('ref_axis',(1.,0.,0.));
#4817=DIRECTION('',(0.,1.,0.));
#4818=DIRECTION('',(0.,-1.,0.));
#4819=DIRECTION('center_axis',(1.,0.,0.));
#4820=DIRECTION('ref_axis',(0.,1.,0.));
#4821=DIRECTION('center_axis',(-1.,0.,0.));
#4822=DIRECTION('ref_axis',(0.,-1.,0.));
#4823=DIRECTION('center_axis',(0.,0.,1.));
#4824=DIRECTION('ref_axis',(-0.82717468903817,0.561944867237532,0.));
#4825=DIRECTION('',(0.,0.,-1.));
#4826=DIRECTION('center_axis',(0.,0.,1.));
#4827=DIRECTION('ref_axis',(-0.82717468903817,0.561944867237532,0.));
#4828=DIRECTION('',(0.,0.,1.));
#4829=DIRECTION('center_axis',(0.,0.,1.));
#4830=DIRECTION('ref_axis',(-0.82717468903817,0.561944867237532,0.));
#4831=DIRECTION('center_axis',(-0.874157276121538,-0.485642931178631,0.));
#4832=DIRECTION('ref_axis',(0.485642931178631,-0.874157276121538,0.));
#4833=DIRECTION('',(0.,0.,1.));
#4834=DIRECTION('',(0.485642931178631,-0.874157276121538,0.));
#4835=DIRECTION('',(0.485642931178631,-0.874157276121538,0.));
#4836=DIRECTION('center_axis',(0.,0.,1.));
#4837=DIRECTION('ref_axis',(1.,0.,0.));
#4838=DIRECTION('center_axis',(0.,0.,-1.));
#4839=DIRECTION('ref_axis',(-0.857479825611603,-0.514517588299074,0.));
#4840=DIRECTION('center_axis',(0.,0.,1.));
#4841=DIRECTION('ref_axis',(-1.,0.,0.));
#4842=DIRECTION('center_axis',(0.,0.,1.));
#4843=DIRECTION('ref_axis',(-0.857479825611603,-0.514517588299074,0.));
#4844=DIRECTION('center_axis',(0.,0.,-1.));
#4845=DIRECTION('ref_axis',(-0.857479825611603,-0.514517588299074,0.));
#4846=DIRECTION('',(0.,0.,1.));
#4847=DIRECTION('center_axis',(0.,0.,-1.));
#4848=DIRECTION('ref_axis',(-0.857479825611603,-0.514517588299074,0.));
#4849=DIRECTION('',(0.,0.,1.));
#4850=DIRECTION('center_axis',(0.,0.,-1.));
#4851=DIRECTION('ref_axis',(-1.,0.,0.));
#4852=DIRECTION('center_axis',(0.,0.,1.));
#4853=DIRECTION('ref_axis',(-1.,0.,0.));
#4854=DIRECTION('',(0.184288535050185,-0.982872186934322,0.));
#4855=DIRECTION('center_axis',(0.,0.,-1.));
#4856=DIRECTION('ref_axis',(0.462713892351791,0.886507672738739,0.));
#4857=DIRECTION('',(0.886507672738737,-0.462713892351794,0.));
#4858=DIRECTION('center_axis',(0.,0.,1.));
#4859=DIRECTION('ref_axis',(-1.,0.,0.));
#4860=DIRECTION('',(0.306025727287408,0.952023242488445,0.));
#4861=DIRECTION('center_axis',(0.,0.,-1.));
#4862=DIRECTION('ref_axis',(-0.537472254256289,0.843281433392591,0.));
#4863=DIRECTION('',(0.843281433392589,0.537472254256292,0.));
#4864=DIRECTION('center_axis',(0.,0.,1.));
#4865=DIRECTION('ref_axis',(-1.,0.,0.));
#4866=DIRECTION('',(-0.182205803083075,-0.983260415822203,0.));
#4867=DIRECTION('center_axis',(-0.983260415822203,0.182205803083075,0.));
#4868=DIRECTION('ref_axis',(-0.182205803083075,-0.983260415822203,0.));
#4869=DIRECTION('',(0.,0.,1.));
#4870=DIRECTION('',(-0.182205803083075,-0.983260415822203,0.));
#4871=DIRECTION('center_axis',(0.,0.,1.));
#4872=DIRECTION('ref_axis',(-1.,0.,0.));
#4873=DIRECTION('',(0.,0.,1.));
#4874=DIRECTION('center_axis',(0.,0.,1.));
#4875=DIRECTION('ref_axis',(-1.,0.,0.));
#4876=DIRECTION('center_axis',(0.537472254256292,-0.843281433392589,0.));
#4877=DIRECTION('ref_axis',(0.843281433392589,0.537472254256292,0.));
#4878=DIRECTION('',(0.,0.,1.));
#4879=DIRECTION('',(0.843281433392589,0.537472254256292,0.));
#4880=DIRECTION('center_axis',(0.,0.,1.));
#4881=DIRECTION('ref_axis',(-0.537472254256289,0.843281433392591,0.));
#4882=DIRECTION('',(0.,0.,1.));
#4883=DIRECTION('center_axis',(0.,0.,-1.));
#4884=DIRECTION('ref_axis',(-0.537472254256289,0.843281433392591,0.));
#4885=DIRECTION('center_axis',(0.952023242488445,-0.306025727287408,0.));
#4886=DIRECTION('ref_axis',(0.306025727287408,0.952023242488445,0.));
#4887=DIRECTION('',(0.,0.,1.));
#4888=DIRECTION('',(0.306025727287408,0.952023242488445,0.));
#4889=DIRECTION('center_axis',(0.,0.,1.));
#4890=DIRECTION('ref_axis',(-1.,0.,0.));
#4891=DIRECTION('',(0.,0.,1.));
#4892=DIRECTION('center_axis',(0.,0.,1.));
#4893=DIRECTION('ref_axis',(-1.,0.,0.));
#4894=DIRECTION('center_axis',(0.,0.,1.));
#4895=DIRECTION('ref_axis',(0.427022491567017,-0.904241003104757,0.));
#4896=DIRECTION('center_axis',(0.,0.,1.));
#4897=DIRECTION('ref_axis',(-1.,0.,0.));
#4898=DIRECTION('',(0.,0.,1.));
#4899=DIRECTION('center_axis',(-0.982872186934322,-0.184288535050185,0.));
#4900=DIRECTION('ref_axis',(0.184288535050185,-0.982872186934322,0.));
#4901=DIRECTION('',(0.184288535050185,-0.982872186934322,0.));
#4902=DIRECTION('',(0.,0.,1.));
#4903=DIRECTION('center_axis',(0.,0.,1.));
#4904=DIRECTION('ref_axis',(0.462713892351791,0.886507672738739,0.));
#4905=DIRECTION('center_axis',(0.,0.,-1.));
#4906=DIRECTION('ref_axis',(0.462713892351791,0.886507672738739,0.));
#4907=DIRECTION('',(0.,0.,1.));
#4908=DIRECTION('center_axis',(-0.462713892351794,-0.886507672738737,0.));
#4909=DIRECTION('ref_axis',(0.886507672738737,-0.462713892351794,0.));
#4910=DIRECTION('',(0.886507672738737,-0.462713892351794,0.));
#4911=DIRECTION('center_axis',(0.,0.,-1.));
#4912=DIRECTION('ref_axis',(-1.,0.,0.));
#4913=DIRECTION('center_axis',(0.,0.,1.));
#4914=DIRECTION('ref_axis',(1.,0.,0.));
#4915=DIRECTION('',(-0.446917816920362,0.894575019167838,0.));
#4916=DIRECTION('center_axis',(0.,0.,1.));
#4917=DIRECTION('ref_axis',(0.851397453678016,-0.524521091921565,0.));
#4918=DIRECTION('',(0.898249012538856,-0.439486872924517,0.));
#4919=DIRECTION('center_axis',(0.,0.,-1.));
#4920=DIRECTION('ref_axis',(0.999969726869075,0.00778108895902347,0.));
#4921=DIRECTION('center_axis',(0.,0.,1.));
#4922=DIRECTION('ref_axis',(0.851397453678016,-0.524521091921565,0.));
#4923=DIRECTION('',(0.,0.,1.));
#4924=DIRECTION('center_axis',(0.,0.,1.));
#4925=DIRECTION('ref_axis',(0.851397453678016,-0.524521091921565,0.));
#4926=DIRECTION('',(0.,0.,-1.));
#4927=DIRECTION('center_axis',(0.,0.,1.));
#4928=DIRECTION('ref_axis',(0.999969726869075,0.00778108895902347,0.));
#4929=DIRECTION('',(0.,0.,1.));
#4930=DIRECTION('center_axis',(0.,0.,-1.));
#4931=DIRECTION('ref_axis',(0.999969726869075,0.00778108895902347,0.));
#4932=DIRECTION('',(0.,0.,1.));
#4933=DIRECTION('center_axis',(-0.439486872924517,-0.898249012538856,0.));
#4934=DIRECTION('ref_axis',(0.898249012538856,-0.439486872924517,0.));
#4935=DIRECTION('',(0.898249012538856,-0.439486872924517,0.));
#4936=DIRECTION('',(0.,0.,1.));
#4937=DIRECTION('',(0.898249012538856,-0.439486872924517,0.));
#4938=DIRECTION('center_axis',(0.,0.,-1.));
#4939=DIRECTION('ref_axis',(-1.,0.,0.));
#4940=DIRECTION('',(-0.446917816920362,0.894575019167838,0.));
#4941=DIRECTION('center_axis',(0.,0.,1.));
#4942=DIRECTION('ref_axis',(0.894575019167838,0.446917816920362,0.));
#4943=DIRECTION('center_axis',(0.,0.,1.));
#4944=DIRECTION('ref_axis',(0.894575019167838,0.446917816920362,0.));
#4945=DIRECTION('',(0.,0.,1.));
#4946=DIRECTION('center_axis',(0.,0.,1.));
#4947=DIRECTION('ref_axis',(0.894575019167838,0.446917816920362,0.));
#4948=DIRECTION('center_axis',(0.894575019167838,0.446917816920362,0.));
#4949=DIRECTION('ref_axis',(-0.446917816920362,0.894575019167838,0.));
#4950=DIRECTION('',(-0.446917816920362,0.894575019167838,0.));
#4951=DIRECTION('center_axis',(0.,0.,-1.));
#4952=DIRECTION('ref_axis',(-1.,0.,0.));
#4953=CARTESIAN_POINT('',(0.,0.,0.));
#4954=CARTESIAN_POINT('Origin',(-0.960200536185708,-0.167676730325084,-0.08));
#4955=CARTESIAN_POINT('',(-0.960200536185708,-0.167676730325084,-0.08));
#4956=CARTESIAN_POINT('',(-0.906665094953417,-0.182972570677167,-0.0406299212598425));
#4957=CARTESIAN_POINT('',(-0.906665094953416,-0.182972570677168,-0.040629921259841));
#4958=CARTESIAN_POINT('',(-0.960200536185708,-0.167676730325084,-0.00125984251968496));
#4959=CARTESIAN_POINT('',(-0.942355389108278,-0.172775343775779,-0.0143832020997374));
#4960=CARTESIAN_POINT('',(-0.960200536185708,-0.167676730325084,-0.04));
#4961=CARTESIAN_POINT('Origin',(-0.960200536185708,-0.167676730325084,-0.00125984251968496));
#4962=CARTESIAN_POINT('',(-0.845481733545082,-0.374170575078211,-0.00125984251968497));
#4963=CARTESIAN_POINT('',(-0.830185893192999,-0.320635133845921,-0.0406299212598425));
#4964=CARTESIAN_POINT('',(-0.830185893192998,-0.320635133845919,-0.040629921259844));
#4965=CARTESIAN_POINT('',(-0.747826396807234,-0.549950181206338,-0.00125984251968495));
#4966=CARTESIAN_POINT('',(-0.868425494073208,-0.251803852261544,-0.0406299212598424));
#4967=CARTESIAN_POINT('Origin',(-0.845481733545082,-0.374170575078211,-0.00125984251968497));
#4968=CARTESIAN_POINT('',(-0.845481733545082,-0.374170575078211,-0.08));
#4969=CARTESIAN_POINT('',(-0.840383120094388,-0.356325428000781,-0.0668766404199474));
#4970=CARTESIAN_POINT('',(-0.845481733545082,-0.374170575078212,-0.000629921259842483));
#4971=CARTESIAN_POINT('Origin',(-0.845481733545082,-0.374170575078211,-0.08));
#4972=CARTESIAN_POINT('',(-0.690466995486921,-0.653197103582902,-0.0800000000000001));
#4973=CARTESIAN_POINT('Origin',(1.02598910097268,-0.167676730325084,-0.08));
#4974=CARTESIAN_POINT('',(1.02598910097268,-0.167676730325084,-0.08));
#4975=CARTESIAN_POINT('',(0.972453659740394,-0.182972570677167,-0.0406299212598425));
#4976=CARTESIAN_POINT('',(0.972453659740392,-0.182972570677168,-0.040629921259841));
#4977=CARTESIAN_POINT('',(1.02598910097268,-0.167676730325084,-0.00125984251968496));
#4978=CARTESIAN_POINT('',(1.02598910097268,-0.167676730325084,-0.04));
#4979=CARTESIAN_POINT('',(1.00814395389525,-0.172775343775779,-0.0143832020997374));
#4980=CARTESIAN_POINT('Origin',(1.02598910097268,-0.167676730325084,-0.00125984251968496));
#4981=CARTESIAN_POINT('',(0.911270298332059,-0.374170575078211,-0.00125984251968497));
#4982=CARTESIAN_POINT('',(0.895974457979975,-0.320635133845921,-0.0406299212598425));
#4983=CARTESIAN_POINT('',(0.895974457979975,-0.320635133845919,-0.040629921259844));
#4984=CARTESIAN_POINT('',(0.934214058860185,-0.251803852261544,-0.0406299212598424));
#4985=CARTESIAN_POINT('',(1.18090219571805,0.111166840216582,-0.00125984251968504));
#4986=CARTESIAN_POINT('Origin',(0.911270298332059,-0.374170575078211,-0.00125984251968497));
#4987=CARTESIAN_POINT('',(0.911270298332059,-0.374170575078211,-0.08));
#4988=CARTESIAN_POINT('',(0.911270298332059,-0.374170575078211,-0.000629921259842483));
#4989=CARTESIAN_POINT('',(0.906171684881364,-0.356325428000781,-0.0668766404199474));
#4990=CARTESIAN_POINT('Origin',(0.911270298332059,-0.374170575078211,-0.08));
#4991=CARTESIAN_POINT('',(1.12354279439774,0.00791991784001829,-0.0800000000000001));
#4992=CARTESIAN_POINT('Origin',(-0.931322322690349,2.38194304040671,-0.0015748031496063));
#4993=CARTESIAN_POINT('',(-0.931322322690349,2.38194304040671,-0.0015748031496063));
#4994=CARTESIAN_POINT('',(-0.876632576380282,2.39238515937524,-0.0409448818897639));
#4995=CARTESIAN_POINT('',(-0.876632576380282,2.39238515937524,-0.0409448818897637));
#4996=CARTESIAN_POINT('',(-0.931322322690349,2.38194304040671,-0.0803149606299213));
#4997=CARTESIAN_POINT('',(-0.91309240725366,2.38542374672955,-0.0671916010498689));
#4998=CARTESIAN_POINT('',(-0.931322322690348,2.38194304040671,-0.00078740157480315));
#4999=CARTESIAN_POINT('Origin',(-0.931322322690349,2.38194304040671,-0.0803149606299213));
#5000=CARTESIAN_POINT('',(-0.798579440665735,2.5773386362425,-0.0803149606299214));
#5001=CARTESIAN_POINT('',(-0.788137321697206,2.52264888993243,-0.0409448818897639));
#5002=CARTESIAN_POINT('',(-0.788137321697206,2.52264888993243,-0.0409448818897639));
#5003=CARTESIAN_POINT('',(-1.0846837851039,2.15619719347694,-0.0803149606299209));
#5004=CARTESIAN_POINT('',(-0.832384949038744,2.45751702465383,-0.0409448818897639));
#5005=CARTESIAN_POINT('Origin',(-0.798579440665735,2.5773386362425,-0.0803149606299214));
#5006=CARTESIAN_POINT('',(-0.798579440665735,2.5773386362425,-0.00157480314960639));
#5007=CARTESIAN_POINT('',(-0.795098734342892,2.55910872080581,-0.0146981627296589));
#5008=CARTESIAN_POINT('',(-0.798579440665735,2.5773386362425,-0.0401574803149607));
#5009=CARTESIAN_POINT('Origin',(-0.798579440665735,2.5773386362425,-0.00157480314960639));
#5010=CARTESIAN_POINT('',(-1.0183123440916,2.25389499139484,-0.00157480314960684));
#5011=CARTESIAN_POINT('Origin',(0.900015721170114,2.45876853654762,-0.0409448818897639));
#5012=CARTESIAN_POINT('',(0.854221234209487,2.52419574955152,-0.0398313279036434));
#5013=CARTESIAN_POINT('',(0.854221234209487,2.52419574955152,-0.0420584358758844));
#5014=CARTESIAN_POINT('Origin',(0.854516581934791,2.52574260917061,-0.0409448818897639));
#5015=CARTESIAN_POINT('',(0.943968000786347,2.39208981164993,-0.0398313279036433));
#5016=CARTESIAN_POINT('',(0.899094617497917,2.45814278060073,-0.0398313279036433));
#5017=CARTESIAN_POINT('',(0.943968000786347,2.39208981164993,-0.0420584358758845));
#5018=CARTESIAN_POINT('Origin',(0.945514860405436,2.39179446392463,-0.0409448818897638));
#5019=CARTESIAN_POINT('',(0.899094617497917,2.45814278060073,-0.0420584358758844));
#5020=CARTESIAN_POINT('Origin',(0.864368005452711,2.5773386362425,-0.0803149606299214));
#5021=CARTESIAN_POINT('',(0.864368005452711,2.5773386362425,-0.0803149606299214));
#5022=CARTESIAN_POINT('',(0.853925886484182,2.52264888993243,-0.0409448818897639));
#5023=CARTESIAN_POINT('',(0.864368005452711,2.5773386362425,-0.00157480314960639));
#5024=CARTESIAN_POINT('',(0.864368005452711,2.5773386362425,-0.0401574803149607));
#5025=CARTESIAN_POINT('',(0.860887299129868,2.55910872080581,-0.0146981627296589));
#5026=CARTESIAN_POINT('Origin',(0.997110887477325,2.38194304040671,-0.0803149606299213));
#5027=CARTESIAN_POINT('',(0.997110887477325,2.38194304040671,-0.0803149606299213));
#5028=CARTESIAN_POINT('',(0.978880972040636,2.38542374672955,-0.0671916010498689));
#5029=CARTESIAN_POINT('',(0.77749995726512,2.70520714245407,-0.0803149606299213));
#5030=CARTESIAN_POINT('Origin',(0.0328942823934887,0.312071835244005,-0.1));
#5031=CARTESIAN_POINT('',(0.475402573367415,2.97243369901138,-0.1));
#5032=CARTESIAN_POINT('',(1.22134735861894,1.87441380105713,-0.1));
#5033=CARTESIAN_POINT('',(1.02383793044503,2.16514481286438,-0.1));
#5034=CARTESIAN_POINT('',(0.557889027052915,3.02847124450143,-0.1));
#5035=CARTESIAN_POINT('',(-0.253043702354413,2.47756042601972,-0.1));
#5036=CARTESIAN_POINT('',(1.30383381230444,1.93045134654718,-0.1));
#5037=CARTESIAN_POINT('',(1.10632438413053,2.22118235835443,-0.1));
#5038=CARTESIAN_POINT('',(1.33809127270778,0.393898226832541,-0.1));
#5039=CARTESIAN_POINT('Origin',(0.133987819177959,1.13571117859037,-0.1));
#5040=CARTESIAN_POINT('',(1.33581529046342,0.390010410758248,-0.1));
#5041=CARTESIAN_POINT('Origin',(1.42323101807558,0.341446117640385,-0.1));
#5042=CARTESIAN_POINT('',(0.601240822215737,-0.932223632087592,-0.1));
#5043=CARTESIAN_POINT('',(1.16562537961489,0.0836685712308865,-0.1));
#5044=CARTESIAN_POINT('',(0.594626361390136,-1.01482207955605,-0.1));
#5045=CARTESIAN_POINT('Origin',(0.688656549827891,-0.980787925205455,-0.1));
#5046=CARTESIAN_POINT('',(1.04904324688035,-2.27029341966282,-0.1));
#5047=CARTESIAN_POINT('',(0.349774170556607,-0.338339937343775,-0.1));
#5048=CARTESIAN_POINT('',(0.922937620779418,-2.39904381495823,-0.1));
#5049=CARTESIAN_POINT('Origin',(0.955013058442586,-2.30432757401341,-0.1));
#5050=CARTESIAN_POINT('',(0.129120595382994,-2.13021950077435,-0.1));
#5051=CARTESIAN_POINT('',(0.111874018281584,-2.12437898701239,-0.1));
#5052=CARTESIAN_POINT('',(-0.063332030596018,-2.13021950077435,-0.1));
#5053=CARTESIAN_POINT('Origin',(0.0328942823934876,-2.4143682236088,-0.1));
#5054=CARTESIAN_POINT('',(-0.857149055992444,-2.39904381495823,-0.1));
#5055=CARTESIAN_POINT('',(0.350823059203604,-1.98996682992045,-0.1));
#5056=CARTESIAN_POINT('',(-0.983254682093369,-2.27029341966282,-0.1));
#5057=CARTESIAN_POINT('Origin',(-0.889224493655614,-2.30432757401342,-0.1));
#5058=CARTESIAN_POINT('',(-0.528837796603159,-1.01482207955605,-0.1));
#5059=CARTESIAN_POINT('',(-0.511194048514737,-0.966075607397161,-0.1));
#5060=CARTESIAN_POINT('',(-0.535452257428761,-0.932223632087592,-0.1));
#5061=CARTESIAN_POINT('Origin',(-0.622867985040915,-0.980787925205455,-0.1));
#5062=CARTESIAN_POINT('',(-1.27002672567645,0.390010410758247,-0.1));
#5063=CARTESIAN_POINT('',(-0.73254958070407,-0.577448450192034,-0.1));
#5064=CARTESIAN_POINT('',(-1.2723027079208,0.393898226832541,-0.1));
#5065=CARTESIAN_POINT('Origin',(-1.3574424532886,0.341446117640384,-0.1));
#5066=CARTESIAN_POINT('',(-1.23804524751746,1.93045134654718,-0.1));
#5067=CARTESIAN_POINT('Origin',(-0.0681992543909822,1.13571117859037,-0.1));
#5068=CARTESIAN_POINT('',(-0.492100462265938,3.02847124450143,-0.1));
#5069=CARTESIAN_POINT('',(-1.41350821196931,1.6721724093773,-0.1));
#5070=CARTESIAN_POINT('',(-0.409614008580438,2.97243369901138,-0.1));
#5071=CARTESIAN_POINT('',(0.36007549398414,2.44954165327469,-0.1));
#5072=CARTESIAN_POINT('',(-1.15555879383196,1.87441380105713,-0.1));
#5073=CARTESIAN_POINT('',(-1.33102175828381,1.61613486388725,-0.1));
#5074=CARTESIAN_POINT('',(-1.18740074275982,0.446203846587619,-0.1));
#5075=CARTESIAN_POINT('Origin',(-0.0681992543909822,1.13571117859037,-0.1));
#5076=CARTESIAN_POINT('',(-1.18285513468581,0.438439072419713,-0.1));
#5077=CARTESIAN_POINT('Origin',(-1.3574424532886,0.341446117640384,-0.1));
#5078=CARTESIAN_POINT('',(-0.448280666438125,-0.883794970426128,-0.1));
#5079=CARTESIAN_POINT('',(-0.645377989713434,-0.529019788530569,-0.1));
#5080=CARTESIAN_POINT('',(-0.435070217802741,-1.04876118255048,-0.1));
#5081=CARTESIAN_POINT('Origin',(-0.622867985040915,-0.980787925205455,-0.1));
#5082=CARTESIAN_POINT('',(-0.889487103292951,-2.30423252265726,-0.1));
#5083=CARTESIAN_POINT('',(-0.417426469714319,-1.0000147103916,-0.1));
#5084=CARTESIAN_POINT('',(-0.889134912647725,-2.30459209967372,-0.1));
#5085=CARTESIAN_POINT('Origin',(-0.889224493655614,-2.30432757401342,-0.1));
#5086=CARTESIAN_POINT('',(-0.0953178872512983,-2.03576778548984,-0.1));
#5087=CARTESIAN_POINT('',(0.318837202548323,-1.89551511463594,-0.1));
#5088=CARTESIAN_POINT('',(0.161106452038273,-2.03576778548984,-0.1));
#5089=CARTESIAN_POINT('Origin',(0.0328942823934876,-2.4143682236088,-0.1));
#5090=CARTESIAN_POINT('',(0.954923477434698,-2.30459209967372,-0.1));
#5091=CARTESIAN_POINT('',(0.143859874936864,-2.02992727172788,-0.1));
#5092=CARTESIAN_POINT('',(0.955275668079929,-2.30423252265725,-0.1));
#5093=CARTESIAN_POINT('Origin',(0.955013058442586,-2.30432757401341,-0.1));
#5094=CARTESIAN_POINT('',(0.500858782589718,-1.04876118255048,-0.1));
#5095=CARTESIAN_POINT('',(0.256006591756189,-0.372279040338209,-0.1));
#5096=CARTESIAN_POINT('',(0.514069231225102,-0.883794970426128,-0.1));
#5097=CARTESIAN_POINT('Origin',(0.688656549827891,-0.980787925205455,-0.1));
#5098=CARTESIAN_POINT('',(1.24864369947279,0.438439072419712,-0.1));
#5099=CARTESIAN_POINT('',(1.07845378862425,0.132097232892351,-0.1));
#5100=CARTESIAN_POINT('',(1.25318930754679,0.44620384658762,-0.1));
#5101=CARTESIAN_POINT('Origin',(1.42323101807558,0.341446117640385,-0.1));
#5102=CARTESIAN_POINT('Origin',(0.133987819177959,1.13571117859037,-0.1));
#5103=CARTESIAN_POINT('Origin',(-0.409614008580439,2.97243369901138,0.));
#5104=CARTESIAN_POINT('',(-0.492100462265938,3.02847124450143,0.05));
#5105=CARTESIAN_POINT('',(-0.492100462265938,3.02847124450143,0.));
#5106=CARTESIAN_POINT('',(-0.409614008580438,2.97243369901138,0.05));
#5107=CARTESIAN_POINT('',(0.36007549398414,2.44954165327469,0.05));
#5108=CARTESIAN_POINT('',(-0.409614008580439,2.97243369901138,0.));
#5109=CARTESIAN_POINT('Origin',(-1.23804524751746,1.93045134654718,0.));
#5110=CARTESIAN_POINT('',(-1.23804524751746,1.93045134654718,0.05));
#5111=CARTESIAN_POINT('',(-1.23804524751746,1.93045134654718,0.));
#5112=CARTESIAN_POINT('',(-1.02565608253069,2.24308511499255,0.05));
#5113=CARTESIAN_POINT('Origin',(-0.0681992543909822,1.13571117859037,0.));
#5114=CARTESIAN_POINT('',(-1.2723027079208,0.393898226832541,0.05));
#5115=CARTESIAN_POINT('',(-1.2723027079208,0.393898226832541,0.));
#5116=CARTESIAN_POINT('Origin',(-0.0681992543909822,1.13571117859037,0.05));
#5117=CARTESIAN_POINT('Origin',(-1.3574424532886,0.341446117640384,0.));
#5118=CARTESIAN_POINT('',(-1.27002672567645,0.390010410758247,0.05));
#5119=CARTESIAN_POINT('',(-1.27002672567645,0.390010410758247,0.));
#5120=CARTESIAN_POINT('Origin',(-1.3574424532886,0.341446117640384,0.05));
#5121=CARTESIAN_POINT('Origin',(-0.535452257428761,-0.932223632087592,0.));
#5122=CARTESIAN_POINT('',(-0.535452257428761,-0.932223632087591,0.05));
#5123=CARTESIAN_POINT('',(-0.535452257428761,-0.932223632087592,0.));
#5124=CARTESIAN_POINT('',(-1.09983681482791,0.083668571230885,0.05));
#5125=CARTESIAN_POINT('Origin',(-0.622867985040915,-0.980787925205455,0.));
#5126=CARTESIAN_POINT('',(-0.528837796603159,-1.01482207955605,0.05));
#5127=CARTESIAN_POINT('',(-0.528837796603159,-1.01482207955605,0.));
#5128=CARTESIAN_POINT('Origin',(-0.622867985040915,-0.980787925205455,0.05));
#5129=CARTESIAN_POINT('Origin',(-0.983254682093369,-2.27029341966282,0.));
#5130=CARTESIAN_POINT('',(-0.983254682093369,-2.27029341966282,0.05));
#5131=CARTESIAN_POINT('',(-0.983254682093369,-2.27029341966282,0.));
#5132=CARTESIAN_POINT('',(-0.283985605769633,-0.338339937343774,0.05));
#5133=CARTESIAN_POINT('Origin',(-0.889224493655614,-2.30432757401342,0.));
#5134=CARTESIAN_POINT('',(-0.857149055992444,-2.39904381495823,0.05));
#5135=CARTESIAN_POINT('',(-0.857149055992444,-2.39904381495823,0.));
#5136=CARTESIAN_POINT('Origin',(-0.889224493655613,-2.30432757401342,0.05));
#5137=CARTESIAN_POINT('Origin',(-0.0633320305960181,-2.13021950077435,0.));
#5138=CARTESIAN_POINT('',(-0.063332030596018,-2.13021950077435,0.05));
#5139=CARTESIAN_POINT('',(-0.063332030596018,-2.13021950077435,0.));
#5140=CARTESIAN_POINT('',(-0.0460854534946077,-2.12437898701239,0.05));
#5141=CARTESIAN_POINT('Origin',(0.0328942823934876,-2.4143682236088,0.));
#5142=CARTESIAN_POINT('',(0.129120595382994,-2.13021950077435,0.05));
#5143=CARTESIAN_POINT('',(0.129120595382994,-2.13021950077435,0.));
#5144=CARTESIAN_POINT('Origin',(0.0328942823934876,-2.4143682236088,0.05));
#5145=CARTESIAN_POINT('Origin',(0.922937620779418,-2.39904381495823,0.));
#5146=CARTESIAN_POINT('',(0.922937620779418,-2.39904381495823,0.05));
#5147=CARTESIAN_POINT('',(0.922937620779418,-2.39904381495823,0.));
#5148=CARTESIAN_POINT('',(-0.285034494416627,-1.98996682992045,0.05));
#5149=CARTESIAN_POINT('Origin',(0.955013058442586,-2.30432757401341,0.));
#5150=CARTESIAN_POINT('',(1.04904324688035,-2.27029341966282,0.05));
#5151=CARTESIAN_POINT('',(1.04904324688035,-2.27029341966282,0.));
#5152=CARTESIAN_POINT('Origin',(0.955013058442586,-2.30432757401341,0.05));
#5153=CARTESIAN_POINT('Origin',(0.594626361390136,-1.01482207955605,0.));
#5154=CARTESIAN_POINT('',(0.594626361390136,-1.01482207955605,0.05));
#5155=CARTESIAN_POINT('',(0.594626361390136,-1.01482207955605,0.));
#5156=CARTESIAN_POINT('',(0.576982613301713,-0.966075607397158,0.05));
#5157=CARTESIAN_POINT('Origin',(0.688656549827891,-0.980787925205455,0.));
#5158=CARTESIAN_POINT('',(0.601240822215737,-0.932223632087591,0.05));
#5159=CARTESIAN_POINT('',(0.601240822215737,-0.932223632087592,0.));
#5160=CARTESIAN_POINT('Origin',(0.688656549827891,-0.980787925205455,0.05));
#5161=CARTESIAN_POINT('Origin',(1.33581529046342,0.390010410758248,0.));
#5162=CARTESIAN_POINT('',(1.33581529046342,0.390010410758248,0.05));
#5163=CARTESIAN_POINT('',(1.33581529046342,0.390010410758248,0.));
#5164=CARTESIAN_POINT('',(0.798338145491047,-0.577448450192034,0.05));
#5165=CARTESIAN_POINT('Origin',(1.42323101807558,0.341446117640385,0.));
#5166=CARTESIAN_POINT('',(1.33809127270778,0.393898226832541,0.05));
#5167=CARTESIAN_POINT('',(1.33809127270778,0.393898226832541,0.));
#5168=CARTESIAN_POINT('Origin',(1.42323101807558,0.341446117640385,0.05));
#5169=CARTESIAN_POINT('Origin',(0.133987819177959,1.13571117859037,0.));
#5170=CARTESIAN_POINT('',(1.30383381230444,1.93045134654718,0.05));
#5171=CARTESIAN_POINT('',(1.30383381230444,1.93045134654718,0.));
#5172=CARTESIAN_POINT('Origin',(0.133987819177959,1.13571117859037,0.05));
#5173=CARTESIAN_POINT('Origin',(0.557889027052915,3.02847124450143,0.));
#5174=CARTESIAN_POINT('',(0.557889027052915,3.02847124450143,0.05));
#5175=CARTESIAN_POINT('',(0.557889027052915,3.02847124450143,0.));
#5176=CARTESIAN_POINT('',(1.47929677675629,1.6721724093773,0.05));
#5177=CARTESIAN_POINT('',(0.997110887477325,2.38194304040671,-0.0015748031496063));
#5178=CARTESIAN_POINT('',(0.997110887477325,2.38194304040671,-0.00078740157480315));
#5179=CARTESIAN_POINT('',(0.711128516252813,2.80290494037196,-0.00157480314960675));
#5180=CARTESIAN_POINT('Origin',(0.997110887477325,2.38194304040671,-0.0015748031496063));
#5181=CARTESIAN_POINT('',(0.942421141167259,2.39238515937524,-0.0409448818897637));
#5182=CARTESIAN_POINT('Origin',(0.864368005452711,2.5773386362425,-0.00157480314960639));
#5183=CARTESIAN_POINT('Origin',(0.0328942823934887,0.312071835244005,0.05));
#5184=CARTESIAN_POINT('',(1.22134735861894,1.87441380105713,0.05));
#5185=CARTESIAN_POINT('',(0.475402573367415,2.97243369901138,0.05));
#5186=CARTESIAN_POINT('',(1.02383793044503,2.16514481286438,0.05));
#5187=CARTESIAN_POINT('',(1.25318930754679,0.44620384658762,0.05));
#5188=CARTESIAN_POINT('Origin',(0.133987819177959,1.13571117859037,0.05));
#5189=CARTESIAN_POINT('',(1.24864369947279,0.438439072419712,0.05));
#5190=CARTESIAN_POINT('Origin',(1.42323101807558,0.341446117640385,0.05));
#5191=CARTESIAN_POINT('',(0.514069231225102,-0.883794970426128,0.05));
#5192=CARTESIAN_POINT('',(1.07845378862425,0.132097232892351,0.05));
#5193=CARTESIAN_POINT('',(0.500858782589718,-1.04876118255048,0.05));
#5194=CARTESIAN_POINT('Origin',(0.688656549827891,-0.980787925205455,0.05));
#5195=CARTESIAN_POINT('',(0.955275668079929,-2.30423252265725,0.05));
#5196=CARTESIAN_POINT('',(0.256006591756189,-0.372279040338209,0.05));
#5197=CARTESIAN_POINT('',(0.954923477434698,-2.30459209967372,0.05));
#5198=CARTESIAN_POINT('Origin',(0.955013058442586,-2.30432757401341,0.05));
#5199=CARTESIAN_POINT('',(0.161106452038273,-2.03576778548984,0.05));
#5200=CARTESIAN_POINT('',(0.143859874936864,-2.02992727172788,0.05));
#5201=CARTESIAN_POINT('',(-0.0953178872512983,-2.03576778548984,0.05));
#5202=CARTESIAN_POINT('Origin',(0.0328942823934876,-2.4143682236088,0.05));
#5203=CARTESIAN_POINT('',(-0.889134912647725,-2.30459209967372,0.05));
#5204=CARTESIAN_POINT('',(0.318837202548323,-1.89551511463594,0.05));
#5205=CARTESIAN_POINT('',(-0.889487103292951,-2.30423252265726,0.05));
#5206=CARTESIAN_POINT('Origin',(-0.889224493655614,-2.30432757401342,0.05));
#5207=CARTESIAN_POINT('',(-0.435070217802741,-1.04876118255048,0.05));
#5208=CARTESIAN_POINT('',(-0.417426469714319,-1.0000147103916,0.05));
#5209=CARTESIAN_POINT('',(-0.448280666438125,-0.883794970426128,0.05));
#5210=CARTESIAN_POINT('Origin',(-0.622867985040915,-0.980787925205455,0.05));
#5211=CARTESIAN_POINT('',(-1.18285513468581,0.438439072419713,0.05));
#5212=CARTESIAN_POINT('',(-0.645377989713434,-0.529019788530569,0.05));
#5213=CARTESIAN_POINT('',(-1.18740074275982,0.446203846587619,0.05));
#5214=CARTESIAN_POINT('Origin',(-1.3574424532886,0.341446117640384,0.05));
#5215=CARTESIAN_POINT('',(-1.15555879383196,1.87441380105713,0.05));
#5216=CARTESIAN_POINT('Origin',(-0.0681992543909822,1.13571117859037,0.05));
#5217=CARTESIAN_POINT('',(-1.33102175828381,1.61613486388725,0.05));
#5218=CARTESIAN_POINT('',(-0.253043702354413,2.47756042601972,0.05));
#5219=CARTESIAN_POINT('Origin',(-1.15555879383196,1.87441380105713,0.));
#5220=CARTESIAN_POINT('',(-1.15555879383196,1.87441380105713,0.));
#5221=CARTESIAN_POINT('Origin',(-0.0681992543909822,1.13571117859037,0.));
#5222=CARTESIAN_POINT('',(-1.18740074275982,0.446203846587619,0.));
#5223=CARTESIAN_POINT('Origin',(-1.3574424532886,0.341446117640384,0.));
#5224=CARTESIAN_POINT('',(-1.18285513468581,0.438439072419713,0.));
#5225=CARTESIAN_POINT('Origin',(-0.448280666438125,-0.883794970426127,0.));
#5226=CARTESIAN_POINT('',(-0.448280666438125,-0.883794970426128,0.));
#5227=CARTESIAN_POINT('Origin',(-0.622867985040915,-0.980787925205455,0.));
#5228=CARTESIAN_POINT('',(-0.435070217802741,-1.04876118255048,0.));
#5229=CARTESIAN_POINT('Origin',(-0.889487103292951,-2.30423252265726,0.));
#5230=CARTESIAN_POINT('',(-0.889487103292951,-2.30423252265726,0.));
#5231=CARTESIAN_POINT('Origin',(-0.889224493655614,-2.30432757401342,0.));
#5232=CARTESIAN_POINT('',(-0.889134912647725,-2.30459209967372,0.));
#5233=CARTESIAN_POINT('Origin',(-0.0953178872512983,-2.03576778548984,0.));
#5234=CARTESIAN_POINT('',(-0.0953178872512983,-2.03576778548984,0.));
#5235=CARTESIAN_POINT('Origin',(0.0328942823934876,-2.4143682236088,0.));
#5236=CARTESIAN_POINT('',(0.161106452038274,-2.03576778548984,0.));
#5237=CARTESIAN_POINT('Origin',(0.954923477434698,-2.30459209967372,0.));
#5238=CARTESIAN_POINT('',(0.954923477434698,-2.30459209967372,0.));
#5239=CARTESIAN_POINT('Origin',(0.955013058442586,-2.30432757401341,0.));
#5240=CARTESIAN_POINT('',(0.955275668079929,-2.30423252265725,0.));
#5241=CARTESIAN_POINT('Origin',(0.500858782589718,-1.04876118255048,0.));
#5242=CARTESIAN_POINT('',(0.500858782589718,-1.04876118255048,0.));
#5243=CARTESIAN_POINT('Origin',(0.688656549827891,-0.980787925205455,0.));
#5244=CARTESIAN_POINT('',(0.514069231225102,-0.883794970426128,0.));
#5245=CARTESIAN_POINT('Origin',(1.24864369947279,0.438439072419712,0.));
#5246=CARTESIAN_POINT('',(1.24864369947279,0.438439072419712,0.));
#5247=CARTESIAN_POINT('Origin',(1.42323101807558,0.341446117640385,0.));
#5248=CARTESIAN_POINT('',(1.25318930754679,0.44620384658762,0.));
#5249=CARTESIAN_POINT('Origin',(0.133987819177959,1.13571117859037,0.));
#5250=CARTESIAN_POINT('',(1.22134735861894,1.87441380105713,0.));
#5251=CARTESIAN_POINT('Origin',(0.475402573367415,2.97243369901138,0.));
#5252=CARTESIAN_POINT('',(0.475402573367415,2.97243369901138,0.));
#5253=CARTESIAN_POINT('Origin',(0.557889027052915,3.02847124450143,0.));
#5254=CARTESIAN_POINT('Origin',(-0.889224493655613,-2.30432757401342,0.));
#5255=CARTESIAN_POINT('',(-1.07728487053112,-2.23625926531223,0.05));
#5256=CARTESIAN_POINT('',(-0.825073618329275,-2.49376005590305,0.05));
#5257=CARTESIAN_POINT('Origin',(-0.889224493655613,-2.30432757401342,0.05));
#5258=CARTESIAN_POINT('',(-0.825073618329276,-2.49376005590305,0.3));
#5259=CARTESIAN_POINT('',(-0.825073618329275,-2.49376005590305,0.));
#5260=CARTESIAN_POINT('',(-1.07728487053112,-2.23625926531223,0.3));
#5261=CARTESIAN_POINT('Origin',(-0.889224493655613,-2.30432757401342,0.3));
#5262=CARTESIAN_POINT('',(-1.07728487053112,-2.23625926531223,0.));
#5263=CARTESIAN_POINT('Origin',(-0.825073618329275,-2.49376005590305,0.));
#5264=CARTESIAN_POINT('',(-0.0312565929328498,-2.22493574171917,0.05));
#5265=CARTESIAN_POINT('',(-0.0140100158314389,-2.21909522795721,0.05));
#5266=CARTESIAN_POINT('',(-0.0312565929328498,-2.22493574171917,0.3));
#5267=CARTESIAN_POINT('',(-0.0312565929328498,-2.22493574171917,0.));
#5268=CARTESIAN_POINT('',(-0.014010015831439,-2.21909522795721,0.3));
#5269=CARTESIAN_POINT('Origin',(0.0328942823934876,-2.4143682236088,0.));
#5270=CARTESIAN_POINT('',(0.097045157719825,-2.22493574171917,0.05));
#5271=CARTESIAN_POINT('Origin',(0.0328942823934876,-2.4143682236088,0.05));
#5272=CARTESIAN_POINT('',(0.097045157719825,-2.22493574171917,0.3));
#5273=CARTESIAN_POINT('',(0.097045157719825,-2.22493574171917,0.));
#5274=CARTESIAN_POINT('Origin',(0.0328942823934876,-2.4143682236088,0.3));
#5275=CARTESIAN_POINT('Origin',(0.097045157719825,-2.22493574171917,0.));
#5276=CARTESIAN_POINT('',(0.890862183116251,-2.49376005590305,0.05));
#5277=CARTESIAN_POINT('',(-0.317109932079796,-2.08468307086527,0.05));
#5278=CARTESIAN_POINT('',(0.890862183116241,-2.49376005590304,0.3));
#5279=CARTESIAN_POINT('',(0.890862183116251,-2.49376005590305,0.));
#5280=CARTESIAN_POINT('',(-0.317109932079796,-2.08468307086527,0.3));
#5281=CARTESIAN_POINT('Origin',(0.955013058442586,-2.30432757401341,0.));
#5282=CARTESIAN_POINT('',(1.1430734353181,-2.23625926531222,0.05));
#5283=CARTESIAN_POINT('Origin',(0.955013058442586,-2.30432757401341,0.05));
#5284=CARTESIAN_POINT('',(1.1430734353181,-2.23625926531222,0.3));
#5285=CARTESIAN_POINT('',(1.1430734353181,-2.23625926531222,0.));
#5286=CARTESIAN_POINT('Origin',(0.95501305844258,-2.30432757401341,0.3));
#5287=CARTESIAN_POINT('Origin',(1.1430734353181,-2.23625926531222,0.));
#5288=CARTESIAN_POINT('',(0.688656549827891,-0.980787925205455,0.05));
#5289=CARTESIAN_POINT('',(0.671012801739469,-0.932041453046563,0.05));
#5290=CARTESIAN_POINT('',(0.688656549827891,-0.980787925205455,0.3));
#5291=CARTESIAN_POINT('',(0.688656549827891,-0.980787925205455,0.));
#5292=CARTESIAN_POINT('',(0.671012801739469,-0.932041453046563,0.3));
#5293=CARTESIAN_POINT('Origin',(0.688656549827891,-0.980787925205455,0.));
#5294=CARTESIAN_POINT('',(1.42323101807558,0.341446117640385,0.05));
#5295=CARTESIAN_POINT('',(0.885753873103201,-0.626012743309897,0.05));
#5296=CARTESIAN_POINT('',(1.42323101807558,0.341446117640385,0.3));
#5297=CARTESIAN_POINT('',(1.42323101807558,0.341446117640385,0.));
#5298=CARTESIAN_POINT('',(0.885753873103201,-0.626012743309897,0.3));
#5299=CARTESIAN_POINT('Origin',(0.133987819177959,1.13571117859037,0.));
#5300=CARTESIAN_POINT('',(1.38655128120825,1.98664583327093,0.05));
#5301=CARTESIAN_POINT('Origin',(0.133987819177959,1.13571117859037,0.05));
#5302=CARTESIAN_POINT('',(1.38655128120825,1.98664583327093,0.3));
#5303=CARTESIAN_POINT('',(1.38655128120825,1.98664583327093,0.));
#5304=CARTESIAN_POINT('Origin',(0.133987819177959,1.13571117859037,0.3));
#5305=CARTESIAN_POINT('Origin',(1.38655128120825,1.98664583327093,0.));
#5306=CARTESIAN_POINT('',(0.610847022331014,3.12847124450143,0.05));
#5307=CARTESIAN_POINT('',(1.56201424566011,1.72836689610105,0.05));
#5308=CARTESIAN_POINT('',(0.610847022331014,3.12847124450143,0.3));
#5309=CARTESIAN_POINT('',(0.610847022331014,3.12847124450143,0.));
#5310=CARTESIAN_POINT('',(1.56201424566011,1.72836689610105,0.3));
#5311=CARTESIAN_POINT('Origin',(0.610847022331014,3.12847124450143,0.));
#5312=CARTESIAN_POINT('',(-0.524788812600065,3.12847124450143,0.05));
#5313=CARTESIAN_POINT('',(-0.545058457544038,3.12847124450143,0.05));
#5314=CARTESIAN_POINT('',(0.321870652362251,3.12847124450143,0.05));
#5315=CARTESIAN_POINT('',(-0.545058457544038,3.12847124450143,0.3));
#5316=CARTESIAN_POINT('',(-0.545058457544038,3.12847124450143,0.));
#5317=CARTESIAN_POINT('',(-0.439889038606167,3.12847124450143,0.3));
#5318=CARTESIAN_POINT('',(0.321870652362251,3.12847124450143,0.3));
#5319=CARTESIAN_POINT('Origin',(0.0329745780953087,3.12847124450143,4.37095678986282E-17));
#5320=CARTESIAN_POINT('Origin',(-0.545058457544038,3.12847124450143,0.));
#5321=CARTESIAN_POINT('',(-1.32076271642128,1.98664583327093,0.05));
#5322=CARTESIAN_POINT('',(-1.10837355143451,2.2992796017163,0.05));
#5323=CARTESIAN_POINT('',(-1.32076271642128,1.98664583327093,0.3));
#5324=CARTESIAN_POINT('',(-1.32076271642128,1.98664583327093,0.));
#5325=CARTESIAN_POINT('',(-1.10837355143451,2.2992796017163,0.3));
#5326=CARTESIAN_POINT('Origin',(-0.0681992543909822,1.13571117859037,0.));
#5327=CARTESIAN_POINT('',(-1.3574424532886,0.341446117640384,0.05));
#5328=CARTESIAN_POINT('Origin',(-0.0681992543909822,1.13571117859037,0.05));
#5329=CARTESIAN_POINT('',(-1.3574424532886,0.341446117640384,0.3));
#5330=CARTESIAN_POINT('',(-1.3574424532886,0.341446117640384,0.));
#5331=CARTESIAN_POINT('Origin',(-0.0681992543909822,1.13571117859037,0.3));
#5332=CARTESIAN_POINT('Origin',(-1.3574424532886,0.341446117640383,0.));
#5333=CARTESIAN_POINT('',(-0.622867985040915,-0.980787925205455,0.05));
#5334=CARTESIAN_POINT('',(-1.18725254244007,0.035104278113022,0.05));
#5335=CARTESIAN_POINT('',(-0.622867985040915,-0.980787925205455,0.3));
#5336=CARTESIAN_POINT('',(-0.622867985040915,-0.980787925205455,0.));
#5337=CARTESIAN_POINT('',(-1.18725254244007,0.035104278113022,0.3));
#5338=CARTESIAN_POINT('Origin',(-0.622867985040915,-0.980787925205455,0.));
#5339=CARTESIAN_POINT('',(-0.378015794207389,-0.304305782993179,0.05));
#5340=CARTESIAN_POINT('',(-0.378015794207389,-0.304305782993179,0.3));
#5341=CARTESIAN_POINT('Origin',(-0.156732743763953,-1.61110186614119,0.3));
#5342=CARTESIAN_POINT('',(0.460739693356935,-1.8202074901401,0.8));
#5343=CARTESIAN_POINT('Origin',(0.460739693356935,-1.8202074901401,0.3));
#5344=CARTESIAN_POINT('',(0.257422346035666,-1.75135453699509,0.8));
#5345=CARTESIAN_POINT('',(-0.156732743763953,-1.61110186614119,0.8));
#5346=CARTESIAN_POINT('Origin',(0.257422346035666,-1.75135453699509,0.3));
#5347=CARTESIAN_POINT('Origin',(0.0328942823934876,-2.4143682236088,0.3));
#5348=CARTESIAN_POINT('',(0.000812726588711151,-1.94156007559135,0.74595590827467));
#5349=CARTESIAN_POINT('',(-0.0297783977662737,-1.71717948649266,0.8));
#5350=CARTESIAN_POINT('Ctrl Pts',(0.000812726588711151,-1.94156007559135,
0.74595590827467));
#5351=CARTESIAN_POINT('Ctrl Pts',(-0.00292621036413642,-1.91474276888091,
0.759649726570254));
#5352=CARTESIAN_POINT('Ctrl Pts',(-0.00700514947623922,-1.88458289449719,
0.771763588203092));
#5353=CARTESIAN_POINT('Ctrl Pts',(-0.0152162529762714,-1.82405173771462,
0.789266270719092));
#5354=CARTESIAN_POINT('Ctrl Pts',(-0.0193541981461425,-1.79337477907765,
0.795062336102008));
#5355=CARTESIAN_POINT('Ctrl Pts',(-0.0256370719513782,-1.74728868247571,
0.799308337741457));
#5356=CARTESIAN_POINT('Ctrl Pts',(-0.0277040828365523,-1.73221841462093,
0.8));
#5357=CARTESIAN_POINT('Ctrl Pts',(-0.0297783977662736,-1.71717948649266,
0.8));
#5358=CARTESIAN_POINT('',(-0.191633781248694,-1.75135453699509,0.8));
#5359=CARTESIAN_POINT('Origin',(0.0328942823934876,-2.4143682236088,0.8));
#5360=CARTESIAN_POINT('Origin',(-0.191633781248694,-1.75135453699509,0.3));
#5361=CARTESIAN_POINT('',(0.0318739270005945,-1.71436896727,0.8));
#5362=CARTESIAN_POINT('Origin',(0.0328942823934876,-2.4143682236088,0.8));
#5363=CARTESIAN_POINT('Ctrl Pts',(0.0318739270005944,-1.71436896727,0.8));
#5364=CARTESIAN_POINT('Ctrl Pts',(0.0272548286263309,-1.75104927533514,
0.8));
#5365=CARTESIAN_POINT('Ctrl Pts',(0.0228125133516733,-1.78763754499485,
0.79592874667392));
#5366=CARTESIAN_POINT('Ctrl Pts',(0.0125049128313257,-1.86398609458038,
0.779024032576732));
#5367=CARTESIAN_POINT('Ctrl Pts',(0.00666020131660004,-1.90430347851965,
0.764601383856816));
#5368=CARTESIAN_POINT('Ctrl Pts',(0.000812726588711151,-1.94156007559135,
0.74595590827467));
#5369=CARTESIAN_POINT('Origin',(-0.174387204147283,-1.74551402323313,0.3));
#5370=CARTESIAN_POINT('',(-0.394951128569958,-1.8202074901401,0.8));
#5371=CARTESIAN_POINT('Origin',(-0.394951128569958,-1.8202074901401,0.3));
#5372=CARTESIAN_POINT('',(-0.174387204147283,-1.74551402323313,0.8));
#5373=CARTESIAN_POINT('Origin',(0.448675235042431,-0.383191277720581,0.3));
#5374=CARTESIAN_POINT('',(0.503928504226544,-0.283735393189179,0.8));
#5375=CARTESIAN_POINT('',(0.466999675274706,-0.350207285302486,0.8));
#5376=CARTESIAN_POINT('Ctrl Pts',(0.503928504226409,-0.283735393189121,
0.8));
#5377=CARTESIAN_POINT('Ctrl Pts',(0.496549527263818,-0.307359681230467,
0.800000000000001));
#5378=CARTESIAN_POINT('Ctrl Pts',(0.483588056495137,-0.330573947137095,
0.8));
#5379=CARTESIAN_POINT('Ctrl Pts',(0.466999675274706,-0.350207285302486,
0.8));
#5380=CARTESIAN_POINT('',(0.14103987097608,-0.936934933040017,0.8));
#5381=CARTESIAN_POINT('',(0.448675235042431,-0.383191277720581,0.8));
#5382=CARTESIAN_POINT('Origin',(0.14103987097608,-0.936934933040017,0.3));
#5383=CARTESIAN_POINT('',(0.992170001841678,0.595099302518067,0.8));
#5384=CARTESIAN_POINT('Ctrl Pts',(0.992170001842291,0.595099302517726,0.8));
#5385=CARTESIAN_POINT('Ctrl Pts',(0.99263840140812,0.594821941432792,0.799999999999999));
#5386=CARTESIAN_POINT('Ctrl Pts',(0.993106803738603,0.59454458572045,0.799999111691423));
#5387=CARTESIAN_POINT('Ctrl Pts',(1.03582290151182,0.569251681856416,0.799837093011442));
#5388=CARTESIAN_POINT('Ctrl Pts',(1.07784657633776,0.544426249585801,0.792451212139537));
#5389=CARTESIAN_POINT('Ctrl Pts',(1.15872146130582,0.49673237991447,0.763701920935461));
#5390=CARTESIAN_POINT('Ctrl Pts',(1.1971341195924,0.474122125876708,0.742495387117175));
#5391=CARTESIAN_POINT('Ctrl Pts',(1.27888229129719,0.426062059589925,0.678856858945951));
#5392=CARTESIAN_POINT('Ctrl Pts',(1.31895509435232,0.402550050304874,0.632365964875677));
#5393=CARTESIAN_POINT('Ctrl Pts',(1.38147982352166,0.36589201500893,0.524201135548256));
#5394=CARTESIAN_POINT('Ctrl Pts',(1.40333670096493,0.353094100582089,0.463565144307883));
#5395=CARTESIAN_POINT('Ctrl Pts',(1.42033602883151,0.343140738369131,0.366864261487804));
#5396=CARTESIAN_POINT('Ctrl Pts',(1.42323101807558,0.341446117640386,0.333434697937781));
#5397=CARTESIAN_POINT('Ctrl Pts',(1.42323101807558,0.341446117640386,0.3));
#5398=CARTESIAN_POINT('',(0.448675235042431,-0.383191277720581,0.8));
#5399=CARTESIAN_POINT('Origin',(1.14842690114102,1.44739446248229,0.3));
#5400=CARTESIAN_POINT('',(0.346057045940517,2.62847124450143,0.8));
#5401=CARTESIAN_POINT('',(0.972963936689168,1.70567339965216,0.8));
#5402=CARTESIAN_POINT('',(1.14842690114102,1.44739446248229,0.8));
#5403=CARTESIAN_POINT('Origin',(0.972963936689168,1.70567339965216,0.3));
#5404=CARTESIAN_POINT('Origin',(0.346057045940517,2.62847124450143,0.3));
#5405=CARTESIAN_POINT('Origin',(0.133987819177959,1.13571117859037,0.3));
#5406=CARTESIAN_POINT('Origin',(0.133987819177959,1.13571117859037,0.8));
#5407=CARTESIAN_POINT('Origin',(-0.0681992543909822,1.13571117859037,0.3));
#5408=CARTESIAN_POINT('',(-0.926381437054694,0.595099302518055,0.8));
#5409=CARTESIAN_POINT('',(-0.907175371902192,1.70567339965216,0.8));
#5410=CARTESIAN_POINT('Origin',(-0.0681992543909822,1.13571117859037,0.8));
#5411=CARTESIAN_POINT('Origin',(-0.907175371902192,1.70567339965216,0.3));
#5412=CARTESIAN_POINT('Ctrl Pts',(-0.926381437054694,0.595099302518055,
0.8));
#5413=CARTESIAN_POINT('Ctrl Pts',(-0.926849836620676,0.594821941433031,
0.8));
#5414=CARTESIAN_POINT('Ctrl Pts',(-0.927318238951502,0.594544585720558,
0.799999111691423));
#5415=CARTESIAN_POINT('Ctrl Pts',(-0.974776165743446,0.566443966925253,
0.799819107640156));
#5416=CARTESIAN_POINT('Ctrl Pts',(-1.02145670927167,0.538874885353557,0.790702344388296));
#5417=CARTESIAN_POINT('Ctrl Pts',(-1.11046424154339,0.486405570757195,0.755313837494945));
#5418=CARTESIAN_POINT('Ctrl Pts',(-1.15219385905392,0.46185675658067,0.729280958933963));
#5419=CARTESIAN_POINT('Ctrl Pts',(-1.23393472771402,0.413828211036106,0.656190564458232));
#5420=CARTESIAN_POINT('Ctrl Pts',(-1.27129042071845,0.391920207017968,0.606751251850862));
#5421=CARTESIAN_POINT('Ctrl Pts',(-1.32755552857857,0.3589427225274,0.494063986326036));
#5422=CARTESIAN_POINT('Ctrl Pts',(-1.34592947371372,0.34818641385501,0.43189674139975));
#5423=CARTESIAN_POINT('Ctrl Pts',(-1.35613202879745,0.342213228398129,0.345012514178943));
#5424=CARTESIAN_POINT('Ctrl Pts',(-1.35744245328861,0.341446117640407,0.322495168262086));
#5425=CARTESIAN_POINT('Ctrl Pts',(-1.35744245328861,0.341446117640407,0.299999999999988));
#5426=CARTESIAN_POINT('Origin',(-0.694786206915427,2.01830716809754,0.3));
#5427=CARTESIAN_POINT('',(-0.723624238615899,2.57803781345541,0.66809095853663));
#5428=CARTESIAN_POINT('',(-0.441368642226347,2.93267490671866,0.696812464387933));
#5429=CARTESIAN_POINT('Ctrl Pts',(-0.723624238615899,2.57803781345541,0.66809095853663));
#5430=CARTESIAN_POINT('Ctrl Pts',(-0.717157931336511,2.6160126407708,0.653390184651017));
#5431=CARTESIAN_POINT('Ctrl Pts',(-0.706975581705041,2.65395384959508,0.639458322885872));
#5432=CARTESIAN_POINT('Ctrl Pts',(-0.674393531254413,2.72731536170177,0.62326883187577));
#5433=CARTESIAN_POINT('Ctrl Pts',(-0.652274482972827,2.76291302153897,0.621107376343698));
#5434=CARTESIAN_POINT('Ctrl Pts',(-0.60162065980668,2.8280275295831,0.627342031555487));
#5435=CARTESIAN_POINT('Ctrl Pts',(-0.573083241743374,2.8575345216942,0.635728282711557));
#5436=CARTESIAN_POINT('Ctrl Pts',(-0.510767764223761,2.90370550484287,0.662082606838435));
#5437=CARTESIAN_POINT('Ctrl Pts',(-0.476665096064586,2.92013310091415,0.679832998036179));
#5438=CARTESIAN_POINT('Ctrl Pts',(-0.441368642226347,2.93267490671866,0.696812464387933));
#5439=CARTESIAN_POINT('Origin',(-0.280268481153541,2.62847124450143,0.3));
#5440=CARTESIAN_POINT('',(-0.522728231613726,2.27157401065517,0.8));
#5441=CARTESIAN_POINT('',(-0.694786206915427,2.01830716809754,0.8));
#5442=CARTESIAN_POINT('Ctrl Pts',(-0.522728231613726,2.27157401065517,0.8));
#5443=CARTESIAN_POINT('Ctrl Pts',(-0.557549053011763,2.2844276843318,0.8));
#5444=CARTESIAN_POINT('Ctrl Pts',(-0.590299401885692,2.30273928428736,0.795964897700175));
#5445=CARTESIAN_POINT('Ctrl Pts',(-0.638057253116677,2.34118777962628,0.782250153764787));
#5446=CARTESIAN_POINT('Ctrl Pts',(-0.655478369730765,2.35913674506033,0.774699495745078));
#5447=CARTESIAN_POINT('Ctrl Pts',(-0.685492495198411,2.39775574513266,0.756488235643323));
#5448=CARTESIAN_POINT('Ctrl Pts',(-0.698132423016349,2.41845525175941,0.745764910946406));
#5449=CARTESIAN_POINT('Ctrl Pts',(-0.724756730886314,2.48340096408706,0.712427991316131));
#5450=CARTESIAN_POINT('Ctrl Pts',(-0.727612929776979,2.53063662678499,0.689545500667682));
#5451=CARTESIAN_POINT('Ctrl Pts',(-0.723624238615899,2.57803781345541,0.66809095853663));
#5452=CARTESIAN_POINT('Origin',(-0.750173904379298,0.277925743702337,0.3));
#5453=CARTESIAN_POINT('',(-0.501569627097567,-0.181865876102864,0.799964294370263));
#5454=CARTESIAN_POINT('',(-0.494797450834105,-0.181751872679011,0.8));
#5455=CARTESIAN_POINT('Ctrl Pts',(-0.501569627097567,-0.181865876102864,
0.799964294370263));
#5456=CARTESIAN_POINT('Ctrl Pts',(-0.499312326510193,-0.181828467530025,
0.799988094578105));
#5457=CARTESIAN_POINT('Ctrl Pts',(-0.497054814637795,-0.181790386406064,
0.8));
#5458=CARTESIAN_POINT('Ctrl Pts',(-0.494797450834105,-0.181751872679011,
0.8));
#5459=CARTESIAN_POINT('',(-0.750173904379298,0.277925743702337,0.8));
#5460=CARTESIAN_POINT('',(-0.0752513061891025,-0.936934933040018,0.8));
#5461=CARTESIAN_POINT('Origin',(-0.0752513061891025,-0.936934933040018,
0.3));
#5462=CARTESIAN_POINT('',(-0.370621092707009,-0.405269317307784,0.8));
#5463=CARTESIAN_POINT('',(-0.750173904379298,0.277925743702337,0.8));
#5464=CARTESIAN_POINT('Ctrl Pts',(-0.370621092661615,-0.405269317176717,
0.8));
#5465=CARTESIAN_POINT('Ctrl Pts',(-0.392422850238111,-0.39771844320021,
0.800000000003212));
#5466=CARTESIAN_POINT('Ctrl Pts',(-0.412998447158881,-0.386400134293002,
0.799306975047205));
#5467=CARTESIAN_POINT('Ctrl Pts',(-0.459087100706806,-0.349232502364762,
0.797637315490205));
#5468=CARTESIAN_POINT('Ctrl Pts',(-0.481662147195645,-0.318901793546623,
0.796948733951061));
#5469=CARTESIAN_POINT('Ctrl Pts',(-0.504232372280283,-0.253230121585638,
0.798210690501614));
#5470=CARTESIAN_POINT('Ctrl Pts',(-0.504126174295852,-0.217842162249824,
0.799728773132081));
#5471=CARTESIAN_POINT('Ctrl Pts',(-0.501569627097571,-0.181865876102864,
0.799964294370263));
#5472=CARTESIAN_POINT('Origin',(0.0921351479813905,-0.474476554746155,0.3));
#5473=CARTESIAN_POINT('Origin',(-0.394951128569958,-1.8202074901401,0.3));
#5474=CARTESIAN_POINT('',(0.0921351479813905,-0.474476554746155,0.8));
#5475=CARTESIAN_POINT('',(-0.683239659210115,-1.9064806247223,0.737691004655747));
#5476=CARTESIAN_POINT('',(-0.438852349970233,-1.19494223174254,0.730628897762903));
#5477=CARTESIAN_POINT('Ctrl Pts',(-0.683239659210115,-1.9064806247223,0.737691004655747));
#5478=CARTESIAN_POINT('Ctrl Pts',(-0.603106891229845,-1.66881760998258,
0.734632849144718));
#5479=CARTESIAN_POINT('Ctrl Pts',(-0.521073302258652,-1.43189865543306,
0.732595822311928));
#5480=CARTESIAN_POINT('Ctrl Pts',(-0.438852349970233,-1.19494223174254,
0.730628897762903));
#5481=CARTESIAN_POINT('',(-0.237098839341884,-1.26881825589194,0.798458485046211));
#5482=CARTESIAN_POINT('Ctrl Pts',(-0.438852349970233,-1.19494223174254,
0.730628897762903));
#5483=CARTESIAN_POINT('Ctrl Pts',(-0.408604647529679,-1.2059016755157,0.749611312166448));
#5484=CARTESIAN_POINT('Ctrl Pts',(-0.37523245625644,-1.21800634466858,0.76550855803861));
#5485=CARTESIAN_POINT('Ctrl Pts',(-0.307584853659814,-1.24278182363855,
0.788185276838818));
#5486=CARTESIAN_POINT('Ctrl Pts',(-0.272874189597151,-1.25560951327112,
0.795457008716968));
#5487=CARTESIAN_POINT('Ctrl Pts',(-0.237098839341884,-1.26881825589194,
0.798458485046211));
#5488=CARTESIAN_POINT('Ctrl Pts',(-0.237098839341884,-1.26881825589194,
0.798458485046211));
#5489=CARTESIAN_POINT('Ctrl Pts',(-0.275414346832524,-1.32150283784931,
0.797034105015992));
#5490=CARTESIAN_POINT('Ctrl Pts',(-0.313580306582016,-1.37409236180286,
0.794630109199877));
#5491=CARTESIAN_POINT('Ctrl Pts',(-0.38984067324421,-1.47931596584696,0.787820243274637));
#5492=CARTESIAN_POINT('Ctrl Pts',(-0.428076473995895,-1.53189021003172,
0.783337182157892));
#5493=CARTESIAN_POINT('Ctrl Pts',(-0.502959871435994,-1.63789217022291,
0.772810889180514));
#5494=CARTESIAN_POINT('Ctrl Pts',(-0.539509082069772,-1.69135862683373,
0.766871840502974));
#5495=CARTESIAN_POINT('Ctrl Pts',(-0.611894345199909,-1.79870598631541,
0.753478889000952));
#5496=CARTESIAN_POINT('Ctrl Pts',(-0.647860523484905,-1.85253136097837,
0.745922819758431));
#5497=CARTESIAN_POINT('Ctrl Pts',(-0.683239659210115,-1.9064806247223,0.737691004655747));
#5498=CARTESIAN_POINT('Ctrl Pts',(-0.825073618329276,-2.49376005590305,
0.3));
#5499=CARTESIAN_POINT('Ctrl Pts',(-0.825073618329276,-2.49376005590305,
0.318699956271368));
#5500=CARTESIAN_POINT('Ctrl Pts',(-0.823263684170933,-2.4909257800276,0.356097091393288));
#5501=CARTESIAN_POINT('Ctrl Pts',(-0.812484046052373,-2.47404534925353,
0.429967045973953));
#5502=CARTESIAN_POINT('Ctrl Pts',(-0.7857250669659,-2.4321419857931,0.51874718352779));
#5503=CARTESIAN_POINT('Ctrl Pts',(-0.716901726519106,-2.32436771533294,
0.646297171310267));
#5504=CARTESIAN_POINT('Ctrl Pts',(-0.58797117359598,-2.1224682406619,0.765869372766597));
#5505=CARTESIAN_POINT('Ctrl Pts',(-0.459297302568606,-1.92097071834997,
0.8));
#5506=CARTESIAN_POINT('Ctrl Pts',(-0.394951128569958,-1.8202074901401,0.8));
#5507=CARTESIAN_POINT('Ctrl Pts',(-0.865568911510806,-2.5074736940198,0.3));
#5508=CARTESIAN_POINT('Ctrl Pts',(-0.865568911510806,-2.5074736940198,0.322024459443643));
#5509=CARTESIAN_POINT('Ctrl Pts',(-0.862922809603573,-2.50355192278401,
0.366042869329006));
#5510=CARTESIAN_POINT('Ctrl Pts',(-0.84786031718592,-2.48102464214929,0.449764008477048));
#5511=CARTESIAN_POINT('Ctrl Pts',(-0.814236479781021,-2.43016200558604,
0.541940430853799));
#5512=CARTESIAN_POINT('Ctrl Pts',(-0.736509744150266,-2.31317471462638,
0.663594369075277));
#5513=CARTESIAN_POINT('Ctrl Pts',(-0.598749893161507,-2.11142871173034,
0.770179418704594));
#5514=CARTESIAN_POINT('Ctrl Pts',(-0.462890704006565,-1.91730195376034,
0.8));
#5515=CARTESIAN_POINT('Ctrl Pts',(-0.394951128569958,-1.8202074901401,0.8));
#5516=CARTESIAN_POINT('Ctrl Pts',(-0.955549409451997,-2.50795678333019,
0.3));
#5517=CARTESIAN_POINT('Ctrl Pts',(-0.955549409451997,-2.50795678333019,
0.327601117095534));
#5518=CARTESIAN_POINT('Ctrl Pts',(-0.951058691216488,-2.50240674068189,
0.382725220806882));
#5519=CARTESIAN_POINT('Ctrl Pts',(-0.926389679907996,-2.47169590353493,
0.482498390878848));
#5520=CARTESIAN_POINT('Ctrl Pts',(-0.87695419010064,-2.40912923347683,0.579005816285162));
#5521=CARTESIAN_POINT('Ctrl Pts',(-0.778060213099558,-2.28371744642848,
0.689548626326795));
#5522=CARTESIAN_POINT('Ctrl Pts',(-0.620278520736246,-2.08938888591591,
0.776160085960274));
#5523=CARTESIAN_POINT('Ctrl Pts',(-0.470077506882484,-1.90996442458108,
0.8));
#5524=CARTESIAN_POINT('Ctrl Pts',(-0.394951128569958,-1.82020749014009,
0.8));
#5525=CARTESIAN_POINT('Ctrl Pts',(-1.06429550441496,-2.42785127866474,0.3));
#5526=CARTESIAN_POINT('Ctrl Pts',(-1.06429550441496,-2.42785127866474,0.329461426337088));
#5527=CARTESIAN_POINT('Ctrl Pts',(-1.05839595395023,-2.42250477647063,0.388293694776925));
#5528=CARTESIAN_POINT('Ctrl Pts',(-1.02611716061077,-2.39330303764103,0.493328356229023));
#5529=CARTESIAN_POINT('Ctrl Pts',(-0.962274824403462,-2.33591860559927,
0.591010057675726));
#5530=CARTESIAN_POINT('Ctrl Pts',(-0.839095012139813,-2.22540318669854,
0.697609022785785));
#5531=CARTESIAN_POINT('Ctrl Pts',(-0.652593170637981,-2.05638680899373,
0.777918318314514));
#5532=CARTESIAN_POINT('Ctrl Pts',(-0.480857711196361,-1.89895813081219,
0.8));
#5533=CARTESIAN_POINT('Ctrl Pts',(-0.394951128569958,-1.8202074901401,0.8));
#5534=CARTESIAN_POINT('Ctrl Pts',(-1.09683995318931,-2.32018432834591,0.3));
#5535=CARTESIAN_POINT('Ctrl Pts',(-1.09683995318931,-2.32018432834591,0.324972795190697));
#5536=CARTESIAN_POINT('Ctrl Pts',(-1.09194011121784,-2.31673999278454,0.374863694772858));
#5537=CARTESIAN_POINT('Ctrl Pts',(-1.06442311471591,-2.29756720395023,0.467132720221023));
#5538=CARTESIAN_POINT('Ctrl Pts',(-1.00592665960016,-2.25750893258908,0.561773207126481));
#5539=CARTESIAN_POINT('Ctrl Pts',(-0.881525940138494,-2.17220418164146,
0.677700226158432));
#5540=CARTESIAN_POINT('Ctrl Pts',(-0.679544928924262,-2.0289089396196,0.773495140388522));
#5541=CARTESIAN_POINT('Ctrl Pts',(-0.48984121479126,-1.88978621933811,0.8));
#5542=CARTESIAN_POINT('Ctrl Pts',(-0.394951128569958,-1.82020749014009,
0.8));
#5543=CARTESIAN_POINT('Ctrl Pts',(-1.08456040767694,-2.25636025333033,0.3));
#5544=CARTESIAN_POINT('Ctrl Pts',(-1.08456040767694,-2.25636025333033,0.320356609334777));
#5545=CARTESIAN_POINT('Ctrl Pts',(-1.08113160831771,-2.25420480859342,0.361057514032938));
#5546=CARTESIAN_POINT('Ctrl Pts',(-1.0611741519744,-2.24169213956516,0.439841651828786));
#5547=CARTESIAN_POINT('Ctrl Pts',(-1.01419572734618,-2.21246204312402,0.530325295687161));
#5548=CARTESIAN_POINT('Ctrl Pts',(-0.900338440298093,-2.14152713267802,
0.654942331178763));
#5549=CARTESIAN_POINT('Ctrl Pts',(-0.695762419542012,-2.01240971280222,
0.768031919309671));
#5550=CARTESIAN_POINT('Ctrl Pts',(-0.495231316948199,-1.88428307245366,
0.8));
#5551=CARTESIAN_POINT('Ctrl Pts',(-0.394951128569958,-1.8202074901401,0.8));
#5552=CARTESIAN_POINT('Ctrl Pts',(-1.07728487053112,-2.23625926531223,0.3));
#5553=CARTESIAN_POINT('Ctrl Pts',(-1.07728487053112,-2.23625926531223,0.318699956271368));
#5554=CARTESIAN_POINT('Ctrl Pts',(-1.07441364390064,-2.23450854002478,0.356097091393288));
#5555=CARTESIAN_POINT('Ctrl Pts',(-1.0573131411612,-2.22408153915475,0.429967045973953));
#5556=CARTESIAN_POINT('Ctrl Pts',(-1.01486347910947,-2.19819793386605,0.51874718352779));
#5557=CARTESIAN_POINT('Ctrl Pts',(-0.905684144060967,-2.13162603016907,
0.646297171310268));
#5558=CARTESIAN_POINT('Ctrl Pts',(-0.701152484536757,-2.00691321766859,
0.765869372766597));
#5559=CARTESIAN_POINT('Ctrl Pts',(-0.497028017667178,-1.88244869015885,
0.8));
#5560=CARTESIAN_POINT('Ctrl Pts',(-0.394951128569958,-1.8202074901401,0.8));
#5561=CARTESIAN_POINT('Ctrl Pts',(1.1430734353181,-2.23625926531222,0.3));
#5562=CARTESIAN_POINT('Ctrl Pts',(1.1430734353181,-2.23625926531222,0.318699956271368));
#5563=CARTESIAN_POINT('Ctrl Pts',(1.14020425996838,-2.23450979078954,0.35609790279836));
#5564=CARTESIAN_POINT('Ctrl Pts',(1.12308695398026,-2.22407254416877,0.42995965856404));
#5565=CARTESIAN_POINT('Ctrl Pts',(1.08068912621813,-2.19822054474517,0.518764229663537));
#5566=CARTESIAN_POINT('Ctrl Pts',(0.998703392648451,-2.14822989076928,0.614371899751551));
#5567=CARTESIAN_POINT('Ctrl Pts',(0.889750006036127,-2.08179575872595,0.694184465498171));
#5568=CARTESIAN_POINT('Ctrl Pts',(0.715811708747976,-1.97573719396971,0.774346123223636));
#5569=CARTESIAN_POINT('Ctrl Pts',(0.562816582454155,-1.88244869015885,0.8));
#5570=CARTESIAN_POINT('Ctrl Pts',(0.460739693356935,-1.8202074901401,0.8));
#5571=CARTESIAN_POINT('Ctrl Pts',(1.15762450960974,-2.27646124134841,0.3));
#5572=CARTESIAN_POINT('Ctrl Pts',(1.15762450960974,-2.27646124134841,0.322024459443643));
#5573=CARTESIAN_POINT('Ctrl Pts',(1.1536563047513,-2.27390034853332,0.366034492813906));
#5574=CARTESIAN_POINT('Ctrl Pts',(1.13081782286101,-2.25931150611203,0.449755272281663));
#5575=CARTESIAN_POINT('Ctrl Pts',(1.07924220336874,-2.22673041792425,0.541955237692176));
#5576=CARTESIAN_POINT('Ctrl Pts',(0.990298799589387,-2.17021154783312,0.633230137177674));
#5577=CARTESIAN_POINT('Ctrl Pts',(0.878910812362727,-2.09810782732051,0.706214473557918));
#5578=CARTESIAN_POINT('Ctrl Pts',(0.706836210485118,-1.98488089640422,0.777679271612673));
#5579=CARTESIAN_POINT('Ctrl Pts',(0.559223181016195,-1.88611745474848,0.8));
#5580=CARTESIAN_POINT('Ctrl Pts',(0.460739693356935,-1.8202074901401,0.8));
#5581=CARTESIAN_POINT('Ctrl Pts',(1.15997462605008,-2.36641242583701,0.3));
#5582=CARTESIAN_POINT('Ctrl Pts',(1.15997462605008,-2.36641242583701,0.327601117095534));
#5583=CARTESIAN_POINT('Ctrl Pts',(1.15434615679346,-2.36205206610388,0.382699721050869));
#5584=CARTESIAN_POINT('Ctrl Pts',(1.12315764889659,-2.33804078675857,0.482490472648579));
#5585=CARTESIAN_POINT('Ctrl Pts',(1.05941498467808,-2.28979785608195,0.579001033191784));
#5586=CARTESIAN_POINT('Ctrl Pts',(0.963910283474022,-2.21759105257693,0.662134844133367));
#5587=CARTESIAN_POINT('Ctrl Pts',(0.853090981100711,-2.13219652633452,0.724038629162623));
#5588=CARTESIAN_POINT('Ctrl Pts',(0.688846675834331,-2.00316577552101,0.782363138159976));
#5589=CARTESIAN_POINT('Ctrl Pts',(0.552036378140277,-1.89345498392774,0.8));
#5590=CARTESIAN_POINT('Ctrl Pts',(0.460739693356935,-1.8202074901401,0.8));
#5591=CARTESIAN_POINT('Ctrl Pts',(1.08214325586756,-2.47679748221596,0.3));
#5592=CARTESIAN_POINT('Ctrl Pts',(1.08214325586756,-2.47679748221596,0.329461426337089));
#5593=CARTESIAN_POINT('Ctrl Pts',(1.07669279086278,-2.47102367569363,0.388262483587859));
#5594=CARTESIAN_POINT('Ctrl Pts',(1.04685424289699,-2.43939662395595,0.493322150179889));
#5595=CARTESIAN_POINT('Ctrl Pts',(0.987984157001753,-2.37656175353379,0.590993624983624));
#5596=CARTESIAN_POINT('Ctrl Pts',(0.903237816354895,-2.28598106521445,0.671243118986692));
#5597=CARTESIAN_POINT('Ctrl Pts',(0.805975784893618,-2.1826887576749,0.729527853573613));
#5598=CARTESIAN_POINT('Ctrl Pts',(0.661856948851261,-2.03069481214706,0.78375303998655));
#5599=CARTESIAN_POINT('Ctrl Pts',(0.541256173826399,-1.90446127769663,0.8));
#5600=CARTESIAN_POINT('Ctrl Pts',(0.460739693356935,-1.8202074901401,0.8));
#5601=CARTESIAN_POINT('Ctrl Pts',(0.975174921061174,-2.51156929570846,0.3));
#5602=CARTESIAN_POINT('Ctrl Pts',(0.975174921061174,-2.51156929570846,0.324972795190697));
#5603=CARTESIAN_POINT('Ctrl Pts',(0.971639258745644,-2.50675158842459,0.374846574273554));
#5604=CARTESIAN_POINT('Ctrl Pts',(0.951906900362571,-2.47965395733074,0.467123915735965));
#5605=CARTESIAN_POINT('Ctrl Pts',(0.910576370543722,-2.42189862792541,0.561778947124497));
#5606=CARTESIAN_POINT('Ctrl Pts',(0.844642281231955,-2.32998763039975,0.648856824176818));
#5607=CARTESIAN_POINT('Ctrl Pts',(0.763845823585169,-2.21980698111315,0.715931905329787));
#5608=CARTESIAN_POINT('Ctrl Pts',(0.639434113264428,-2.05366074909755,0.780268292314724));
#5609=CARTESIAN_POINT('Ctrl Pts',(0.5322726702315,-1.91363318917071,0.8));
#5610=CARTESIAN_POINT('Ctrl Pts',(0.460739693356935,-1.8202074901401,0.8));
#5611=CARTESIAN_POINT('Ctrl Pts',(0.911109829707007,-2.50061687496142,0.3));
#5612=CARTESIAN_POINT('Ctrl Pts',(0.911109829707007,-2.50061687496142,0.320356609334777));
#5613=CARTESIAN_POINT('Ctrl Pts',(0.908887377895297,-2.49723442235876,0.361054200693776));
#5614=CARTESIAN_POINT('Ctrl Pts',(0.895955967588944,-2.47754075099885,0.439833846350557));
#5615=CARTESIAN_POINT('Ctrl Pts',(0.865767661822348,-2.43117927650891,0.530338601001021));
#5616=CARTESIAN_POINT('Ctrl Pts',(0.810747171127895,-2.34684724339509,0.623794703814049));
#5617=CARTESIAN_POINT('Ctrl Pts',(0.739206973874908,-2.23813684676933,0.700200710779386));
#5618=CARTESIAN_POINT('Ctrl Pts',(0.626001175761813,-2.06743212702527,0.776018826600248));
#5619=CARTESIAN_POINT('Ctrl Pts',(0.526882568074561,-1.91913633605516,0.8));
#5620=CARTESIAN_POINT('Ctrl Pts',(0.460739693356935,-1.8202074901401,0.8));
#5621=CARTESIAN_POINT('Ctrl Pts',(0.890862183116241,-2.49376005590304,0.3));
#5622=CARTESIAN_POINT('Ctrl Pts',(0.890862183116241,-2.49376005590304,0.318699956271368));
#5623=CARTESIAN_POINT('Ctrl Pts',(0.889053542023061,-2.49092780490976,0.35609790279836));
#5624=CARTESIAN_POINT('Ctrl Pts',(0.878263311646323,-2.47403078713351,0.42995965856404));
#5625=CARTESIAN_POINT('Ctrl Pts',(0.851537007323423,-2.43217859089024,0.518764229663537));
#5626=CARTESIAN_POINT('Ctrl Pts',(0.799855688228202,-2.35124795855321,0.614371899751551));
#5627=CARTESIAN_POINT('Ctrl Pts',(0.731174778820575,-2.24369672872487,0.694184465498171));
#5628=CARTESIAN_POINT('Ctrl Pts',(0.62152935328579,-2.07199690030053,0.774346123223636));
#5629=CARTESIAN_POINT('Ctrl Pts',(0.525085867355582,-1.92097071834997,0.8));
#5630=CARTESIAN_POINT('Ctrl Pts',(0.460739693356935,-1.8202074901401,0.8));
#5631=CARTESIAN_POINT('Origin',(0.460739693356935,-1.8202074901401,0.3));
#5632=CARTESIAN_POINT('Ctrl Pts',(1.04904324688034,-2.27029341966281,0.3));
#5633=CARTESIAN_POINT('Ctrl Pts',(1.04904324688034,-2.27029341966281,0.329919930034188));
#5634=CARTESIAN_POINT('Ctrl Pts',(1.03909686319529,-2.26268386619426,0.389764377501447));
#5635=CARTESIAN_POINT('Ctrl Pts',(0.980680178317869,-2.21799175485952,0.50337645847863));
#5636=CARTESIAN_POINT('Ctrl Pts',(0.812057638509138,-2.08898584946638,0.647629912217802));
#5637=CARTESIAN_POINT('Ctrl Pts',(0.592754702059071,-1.92120653654529,0.7));
#5638=CARTESIAN_POINT('Ctrl Pts',(0.460739693356935,-1.8202074901401,0.7));
#5639=CARTESIAN_POINT('Ctrl Pts',(1.05631878402616,-2.29039440768091,0.3));
#5640=CARTESIAN_POINT('Ctrl Pts',(1.05631878402616,-2.29039440768091,0.33324141191854));
#5641=CARTESIAN_POINT('Ctrl Pts',(1.04392262447639,-2.28098098275328,0.39940320420068));
#5642=CARTESIAN_POINT('Ctrl Pts',(0.978020594804699,-2.230875238013,0.51550083093891));
#5643=CARTESIAN_POINT('Ctrl Pts',(0.804861753985485,-2.09617068100756,0.652032110351066));
#5644=CARTESIAN_POINT('Ctrl Pts',(0.590059650980602,-1.92395810998751,0.7));
#5645=CARTESIAN_POINT('Ctrl Pts',(0.460739693356935,-1.8202074901401,0.7));
#5646=CARTESIAN_POINT('Ctrl Pts',(1.05749532196133,-2.33539151373561,0.3));
#5647=CARTESIAN_POINT('Ctrl Pts',(1.05749532196133,-2.33539151373561,0.338825899860423));
#5648=CARTESIAN_POINT('Ctrl Pts',(1.04135166990001,-2.32196658807018,0.415538690733025));
#5649=CARTESIAN_POINT('Ctrl Pts',(0.965537324746092,-2.25916273428586,0.53457146074212));
#5650=CARTESIAN_POINT('Ctrl Pts',(0.790275531768811,-2.11057646731316,0.658033111828347));
#5651=CARTESIAN_POINT('Ctrl Pts',(0.584669548823661,-1.92946125687196,0.7));
#5652=CARTESIAN_POINT('Ctrl Pts',(0.460739693356934,-1.82020749014009,0.7));
#5653=CARTESIAN_POINT('Ctrl Pts',(1.02181335703429,-2.38589314988991,0.3));
#5654=CARTESIAN_POINT('Ctrl Pts',(1.02181335703429,-2.38589314988991,0.340520655799675));
#5655=CARTESIAN_POINT('Ctrl Pts',(1.00591646597809,-2.36971541062305,0.42042800155621));
#5656=CARTESIAN_POINT('Ctrl Pts',(0.933710098607334,-2.29614790683822,0.540140419500706));
#5657=CARTESIAN_POINT('Ctrl Pts',(0.770394384143111,-2.13070567235717,0.659631028469111));
#5658=CARTESIAN_POINT('Ctrl Pts',(0.577258158357871,-1.93702808383807,0.7));
#5659=CARTESIAN_POINT('Ctrl Pts',(0.460739693356935,-1.8202074901401,0.7));
#5660=CARTESIAN_POINT('Ctrl Pts',(0.970980318935711,-2.40700525551391,0.3));
#5661=CARTESIAN_POINT('Ctrl Pts',(0.970980318935711,-2.40700525551391,0.33680049755152));
#5662=CARTESIAN_POINT('Ctrl Pts',(0.958790552066031,-2.39242423397255,0.409695990403205));
#5663=CARTESIAN_POINT('Ctrl Pts',(0.89940200589353,-2.321182873802,0.527756803450334));
#5664=CARTESIAN_POINT('Ctrl Pts',(0.75259511049823,-2.14924460538943,0.655960702613096));
#5665=CARTESIAN_POINT('Ctrl Pts',(0.570520530661696,-1.94390701744363,0.7));
#5666=CARTESIAN_POINT('Ctrl Pts',(0.460739693356934,-1.8202074901401,0.7));
#5667=CARTESIAN_POINT('Ctrl Pts',(0.938123355722485,-2.40418642925201,0.3));
#5668=CARTESIAN_POINT('Ctrl Pts',(0.938123355722485,-2.40418642925201,0.332416698269974));
#5669=CARTESIAN_POINT('Ctrl Pts',(0.928919398383091,-2.39258854936922,0.397004929692123));
#5670=CARTESIAN_POINT('Ctrl Pts',(0.878826383924112,-2.32958593076518,0.512474389198096));
#5671=CARTESIAN_POINT('Ctrl Pts',(0.742013442685199,-2.16036923348695,0.650926988441678));
#5672=CARTESIAN_POINT('Ctrl Pts',(0.566477954043993,-1.94803437760697,0.7));
#5673=CARTESIAN_POINT('Ctrl Pts',(0.460739693356935,-1.8202074901401,0.7));
#5674=CARTESIAN_POINT('Ctrl Pts',(0.92293762077941,-2.39904381495823,0.3));
#5675=CARTESIAN_POINT('Ctrl Pts',(0.92293762077941,-2.39904381495823,0.329919930034189));
#5676=CARTESIAN_POINT('Ctrl Pts',(0.915123291090177,-2.38925749267103,0.389764377501447));
#5677=CARTESIAN_POINT('Ctrl Pts',(0.869228496616253,-2.33178087370452,0.50337645847863));
#5678=CARTESIAN_POINT('Ctrl Pts',(0.736750989129621,-2.16587187886705,0.647629912217802));
#5679=CARTESIAN_POINT('Ctrl Pts',(0.56445666573514,-1.95009805768864,0.7));
#5680=CARTESIAN_POINT('Ctrl Pts',(0.460739693356935,-1.8202074901401,0.7));
#5681=CARTESIAN_POINT('',(0.92293762077941,-2.39904381495823,0.3));
#5682=CARTESIAN_POINT('',(1.04904324688034,-2.27029341966281,0.3));
#5683=CARTESIAN_POINT('Origin',(0.95501305844258,-2.30432757401341,0.3));
#5684=CARTESIAN_POINT('',(0.460739693356935,-1.8202074901401,0.7));
#5685=CARTESIAN_POINT('Origin',(0.460739693356935,-1.8202074901401,0.3));
#5686=CARTESIAN_POINT('Origin',(0.460739693356935,-1.8202074901401,0.3));
#5687=CARTESIAN_POINT('Ctrl Pts',(-0.857149055992445,-2.39904381495823,
0.3));
#5688=CARTESIAN_POINT('Ctrl Pts',(-0.857149055992445,-2.39904381495823,
0.329919930034188));
#5689=CARTESIAN_POINT('Ctrl Pts',(-0.851296102411681,-2.39171383371208,
0.374797091471917));
#5690=CARTESIAN_POINT('Ctrl Pts',(-0.822548957437128,-2.35571217563697,
0.461179717888782));
#5691=CARTESIAN_POINT('Ctrl Pts',(-0.754790390988172,-2.27085433173235,
0.567476825325153));
#5692=CARTESIAN_POINT('Ctrl Pts',(-0.602355229819246,-2.07995125054344,
0.672693558325978));
#5693=CARTESIAN_POINT('Ctrl Pts',(-0.464095776822096,-1.90680120183912,
0.7));
#5694=CARTESIAN_POINT('Ctrl Pts',(-0.394951128569958,-1.8202074901401,0.7));
#5695=CARTESIAN_POINT('Ctrl Pts',(-0.87739670258321,-2.40590063401661,0.3));
#5696=CARTESIAN_POINT('Ctrl Pts',(-0.87739670258321,-2.40590063401661,0.33324141191854));
#5697=CARTESIAN_POINT('Ctrl Pts',(-0.870211184415859,-2.39683336138205,
0.382829073704379));
#5698=CARTESIAN_POINT('Ctrl Pts',(-0.837490767237691,-2.35560361738789,
0.47303177597049));
#5699=CARTESIAN_POINT('Ctrl Pts',(-0.76497390942463,-2.26516795790003,0.576784906731356));
#5700=CARTESIAN_POINT('Ctrl Pts',(-0.607782814302984,-2.0744747929201,0.674843988295965));
#5701=CARTESIAN_POINT('Ctrl Pts',(-0.465892477541076,-1.90496681954431,
0.7));
#5702=CARTESIAN_POINT('Ctrl Pts',(-0.394951128569958,-1.8202074901401,0.7));
#5703=CARTESIAN_POINT('Ctrl Pts',(-0.922408536874978,-2.4061431953629,0.3));
#5704=CARTESIAN_POINT('Ctrl Pts',(-0.922408536874978,-2.4061431953629,0.338825899860423));
#5705=CARTESIAN_POINT('Ctrl Pts',(-0.912295947092423,-2.39445912404963,
0.396277230413869));
#5706=CARTESIAN_POINT('Ctrl Pts',(-0.870456940874544,-2.34610614650634,
0.492177782995657));
#5707=CARTESIAN_POINT('Ctrl Pts',(-0.786610723547994,-2.24991127755476,
0.590759846943467));
#5708=CARTESIAN_POINT('Ctrl Pts',(-0.618612334521585,-2.0635332888723,0.677832469079539));
#5709=CARTESIAN_POINT('Ctrl Pts',(-0.469485878979035,-1.90129805495468,
0.7));
#5710=CARTESIAN_POINT('Ctrl Pts',(-0.394951128569958,-1.82020749014009,
0.7));
#5711=CARTESIAN_POINT('Ctrl Pts',(-0.972158809320191,-2.36942080971903,
0.3));
#5712=CARTESIAN_POINT('Ctrl Pts',(-0.972158809320191,-2.36942080971903,
0.340520655799674));
#5713=CARTESIAN_POINT('Ctrl Pts',(-0.960034527304869,-2.35799949430639,
0.400354025794126));
#5714=CARTESIAN_POINT('Ctrl Pts',(-0.911027446279544,-2.31183485226267,
0.497860763921329));
#5715=CARTESIAN_POINT('Ctrl Pts',(-0.815817705825741,-2.22200414248557,
0.594727361699247));
#5716=CARTESIAN_POINT('Ctrl Pts',(-0.63345765151654,-2.04842156810119,0.67864116443504));
#5717=CARTESIAN_POINT('Ctrl Pts',(-0.474426805956229,-1.89625350364393,
0.7));
#5718=CARTESIAN_POINT('Ctrl Pts',(-0.394951128569958,-1.8202074901401,0.7));
#5719=CARTESIAN_POINT('Ctrl Pts',(-0.992211441025316,-2.31816058269392,
0.3));
#5720=CARTESIAN_POINT('Ctrl Pts',(-0.992211441025316,-2.31816058269392,
0.33680049755152));
#5721=CARTESIAN_POINT('Ctrl Pts',(-0.981250949163449,-2.30939637960961,
0.391407991922545));
#5722=CARTESIAN_POINT('Ctrl Pts',(-0.934547675915559,-2.27202910671753,
0.485297313160849));
#5723=CARTESIAN_POINT('Ctrl Pts',(-0.838501846486551,-2.194543313112,0.585818757014762));
#5724=CARTESIAN_POINT('Ctrl Pts',(-0.646889868421778,-2.03462509243901,
0.676794722473749));
#5725=CARTESIAN_POINT('Ctrl Pts',(-0.478918557753678,-1.89166754790689,
0.7));
#5726=CARTESIAN_POINT('Ctrl Pts',(-0.394951128569958,-1.82020749014009,
0.7));
#5727=CARTESIAN_POINT('Ctrl Pts',(-0.988711334952733,-2.2853691606764,0.3));
#5728=CARTESIAN_POINT('Ctrl Pts',(-0.988711334952733,-2.2853691606764,0.332416698269974));
#5729=CARTESIAN_POINT('Ctrl Pts',(-0.979935796344247,-2.27870455966886,
0.380830131092404));
#5730=CARTESIAN_POINT('Ctrl Pts',(-0.939363847796156,-2.24779168934607,
0.470076393633689));
#5731=CARTESIAN_POINT('Ctrl Pts',(-0.848865408076918,-2.17832616738621,
0.574456066991356));
#5732=CARTESIAN_POINT('Ctrl Pts',(-0.654923383795766,-2.02632381774561,
0.674305112441952));
#5733=CARTESIAN_POINT('Ctrl Pts',(-0.481613608832148,-1.88891597446467,
0.7));
#5734=CARTESIAN_POINT('Ctrl Pts',(-0.394951128569958,-1.8202074901401,0.7));
#5735=CARTESIAN_POINT('Ctrl Pts',(-0.983254682093368,-2.27029341966283,
0.3));
#5736=CARTESIAN_POINT('Ctrl Pts',(-0.983254682093368,-2.27029341966283,
0.329919930034189));
#5737=CARTESIAN_POINT('Ctrl Pts',(-0.975804814437377,-2.26459384401232,
0.374797091471917));
#5738=CARTESIAN_POINT('Ctrl Pts',(-0.939214326815559,-2.23660002426685,
0.461179717888783));
#5739=CARTESIAN_POINT('Ctrl Pts',(-0.852968580007752,-2.17061708588939,
0.567476825325154));
#5740=CARTESIAN_POINT('Ctrl Pts',(-0.658943159994089,-2.022176521499,0.672693558325978));
#5741=CARTESIAN_POINT('Ctrl Pts',(-0.482961134371382,-1.88754018774356,
0.7));
#5742=CARTESIAN_POINT('Ctrl Pts',(-0.394951128569958,-1.8202074901401,0.7));
#5743=CARTESIAN_POINT('',(-0.983254682093368,-2.27029341966283,0.3));
#5744=CARTESIAN_POINT('',(-0.857149055992444,-2.39904381495823,0.3));
#5745=CARTESIAN_POINT('Origin',(-0.889224493655613,-2.30432757401342,0.3));
#5746=CARTESIAN_POINT('',(-0.394951128569958,-1.8202074901401,0.7));
#5747=CARTESIAN_POINT('Origin',(-0.394951128569958,-1.8202074901401,0.3));
#5748=CARTESIAN_POINT('Origin',(-0.394951128569958,-1.8202074901401,0.3));
#5749=CARTESIAN_POINT('Origin',(0.0921351479813905,-0.474476554746155,0.3));
#5750=CARTESIAN_POINT('',(-0.0752513061891025,-0.936934933040018,0.7));
#5751=CARTESIAN_POINT('',(0.0921351479813905,-0.474476554746155,0.7));
#5752=CARTESIAN_POINT('',(-0.528837796603159,-1.01482207955605,0.3));
#5753=CARTESIAN_POINT('',(-0.283985605769633,-0.338339937343774,0.3));
#5754=CARTESIAN_POINT('Origin',(-0.0752513061891025,-0.936934933040018,
0.3));
#5755=CARTESIAN_POINT('Origin',(-0.750173904379298,0.277925743702337,0.3));
#5756=CARTESIAN_POINT('',(-0.926381437054694,0.595099302518055,0.7));
#5757=CARTESIAN_POINT('',(-0.750173904379298,0.277925743702337,0.7));
#5758=CARTESIAN_POINT('',(-0.535452257428761,-0.932223632087592,0.3));
#5759=CARTESIAN_POINT('Origin',(-0.0752513061891025,-0.936934933040018,
0.3));
#5760=CARTESIAN_POINT('',(-1.27002672567645,0.390010410758247,0.3));
#5761=CARTESIAN_POINT('',(-1.09983681482791,0.083668571230885,0.3));
#5762=CARTESIAN_POINT('Ctrl Pts',(-0.926381437054694,0.595099302518055,
0.7));
#5763=CARTESIAN_POINT('Ctrl Pts',(-0.926754701500543,0.594874794277549,
0.7));
#5764=CARTESIAN_POINT('Ctrl Pts',(-0.927127968744844,0.594650291390924,
0.699999289353139));
#5765=CARTESIAN_POINT('Ctrl Pts',(-0.927501237282711,0.594425794744072,
0.699997868060958));
#5766=CARTESIAN_POINT('Ctrl Pts',(-1.01236458289636,0.543386034897715,0.699674734452663));
#5767=CARTESIAN_POINT('Ctrl Pts',(-1.09657901164765,0.493121311398234,0.661124522688911));
#5768=CARTESIAN_POINT('Ctrl Pts',(-1.15898867380532,0.455974751968448,0.594301039210065));
#5769=CARTESIAN_POINT('Ctrl Pts',(-1.22181006263079,0.418583130658725,0.527036710367971));
#5770=CARTESIAN_POINT('Ctrl Pts',(-1.26189319745539,0.394833730113335,0.431758379266626));
#5771=CARTESIAN_POINT('Ctrl Pts',(-1.268877966431,0.390691634002299,0.332653326114141));
#5772=CARTESIAN_POINT('Ctrl Pts',(-1.26964425842583,0.390237208794712,0.321780610188555));
#5773=CARTESIAN_POINT('Ctrl Pts',(-1.27002672567646,0.39001041075827,0.310887058739628));
#5774=CARTESIAN_POINT('Ctrl Pts',(-1.27002672567646,0.39001041075827,0.3));
#5775=CARTESIAN_POINT('Origin',(-0.694786206915427,2.01830716809754,0.3));
#5776=CARTESIAN_POINT('',(-0.280268481153541,2.62847124450143,0.7));
#5777=CARTESIAN_POINT('',(-0.492100462265938,3.02847124450143,0.3));
#5778=CARTESIAN_POINT('Origin',(-0.280268481153541,2.62847124450143,0.3));
#5779=CARTESIAN_POINT('',(-0.907175371902192,1.70567339965216,0.7));
#5780=CARTESIAN_POINT('',(-0.694786206915427,2.01830716809754,0.7));
#5781=CARTESIAN_POINT('',(-1.23804524751746,1.93045134654718,0.3));
#5782=CARTESIAN_POINT('Origin',(-0.907175371902192,1.70567339965216,0.3));
#5783=CARTESIAN_POINT('',(-1.02565608253069,2.24308511499255,0.3));
#5784=CARTESIAN_POINT('Origin',(-0.0681992543909822,1.13571117859037,0.3));
#5785=CARTESIAN_POINT('',(-1.2723027079208,0.39389822683254,0.3));
#5786=CARTESIAN_POINT('Origin',(-0.0681992543909822,1.13571117859037,0.3));
#5787=CARTESIAN_POINT('Origin',(-0.0681992543909822,1.13571117859037,0.7));
#5788=CARTESIAN_POINT('Ctrl Pts',(-0.926381437054694,0.595099302518055,
0.7));
#5789=CARTESIAN_POINT('Ctrl Pts',(-0.926757753839825,0.594879948981912,
0.7));
#5790=CARTESIAN_POINT('Ctrl Pts',(-0.927134070851755,0.594660596717209,
0.699999289353139));
#5791=CARTESIAN_POINT('Ctrl Pts',(-0.927510386582944,0.594441246603827,
0.699997868060958));
#5792=CARTESIAN_POINT('Ctrl Pts',(-1.01306736577913,0.544571067038966,0.699674731249466));
#5793=CARTESIAN_POINT('Ctrl Pts',(-1.09783413518474,0.495249960263359,0.661123717526123));
#5794=CARTESIAN_POINT('Ctrl Pts',(-1.16062492901315,0.458757172305609,0.5942990519549));
#5795=CARTESIAN_POINT('Ctrl Pts',(-1.2238317027155,0.422022624936822,0.527031682696309));
#5796=CARTESIAN_POINT('Ctrl Pts',(-1.26412833907949,0.398642386032953,0.431748197124863));
#5797=CARTESIAN_POINT('Ctrl Pts',(-1.2711486473291,0.394568004990296,0.332639271448563));
#5798=CARTESIAN_POINT('Ctrl Pts',(-1.27191847762857,0.394121218059193,0.321771222465361));
#5799=CARTESIAN_POINT('Ctrl Pts',(-1.27230270792081,0.393898226832562,0.310882367674873));
#5800=CARTESIAN_POINT('Ctrl Pts',(-1.27230270792081,0.393898226832562,0.3));
#5801=CARTESIAN_POINT('Origin',(0.133987819177959,1.13571117859037,0.3));
#5802=CARTESIAN_POINT('',(1.33809127270778,0.393898226832541,0.3));
#5803=CARTESIAN_POINT('',(1.30383381230444,1.93045134654718,0.3));
#5804=CARTESIAN_POINT('Origin',(0.133987819177959,1.13571117859037,0.3));
#5805=CARTESIAN_POINT('',(0.992170001841678,0.595099302518067,0.7));
#5806=CARTESIAN_POINT('Ctrl Pts',(0.992170001842172,0.595099302517801,0.7));
#5807=CARTESIAN_POINT('Ctrl Pts',(0.99254631862718,0.594879948981729,0.699999999999999));
#5808=CARTESIAN_POINT('Ctrl Pts',(0.992922635638829,0.594660596717119,0.699999289353138));
#5809=CARTESIAN_POINT('Ctrl Pts',(0.993298951369896,0.59444124660381,0.699997868060958));
#5810=CARTESIAN_POINT('Ctrl Pts',(1.07851598937876,0.544769214849609,0.699676015160057));
#5811=CARTESIAN_POINT('Ctrl Pts',(1.16307024639681,0.49557137162438,0.661335533202763));
#5812=CARTESIAN_POINT('Ctrl Pts',(1.22569878644377,0.459172548225277,0.595057537569693));
#5813=CARTESIAN_POINT('Ctrl Pts',(1.28957833573078,0.422046655915335,0.527455634579258));
#5814=CARTESIAN_POINT('Ctrl Pts',(1.33033448655202,0.398400027878212,0.430870175288298));
#5815=CARTESIAN_POINT('Ctrl Pts',(1.33705064898373,0.394502169604805,0.330996212069728));
#5816=CARTESIAN_POINT('Ctrl Pts',(1.33774434901934,0.394099567009864,0.320680414537235));
#5817=CARTESIAN_POINT('Ctrl Pts',(1.33809127270778,0.393898226832543,0.310340514185904));
#5818=CARTESIAN_POINT('Ctrl Pts',(1.33809127270778,0.393898226832543,0.3));
#5819=CARTESIAN_POINT('',(0.972963936689168,1.70567339965216,0.7));
#5820=CARTESIAN_POINT('Origin',(0.133987819177959,1.13571117859037,0.7));
#5821=CARTESIAN_POINT('Origin',(0.972963936689168,1.70567339965216,0.3));
#5822=CARTESIAN_POINT('Origin',(1.14842690114102,1.44739446248229,0.3));
#5823=CARTESIAN_POINT('',(0.346057045940517,2.62847124450143,0.7));
#5824=CARTESIAN_POINT('',(1.14842690114102,1.44739446248229,0.7));
#5825=CARTESIAN_POINT('',(0.557889027052915,3.02847124450143,0.3));
#5826=CARTESIAN_POINT('Origin',(0.346057045940517,2.62847124450143,0.3));
#5827=CARTESIAN_POINT('',(1.47929677675629,1.6721724093773,0.3));
#5828=CARTESIAN_POINT('Origin',(0.448675235042431,-0.383191277720581,0.3));
#5829=CARTESIAN_POINT('',(0.14103987097608,-0.936934933040017,0.7));
#5830=CARTESIAN_POINT('',(0.448675235042431,-0.383191277720581,0.7));
#5831=CARTESIAN_POINT('',(1.33581529046342,0.390010410758248,0.3));
#5832=CARTESIAN_POINT('Ctrl Pts',(0.992170001843049,0.595099302519258,0.700000001055747));
#5833=CARTESIAN_POINT('Ctrl Pts',(0.992543265991926,0.594874794469729,0.700000000060747));
#5834=CARTESIAN_POINT('Ctrl Pts',(0.992916527519398,0.594650316098323,0.699998624258866));
#5835=CARTESIAN_POINT('Ctrl Pts',(0.99328980401635,0.594425784122497,0.699998161556183));
#5836=CARTESIAN_POINT('Ctrl Pts',(1.02695753114575,0.574174090389681,0.699956428021434));
#5837=CARTESIAN_POINT('Ctrl Pts',(1.06052892486302,0.554049428154453,0.693861895955802));
#5838=CARTESIAN_POINT('Ctrl Pts',(1.09267423687484,0.534811867138961,0.682335947178434));
#5839=CARTESIAN_POINT('Ctrl Pts',(1.12481727989018,0.515575664018459,0.670810811967198));
#5840=CARTESIAN_POINT('Ctrl Pts',(1.15553848498651,0.497233285778827,0.653854964656108));
#5841=CARTESIAN_POINT('Ctrl Pts',(1.1835132745855,0.480554190124748,0.632089522391012));
#5842=CARTESIAN_POINT('Ctrl Pts',(1.18727542638525,0.478311124470538,0.629162426281843));
#5843=CARTESIAN_POINT('Ctrl Pts',(1.19098795001872,0.476098217022358,0.626148343852922));
#5844=CARTESIAN_POINT('Ctrl Pts',(1.19464762312882,0.473917340240955,0.623048786093547));
#5845=CARTESIAN_POINT('Ctrl Pts',(1.22369119378822,0.456609660840482,0.59845035282123));
#5846=CARTESIAN_POINT('Ctrl Pts',(1.24940615461048,0.441319324420259,0.56846845984157));
#5847=CARTESIAN_POINT('Ctrl Pts',(1.27043582051527,0.428822110757014,0.534584808383808));
#5848=CARTESIAN_POINT('Ctrl Pts',(1.27288724956224,0.427365310029936,0.530634989695432));
#5849=CARTESIAN_POINT('Ctrl Pts',(1.27527501200309,0.425946463928464,0.526632152555771));
#5850=CARTESIAN_POINT('Ctrl Pts',(1.27759819875968,0.424566092474223,0.522579372994458));
#5851=CARTESIAN_POINT('Ctrl Pts',(1.30235714180565,0.409855033141252,0.479387607178969));
#5852=CARTESIAN_POINT('Ctrl Pts',(1.31978497179939,0.39951987091438,0.430523275101174));
#5853=CARTESIAN_POINT('Ctrl Pts',(1.32877834705966,0.394184199086881,0.379710659049522));
#5854=CARTESIAN_POINT('Ctrl Pts',(1.33341941029529,0.391430706695053,0.353488628116881));
#5855=CARTESIAN_POINT('Ctrl Pts',(1.33581529046342,0.39001041075825,0.326747758350225));
#5856=CARTESIAN_POINT('Ctrl Pts',(1.33581529046342,0.39001041075825,0.3));
#5857=CARTESIAN_POINT('',(0.601240822215737,-0.932223632087592,0.3));
#5858=CARTESIAN_POINT('',(0.798338145491047,-0.577448450192034,0.3));
#5859=CARTESIAN_POINT('Origin',(0.14103987097608,-0.936934933040017,0.3));
#5860=CARTESIAN_POINT('Origin',(0.20086185955069,-1.10221222479954,0.3));
#5861=CARTESIAN_POINT('',(0.594626361390136,-1.01482207955605,0.3));
#5862=CARTESIAN_POINT('',(0.576982613301713,-0.966075607397158,0.3));
#5863=CARTESIAN_POINT('',(0.20086185955069,-1.10221222479954,0.7));
#5864=CARTESIAN_POINT('Origin',(0.14103987097608,-0.936934933040017,0.3));
#5865=CARTESIAN_POINT('Origin',(-0.174387204147283,-1.74551402323313,0.3));
#5866=CARTESIAN_POINT('',(-0.0633320305960186,-2.13021950077435,0.3));
#5867=CARTESIAN_POINT('',(-0.0460854534946078,-2.12437898701239,0.3));
#5868=CARTESIAN_POINT('',(-0.191633781248694,-1.75135453699509,0.7));
#5869=CARTESIAN_POINT('',(-0.174387204147283,-1.74551402323313,0.7));
#5870=CARTESIAN_POINT('Origin',(-0.191633781248694,-1.75135453699509,0.3));
#5871=CARTESIAN_POINT('Origin',(0.0328942823934876,-2.4143682236088,0.3));
#5872=CARTESIAN_POINT('',(0.129120595382993,-2.13021950077435,0.3));
#5873=CARTESIAN_POINT('Origin',(0.0328942823934876,-2.4143682236088,0.3));
#5874=CARTESIAN_POINT('',(0.257422346035666,-1.75135453699509,0.7));
#5875=CARTESIAN_POINT('Origin',(0.0328942823934876,-2.4143682236088,0.7));
#5876=CARTESIAN_POINT('Origin',(0.257422346035666,-1.75135453699509,0.3));
#5877=CARTESIAN_POINT('Origin',(-0.156732743763953,-1.61110186614119,0.3));
#5878=CARTESIAN_POINT('',(-0.285034494416628,-1.98996682992045,0.3));
#5879=CARTESIAN_POINT('',(-0.156732743763953,-1.61110186614119,0.7));
#5880=CARTESIAN_POINT('Origin',(0.610847022331014,3.02847124450143,0.));
#5881=CARTESIAN_POINT('',(-0.467025421904691,3.02847124450143,0.0499999999999999));
#5882=CARTESIAN_POINT('',(-0.467025421904691,3.02847124450143,-6.12323399573677E-17));
#5883=CARTESIAN_POINT('',(-0.467025421904691,3.02847124450143,1.09273919746571E-16));
#5884=CARTESIAN_POINT('',(-0.367025421904691,3.02847124450143,0.3));
#5885=CARTESIAN_POINT('Origin',(0.0329745780953087,3.02847124450143,0.));
#5886=CARTESIAN_POINT('',(0.321870652362251,3.02847124450143,0.3));
#5887=CARTESIAN_POINT('',(-0.492100462265938,3.02847124450143,0.05));
#5888=CARTESIAN_POINT('',(-0.492100462265938,3.02847124450143,0.));
#5889=CARTESIAN_POINT('',(0.321870652362251,3.02847124450143,0.05));
#5890=CARTESIAN_POINT('Origin',(0.0328942823934883,0.312071835244005,0.7));
#5891=CARTESIAN_POINT('',(0.321870652362251,2.62847124450143,0.7));
#5892=CARTESIAN_POINT('',(0.461042507501739,0.241894129689537,0.7));
#5893=CARTESIAN_POINT('Origin',(0.555530696478116,0.241894129689537,0.7));
#5894=CARTESIAN_POINT('',(-0.0783275712384152,0.245831137563551,0.7));
#5895=CARTESIAN_POINT('Origin',(0.0161606177379628,0.245831137563551,0.7));
#5896=CARTESIAN_POINT('',(0.524034633485992,1.39169727929583,0.7));
#5897=CARTESIAN_POINT('',(0.524034633485992,1.88342956276039,0.7));
#5898=CARTESIAN_POINT('',(0.524034633485992,1.1352506990022,0.7));
#5899=CARTESIAN_POINT('',(0.449034633485992,1.95842956276039,0.7));
#5900=CARTESIAN_POINT('Origin',(0.449034633485992,1.88342956276039,0.7));
#5901=CARTESIAN_POINT('',(-0.436398437380146,1.95842956276039,0.7));
#5902=CARTESIAN_POINT('',(-0.239252077493329,1.95842956276039,0.7));
#5903=CARTESIAN_POINT('',(-0.511398437380146,1.88342956276039,0.7));
#5904=CARTESIAN_POINT('Origin',(-0.436398437380146,1.88342956276039,0.7));
#5905=CARTESIAN_POINT('',(-0.511398437380146,1.39169727929583,0.7));
#5906=CARTESIAN_POINT('',(-0.511398437380146,0.814384557269918,0.7));
#5907=CARTESIAN_POINT('',(-0.436398437380146,1.31669727929583,0.7));
#5908=CARTESIAN_POINT('Origin',(-0.436398437380146,1.39169727929583,0.7));
#5909=CARTESIAN_POINT('',(0.449034633485992,1.31669727929583,0.7));
#5910=CARTESIAN_POINT('',(0.27846445793974,1.31669727929583,0.7));
#5911=CARTESIAN_POINT('Origin',(0.449034633485992,1.39169727929583,0.7));
#5912=CARTESIAN_POINT('',(-0.621634657852586,0.245831137563551,0.7));
#5913=CARTESIAN_POINT('Origin',(-0.527146468876208,0.245831137563551,0.7));
#5914=CARTESIAN_POINT('Ctrl Pts',(-0.0719440757763015,-0.978234156774247,
0.708986614468273));
#5915=CARTESIAN_POINT('Ctrl Pts',(-0.176300298502303,-0.986590974224024,
0.708986614468273));
#5916=CARTESIAN_POINT('Ctrl Pts',(-0.349221604247904,-1.00043846455613,
0.652851264551758));
#5917=CARTESIAN_POINT('Ctrl Pts',(-0.499099305943716,-1.01244062945005,
0.479403832309304));
#5918=CARTESIAN_POINT('Ctrl Pts',(-0.528837796603159,-1.01482207955605,
0.359839860068377));
#5919=CARTESIAN_POINT('Ctrl Pts',(-0.528837796603159,-1.01482207955605,
0.3));
#5920=CARTESIAN_POINT('Ctrl Pts',(-0.074013115726057,-0.952396905317781,
0.697187237770536));
#5921=CARTESIAN_POINT('Ctrl Pts',(-0.175933870519116,-0.960558691169167,
0.697187237770536));
#5922=CARTESIAN_POINT('Ctrl Pts',(-0.344865939072363,-0.974086724490375,
0.642217619364441));
#5923=CARTESIAN_POINT('Ctrl Pts',(-0.490372923882927,-0.985738883585114,
0.473600581026213));
#5924=CARTESIAN_POINT('Ctrl Pts',(-0.519145112158031,-0.988042952463469,
0.357873474468863));
#5925=CARTESIAN_POINT('Ctrl Pts',(-0.519145112158031,-0.988042952463469,
0.3));
#5926=CARTESIAN_POINT('Ctrl Pts',(-0.076489496652148,-0.921472960762254,
0.697187237770536));
#5927=CARTESIAN_POINT('Ctrl Pts',(-0.178410251445207,-0.92963474661364,
0.697187237770536));
#5928=CARTESIAN_POINT('Ctrl Pts',(-0.347342319998455,-0.943162779934847,
0.642217619364441));
#5929=CARTESIAN_POINT('Ctrl Pts',(-0.492849304809018,-0.954814939029587,
0.473600581026213));
#5930=CARTESIAN_POINT('Ctrl Pts',(-0.521621493084122,-0.957119007907942,
0.357873474468863));
#5931=CARTESIAN_POINT('Ctrl Pts',(-0.521621493084122,-0.957119007907942,
0.3));
#5932=CARTESIAN_POINT('Ctrl Pts',(-0.0785585366019035,-0.895635709305789,
0.708986614468273));
#5933=CARTESIAN_POINT('Ctrl Pts',(-0.182914759327905,-0.903992526755566,
0.708986614468273));
#5934=CARTESIAN_POINT('Ctrl Pts',(-0.355836065073507,-0.917840017087669,
0.652851264551758));
#5935=CARTESIAN_POINT('Ctrl Pts',(-0.505713766769318,-0.929842181981589,
0.479403832309304));
#5936=CARTESIAN_POINT('Ctrl Pts',(-0.535452257428761,-0.932223632087592,
0.359839860068377));
#5937=CARTESIAN_POINT('Ctrl Pts',(-0.535452257428761,-0.932223632087592,
0.3));
#5938=CARTESIAN_POINT('Origin',(-0.622867985040915,-0.980787925205455,0.3));
#5939=CARTESIAN_POINT('Ctrl Pts',(-0.925130729640178,0.592987143164199,
0.700030131970542));
#5940=CARTESIAN_POINT('Ctrl Pts',(-0.925505564063182,0.592765186335416,
0.700030131970542));
#5941=CARTESIAN_POINT('Ctrl Pts',(-0.925880446037222,0.59254322305114,0.700028751806131));
#5942=CARTESIAN_POINT('Ctrl Pts',(-0.998406157007775,0.549591634930715,
0.699939830684432));
#5943=CARTESIAN_POINT('Ctrl Pts',(-1.1058782891321,0.486255127693395,0.658452640766636));
#5944=CARTESIAN_POINT('Ctrl Pts',(-1.23489193222112,0.410552285483702,0.508596784266606));
#5945=CARTESIAN_POINT('Ctrl Pts',(-1.27002672567646,0.390010410758269,0.383483300515514));
#5946=CARTESIAN_POINT('Ctrl Pts',(-1.27002672567646,0.39001041075827,0.29999999999999));
#5947=CARTESIAN_POINT('Ctrl Pts',(-0.92589569371146,0.594278992880423,0.699993267475567));
#5948=CARTESIAN_POINT('Ctrl Pts',(-0.926270481573326,0.594057063635651,
0.699993266969431));
#5949=CARTESIAN_POINT('Ctrl Pts',(-0.92664532441228,0.593835123505747,0.699991888151639));
#5950=CARTESIAN_POINT('Ctrl Pts',(-0.999162457092898,0.550888608828346,
0.699902746199535));
#5951=CARTESIAN_POINT('Ctrl Pts',(-1.10662271375345,0.487559089046867,0.658420258566855));
#5952=CARTESIAN_POINT('Ctrl Pts',(-1.23562401007369,0.411863489340617,0.508578958106702));
#5953=CARTESIAN_POINT('Ctrl Pts',(-1.27075600277512,0.391323254760979,0.383476248855202));
#5954=CARTESIAN_POINT('Ctrl Pts',(-1.27075606446829,0.391323220583562,0.29999999999999));
#5955=CARTESIAN_POINT('Ctrl Pts',(-0.926661080929484,0.595571557194913,
0.699990229579635));
#5956=CARTESIAN_POINT('Ctrl Pts',(-0.927035860383116,0.595349632942163,
0.699990227692306));
#5957=CARTESIAN_POINT('Ctrl Pts',(-0.927410683298948,0.595127704584592,
0.69998885151015));
#5958=CARTESIAN_POINT('Ctrl Pts',(-0.999925461930534,0.552182584255798,
0.699899901618452));
#5959=CARTESIAN_POINT('Ctrl Pts',(-1.10738284234876,0.48885475580654,0.658418078088649));
#5960=CARTESIAN_POINT('Ctrl Pts',(-1.23638268331831,0.413160009721147,0.508578883915507));
#5961=CARTESIAN_POINT('Ctrl Pts',(-1.2715149865589,0.39261959317386,0.383476176682536));
#5962=CARTESIAN_POINT('Ctrl Pts',(-1.27151498188814,0.392619597719761,0.29999999999999));
#5963=CARTESIAN_POINT('Ctrl Pts',(-0.927426114714631,0.596863524641942,
0.700021021365067));
#5964=CARTESIAN_POINT('Ctrl Pts',(-0.927800911975282,0.59664158981871,0.700021021365067));
#5965=CARTESIAN_POINT('Ctrl Pts',(-0.928175757102272,0.596419648354529,
0.700019641716178));
#5966=CARTESIAN_POINT('Ctrl Pts',(-1.00069421400482,0.553472354673793,0.699930490397863));
#5967=CARTESIAN_POINT('Ctrl Pts',(-1.10815790252354,0.490140814181492,0.658446339499395));
#5968=CARTESIAN_POINT('Ctrl Pts',(-1.23716719528099,0.414440523341541,0.50859633455368));
#5969=CARTESIAN_POINT('Ctrl Pts',(-1.27230270792081,0.393898226832563,0.383483300515514));
#5970=CARTESIAN_POINT('Ctrl Pts',(-1.27230270792081,0.393898226832564,0.29999999999999));
#5971=CARTESIAN_POINT('Origin',(-1.35744245328861,0.341446117640396,0.299999999999994));
#5972=CARTESIAN_POINT('Ctrl Pts',(0.993214685730439,0.596863535159892,0.700021021615751));
#5973=CARTESIAN_POINT('Ctrl Pts',(0.993589482991289,0.596641600336541,0.70002102161575));
#5974=CARTESIAN_POINT('Ctrl Pts',(0.993964273941647,0.596419690789557,0.700019643924456));
#5975=CARTESIAN_POINT('Ctrl Pts',(1.06649353585135,0.553466039096592,0.699929948449149));
#5976=CARTESIAN_POINT('Ctrl Pts',(1.17399136794808,0.49011441633972,0.658425726494655));
#5977=CARTESIAN_POINT('Ctrl Pts',(1.30299625133144,0.414416862868708,0.508505477510773));
#5978=CARTESIAN_POINT('Ctrl Pts',(1.33809127270778,0.393898226832543,0.383442572361131));
#5979=CARTESIAN_POINT('Ctrl Pts',(1.33809127270778,0.393898226832543,0.3));
#5980=CARTESIAN_POINT('Ctrl Pts',(0.99244965194721,0.595571567716102,0.69999022964674));
#5981=CARTESIAN_POINT('Ctrl Pts',(0.992824431366298,0.59534964348401,0.699990227667542));
#5982=CARTESIAN_POINT('Ctrl Pts',(0.993199200173479,0.595127747002985,0.699988853621762));
#5983=CARTESIAN_POINT('Ctrl Pts',(1.06572478271844,0.552176269311179,0.699899358017864));
#5984=CARTESIAN_POINT('Ctrl Pts',(1.17321630237721,0.488828361132235,0.658397470253703));
#5985=CARTESIAN_POINT('Ctrl Pts',(1.30221173887443,0.413136349536651,0.508488027497348));
#5986=CARTESIAN_POINT('Ctrl Pts',(1.33730354993583,0.39261959400436,0.383435456263059));
#5987=CARTESIAN_POINT('Ctrl Pts',(1.33730354667511,0.39261959771974,0.3));
#5988=CARTESIAN_POINT('Ctrl Pts',(0.991684264728996,0.594279003401293,0.699993267359007));
#5989=CARTESIAN_POINT('Ctrl Pts',(0.992059052498217,0.594057074211507,0.699993266788396));
#5990=CARTESIAN_POINT('Ctrl Pts',(0.992433841338309,0.593835165893299,0.69999189005998));
#5991=CARTESIAN_POINT('Ctrl Pts',(1.06496177681276,0.550882294511347,0.699902200901894));
#5992=CARTESIAN_POINT('Ctrl Pts',(1.17245617344231,0.487532694570191,0.658399649978373));
#5993=CARTESIAN_POINT('Ctrl Pts',(1.30145306590693,0.411839828991952,0.508488099754193));
#5994=CARTESIAN_POINT('Ctrl Pts',(1.33654456582627,0.391323255783564,0.383435528678305));
#5995=CARTESIAN_POINT('Ctrl Pts',(1.33654462925525,0.391323220583542,0.3));
#5996=CARTESIAN_POINT('Ctrl Pts',(0.990919300655418,0.592987153681191,0.70003013167042));
#5997=CARTESIAN_POINT('Ctrl Pts',(0.991294135077813,0.592765196852768,0.70003013167042));
#5998=CARTESIAN_POINT('Ctrl Pts',(0.991668962870336,0.592543265488596,0.700028753469298));
#5999=CARTESIAN_POINT('Ctrl Pts',(1.06420547959333,0.549585318911174,0.699939286813785));
#6000=CARTESIAN_POINT('Ctrl Pts',(1.1717117574872,0.486228728128958,0.6584320249586));
#6001=CARTESIAN_POINT('Ctrl Pts',(1.30072098759247,0.41052862540886,0.508505925130757));
#6002=CARTESIAN_POINT('Ctrl Pts',(1.33581529046342,0.390010410758249,0.383442572361131));
#6003=CARTESIAN_POINT('Ctrl Pts',(1.33581529046342,0.390010410758249,0.3));
#6004=CARTESIAN_POINT('Origin',(1.42323101807558,0.341446117640386,0.3));
#6005=CARTESIAN_POINT('Ctrl Pts',(0.144347101388881,-0.895635709305788,
0.708986614468273));
#6006=CARTESIAN_POINT('Ctrl Pts',(0.248703324114882,-0.903992526755565,
0.708986614468273));
#6007=CARTESIAN_POINT('Ctrl Pts',(0.421623483312361,-0.917839925272413,
0.652848627232845));
#6008=CARTESIAN_POINT('Ctrl Pts',(0.571501822032037,-0.929842141179027,
0.47940306692922));
#6009=CARTESIAN_POINT('Ctrl Pts',(0.601240822215737,-0.932223632087592,
0.359839860068377));
#6010=CARTESIAN_POINT('Ctrl Pts',(0.601240822215737,-0.932223632087592,
0.3));
#6011=CARTESIAN_POINT('Ctrl Pts',(0.142278061439125,-0.921472960762253,
0.697187237770536));
#6012=CARTESIAN_POINT('Ctrl Pts',(0.244198816232184,-0.929634746613639,
0.697187237770536));
#6013=CARTESIAN_POINT('Ctrl Pts',(0.413129549245274,-0.943162672985161,
0.642214415271594));
#6014=CARTESIAN_POINT('Ctrl Pts',(0.558637153836128,-0.954814881711735,
0.47359950458054));
#6015=CARTESIAN_POINT('Ctrl Pts',(0.587410057871099,-0.957119007907942,
0.357873474468863));
#6016=CARTESIAN_POINT('Ctrl Pts',(0.587410057871099,-0.957119007907942,
0.3));
#6017=CARTESIAN_POINT('Ctrl Pts',(0.139801680513034,-0.95239690531778,0.697187237770536));
#6018=CARTESIAN_POINT('Ctrl Pts',(0.241722435306093,-0.960558691169166,
0.697187237770536));
#6019=CARTESIAN_POINT('Ctrl Pts',(0.410653168319183,-0.974086617540688,
0.642214415271594));
#6020=CARTESIAN_POINT('Ctrl Pts',(0.556160772910037,-0.985738826267262,
0.47359950458054));
#6021=CARTESIAN_POINT('Ctrl Pts',(0.584933676945008,-0.988042952463469,
0.357873474468863));
#6022=CARTESIAN_POINT('Ctrl Pts',(0.584933676945008,-0.988042952463469,
0.3));
#6023=CARTESIAN_POINT('Ctrl Pts',(0.137732640563279,-0.978234156774246,
0.708986614468273));
#6024=CARTESIAN_POINT('Ctrl Pts',(0.24208886328928,-0.986590974224023,0.708986614468273));
#6025=CARTESIAN_POINT('Ctrl Pts',(0.415009022486759,-1.00043837274087,0.652848627232845));
#6026=CARTESIAN_POINT('Ctrl Pts',(0.564887361206435,-1.01244058864749,0.47940306692922));
#6027=CARTESIAN_POINT('Ctrl Pts',(0.594626361390136,-1.01482207955605,0.359839860068377));
#6028=CARTESIAN_POINT('Ctrl Pts',(0.594626361390136,-1.01482207955605,0.3));
#6029=CARTESIAN_POINT('Origin',(0.688656549827891,-0.980787925205455,0.3));
#6030=CARTESIAN_POINT('Origin',(-0.527146468876208,0.245831137563551,0.8));
#6031=CARTESIAN_POINT('',(-0.621634657852586,0.245831137563551,0.8));
#6032=CARTESIAN_POINT('Origin',(-0.527146468876208,0.245831137563551,0.8));
#6033=CARTESIAN_POINT('',(-0.621634657852586,0.245831137563551,0.8));
#6034=CARTESIAN_POINT('Origin',(0.0161606177379628,0.245831137563551,0.8));
#6035=CARTESIAN_POINT('',(-0.0783275712384152,0.245831137563551,0.8));
#6036=CARTESIAN_POINT('Origin',(0.0161606177379628,0.245831137563551,0.8));
#6037=CARTESIAN_POINT('',(-0.0783275712384152,0.245831137563551,0.8));
#6038=CARTESIAN_POINT('Origin',(0.555530696478116,0.241894129689537,0.8));
#6039=CARTESIAN_POINT('',(0.461042507501739,0.241894129689537,0.8));
#6040=CARTESIAN_POINT('Origin',(0.555530696478116,0.241894129689537,0.8));
#6041=CARTESIAN_POINT('',(0.461042507501739,0.241894129689537,0.8));
#6042=CARTESIAN_POINT('Origin',(-0.511398437380146,1.31669727929583,0.8));
#6043=CARTESIAN_POINT('',(-0.511398437380146,1.39169727929583,0.8));
#6044=CARTESIAN_POINT('',(-0.511398437380146,1.39169727929583,0.8));
#6045=CARTESIAN_POINT('',(-0.511398437380146,1.88342956276039,0.8));
#6046=CARTESIAN_POINT('',(-0.511398437380146,1.88342956276039,0.8));
#6047=CARTESIAN_POINT('',(-0.511398437380146,0.814384557269918,0.8));
#6048=CARTESIAN_POINT('Origin',(-0.436398437380146,1.88342956276039,0.8));
#6049=CARTESIAN_POINT('',(-0.436398437380146,1.95842956276039,0.8));
#6050=CARTESIAN_POINT('Origin',(-0.436398437380146,1.88342956276039,0.8));
#6051=CARTESIAN_POINT('',(-0.436398437380146,1.95842956276039,0.8));
#6052=CARTESIAN_POINT('Origin',(-0.511398437380146,1.95842956276039,0.8));
#6053=CARTESIAN_POINT('',(0.449034633485992,1.95842956276039,0.8));
#6054=CARTESIAN_POINT('',(0.449034633485992,1.95842956276039,0.8));
#6055=CARTESIAN_POINT('',(-0.239252077493329,1.95842956276039,0.8));
#6056=CARTESIAN_POINT('Origin',(0.449034633485992,1.88342956276039,0.8));
#6057=CARTESIAN_POINT('',(0.524034633485992,1.88342956276039,0.8));
#6058=CARTESIAN_POINT('Origin',(0.449034633485992,1.88342956276039,0.8));
#6059=CARTESIAN_POINT('',(0.524034633485992,1.88342956276039,0.8));
#6060=CARTESIAN_POINT('Origin',(0.524034633485992,1.31669727929583,0.8));
#6061=CARTESIAN_POINT('',(0.449034633485992,1.31669727929583,0.8));
#6062=CARTESIAN_POINT('',(0.449034633485992,1.31669727929583,0.8));
#6063=CARTESIAN_POINT('',(-0.436398437380146,1.31669727929583,0.8));
#6064=CARTESIAN_POINT('',(-0.436398437380146,1.31669727929583,0.8));
#6065=CARTESIAN_POINT('',(0.27846445793974,1.31669727929583,0.8));
#6066=CARTESIAN_POINT('Origin',(-0.436398437380146,1.39169727929583,0.8));
#6067=CARTESIAN_POINT('Origin',(-0.436398437380146,1.39169727929583,0.8));
#6068=CARTESIAN_POINT('Origin',(0.524034633485992,1.95842956276039,0.8));
#6069=CARTESIAN_POINT('',(0.524034633485992,1.39169727929583,0.8));
#6070=CARTESIAN_POINT('',(0.524034633485992,1.39169727929583,0.8));
#6071=CARTESIAN_POINT('',(0.524034633485992,1.1352506990022,0.8));
#6072=CARTESIAN_POINT('Origin',(0.449034633485992,1.39169727929583,0.8));
#6073=CARTESIAN_POINT('Origin',(0.449034633485992,1.39169727929583,0.8));
#6074=CARTESIAN_POINT('Origin',(0.610847022331014,3.12847124450143,0.));
#6075=CARTESIAN_POINT('',(0.590737968790682,3.12847124450143,0.05));
#6076=CARTESIAN_POINT('',(0.321870652362251,3.12847124450143,0.05));
#6077=CARTESIAN_POINT('',(0.505838194796784,3.12847124450143,0.3));
#6078=CARTESIAN_POINT('Origin',(0.0329745780953087,3.12847124450143,4.37095678986282E-17));
#6079=CARTESIAN_POINT('',(0.321870652362251,3.12847124450143,0.3));
#6080=CARTESIAN_POINT('Origin',(0.321870652362251,2.62847124450143,0.3));
#6081=CARTESIAN_POINT('',(0.432974578095309,3.02847124450143,0.3));
#6082=CARTESIAN_POINT('Ctrl Pts',(-0.367025421904691,3.02847124450143,0.3));
#6083=CARTESIAN_POINT('Ctrl Pts',(-0.366712246264688,3.02847124450143,0.300417567520004));
#6084=CARTESIAN_POINT('Ctrl Pts',(-0.366398454480361,3.02847059063859,0.300834594348549));
#6085=CARTESIAN_POINT('Ctrl Pts',(-0.34815216587804,3.0283949930153,0.325004927748161));
#6086=CARTESIAN_POINT('Ctrl Pts',(-0.32818426115203,3.02619079678788,0.3469468470728));
#6087=CARTESIAN_POINT('Ctrl Pts',(-0.263321325041518,3.01606256827194,0.407213514125208));
#6088=CARTESIAN_POINT('Ctrl Pts',(-0.209167513797671,3.00327959844788,0.442012832267774));
#6089=CARTESIAN_POINT('Ctrl Pts',(-0.12081044620673,2.98749616136211,0.47681457856918));
#6090=CARTESIAN_POINT('Ctrl Pts',(-0.090165633499185,2.9828579836067,0.485616907944467));
#6091=CARTESIAN_POINT('Ctrl Pts',(-0.0284022522524615,2.9765385722506,0.497212406449887));
#6092=CARTESIAN_POINT('Ctrl Pts',(0.00271982301758859,2.9748814060152,0.5));
#6093=CARTESIAN_POINT('Ctrl Pts',(0.0632293331730289,2.9748814060152,0.5));
#6094=CARTESIAN_POINT('Ctrl Pts',(0.0943514084430791,2.9765385722506,0.497212406449887));
#6095=CARTESIAN_POINT('Ctrl Pts',(0.156114789689803,2.9828579836067,0.485616907944467));
#6096=CARTESIAN_POINT('Ctrl Pts',(0.186759602397348,2.98749616136211,0.47681457856918));
#6097=CARTESIAN_POINT('Ctrl Pts',(0.275116669988289,3.00327959844788,0.442012832267774));
#6098=CARTESIAN_POINT('Ctrl Pts',(0.329270481232135,3.01606256827194,0.407213514125208));
#6099=CARTESIAN_POINT('Ctrl Pts',(0.394133417342648,3.02619079678788,0.3469468470728));
#6100=CARTESIAN_POINT('Ctrl Pts',(0.414101322068657,3.0283949930153,0.32500492774816));
#6101=CARTESIAN_POINT('Ctrl Pts',(0.432347610670979,3.02847059063859,0.300834594348549));
#6102=CARTESIAN_POINT('Ctrl Pts',(0.432661402455305,3.02847124450143,0.300417567520004));
#6103=CARTESIAN_POINT('Ctrl Pts',(0.432974578095309,3.02847124450143,0.3));
#6104=CARTESIAN_POINT('',(0.321870652362251,3.02847124450143,0.3));
#6105=CARTESIAN_POINT('Origin',(0.0329745780953087,3.32847124450143,0.27990053565579));
#6106=CARTESIAN_POINT('',(-0.467025421904691,3.32847124450143,0.0500000000000002));
#6107=CARTESIAN_POINT('',(-0.524788812600065,3.32847124450143,0.0500000000000001));
#6108=CARTESIAN_POINT('',(0.0329344302443985,3.32847124450143,0.05));
#6109=CARTESIAN_POINT('',(0.592974542762609,3.32847124450143,-0.00019892868841938));
#6110=CARTESIAN_POINT('Origin',(0.0329745780953087,3.32847124450143,4.37095678986282E-17));
#6111=CARTESIAN_POINT('',(0.532974542875814,3.32847124450143,-0.000187668573626374));
#6112=CARTESIAN_POINT('',(0.533060447683403,3.32847124450143,-0.000187684695259725));
#6113=CARTESIAN_POINT('',(-0.467025421904691,3.32847124450143,2.18547839493141E-16));
#6114=CARTESIAN_POINT('Origin',(0.0329745780953087,3.32847124450143,4.37095678986282E-17));
#6115=CARTESIAN_POINT('',(-0.467025421904691,3.32847124450143,0.139950267827895));
#6116=CARTESIAN_POINT('Origin',(0.0329745780953087,3.12847124450143,4.37095678986282E-17));
#6117=CARTESIAN_POINT('',(-0.524788812600065,3.12847124450143,0.05));
#6118=CARTESIAN_POINT('Ctrl Pts',(0.505838194796784,3.12847124450143,0.3));
#6119=CARTESIAN_POINT('Ctrl Pts',(0.50204819799517,3.12847124450143,0.305973838649662));
#6120=CARTESIAN_POINT('Ctrl Pts',(0.498183143712012,3.12836407638994,0.311815242697679));
#6121=CARTESIAN_POINT('Ctrl Pts',(0.443505267799184,3.12558080035007,0.391253902484445));
#6122=CARTESIAN_POINT('Ctrl Pts',(0.373940536029329,3.10656940465263,0.453371695234776));
#6123=CARTESIAN_POINT('Ctrl Pts',(0.253715017337318,3.07967982457994,0.516647346210263));
#6124=CARTESIAN_POINT('Ctrl Pts',(0.210976209074408,3.07109770247834,0.532886211830267));
#6125=CARTESIAN_POINT('Ctrl Pts',(0.123004459266557,3.05899270932543,0.554569124491368));
#6126=CARTESIAN_POINT('Ctrl Pts',(0.0777566604126149,3.05555437458268,0.56));
#6127=CARTESIAN_POINT('Ctrl Pts',(-0.0118075042219975,3.05555437458268,
0.56));
#6128=CARTESIAN_POINT('Ctrl Pts',(-0.0570553030759392,3.05899270932543,
0.554569124491368));
#6129=CARTESIAN_POINT('Ctrl Pts',(-0.145027052883791,3.07109770247834,0.532886211830267));
#6130=CARTESIAN_POINT('Ctrl Pts',(-0.1877658611467,3.07967982457994,0.516647346210263));
#6131=CARTESIAN_POINT('Ctrl Pts',(-0.307991379838712,3.10656940465263,0.453371695234776));
#6132=CARTESIAN_POINT('Ctrl Pts',(-0.377556111608566,3.12558080035007,0.391253902484445));
#6133=CARTESIAN_POINT('Ctrl Pts',(-0.432233987521395,3.12836407638994,0.311815242697679));
#6134=CARTESIAN_POINT('Ctrl Pts',(-0.436099041804553,3.12847124450143,0.305973838649662));
#6135=CARTESIAN_POINT('Ctrl Pts',(-0.439889038606167,3.12847124450143,0.3));
#6136=CARTESIAN_POINT('',(0.592974542762609,3.12847124450143,-0.00019892868841938));
#6137=CARTESIAN_POINT('Origin',(0.0329745780953087,3.12847124450143,4.37095678986282E-17));
#6138=CARTESIAN_POINT('',(0.592974542762609,3.12847124450143,-0.00019892868841938));
#6139=CARTESIAN_POINT('Origin',(0.592974542762609,3.12847124450143,-0.00019892868841938));
#6140=CARTESIAN_POINT('',(0.532974542875814,3.12847124450143,-0.000187668573626374));
#6141=CARTESIAN_POINT('',(0.533060447683403,3.12847124450143,-0.000187684695259725));
#6142=CARTESIAN_POINT('',(0.532974542875814,3.12847124450143,-0.000187668573626374));
#6143=CARTESIAN_POINT('Origin',(0.0329745780953087,3.12847124450143,0.27990053565579));
#6144=CARTESIAN_POINT('',(0.532974578095309,3.12847124450143,0.));
#6145=CARTESIAN_POINT('Origin',(0.0329745780953087,3.12847124450143,4.37095678986282E-17));
#6146=CARTESIAN_POINT('',(0.532974578095309,3.12847124450143,0.05));
#6147=CARTESIAN_POINT('',(-0.545058457544038,3.12847124450143,0.05));
#6148=CARTESIAN_POINT('',(0.532974578095309,3.12847124450143,0.));
#6149=CARTESIAN_POINT('Origin',(0.0329745780953087,0.,0.));
#6150=CARTESIAN_POINT('',(-0.467025421904691,3.12847124450143,2.18547839493141E-16));
#6151=CARTESIAN_POINT('',(0.532974578095309,3.02847124450143,0.));
#6152=CARTESIAN_POINT('',(0.532974578095309,0.,0.));
#6153=CARTESIAN_POINT('Origin',(0.0329745780953087,3.02847124450143,0.));
#6154=CARTESIAN_POINT('Origin',(0.20086185955069,-1.10221222479954,0.3));
#6155=CARTESIAN_POINT('',(0.257883657063469,-1.25975309712306,0.8));
#6156=CARTESIAN_POINT('',(0.442037235024396,-1.19141344523339,0.759803940027341));
#6157=CARTESIAN_POINT('Ctrl Pts',(0.257883657088887,-1.25975309711418,0.8));
#6158=CARTESIAN_POINT('Ctrl Pts',(0.267849067682627,-1.25602033573098,0.799999999999427));
#6159=CARTESIAN_POINT('Ctrl Pts',(0.277850664568168,-1.25228067700352,0.799659344745138));
#6160=CARTESIAN_POINT('Ctrl Pts',(0.305545390718565,-1.24196412804607,0.797766122367514));
#6161=CARTESIAN_POINT('Ctrl Pts',(0.32316821625634,-1.23544257663166,0.795475836594261));
#6162=CARTESIAN_POINT('Ctrl Pts',(0.37510628747557,-1.21620938104503,0.785570465631964));
#6163=CARTESIAN_POINT('Ctrl Pts',(0.40950113026485,-1.20346610165587,0.774625263226476));
#6164=CARTESIAN_POINT('Ctrl Pts',(0.442037235024396,-1.19141344523339,0.759803940027341));
#6165=CARTESIAN_POINT('',(0.691176678242778,-1.9036631613685,0.763197376118818));
#6166=CARTESIAN_POINT('Ctrl Pts',(0.442037235024396,-1.19141344523339,0.759803940027341));
#6167=CARTESIAN_POINT('Ctrl Pts',(0.525914547136495,-1.42855677968788,0.760589836458394));
#6168=CARTESIAN_POINT('Ctrl Pts',(0.609082948183325,-1.66590203864274,0.761682413879712));
#6169=CARTESIAN_POINT('Ctrl Pts',(0.691176678242778,-1.9036631613685,0.763197376118818));
#6170=CARTESIAN_POINT('',(0.286360274500002,-1.33842882022297,0.8));
#6171=CARTESIAN_POINT('Ctrl Pts',(0.691176678242726,-1.90366316136842,0.763197376118827));
#6172=CARTESIAN_POINT('Ctrl Pts',(0.617577070111599,-1.79677906188546,0.776541353711236));
#6173=CARTESIAN_POINT('Ctrl Pts',(0.542427523407583,-1.69041620395359,0.786486406230784));
#6174=CARTESIAN_POINT('Ctrl Pts',(0.42814917507813,-1.53176245445055,0.795750887386006));
#6175=CARTESIAN_POINT('Ctrl Pts',(0.389560724709339,-1.47907874706544,0.79792003699172));
#6176=CARTESIAN_POINT('Ctrl Pts',(0.329385211031622,-1.39707278611146,0.799684788227921));
#6177=CARTESIAN_POINT('Ctrl Pts',(0.307866209796896,-1.36774715270288,0.8));
#6178=CARTESIAN_POINT('Ctrl Pts',(0.286360274500002,-1.33842882022297,0.8));
#6179=CARTESIAN_POINT('',(0.20086185955069,-1.10221222479954,0.8));
#6180=CARTESIAN_POINT('',(0.20086185955069,-1.10221222479954,0.8));
#6181=CARTESIAN_POINT('Ctrl Pts',(0.691176678242778,-1.9036631613685,0.763197376118818));
#6182=CARTESIAN_POINT('Ctrl Pts',(0.700500633390776,-1.90028836297729,0.787592437927742));
#6183=CARTESIAN_POINT('Ctrl Pts',(0.709824588538774,-1.89691356458608,0.811987499736667));
#6184=CARTESIAN_POINT('Ctrl Pts',(0.719148543686773,-1.89353876619487,0.836382561545591));
#6185=CARTESIAN_POINT('Ctrl Pts',(0.609082948183325,-1.66590203864274,0.761682413879712));
#6186=CARTESIAN_POINT('Ctrl Pts',(0.618591526379799,-1.6624604160812,0.785997594329821));
#6187=CARTESIAN_POINT('Ctrl Pts',(0.628099961862874,-1.65901884517466,0.810313054822598));
#6188=CARTESIAN_POINT('Ctrl Pts',(0.637608540059349,-1.65557722261312,0.834628235272707));
#6189=CARTESIAN_POINT('Ctrl Pts',(0.525914547136495,-1.42855677968788,0.760589836458394));
#6190=CARTESIAN_POINT('Ctrl Pts',(0.53555063843738,-1.42506900385631,0.784847486166157));
#6191=CARTESIAN_POINT('Ctrl Pts',(0.545186616597912,-1.42158126897581,0.809105380911058));
#6192=CARTESIAN_POINT('Ctrl Pts',(0.554822707898797,-1.41809349314425,0.833363030618821));
#6193=CARTESIAN_POINT('Ctrl Pts',(0.442037235024396,-1.19141344523339,0.759803940027341));
#6194=CARTESIAN_POINT('Ctrl Pts',(0.45176439695242,-1.18789270645841,0.784020280868781));
#6195=CARTESIAN_POINT('Ctrl Pts',(0.461491558880444,-1.18437196768343,0.808236621710221));
#6196=CARTESIAN_POINT('Ctrl Pts',(0.471218720808468,-1.18085122890845,0.832452962551661));
#6197=CARTESIAN_POINT('',(0.471218720808468,-1.18085122890845,0.832452962551661));
#6198=CARTESIAN_POINT('',(0.442037235024396,-1.19141344523339,0.759803940027341));
#6199=CARTESIAN_POINT('',(0.719148543686773,-1.89353876619487,0.836382561545591));
#6200=CARTESIAN_POINT('Ctrl Pts',(0.719148543686773,-1.89353876619487,0.836382561545591));
#6201=CARTESIAN_POINT('Ctrl Pts',(0.637608540059349,-1.65557722261312,0.834628235272707));
#6202=CARTESIAN_POINT('Ctrl Pts',(0.554822707898797,-1.41809349314425,0.833363030618821));
#6203=CARTESIAN_POINT('Ctrl Pts',(0.471218720808468,-1.18085122890845,0.832452962551661));
#6204=CARTESIAN_POINT('',(0.691176678242778,-1.9036631613685,0.763197376118818));
#6205=CARTESIAN_POINT('Ctrl Pts',(0.286360274500002,-1.33842882022297,0.8));
#6206=CARTESIAN_POINT('Ctrl Pts',(0.286360274500002,-1.33842882022297,0.826333333333333));
#6207=CARTESIAN_POINT('Ctrl Pts',(0.286360274500002,-1.33842882022297,0.852666666666667));
#6208=CARTESIAN_POINT('Ctrl Pts',(0.286360274500002,-1.33842882022297,0.879));
#6209=CARTESIAN_POINT('Ctrl Pts',(0.307866209796896,-1.36774715270288,0.8));
#6210=CARTESIAN_POINT('Ctrl Pts',(0.308373393693386,-1.36756357788181,0.826333397239088));
#6211=CARTESIAN_POINT('Ctrl Pts',(0.308880927390045,-1.36737987645085,0.852666602760912));
#6212=CARTESIAN_POINT('Ctrl Pts',(0.309388111286536,-1.36719630162978,0.879));
#6213=CARTESIAN_POINT('Ctrl Pts',(0.329385211031622,-1.39707278611146,0.799684788227921));
#6214=CARTESIAN_POINT('Ctrl Pts',(0.330400398179236,-1.39670533990454,0.826001451669529));
#6215=CARTESIAN_POINT('Ctrl Pts',(0.331415282992621,-1.39633800312727,0.852318321326325));
#6216=CARTESIAN_POINT('Ctrl Pts',(0.332430470140235,-1.39597055692036,0.878634984767933));
#6217=CARTESIAN_POINT('Ctrl Pts',(0.389560724709339,-1.47907874706544,0.79792003699172));
#6218=CARTESIAN_POINT('Ctrl Pts',(0.391995537064839,-1.47819746860691,0.82414396980183));
#6219=CARTESIAN_POINT('Ctrl Pts',(0.394431069933353,-1.47731592935925,0.850367470026301));
#6220=CARTESIAN_POINT('Ctrl Pts',(0.396865882288853,-1.47643465090071,0.876591402836411));
#6221=CARTESIAN_POINT('Ctrl Pts',(0.42814917507813,-1.53176245445055,0.795750887386006));
#6222=CARTESIAN_POINT('Ctrl Pts',(0.431493734001715,-1.53055189392174,0.821860397323628));
#6223=CARTESIAN_POINT('Ctrl Pts',(0.434836635519853,-1.52934193328955,0.847970017655373));
#6224=CARTESIAN_POINT('Ctrl Pts',(0.438181194443439,-1.52813137276073,0.874079527592995));
#6225=CARTESIAN_POINT('Ctrl Pts',(0.542427523407583,-1.69041620395359,0.786486406230784));
#6226=CARTESIAN_POINT('Ctrl Pts',(0.54841811861749,-1.68824791262701,0.812108049158055));
#6227=CARTESIAN_POINT('Ctrl Pts',(0.554411329779243,-1.68607867445868,0.837729615487977));
#6228=CARTESIAN_POINT('Ctrl Pts',(0.56040192498915,-1.6839103831321,0.863351258415248));
#6229=CARTESIAN_POINT('Ctrl Pts',(0.617577070111599,-1.79677906188546,0.776541353711236));
#6230=CARTESIAN_POINT('Ctrl Pts',(0.625270807056296,-1.79399431971852,0.801640773541089));
#6231=CARTESIAN_POINT('Ctrl Pts',(0.63297790668203,-1.79120474093945,0.826735467767758));
#6232=CARTESIAN_POINT('Ctrl Pts',(0.640671643626727,-1.7884199987725,0.851834887597611));
#6233=CARTESIAN_POINT('Ctrl Pts',(0.691176678242726,-1.90366316136842,0.763197376118827));
#6234=CARTESIAN_POINT('Ctrl Pts',(0.700500633390723,-1.90028836297721,0.787592437927752));
#6235=CARTESIAN_POINT('Ctrl Pts',(0.70982458853872,-1.896913564586,0.811987499736677));
#6236=CARTESIAN_POINT('Ctrl Pts',(0.719148543686717,-1.89353876619479,0.836382561545602));
#6237=CARTESIAN_POINT('',(0.286360274500002,-1.33842882022297,0.879));
#6238=CARTESIAN_POINT('Ctrl Pts',(0.286360274500002,-1.33842882022297,0.879));
#6239=CARTESIAN_POINT('Ctrl Pts',(0.309388111286536,-1.36719630162978,0.879));
#6240=CARTESIAN_POINT('Ctrl Pts',(0.332430470140235,-1.39597055692036,0.878634984767933));
#6241=CARTESIAN_POINT('Ctrl Pts',(0.396865882288853,-1.47643465090071,0.876591402836411));
#6242=CARTESIAN_POINT('Ctrl Pts',(0.438181194443439,-1.52813137276073,0.874079527592995));
#6243=CARTESIAN_POINT('Ctrl Pts',(0.56040192498915,-1.6839103831321,0.863351258415248));
#6244=CARTESIAN_POINT('Ctrl Pts',(0.640671643626727,-1.7884199987725,0.851834887597611));
#6245=CARTESIAN_POINT('Ctrl Pts',(0.719148543686717,-1.89353876619479,0.836382561545602));
#6246=CARTESIAN_POINT('',(0.286360274500002,-1.33842882022297,0.8));
#6247=CARTESIAN_POINT('Ctrl Pts',(0.442037235024396,-1.19141344523339,0.759803940027341));
#6248=CARTESIAN_POINT('Ctrl Pts',(0.45176439695242,-1.18789270645841,0.784020280868781));
#6249=CARTESIAN_POINT('Ctrl Pts',(0.461491558880444,-1.18437196768343,0.808236621710221));
#6250=CARTESIAN_POINT('Ctrl Pts',(0.471218720808468,-1.18085122890845,0.832452962551661));
#6251=CARTESIAN_POINT('Ctrl Pts',(0.40950113026485,-1.20346610165587,0.774625263226476));
#6252=CARTESIAN_POINT('Ctrl Pts',(0.41750981731514,-1.20056736354055,0.799623483936021));
#6253=CARTESIAN_POINT('Ctrl Pts',(0.425519256797585,-1.19766835308299,0.824617834106714));
#6254=CARTESIAN_POINT('Ctrl Pts',(0.433527943847874,-1.19476961496767,0.849616054816259));
#6255=CARTESIAN_POINT('Ctrl Pts',(0.37510628747557,-1.21620938104503,0.785570465631964));
#6256=CARTESIAN_POINT('Ctrl Pts',(0.381297063119123,-1.21396863456453,0.811144560663093));
#6257=CARTESIAN_POINT('Ctrl Pts',(0.387493069831484,-1.2117259947027,0.836716504170685));
#6258=CARTESIAN_POINT('Ctrl Pts',(0.393683845475037,-1.2094852482222,0.862290599201814));
#6259=CARTESIAN_POINT('Ctrl Pts',(0.32316821625634,-1.23544257663166,0.795475836594261));
#6260=CARTESIAN_POINT('Ctrl Pts',(0.326618860339919,-1.23419361866082,0.82157062201768));
#6261=CARTESIAN_POINT('Ctrl Pts',(0.33006695757291,-1.23294558252058,0.847666233352734));
#6262=CARTESIAN_POINT('Ctrl Pts',(0.333517601656489,-1.23169662454973,0.873761018776154));
#6263=CARTESIAN_POINT('Ctrl Pts',(0.305545390718565,-1.24196412804607,0.797766122367514));
#6264=CARTESIAN_POINT('Ctrl Pts',(0.308064252378338,-1.24105242800653,0.82398208427247));
#6265=CARTESIAN_POINT('Ctrl Pts',(0.310584278252213,-1.24014030658059,0.850197207796624));
#6266=CARTESIAN_POINT('Ctrl Pts',(0.313103139911987,-1.23922860654105,0.876413169701581));
#6267=CARTESIAN_POINT('Ctrl Pts',(0.277850664568168,-1.25228067700352,0.799659344745138));
#6268=CARTESIAN_POINT('Ctrl Pts',(0.278906636315681,-1.25189846884206,0.825974609337896));
#6269=CARTESIAN_POINT('Ctrl Pts',(0.279961887195966,-1.25151652159794,0.852290256622112));
#6270=CARTESIAN_POINT('Ctrl Pts',(0.281017858943479,-1.25113431343647,0.87860552121487));
#6271=CARTESIAN_POINT('Ctrl Pts',(0.267849067682627,-1.25602033573098,0.799999999999427));
#6272=CARTESIAN_POINT('Ctrl Pts',(0.268375874008118,-1.25582965858683,0.826333447482438));
#6273=CARTESIAN_POINT('Ctrl Pts',(0.26890315658387,-1.25563880906427,0.852666552516326));
#6274=CARTESIAN_POINT('Ctrl Pts',(0.269429962909362,-1.25544813192013,0.878999999999336));
#6275=CARTESIAN_POINT('Ctrl Pts',(0.257883657088887,-1.25975309711418,0.8));
#6276=CARTESIAN_POINT('Ctrl Pts',(0.25788365709022,-1.2597530971137,0.826333333333333));
#6277=CARTESIAN_POINT('Ctrl Pts',(0.257883657091554,-1.25975309711322,0.852666666666667));
#6278=CARTESIAN_POINT('Ctrl Pts',(0.257883657092887,-1.25975309711273,0.879));
#6279=CARTESIAN_POINT('',(0.257883657063469,-1.25975309712306,0.879));
#6280=CARTESIAN_POINT('',(0.257883657063469,-1.25975309712306,0.8));
#6281=CARTESIAN_POINT('Ctrl Pts',(0.471218720808468,-1.18085122890845,0.832452962551661));
#6282=CARTESIAN_POINT('Ctrl Pts',(0.433527943847874,-1.19476961496767,0.849616054816259));
#6283=CARTESIAN_POINT('Ctrl Pts',(0.393683845475037,-1.2094852482222,0.862290599201814));
#6284=CARTESIAN_POINT('Ctrl Pts',(0.333517601656489,-1.23169662454973,0.873761018776154));
#6285=CARTESIAN_POINT('Ctrl Pts',(0.313103139911987,-1.23922860654105,0.876413169701581));
#6286=CARTESIAN_POINT('Ctrl Pts',(0.281017858943479,-1.25113431343647,0.87860552121487));
#6287=CARTESIAN_POINT('Ctrl Pts',(0.269429962909362,-1.25544813192013,0.878999999999336));
#6288=CARTESIAN_POINT('Ctrl Pts',(0.257883657092887,-1.25975309711273,0.879));
#6289=CARTESIAN_POINT('Ctrl Pts',(0.234920537377906,-1.26836262350007,0.8));
#6290=CARTESIAN_POINT('Ctrl Pts',(0.234920537377906,-1.26836262350007,0.879));
#6291=CARTESIAN_POINT('Ctrl Pts',(0.252082911948087,-1.29169816406954,0.8));
#6292=CARTESIAN_POINT('Ctrl Pts',(0.252082911948087,-1.29169816406954,0.879));
#6293=CARTESIAN_POINT('Ctrl Pts',(0.269227169683207,-1.31505774186669,0.8));
#6294=CARTESIAN_POINT('Ctrl Pts',(0.269227169683207,-1.31505774186669,0.879));
#6295=CARTESIAN_POINT('Ctrl Pts',(0.286360274500001,-1.33842882022297,0.8));
#6296=CARTESIAN_POINT('Ctrl Pts',(0.286360274500001,-1.33842882022297,0.879));
#6297=CARTESIAN_POINT('',(0.234920537377906,-1.26836262350007,0.8));
#6298=CARTESIAN_POINT('Ctrl Pts',(0.286360274500001,-1.33842882022297,0.8));
#6299=CARTESIAN_POINT('Ctrl Pts',(0.269227169683207,-1.31505774186669,0.8));
#6300=CARTESIAN_POINT('Ctrl Pts',(0.252082911948087,-1.29169816406954,0.8));
#6301=CARTESIAN_POINT('Ctrl Pts',(0.234920537377906,-1.26836262350007,0.8));
#6302=CARTESIAN_POINT('',(0.234920537377906,-1.26836262350007,0.879));
#6303=CARTESIAN_POINT('Ctrl Pts',(0.234920537377906,-1.26836262350007,0.879));
#6304=CARTESIAN_POINT('Ctrl Pts',(0.252082911948087,-1.29169816406954,0.879));
#6305=CARTESIAN_POINT('Ctrl Pts',(0.269227169683207,-1.31505774186669,0.879));
#6306=CARTESIAN_POINT('Ctrl Pts',(0.286360274500001,-1.33842882022297,0.879));
#6307=CARTESIAN_POINT('',(0.234920537377906,-1.26836262350007,0.8));
#6308=CARTESIAN_POINT('Ctrl Pts',(0.257883657063679,-1.25975309712362,0.8));
#6309=CARTESIAN_POINT('Ctrl Pts',(0.257883657063679,-1.25975309712362,0.879));
#6310=CARTESIAN_POINT('Ctrl Pts',(0.250229352121458,-1.26262041533634,0.8));
#6311=CARTESIAN_POINT('Ctrl Pts',(0.250229352121458,-1.26262041533634,0.879));
#6312=CARTESIAN_POINT('Ctrl Pts',(0.242577976647595,-1.26549035336991,0.8));
#6313=CARTESIAN_POINT('Ctrl Pts',(0.242577976647595,-1.26549035336991,0.879));
#6314=CARTESIAN_POINT('Ctrl Pts',(0.234920537377906,-1.26836262350007,0.8));
#6315=CARTESIAN_POINT('Ctrl Pts',(0.234920537377906,-1.26836262350007,0.879));
#6316=CARTESIAN_POINT('Ctrl Pts',(0.234920537377906,-1.26836262350007,0.8));
#6317=CARTESIAN_POINT('Ctrl Pts',(0.242577976647595,-1.26549035336991,0.8));
#6318=CARTESIAN_POINT('Ctrl Pts',(0.250229352121458,-1.26262041533634,0.8));
#6319=CARTESIAN_POINT('Ctrl Pts',(0.257883657063679,-1.25975309712362,0.8));
#6320=CARTESIAN_POINT('Ctrl Pts',(0.257883657063679,-1.25975309712362,0.879));
#6321=CARTESIAN_POINT('Ctrl Pts',(0.250229352121458,-1.26262041533634,0.879));
#6322=CARTESIAN_POINT('Ctrl Pts',(0.242577976647595,-1.26549035336991,0.879));
#6323=CARTESIAN_POINT('Ctrl Pts',(0.234920537377906,-1.26836262350007,0.879));
#6324=CARTESIAN_POINT('Origin',(0.20086185955069,-1.10221222479954,0.3));
#6325=CARTESIAN_POINT('',(0.20086185955069,-1.10221222479954,0.879));
#6326=CARTESIAN_POINT('Origin',(0.0328942823934883,0.312071835244005,0.879));
#6327=CARTESIAN_POINT('Ctrl Pts',(-0.237098839341884,-1.26881825589194,
0.798458485046211));
#6328=CARTESIAN_POINT('Ctrl Pts',(-0.239041701617568,-1.26811503838625,
0.824710631925311));
#6329=CARTESIAN_POINT('Ctrl Pts',(-0.240984563893252,-1.26741182088056,
0.850962778804411));
#6330=CARTESIAN_POINT('Ctrl Pts',(-0.242927426168936,-1.26670860337487,
0.877214925683512));
#6331=CARTESIAN_POINT('Ctrl Pts',(-0.272874189597151,-1.25560951327112,
0.795457008716968));
#6332=CARTESIAN_POINT('Ctrl Pts',(-0.276705643351622,-1.25422272153292,
0.821550670937163));
#6333=CARTESIAN_POINT('Ctrl Pts',(-0.280536968627315,-1.25283597629751,
0.847645553874053));
#6334=CARTESIAN_POINT('Ctrl Pts',(-0.284368422381786,-1.25144918455931,
0.873739216094249));
#6335=CARTESIAN_POINT('Ctrl Pts',(-0.307584853659814,-1.24278182363855,
0.788185276838818));
#6336=CARTESIAN_POINT('Ctrl Pts',(-0.313248838826478,-1.2407317485658,0.813896202880862));
#6337=CARTESIAN_POINT('Ctrl Pts',(-0.318912744714376,-1.23868170218795,
0.839607624537308));
#6338=CARTESIAN_POINT('Ctrl Pts',(-0.32457672988104,-1.2366316271152,0.865318550579352));
#6339=CARTESIAN_POINT('Ctrl Pts',(-0.37523245625644,-1.21800634466858,0.76550855803861));
#6340=CARTESIAN_POINT('Ctrl Pts',(-0.38446422615827,-1.21466491265628,0.790025741593614));
#6341=CARTESIAN_POINT('Ctrl Pts',(-0.393695571610877,-1.21132363427306,
0.814541726653707));
#6342=CARTESIAN_POINT('Ctrl Pts',(-0.402927341512707,-1.20798220226076,
0.839058910208711));
#6343=CARTESIAN_POINT('Ctrl Pts',(-0.408604647529679,-1.2059016755157,0.749611312166448));
#6344=CARTESIAN_POINT('Ctrl Pts',(-0.419595384840256,-1.2019235866033,0.773292981612768));
#6345=CARTESIAN_POINT('Ctrl Pts',(-0.43058289765585,-1.19794666479438,0.796968230042428));
#6346=CARTESIAN_POINT('Ctrl Pts',(-0.441573634966427,-1.19396857588198,
0.820649899488747));
#6347=CARTESIAN_POINT('Ctrl Pts',(-0.438852349970233,-1.19494223174254,
0.730628897762903));
#6348=CARTESIAN_POINT('Ctrl Pts',(-0.451435248755771,-1.19038786120942,
0.753308686378415));
#6349=CARTESIAN_POINT('Ctrl Pts',(-0.46401814754131,-1.1858334906763,0.775988474993928));
#6350=CARTESIAN_POINT('Ctrl Pts',(-0.476601046326849,-1.18127912014317,
0.798668263609441));
#6351=CARTESIAN_POINT('',(-0.476601046326849,-1.18127912014317,0.798668263609441));
#6352=CARTESIAN_POINT('',(-0.438852349970233,-1.19494223174254,0.730628897762903));
#6353=CARTESIAN_POINT('',(-0.242927426168936,-1.26670860337487,0.877214925683512));
#6354=CARTESIAN_POINT('Ctrl Pts',(-0.242927426168936,-1.26670860337487,
0.877214925683512));
#6355=CARTESIAN_POINT('Ctrl Pts',(-0.284368422381786,-1.25144918455931,
0.873739216094249));
#6356=CARTESIAN_POINT('Ctrl Pts',(-0.32457672988104,-1.2366316271152,0.865318550579352));
#6357=CARTESIAN_POINT('Ctrl Pts',(-0.402927341512707,-1.20798220226076,
0.839058910208711));
#6358=CARTESIAN_POINT('Ctrl Pts',(-0.441573634966427,-1.19396857588198,
0.820649899488747));
#6359=CARTESIAN_POINT('Ctrl Pts',(-0.476601046326849,-1.18127912014317,
0.798668263609441));
#6360=CARTESIAN_POINT('',(-0.237098839341884,-1.26881825589194,0.798458485046211));
#6361=CARTESIAN_POINT('Ctrl Pts',(-0.683239659210115,-1.9064806247223,0.737691004655747));
#6362=CARTESIAN_POINT('Ctrl Pts',(-0.695210051632392,-1.90214795039605,
0.760742730900949));
#6363=CARTESIAN_POINT('Ctrl Pts',(-0.707180444054669,-1.8978152760698,0.783794457146152));
#6364=CARTESIAN_POINT('Ctrl Pts',(-0.719150836476946,-1.89348260174354,
0.806846183391355));
#6365=CARTESIAN_POINT('Ctrl Pts',(-0.647860523484905,-1.85253136097837,
0.745922819758431));
#6366=CARTESIAN_POINT('Ctrl Pts',(-0.659091966434161,-1.84846614884527,
0.769408625451139));
#6367=CARTESIAN_POINT('Ctrl Pts',(-0.670325723701362,-1.84440009904657,
0.792892819587555));
#6368=CARTESIAN_POINT('Ctrl Pts',(-0.681557166650618,-1.84033488691347,
0.816378625280263));
#6369=CARTESIAN_POINT('Ctrl Pts',(-0.611894345199909,-1.79870598631541,
0.753478889000952));
#6370=CARTESIAN_POINT('Ctrl Pts',(-0.622358713492272,-1.79491841626412,
0.777362292196213));
#6371=CARTESIAN_POINT('Ctrl Pts',(-0.632823812717539,-1.79113058165223,
0.80124515026784));
#6372=CARTESIAN_POINT('Ctrl Pts',(-0.643288181009902,-1.78734301160094,
0.825128553463102));
#6373=CARTESIAN_POINT('Ctrl Pts',(-0.539509082069772,-1.69135862683373,
0.766871840502974));
#6374=CARTESIAN_POINT('Ctrl Pts',(-0.548412441370184,-1.68813606278591,
0.791460327079982));
#6375=CARTESIAN_POINT('Ctrl Pts',(-0.557315332975963,-1.68491366801981,
0.816049104725436));
#6376=CARTESIAN_POINT('Ctrl Pts',(-0.566218692276375,-1.68169110397199,
0.840637591302444));
#6377=CARTESIAN_POINT('Ctrl Pts',(-0.502959871435994,-1.63789217022291,
0.772810889180514));
#6378=CARTESIAN_POINT('Ctrl Pts',(-0.511062413791256,-1.63495946125218,
0.797712048374354));
#6379=CARTESIAN_POINT('Ctrl Pts',(-0.519164534949031,-1.63202690473355,
0.822613850477196));
#6380=CARTESIAN_POINT('Ctrl Pts',(-0.527267077304293,-1.62909419576282,
0.847515009671036));
#6381=CARTESIAN_POINT('Ctrl Pts',(-0.428076473995895,-1.53189021003172,
0.783337182157892));
#6382=CARTESIAN_POINT('Ctrl Pts',(-0.434478322081898,-1.52957306604309,
0.808793190819517));
#6383=CARTESIAN_POINT('Ctrl Pts',(-0.4408805921473,-1.52725576931935,0.834248448277214));
#6384=CARTESIAN_POINT('Ctrl Pts',(-0.447282440233303,-1.52493862533072,
0.859704456938839));
#6385=CARTESIAN_POINT('Ctrl Pts',(-0.38984067324421,-1.47931596584696,0.787820243274637));
#6386=CARTESIAN_POINT('Ctrl Pts',(-0.395348094056663,-1.47732255912175,
0.813512277142642));
#6387=CARTESIAN_POINT('Ctrl Pts',(-0.400856086630072,-1.4753289454481,0.839203807844025));
#6388=CARTESIAN_POINT('Ctrl Pts',(-0.406363507442525,-1.47333553872289,
0.86489584171203));
#6389=CARTESIAN_POINT('Ctrl Pts',(-0.313580306582016,-1.37409236180286,
0.794630109199877));
#6390=CARTESIAN_POINT('Ctrl Pts',(-0.317310548111244,-1.3727422037517,0.820680452783915));
#6391=CARTESIAN_POINT('Ctrl Pts',(-0.321039942491357,-1.37139235232552,
0.846731322869419));
#6392=CARTESIAN_POINT('Ctrl Pts',(-0.324770184020584,-1.37004219427437,
0.872781666453457));
#6393=CARTESIAN_POINT('Ctrl Pts',(-0.275414346832524,-1.32150283784931,
0.797034105015992));
#6394=CARTESIAN_POINT('Ctrl Pts',(-0.278254193811426,-1.32047495742051,
0.823211191318393));
#6395=CARTESIAN_POINT('Ctrl Pts',(-0.281091774537929,-1.31944789726001,
0.849388407306117));
#6396=CARTESIAN_POINT('Ctrl Pts',(-0.28393162151683,-1.31842001683121,0.875565493608518));
#6397=CARTESIAN_POINT('Ctrl Pts',(-0.237098839341884,-1.26881825589194,
0.798458485046211));
#6398=CARTESIAN_POINT('Ctrl Pts',(-0.239041701617568,-1.26811503838625,
0.824710631925311));
#6399=CARTESIAN_POINT('Ctrl Pts',(-0.240984563893252,-1.26741182088056,
0.850962778804411));
#6400=CARTESIAN_POINT('Ctrl Pts',(-0.242927426168936,-1.26670860337487,
0.877214925683512));
#6401=CARTESIAN_POINT('',(-0.719150836476946,-1.89348260174354,0.806846183391355));
#6402=CARTESIAN_POINT('Ctrl Pts',(-0.719150836476946,-1.89348260174354,
0.806846183391355));
#6403=CARTESIAN_POINT('Ctrl Pts',(-0.681557166650618,-1.84033488691347,
0.816378625280263));
#6404=CARTESIAN_POINT('Ctrl Pts',(-0.643288181009902,-1.78734301160094,
0.825128553463102));
#6405=CARTESIAN_POINT('Ctrl Pts',(-0.566218692276375,-1.68169110397199,
0.840637591302444));
#6406=CARTESIAN_POINT('Ctrl Pts',(-0.527267077304293,-1.62909419576282,
0.847515009671036));
#6407=CARTESIAN_POINT('Ctrl Pts',(-0.447282440233303,-1.52493862533072,
0.859704456938839));
#6408=CARTESIAN_POINT('Ctrl Pts',(-0.406363507442525,-1.47333553872289,
0.86489584171203));
#6409=CARTESIAN_POINT('Ctrl Pts',(-0.324770184020584,-1.37004219427437,
0.872781666453457));
#6410=CARTESIAN_POINT('Ctrl Pts',(-0.28393162151683,-1.31842001683121,0.875565493608518));
#6411=CARTESIAN_POINT('Ctrl Pts',(-0.242927426168936,-1.26670860337487,
0.877214925683512));
#6412=CARTESIAN_POINT('',(-0.683239659210115,-1.9064806247223,0.737691004655747));
#6413=CARTESIAN_POINT('Ctrl Pts',(-0.438852349970233,-1.19494223174254,
0.730628897762903));
#6414=CARTESIAN_POINT('Ctrl Pts',(-0.451435248755771,-1.19038786120942,
0.753308686378415));
#6415=CARTESIAN_POINT('Ctrl Pts',(-0.46401814754131,-1.1858334906763,0.775988474993928));
#6416=CARTESIAN_POINT('Ctrl Pts',(-0.476601046326849,-1.18127912014317,
0.798668263609441));
#6417=CARTESIAN_POINT('Ctrl Pts',(-0.521073302258652,-1.43189865543306,
0.732595822311928));
#6418=CARTESIAN_POINT('Ctrl Pts',(-0.533490997999318,-1.42740408001491,
0.755378979149094));
#6419=CARTESIAN_POINT('Ctrl Pts',(-0.545909037803899,-1.42290938006308,
0.778162805400047));
#6420=CARTESIAN_POINT('Ctrl Pts',(-0.558326733544565,-1.41841480464493,
0.800945962237213));
#6421=CARTESIAN_POINT('Ctrl Pts',(-0.603106891229845,-1.66881760998258,
0.734632849144718));
#6422=CARTESIAN_POINT('Ctrl Pts',(-0.615351385132896,-1.66438572483628,
0.757523248685163));
#6423=CARTESIAN_POINT('Ctrl Pts',(-0.627596283750867,-1.65995369320372,
0.780414439769137));
#6424=CARTESIAN_POINT('Ctrl Pts',(-0.639840777653918,-1.65552180805742,
0.803304839309583));
#6425=CARTESIAN_POINT('Ctrl Pts',(-0.683239659210115,-1.9064806247223,0.737691004655747));
#6426=CARTESIAN_POINT('Ctrl Pts',(-0.695210051632392,-1.90214795039605,
0.760742730900949));
#6427=CARTESIAN_POINT('Ctrl Pts',(-0.707180444054669,-1.8978152760698,0.783794457146152));
#6428=CARTESIAN_POINT('Ctrl Pts',(-0.719150836476946,-1.89348260174354,
0.806846183391355));
#6429=CARTESIAN_POINT('Ctrl Pts',(-0.476601046326849,-1.18127912014317,
0.798668263609441));
#6430=CARTESIAN_POINT('Ctrl Pts',(-0.558326733544565,-1.41841480464493,
0.800945962237213));
#6431=CARTESIAN_POINT('Ctrl Pts',(-0.639840777653918,-1.65552180805742,
0.803304839309583));
#6432=CARTESIAN_POINT('Ctrl Pts',(-0.719150836476946,-1.89348260174354,
0.806846183391355));
#6433=CARTESIAN_POINT('Origin',(0.0921351479813905,-0.474476554746155,0.3));
#6434=CARTESIAN_POINT('Ctrl Pts',(0.201201861298929,-0.613197426157673,
0.8));
#6435=CARTESIAN_POINT('Ctrl Pts',(0.201201861298929,-0.613197426157673,
0.879));
#6436=CARTESIAN_POINT('Ctrl Pts',(0.0671369587699268,-0.611688967772526,
0.8));
#6437=CARTESIAN_POINT('Ctrl Pts',(0.0671369587699268,-0.611688967772526,
0.879));
#6438=CARTESIAN_POINT('Ctrl Pts',(-0.0669877781551109,-0.608714283130881,
0.8));
#6439=CARTESIAN_POINT('Ctrl Pts',(-0.0669877781551109,-0.608714283130881,
0.879));
#6440=CARTESIAN_POINT('Ctrl Pts',(-0.201046701491348,-0.610214941144928,
0.8));
#6441=CARTESIAN_POINT('Ctrl Pts',(-0.201046701491348,-0.610214941144928,
0.879));
#6442=CARTESIAN_POINT('',(-0.201046701491348,-0.610214941144928,0.8));
#6443=CARTESIAN_POINT('',(0.201201861298929,-0.613197426157673,0.8));
#6444=CARTESIAN_POINT('Ctrl Pts',(-0.201046701491348,-0.610214941144928,
0.8));
#6445=CARTESIAN_POINT('Ctrl Pts',(-0.0669877781551109,-0.608714283130881,
0.8));
#6446=CARTESIAN_POINT('Ctrl Pts',(0.0671369587699268,-0.611688967772526,
0.8));
#6447=CARTESIAN_POINT('Ctrl Pts',(0.201201861298929,-0.613197426157673,
0.8));
#6448=CARTESIAN_POINT('',(-0.201046701491348,-0.610214941144928,0.879));
#6449=CARTESIAN_POINT('',(-0.201046701491348,-0.610214941144928,0.8));
#6450=CARTESIAN_POINT('',(0.201201861298929,-0.613197426157673,0.879));
#6451=CARTESIAN_POINT('Ctrl Pts',(0.201201861298929,-0.613197426157673,
0.879));
#6452=CARTESIAN_POINT('Ctrl Pts',(0.0671369587699268,-0.611688967772526,
0.879));
#6453=CARTESIAN_POINT('Ctrl Pts',(-0.0669877781551109,-0.608714283130881,
0.879));
#6454=CARTESIAN_POINT('Ctrl Pts',(-0.201046701491348,-0.610214941144928,
0.879));
#6455=CARTESIAN_POINT('',(0.201201861298929,-0.613197426157673,0.8));
#6456=CARTESIAN_POINT('Ctrl Pts',(-0.201046701491348,-0.610214941144928,
0.8));
#6457=CARTESIAN_POINT('Ctrl Pts',(-0.201046701491348,-0.610214941144928,
0.879));
#6458=CARTESIAN_POINT('Ctrl Pts',(-0.203339549603637,-0.640513418955669,
0.8));
#6459=CARTESIAN_POINT('Ctrl Pts',(-0.203339549603637,-0.640513418955669,
0.879));
#6460=CARTESIAN_POINT('Ctrl Pts',(-0.205675990695992,-0.697418285322122,
0.8));
#6461=CARTESIAN_POINT('Ctrl Pts',(-0.205675990695992,-0.697418285322122,
0.879));
#6462=CARTESIAN_POINT('Ctrl Pts',(-0.146094816479714,-0.805166205082751,
0.8));
#6463=CARTESIAN_POINT('Ctrl Pts',(-0.146094816479714,-0.805166205082751,
0.879));
#6464=CARTESIAN_POINT('Ctrl Pts',(-0.00235046280913755,-0.870411099294931,
0.8));
#6465=CARTESIAN_POINT('Ctrl Pts',(-0.00235046280913755,-0.870411099294931,
0.879));
#6466=CARTESIAN_POINT('Ctrl Pts',(0.141907947450271,-0.806644651060261,
0.8));
#6467=CARTESIAN_POINT('Ctrl Pts',(0.141907947450271,-0.806644651060261,
0.879));
#6468=CARTESIAN_POINT('Ctrl Pts',(0.203899610321458,-0.700600104636972,
0.8));
#6469=CARTESIAN_POINT('Ctrl Pts',(0.203899610321458,-0.700600104636972,
0.879));
#6470=CARTESIAN_POINT('Ctrl Pts',(0.202897843168777,-0.643361211487003,
0.8));
#6471=CARTESIAN_POINT('Ctrl Pts',(0.202897843168777,-0.643361211487003,
0.879));
#6472=CARTESIAN_POINT('Ctrl Pts',(0.201201861298929,-0.613197426157673,
0.8));
#6473=CARTESIAN_POINT('Ctrl Pts',(0.201201861298929,-0.613197426157673,
0.879));
#6474=CARTESIAN_POINT('Ctrl Pts',(0.201201861298929,-0.613197426157673,
0.8));
#6475=CARTESIAN_POINT('Ctrl Pts',(0.202897843168777,-0.643361211487003,
0.8));
#6476=CARTESIAN_POINT('Ctrl Pts',(0.203899610321458,-0.700600104636972,
0.8));
#6477=CARTESIAN_POINT('Ctrl Pts',(0.141907947450271,-0.806644651060261,
0.8));
#6478=CARTESIAN_POINT('Ctrl Pts',(-0.00235046280913755,-0.870411099294931,
0.8));
#6479=CARTESIAN_POINT('Ctrl Pts',(-0.146094816479714,-0.805166205082751,
0.8));
#6480=CARTESIAN_POINT('Ctrl Pts',(-0.205675990695992,-0.697418285322122,
0.8));
#6481=CARTESIAN_POINT('Ctrl Pts',(-0.203339549603637,-0.640513418955669,
0.8));
#6482=CARTESIAN_POINT('Ctrl Pts',(-0.201046701491348,-0.610214941144928,
0.8));
#6483=CARTESIAN_POINT('Ctrl Pts',(-0.201046701491348,-0.610214941144928,
0.879));
#6484=CARTESIAN_POINT('Ctrl Pts',(-0.203339549603637,-0.640513418955669,
0.879));
#6485=CARTESIAN_POINT('Ctrl Pts',(-0.205675990695992,-0.697418285322122,
0.879));
#6486=CARTESIAN_POINT('Ctrl Pts',(-0.146094816479714,-0.805166205082751,
0.879));
#6487=CARTESIAN_POINT('Ctrl Pts',(-0.00235046280913755,-0.870411099294931,
0.879));
#6488=CARTESIAN_POINT('Ctrl Pts',(0.141907947450271,-0.806644651060261,
0.879));
#6489=CARTESIAN_POINT('Ctrl Pts',(0.203899610321458,-0.700600104636972,
0.879));
#6490=CARTESIAN_POINT('Ctrl Pts',(0.202897843168777,-0.643361211487003,
0.879));
#6491=CARTESIAN_POINT('Ctrl Pts',(0.201201861298929,-0.613197426157673,
0.879));
#6492=CARTESIAN_POINT('Origin',(0.0328942823934883,0.312071835244005,0.879));
#6493=CARTESIAN_POINT('Ctrl Pts',(0.510927166525773,-0.19007018935962,0.8));
#6494=CARTESIAN_POINT('Ctrl Pts',(0.510927166525773,-0.19007018935962,0.879));
#6495=CARTESIAN_POINT('Ctrl Pts',(0.375444929292377,-0.186179719822998,
0.8));
#6496=CARTESIAN_POINT('Ctrl Pts',(0.375444929292377,-0.186179719822998,
0.879));
#6497=CARTESIAN_POINT('Ctrl Pts',(0.240018263181978,-0.182613818016105,
0.8));
#6498=CARTESIAN_POINT('Ctrl Pts',(0.240018263181978,-0.182613818016105,
0.879));
#6499=CARTESIAN_POINT('Ctrl Pts',(0.104492609425793,-0.18064133294924,0.8));
#6500=CARTESIAN_POINT('Ctrl Pts',(0.104492609425793,-0.18064133294924,0.879));
#6501=CARTESIAN_POINT('',(0.104492609425793,-0.18064133294924,0.8));
#6502=CARTESIAN_POINT('',(0.510927166525773,-0.19007018935962,0.8));
#6503=CARTESIAN_POINT('Ctrl Pts',(0.104492609425793,-0.18064133294924,0.8));
#6504=CARTESIAN_POINT('Ctrl Pts',(0.240018263181978,-0.182613818016105,
0.8));
#6505=CARTESIAN_POINT('Ctrl Pts',(0.375444929292377,-0.186179719822998,
0.8));
#6506=CARTESIAN_POINT('Ctrl Pts',(0.510927166525773,-0.19007018935962,0.8));
#6507=CARTESIAN_POINT('',(0.104492609425793,-0.18064133294924,0.879));
#6508=CARTESIAN_POINT('',(0.104492609425793,-0.18064133294924,0.8));
#6509=CARTESIAN_POINT('',(0.510927166525773,-0.19007018935962,0.879));
#6510=CARTESIAN_POINT('Ctrl Pts',(0.510927166525773,-0.19007018935962,0.879));
#6511=CARTESIAN_POINT('Ctrl Pts',(0.375444929292377,-0.186179719822998,
0.879));
#6512=CARTESIAN_POINT('Ctrl Pts',(0.240018263181978,-0.182613818016105,
0.879));
#6513=CARTESIAN_POINT('Ctrl Pts',(0.104492609425793,-0.18064133294924,0.879));
#6514=CARTESIAN_POINT('',(0.510927166525773,-0.19007018935962,0.8));
#6515=CARTESIAN_POINT('Ctrl Pts',(0.503928504226405,-0.283735393189135,
0.8));
#6516=CARTESIAN_POINT('Ctrl Pts',(0.503928504226405,-0.283735393189135,
0.879));
#6517=CARTESIAN_POINT('Ctrl Pts',(0.504608435536676,-0.28155903177599,0.8));
#6518=CARTESIAN_POINT('Ctrl Pts',(0.504608435536676,-0.28155903177599,0.879));
#6519=CARTESIAN_POINT('Ctrl Pts',(0.513275456705351,-0.251692311478633,
0.8));
#6520=CARTESIAN_POINT('Ctrl Pts',(0.513275456705351,-0.251692311478633,
0.879));
#6521=CARTESIAN_POINT('Ctrl Pts',(0.512763789934558,-0.221639156577956,
0.8));
#6522=CARTESIAN_POINT('Ctrl Pts',(0.512763789934558,-0.221639156577956,
0.879));
#6523=CARTESIAN_POINT('Ctrl Pts',(0.510927166525773,-0.19007018935962,0.8));
#6524=CARTESIAN_POINT('Ctrl Pts',(0.510927166525773,-0.19007018935962,0.879));
#6525=CARTESIAN_POINT('Ctrl Pts',(0.510927166525773,-0.19007018935962,0.8));
#6526=CARTESIAN_POINT('Ctrl Pts',(0.512763789934558,-0.221639156577956,
0.8));
#6527=CARTESIAN_POINT('Ctrl Pts',(0.513275456705351,-0.251692311478633,
0.8));
#6528=CARTESIAN_POINT('Ctrl Pts',(0.504608435536676,-0.28155903177599,0.8));
#6529=CARTESIAN_POINT('Ctrl Pts',(0.503928504226405,-0.283735393189135,
0.8));
#6530=CARTESIAN_POINT('',(0.503928504226544,-0.283735393189179,0.879));
#6531=CARTESIAN_POINT('Ctrl Pts',(0.503928504226405,-0.283735393189135,
0.879));
#6532=CARTESIAN_POINT('Ctrl Pts',(0.504608435536676,-0.28155903177599,0.879));
#6533=CARTESIAN_POINT('Ctrl Pts',(0.513275456705351,-0.251692311478633,
0.879));
#6534=CARTESIAN_POINT('Ctrl Pts',(0.512763789934558,-0.221639156577956,
0.879));
#6535=CARTESIAN_POINT('Ctrl Pts',(0.510927166525773,-0.19007018935962,0.879));
#6536=CARTESIAN_POINT('',(0.503928504226544,-0.283735393189179,0.8));
#6537=CARTESIAN_POINT('Ctrl Pts',(0.104492609425793,-0.18064133294924,0.8));
#6538=CARTESIAN_POINT('Ctrl Pts',(0.104492609425793,-0.18064133294924,0.879));
#6539=CARTESIAN_POINT('Ctrl Pts',(0.101885592039981,-0.21143174433402,0.8));
#6540=CARTESIAN_POINT('Ctrl Pts',(0.101885592039981,-0.21143174433402,0.879));
#6541=CARTESIAN_POINT('Ctrl Pts',(0.0992888194038469,-0.269421554580559,
0.8));
#6542=CARTESIAN_POINT('Ctrl Pts',(0.0992888194038469,-0.269421554580559,
0.879));
#6543=CARTESIAN_POINT('Ctrl Pts',(0.159147388571956,-0.379651436337035,
0.8));
#6544=CARTESIAN_POINT('Ctrl Pts',(0.159147388571956,-0.379651436337035,
0.879));
#6545=CARTESIAN_POINT('Ctrl Pts',(0.304207399629669,-0.446774334949256,
0.8));
#6546=CARTESIAN_POINT('Ctrl Pts',(0.304207399629669,-0.446774334949256,
0.879));
#6547=CARTESIAN_POINT('Ctrl Pts',(0.424908847701643,-0.39854380082115,0.8));
#6548=CARTESIAN_POINT('Ctrl Pts',(0.424908847701643,-0.39854380082115,0.879));
#6549=CARTESIAN_POINT('Ctrl Pts',(0.465705716620985,-0.351738906286791,
0.8));
#6550=CARTESIAN_POINT('Ctrl Pts',(0.465705716620985,-0.351738906286791,
0.879));
#6551=CARTESIAN_POINT('Ctrl Pts',(0.466999675274706,-0.350207285302486,
0.8));
#6552=CARTESIAN_POINT('Ctrl Pts',(0.466999675274706,-0.350207285302486,
0.879));
#6553=CARTESIAN_POINT('Ctrl Pts',(0.466999675274706,-0.350207285302486,
0.8));
#6554=CARTESIAN_POINT('Ctrl Pts',(0.465705716620985,-0.351738906286791,
0.8));
#6555=CARTESIAN_POINT('Ctrl Pts',(0.424908847701643,-0.39854380082115,0.8));
#6556=CARTESIAN_POINT('Ctrl Pts',(0.304207399629669,-0.446774334949256,
0.8));
#6557=CARTESIAN_POINT('Ctrl Pts',(0.159147388571956,-0.379651436337035,
0.8));
#6558=CARTESIAN_POINT('Ctrl Pts',(0.0992888194038469,-0.269421554580559,
0.8));
#6559=CARTESIAN_POINT('Ctrl Pts',(0.101885592039981,-0.21143174433402,0.8));
#6560=CARTESIAN_POINT('Ctrl Pts',(0.104492609425793,-0.18064133294924,0.8));
#6561=CARTESIAN_POINT('',(0.466999675274706,-0.350207285302486,0.879));
#6562=CARTESIAN_POINT('',(0.466999675274706,-0.350207285302486,0.8));
#6563=CARTESIAN_POINT('Ctrl Pts',(0.104492609425793,-0.18064133294924,0.879));
#6564=CARTESIAN_POINT('Ctrl Pts',(0.101885592039981,-0.21143174433402,0.879));
#6565=CARTESIAN_POINT('Ctrl Pts',(0.0992888194038469,-0.269421554580559,
0.879));
#6566=CARTESIAN_POINT('Ctrl Pts',(0.159147388571956,-0.379651436337035,
0.879));
#6567=CARTESIAN_POINT('Ctrl Pts',(0.304207399629669,-0.446774334949256,
0.879));
#6568=CARTESIAN_POINT('Ctrl Pts',(0.424908847701643,-0.39854380082115,0.879));
#6569=CARTESIAN_POINT('Ctrl Pts',(0.465705716620985,-0.351738906286791,
0.879));
#6570=CARTESIAN_POINT('Ctrl Pts',(0.466999675274706,-0.350207285302486,
0.879));
#6571=CARTESIAN_POINT('Ctrl Pts',(0.466999675274706,-0.350207285302486,
0.8));
#6572=CARTESIAN_POINT('Ctrl Pts',(0.466999675274706,-0.350207285302486,
0.826333333333333));
#6573=CARTESIAN_POINT('Ctrl Pts',(0.466999675274706,-0.350207285302486,
0.852666666666667));
#6574=CARTESIAN_POINT('Ctrl Pts',(0.466999675274706,-0.350207285302486,
0.879));
#6575=CARTESIAN_POINT('Ctrl Pts',(0.483588056495137,-0.330573947137095,
0.8));
#6576=CARTESIAN_POINT('Ctrl Pts',(0.483816691257068,-0.330700966449279,
0.826332495194441));
#6577=CARTESIAN_POINT('Ctrl Pts',(0.484045318605877,-0.330827981643062,
0.852667504805559));
#6578=CARTESIAN_POINT('Ctrl Pts',(0.484273953367808,-0.330955000955246,
0.879));
#6579=CARTESIAN_POINT('Ctrl Pts',(0.496549527263818,-0.307359681230467,
0.800000000000001));
#6580=CARTESIAN_POINT('Ctrl Pts',(0.496780769268518,-0.307488149010856,
0.826332480059392));
#6581=CARTESIAN_POINT('Ctrl Pts',(0.497011988474255,-0.307616604125154,
0.852667519940611));
#6582=CARTESIAN_POINT('Ctrl Pts',(0.497243230478955,-0.307745071905543,
0.879000000000002));
#6583=CARTESIAN_POINT('Ctrl Pts',(0.503928504226409,-0.283735393189121,
0.8));
#6584=CARTESIAN_POINT('Ctrl Pts',(0.503928504226402,-0.283735393189117,
0.826333333333333));
#6585=CARTESIAN_POINT('Ctrl Pts',(0.503928504226395,-0.283735393189113,
0.852666666666667));
#6586=CARTESIAN_POINT('Ctrl Pts',(0.503928504226389,-0.28373539318911,0.879));
#6587=CARTESIAN_POINT('Ctrl Pts',(0.466999675274706,-0.350207285302486,
0.879));
#6588=CARTESIAN_POINT('Ctrl Pts',(0.484273953367808,-0.330955000955246,
0.879));
#6589=CARTESIAN_POINT('Ctrl Pts',(0.497243230478955,-0.307745071905543,
0.879000000000002));
#6590=CARTESIAN_POINT('Ctrl Pts',(0.503928504226389,-0.28373539318911,0.879));
#6591=CARTESIAN_POINT('Origin',(0.0328942823934883,0.312071835244005,0.879));
#6592=CARTESIAN_POINT('',(0.448675235042431,-0.383191277720581,0.879));
#6593=CARTESIAN_POINT('Origin',(0.448675235042431,-0.383191277720581,0.3));
#6594=CARTESIAN_POINT('Ctrl Pts',(-0.0990071165280079,-0.177870550024228,
0.8));
#6595=CARTESIAN_POINT('Ctrl Pts',(-0.0990071165280079,-0.177870550024228,
0.879));
#6596=CARTESIAN_POINT('Ctrl Pts',(-0.230887378502329,-0.175525326069369,
0.8));
#6597=CARTESIAN_POINT('Ctrl Pts',(-0.230887378502329,-0.175525326069369,
0.879));
#6598=CARTESIAN_POINT('Ctrl Pts',(-0.362903971187079,-0.179552899242769,
0.8));
#6599=CARTESIAN_POINT('Ctrl Pts',(-0.362903971187079,-0.179552899242769,
0.879));
#6600=CARTESIAN_POINT('Ctrl Pts',(-0.494797450834105,-0.181751872679011,
0.8));
#6601=CARTESIAN_POINT('Ctrl Pts',(-0.494797450834105,-0.181751872679011,
0.879));
#6602=CARTESIAN_POINT('',(-0.0990071165280079,-0.177870550024228,0.8));
#6603=CARTESIAN_POINT('Ctrl Pts',(-0.494797450834105,-0.181751872679011,
0.8));
#6604=CARTESIAN_POINT('Ctrl Pts',(-0.362903971187079,-0.179552899242769,
0.8));
#6605=CARTESIAN_POINT('Ctrl Pts',(-0.230887378502329,-0.175525326069369,
0.8));
#6606=CARTESIAN_POINT('Ctrl Pts',(-0.0990071165280079,-0.177870550024228,
0.8));
#6607=CARTESIAN_POINT('',(-0.494797450834105,-0.181751872679011,0.879));
#6608=CARTESIAN_POINT('',(-0.494797450834105,-0.181751872679011,0.8));
#6609=CARTESIAN_POINT('',(-0.0990071165280079,-0.177870550024228,0.879));
#6610=CARTESIAN_POINT('Ctrl Pts',(-0.0990071165280079,-0.177870550024228,
0.879));
#6611=CARTESIAN_POINT('Ctrl Pts',(-0.230887378502329,-0.175525326069369,
0.879));
#6612=CARTESIAN_POINT('Ctrl Pts',(-0.362903971187079,-0.179552899242769,
0.879));
#6613=CARTESIAN_POINT('Ctrl Pts',(-0.494797450834105,-0.181751872679011,
0.879));
#6614=CARTESIAN_POINT('',(-0.0990071165280079,-0.177870550024228,0.8));
#6615=CARTESIAN_POINT('Ctrl Pts',(-0.370621092661641,-0.405269317176791,
0.8));
#6616=CARTESIAN_POINT('Ctrl Pts',(-0.370621092661641,-0.405269317176791,
0.879));
#6617=CARTESIAN_POINT('Ctrl Pts',(-0.359287896105053,-0.409200821587817,
0.8));
#6618=CARTESIAN_POINT('Ctrl Pts',(-0.359287896105053,-0.409200821587817,
0.879));
#6619=CARTESIAN_POINT('Ctrl Pts',(-0.313462032162665,-0.420608432404815,
0.8));
#6620=CARTESIAN_POINT('Ctrl Pts',(-0.313462032162665,-0.420608432404815,
0.879));
#6621=CARTESIAN_POINT('Ctrl Pts',(-0.21546126072549,-0.410345134362739,
0.8));
#6622=CARTESIAN_POINT('Ctrl Pts',(-0.21546126072549,-0.410345134362739,
0.879));
#6623=CARTESIAN_POINT('Ctrl Pts',(-0.129576817858176,-0.339322314900274,
0.8));
#6624=CARTESIAN_POINT('Ctrl Pts',(-0.129576817858176,-0.339322314900274,
0.879));
#6625=CARTESIAN_POINT('Ctrl Pts',(-0.0940489811995421,-0.248963614878223,
0.8));
#6626=CARTESIAN_POINT('Ctrl Pts',(-0.0940489811995421,-0.248963614878223,
0.879));
#6627=CARTESIAN_POINT('Ctrl Pts',(-0.0973589398235742,-0.201561347425512,
0.8));
#6628=CARTESIAN_POINT('Ctrl Pts',(-0.0973589398235742,-0.201561347425512,
0.879));
#6629=CARTESIAN_POINT('Ctrl Pts',(-0.0990071165280079,-0.177870550024228,
0.8));
#6630=CARTESIAN_POINT('Ctrl Pts',(-0.0990071165280079,-0.177870550024228,
0.879));
#6631=CARTESIAN_POINT('Ctrl Pts',(-0.0990071165280079,-0.177870550024228,
0.8));
#6632=CARTESIAN_POINT('Ctrl Pts',(-0.0973589398235742,-0.201561347425512,
0.8));
#6633=CARTESIAN_POINT('Ctrl Pts',(-0.0940489811995421,-0.248963614878223,
0.8));
#6634=CARTESIAN_POINT('Ctrl Pts',(-0.129576817858176,-0.339322314900274,
0.8));
#6635=CARTESIAN_POINT('Ctrl Pts',(-0.21546126072549,-0.410345134362739,
0.8));
#6636=CARTESIAN_POINT('Ctrl Pts',(-0.313462032162665,-0.420608432404815,
0.8));
#6637=CARTESIAN_POINT('Ctrl Pts',(-0.359287896105053,-0.409200821587817,
0.8));
#6638=CARTESIAN_POINT('Ctrl Pts',(-0.370621092661641,-0.405269317176791,
0.8));
#6639=CARTESIAN_POINT('',(-0.370621092707009,-0.405269317307784,0.879));
#6640=CARTESIAN_POINT('Ctrl Pts',(-0.370621092661641,-0.405269317176791,
0.879));
#6641=CARTESIAN_POINT('Ctrl Pts',(-0.359287896105053,-0.409200821587817,
0.879));
#6642=CARTESIAN_POINT('Ctrl Pts',(-0.313462032162665,-0.420608432404815,
0.879));
#6643=CARTESIAN_POINT('Ctrl Pts',(-0.21546126072549,-0.410345134362739,
0.879));
#6644=CARTESIAN_POINT('Ctrl Pts',(-0.129576817858176,-0.339322314900274,
0.879));
#6645=CARTESIAN_POINT('Ctrl Pts',(-0.0940489811995421,-0.248963614878223,
0.879));
#6646=CARTESIAN_POINT('Ctrl Pts',(-0.0973589398235742,-0.201561347425512,
0.879));
#6647=CARTESIAN_POINT('Ctrl Pts',(-0.0990071165280079,-0.177870550024228,
0.879));
#6648=CARTESIAN_POINT('',(-0.370621092707009,-0.405269317307784,0.8));
#6649=CARTESIAN_POINT('Ctrl Pts',(-0.494797450834105,-0.181751872679011,
0.8));
#6650=CARTESIAN_POINT('Ctrl Pts',(-0.494797450834105,-0.181751872679011,
0.826333333333333));
#6651=CARTESIAN_POINT('Ctrl Pts',(-0.494797450834105,-0.181751872679011,
0.852666666666667));
#6652=CARTESIAN_POINT('Ctrl Pts',(-0.494797450834105,-0.181751872679011,
0.879));
#6653=CARTESIAN_POINT('Ctrl Pts',(-0.497054814637795,-0.181790386406064,
0.8));
#6654=CARTESIAN_POINT('Ctrl Pts',(-0.49714652399197,-0.181841336047272,
0.82633333334792));
#6655=CARTESIAN_POINT('Ctrl Pts',(-0.497238233345498,-0.181892285688121,
0.852666666652081));
#6656=CARTESIAN_POINT('Ctrl Pts',(-0.497329942699673,-0.181943235329329,
0.879));
#6657=CARTESIAN_POINT('Ctrl Pts',(-0.499312326510193,-0.181828467530025,
0.799988094578105));
#6658=CARTESIAN_POINT('Ctrl Pts',(-0.499495741505163,-0.181930364749453,
0.826320800907135));
#6659=CARTESIAN_POINT('Ctrl Pts',(-0.499679156499123,-0.18203226196832,
0.852653507192415));
#6660=CARTESIAN_POINT('Ctrl Pts',(-0.499862571494092,-0.182134159187747,
0.878986213521445));
#6661=CARTESIAN_POINT('Ctrl Pts',(-0.501569627097567,-0.181865876102864,
0.799964294370263));
#6662=CARTESIAN_POINT('Ctrl Pts',(-0.50184472419242,-0.182018707822227,
0.826295747207096));
#6663=CARTESIAN_POINT('Ctrl Pts',(-0.502119821287274,-0.18217153954159,
0.85262720004393));
#6664=CARTESIAN_POINT('Ctrl Pts',(-0.502394918382127,-0.182324371260953,
0.878958652880764));
#6665=CARTESIAN_POINT('',(-0.502394918382127,-0.182324371260953,0.878958652880764));
#6666=CARTESIAN_POINT('',(-0.501569627097567,-0.181865876102864,0.799964294370263));
#6667=CARTESIAN_POINT('Ctrl Pts',(-0.494797450834105,-0.181751872679011,
0.879));
#6668=CARTESIAN_POINT('Ctrl Pts',(-0.497329942699673,-0.181943235329329,
0.879));
#6669=CARTESIAN_POINT('Ctrl Pts',(-0.499862571494092,-0.182134159187747,
0.878986213521445));
#6670=CARTESIAN_POINT('Ctrl Pts',(-0.502394918382127,-0.182324371260953,
0.878958652880764));
#6671=CARTESIAN_POINT('Ctrl Pts',(-0.501569627097571,-0.181865876102864,
0.799964294370263));
#6672=CARTESIAN_POINT('Ctrl Pts',(-0.501844724192425,-0.182018707822227,
0.826295747207096));
#6673=CARTESIAN_POINT('Ctrl Pts',(-0.502119821287279,-0.18217153954159,
0.85262720004393));
#6674=CARTESIAN_POINT('Ctrl Pts',(-0.502394918382132,-0.182324371260953,
0.878958652880764));
#6675=CARTESIAN_POINT('Ctrl Pts',(-0.504126174295852,-0.217842162249824,
0.799728773132081));
#6676=CARTESIAN_POINT('Ctrl Pts',(-0.505309062409667,-0.218499322313054,
0.826048897390952));
#6677=CARTESIAN_POINT('Ctrl Pts',(-0.506490370726488,-0.219155604711288,
0.85236579502808));
#6678=CARTESIAN_POINT('Ctrl Pts',(-0.507673258840304,-0.219812764774519,
0.87868591928695));
#6679=CARTESIAN_POINT('Ctrl Pts',(-0.504232372280283,-0.253230121585638,
0.798210690501614));
#6680=CARTESIAN_POINT('Ctrl Pts',(-0.506210399684773,-0.254329025699243,
0.824450527872844));
#6681=CARTESIAN_POINT('Ctrl Pts',(-0.508187915388946,-0.255427645534895,
0.850688142229639));
#6682=CARTESIAN_POINT('Ctrl Pts',(-0.510165942793436,-0.256526549648501,
0.876927979600869));
#6683=CARTESIAN_POINT('Ctrl Pts',(-0.481662147195645,-0.318901793546623,
0.796948733951061));
#6684=CARTESIAN_POINT('Ctrl Pts',(-0.484199916855905,-0.3203116655801,0.823120812131317));
#6685=CARTESIAN_POINT('Ctrl Pts',(-0.486737871133534,-0.321721640178783,
0.849294555735074));
#6686=CARTESIAN_POINT('Ctrl Pts',(-0.489275640793793,-0.32313151221226,
0.875466633915329));
#6687=CARTESIAN_POINT('Ctrl Pts',(-0.459087100706806,-0.349232502364762,
0.797637315490205));
#6688=CARTESIAN_POINT('Ctrl Pts',(-0.461394586808558,-0.350514439087957,
0.823845045734704));
#6689=CARTESIAN_POINT('Ctrl Pts',(-0.463701937398796,-0.351796300526978,
0.850056281093158));
#6690=CARTESIAN_POINT('Ctrl Pts',(-0.466009423500547,-0.353078237250173,
0.876264011337657));
#6691=CARTESIAN_POINT('Ctrl Pts',(-0.412998447142473,-0.386400134306234,
0.7993069750478));
#6692=CARTESIAN_POINT('Ctrl Pts',(-0.41428207633823,-0.38711326163721,0.825604575213263));
#6693=CARTESIAN_POINT('Ctrl Pts',(-0.415565624464868,-0.387826343929786,
0.851899876939889));
#6694=CARTESIAN_POINT('Ctrl Pts',(-0.416849253660625,-0.388539471260762,
0.878197477105352));
#6695=CARTESIAN_POINT('Ctrl Pts',(-0.39242285020119,-0.39771844322052,0.800000000004456));
#6696=CARTESIAN_POINT('Ctrl Pts',(-0.393131561903921,-0.398112171944259,
0.826332341354162));
#6697=CARTESIAN_POINT('Ctrl Pts',(-0.39383991375931,-0.398505700752808,
0.852667658655454));
#6698=CARTESIAN_POINT('Ctrl Pts',(-0.39454862546204,-0.398899429476547,
0.87900000000516));
#6699=CARTESIAN_POINT('Ctrl Pts',(-0.370621092602935,-0.405269317197041,
0.8));
#6700=CARTESIAN_POINT('Ctrl Pts',(-0.37062109259627,-0.405269317193339,
0.826333333333333));
#6701=CARTESIAN_POINT('Ctrl Pts',(-0.370621092589606,-0.405269317189636,
0.852666666666667));
#6702=CARTESIAN_POINT('Ctrl Pts',(-0.370621092582941,-0.405269317185934,
0.879));
#6703=CARTESIAN_POINT('Ctrl Pts',(-0.502394918382132,-0.182324371260953,
0.878958652880764));
#6704=CARTESIAN_POINT('Ctrl Pts',(-0.507673258840304,-0.219812764774519,
0.87868591928695));
#6705=CARTESIAN_POINT('Ctrl Pts',(-0.510165942793436,-0.256526549648501,
0.876927979600869));
#6706=CARTESIAN_POINT('Ctrl Pts',(-0.489275640793793,-0.32313151221226,
0.875466633915329));
#6707=CARTESIAN_POINT('Ctrl Pts',(-0.466009423500547,-0.353078237250173,
0.876264011337657));
#6708=CARTESIAN_POINT('Ctrl Pts',(-0.416849253660625,-0.388539471260762,
0.878197477105352));
#6709=CARTESIAN_POINT('Ctrl Pts',(-0.39454862546204,-0.398899429476547,
0.87900000000516));
#6710=CARTESIAN_POINT('Ctrl Pts',(-0.370621092582941,-0.405269317185934,
0.879));
#6711=CARTESIAN_POINT('Origin',(0.0328942823934883,0.312071835244005,0.879));
#6712=CARTESIAN_POINT('',(-0.750173904379298,0.277925743702337,0.879));
#6713=CARTESIAN_POINT('Origin',(-0.750173904379298,0.277925743702337,0.3));
#6714=CARTESIAN_POINT('Ctrl Pts',(-0.103141778097378,-1.20176536830391,
0.8));
#6715=CARTESIAN_POINT('Ctrl Pts',(-0.103141778097378,-1.20176536830391,
0.879));
#6716=CARTESIAN_POINT('Ctrl Pts',(-0.0955240001349566,-1.26417655843298,
0.8));
#6717=CARTESIAN_POINT('Ctrl Pts',(-0.0955240001349566,-1.26417655843298,
0.879));
#6718=CARTESIAN_POINT('Ctrl Pts',(-0.0753323501304861,-1.38851054186589,
0.8));
#6719=CARTESIAN_POINT('Ctrl Pts',(-0.0753323501304861,-1.38851054186589,
0.879));
#6720=CARTESIAN_POINT('Ctrl Pts',(-0.0516546597338552,-1.56013313399327,
0.8));
#6721=CARTESIAN_POINT('Ctrl Pts',(-0.0516546597338552,-1.56013313399327,
0.879));
#6722=CARTESIAN_POINT('Ctrl Pts',(-0.0362870410478947,-1.67001278244131,
0.8));
#6723=CARTESIAN_POINT('Ctrl Pts',(-0.0362870410478947,-1.67001278244131,
0.879));
#6724=CARTESIAN_POINT('Ctrl Pts',(-0.0297783977662736,-1.71717948649266,
0.8));
#6725=CARTESIAN_POINT('Ctrl Pts',(-0.0297783977662736,-1.71717948649266,
0.879));
#6726=CARTESIAN_POINT('',(-0.103141778097378,-1.20176536830391,0.8));
#6727=CARTESIAN_POINT('Ctrl Pts',(-0.0297783977662736,-1.71717948649266,
0.8));
#6728=CARTESIAN_POINT('Ctrl Pts',(-0.0362870410478947,-1.67001278244131,
0.8));
#6729=CARTESIAN_POINT('Ctrl Pts',(-0.0516546597338552,-1.56013313399327,
0.8));
#6730=CARTESIAN_POINT('Ctrl Pts',(-0.0753323501304861,-1.38851054186589,
0.8));
#6731=CARTESIAN_POINT('Ctrl Pts',(-0.0955240001349566,-1.26417655843298,
0.8));
#6732=CARTESIAN_POINT('Ctrl Pts',(-0.103141778097378,-1.20176536830391,
0.8));
#6733=CARTESIAN_POINT('',(-0.0297783977662737,-1.71717948649266,0.879));
#6734=CARTESIAN_POINT('',(-0.0297783977662737,-1.71717948649266,0.8));
#6735=CARTESIAN_POINT('',(-0.103141778097378,-1.20176536830391,0.879));
#6736=CARTESIAN_POINT('Ctrl Pts',(-0.103141778097378,-1.20176536830391,
0.879));
#6737=CARTESIAN_POINT('Ctrl Pts',(-0.0955240001349566,-1.26417655843298,
0.879));
#6738=CARTESIAN_POINT('Ctrl Pts',(-0.0753323501304861,-1.38851054186589,
0.879));
#6739=CARTESIAN_POINT('Ctrl Pts',(-0.0516546597338552,-1.56013313399327,
0.879));
#6740=CARTESIAN_POINT('Ctrl Pts',(-0.0362870410478947,-1.67001278244131,
0.879));
#6741=CARTESIAN_POINT('Ctrl Pts',(-0.0297783977662736,-1.71717948649266,
0.879));
#6742=CARTESIAN_POINT('',(-0.103141778097378,-1.20176536830391,0.8));
#6743=CARTESIAN_POINT('Origin',(-0.00524828870465437,-1.2016034971072,0.8));
#6744=CARTESIAN_POINT('',(0.0926452006880693,-1.20144162591048,0.8));
#6745=CARTESIAN_POINT('',(0.0150744056961016,-1.20156989263683,0.8));
#6746=CARTESIAN_POINT('',(0.0926452006880693,-1.20144162591048,0.879));
#6747=CARTESIAN_POINT('',(0.0926452006880693,-1.20144162591048,0.879));
#6748=CARTESIAN_POINT('',(0.0926452006880693,-1.20144162591048,0.8));
#6749=CARTESIAN_POINT('Ctrl Pts',(0.0318739270005945,-1.71436896727,0.8));
#6750=CARTESIAN_POINT('Ctrl Pts',(0.0318739270005945,-1.71436896727,0.879));
#6751=CARTESIAN_POINT('Ctrl Pts',(0.0325646078286041,-1.70889500008999,
0.8));
#6752=CARTESIAN_POINT('Ctrl Pts',(0.0325646078286041,-1.70889500008999,
0.879));
#6753=CARTESIAN_POINT('Ctrl Pts',(0.043790255531198,-1.62038627533428,0.8));
#6754=CARTESIAN_POINT('Ctrl Pts',(0.043790255531198,-1.62038627533428,0.879));
#6755=CARTESIAN_POINT('Ctrl Pts',(0.0623086711050174,-1.49164803755084,
0.8));
#6756=CARTESIAN_POINT('Ctrl Pts',(0.0623086711050174,-1.49164803755084,
0.879));
#6757=CARTESIAN_POINT('Ctrl Pts',(0.0792584225304348,-1.32550941875288,
0.8));
#6758=CARTESIAN_POINT('Ctrl Pts',(0.0792584225304348,-1.32550941875288,
0.879));
#6759=CARTESIAN_POINT('Ctrl Pts',(0.086073968831425,-1.24285855407583,0.8));
#6760=CARTESIAN_POINT('Ctrl Pts',(0.086073968831425,-1.24285855407583,0.879));
#6761=CARTESIAN_POINT('Ctrl Pts',(0.0926452006880693,-1.20144162591048,
0.8));
#6762=CARTESIAN_POINT('Ctrl Pts',(0.0926452006880693,-1.20144162591048,
0.879));
#6763=CARTESIAN_POINT('Ctrl Pts',(0.0926452006880693,-1.20144162591048,
0.8));
#6764=CARTESIAN_POINT('Ctrl Pts',(0.086073968831425,-1.24285855407583,0.8));
#6765=CARTESIAN_POINT('Ctrl Pts',(0.0792584225304348,-1.32550941875288,
0.8));
#6766=CARTESIAN_POINT('Ctrl Pts',(0.0623086711050174,-1.49164803755084,
0.8));
#6767=CARTESIAN_POINT('Ctrl Pts',(0.043790255531198,-1.62038627533428,0.8));
#6768=CARTESIAN_POINT('Ctrl Pts',(0.0325646078286041,-1.70889500008999,
0.8));
#6769=CARTESIAN_POINT('Ctrl Pts',(0.0318739270005945,-1.71436896727,0.8));
#6770=CARTESIAN_POINT('',(0.0318739270005945,-1.71436896727,0.879));
#6771=CARTESIAN_POINT('Ctrl Pts',(0.0318739270005945,-1.71436896727,0.879));
#6772=CARTESIAN_POINT('Ctrl Pts',(0.0325646078286041,-1.70889500008999,
0.879));
#6773=CARTESIAN_POINT('Ctrl Pts',(0.043790255531198,-1.62038627533428,0.879));
#6774=CARTESIAN_POINT('Ctrl Pts',(0.0623086711050174,-1.49164803755084,
0.879));
#6775=CARTESIAN_POINT('Ctrl Pts',(0.0792584225304348,-1.32550941875288,
0.879));
#6776=CARTESIAN_POINT('Ctrl Pts',(0.086073968831425,-1.24285855407583,0.879));
#6777=CARTESIAN_POINT('Ctrl Pts',(0.0926452006880693,-1.20144162591048,
0.879));
#6778=CARTESIAN_POINT('',(0.0318739270005945,-1.71436896727,0.8));
#6779=CARTESIAN_POINT('Ctrl Pts',(-0.0297783977662736,-1.71717948649266,
0.8));
#6780=CARTESIAN_POINT('Ctrl Pts',(-0.0297783977662736,-1.71717948649266,
0.826333333333333));
#6781=CARTESIAN_POINT('Ctrl Pts',(-0.0297783977662736,-1.71717948649266,
0.852666666666667));
#6782=CARTESIAN_POINT('Ctrl Pts',(-0.0297783977662736,-1.71717948649266,
0.879));
#6783=CARTESIAN_POINT('Ctrl Pts',(-0.0277040828365523,-1.73221841462093,
0.8));
#6784=CARTESIAN_POINT('Ctrl Pts',(-0.027632586956882,-1.73301388722039,
0.826333408507616));
#6785=CARTESIAN_POINT('Ctrl Pts',(-0.0275610634440578,-1.73380927098188,
0.852666591492384));
#6786=CARTESIAN_POINT('Ctrl Pts',(-0.0274895675643875,-1.73460474358135,
0.879));
#6787=CARTESIAN_POINT('Ctrl Pts',(-0.0256370719513782,-1.74728868247571,
0.799308337741457));
#6788=CARTESIAN_POINT('Ctrl Pts',(-0.025496360494124,-1.74888131534069,
0.82560520115978));
#6789=CARTESIAN_POINT('Ctrl Pts',(-0.0253556834114224,-1.7504740061332,
0.851902191686284));
#6790=CARTESIAN_POINT('Ctrl Pts',(-0.0252149719541682,-1.75206663899817,
0.878199055104607));
#6791=CARTESIAN_POINT('Ctrl Pts',(-0.0193541981461425,-1.79337477907765,
0.795062336102008));
#6792=CARTESIAN_POINT('Ctrl Pts',(-0.0190107227840021,-1.79740584791167,
0.821135882251523));
#6793=CARTESIAN_POINT('Ctrl Pts',(-0.0186672173701267,-1.80143655130327,
0.84720863905661));
#6794=CARTESIAN_POINT('Ctrl Pts',(-0.0183237420079863,-1.80546762013728,
0.873282185206125));
#6795=CARTESIAN_POINT('Ctrl Pts',(-0.0152162529762714,-1.82405173771462,
0.789266270719092));
#6796=CARTESIAN_POINT('Ctrl Pts',(-0.0147497049252481,-1.8297063532913,
0.815034267311415));
#6797=CARTESIAN_POINT('Ctrl Pts',(-0.0142831279406636,-1.83536074556604,
0.840802344900387));
#6798=CARTESIAN_POINT('Ctrl Pts',(-0.0138165798896403,-1.84101536114271,
0.866570341492709));
#6799=CARTESIAN_POINT('Ctrl Pts',(-0.00700514947623922,-1.88458289449719,
0.771763588203092));
#6800=CARTESIAN_POINT('Ctrl Pts',(-0.00633119972273232,-1.89344323957767,
0.796610293611969));
#6801=CARTESIAN_POINT('Ctrl Pts',(-0.00565739954791925,-1.90230316746838,
0.821455529730304));
#6802=CARTESIAN_POINT('Ctrl Pts',(-0.00498344979441235,-1.91116351254886,
0.846302235139181));
#6803=CARTESIAN_POINT('Ctrl Pts',(-0.00292621036413642,-1.91474276888091,
0.759649726570254));
#6804=CARTESIAN_POINT('Ctrl Pts',(-0.00216811546255165,-1.92520229390539,
0.783860501929376));
#6805=CARTESIAN_POINT('Ctrl Pts',(-0.0014107113109759,-1.9356584387931,
0.808063608009233));
#6806=CARTESIAN_POINT('Ctrl Pts',(-0.00065261640939113,-1.94611796381758,
0.832274383368355));
#6807=CARTESIAN_POINT('Ctrl Pts',(0.000812726588711151,-1.94156007559135,
0.74595590827467));
#6808=CARTESIAN_POINT('Ctrl Pts',(0.001618881297747,-1.95344093689727,0.769442919443802));
#6809=CARTESIAN_POINT('Ctrl Pts',(0.00242503600678285,-1.96532179820319,
0.792929930612935));
#6810=CARTESIAN_POINT('Ctrl Pts',(0.0032311907158187,-1.97720265950912,
0.816416941782067));
#6811=CARTESIAN_POINT('',(0.0032311907158187,-1.97720265950912,0.816416941782067));
#6812=CARTESIAN_POINT('',(0.000812726588711151,-1.94156007559135,0.74595590827467));
#6813=CARTESIAN_POINT('Ctrl Pts',(-0.0297783977662736,-1.71717948649266,
0.879));
#6814=CARTESIAN_POINT('Ctrl Pts',(-0.0274895675643875,-1.73460474358135,
0.879));
#6815=CARTESIAN_POINT('Ctrl Pts',(-0.0252149719541682,-1.75206663899817,
0.878199055104607));
#6816=CARTESIAN_POINT('Ctrl Pts',(-0.0183237420079863,-1.80546762013728,
0.873282185206125));
#6817=CARTESIAN_POINT('Ctrl Pts',(-0.0138165798896403,-1.84101536114271,
0.866570341492709));
#6818=CARTESIAN_POINT('Ctrl Pts',(-0.00498344979441235,-1.91116351254886,
0.846302235139181));
#6819=CARTESIAN_POINT('Ctrl Pts',(-0.00065261640939113,-1.94611796381758,
0.832274383368355));
#6820=CARTESIAN_POINT('Ctrl Pts',(0.0032311907158187,-1.97720265950912,
0.816416941782067));
#6821=CARTESIAN_POINT('Ctrl Pts',(0.000812726588711151,-1.94156007559135,
0.74595590827467));
#6822=CARTESIAN_POINT('Ctrl Pts',(0.001618881297747,-1.95344093689727,0.769442919443802));
#6823=CARTESIAN_POINT('Ctrl Pts',(0.00242503600678285,-1.96532179820319,
0.792929930612935));
#6824=CARTESIAN_POINT('Ctrl Pts',(0.0032311907158187,-1.97720265950912,
0.816416941782067));
#6825=CARTESIAN_POINT('Ctrl Pts',(0.00666020131660004,-1.90430347851965,
0.764601383856816));
#6826=CARTESIAN_POINT('Ctrl Pts',(0.0071260986453549,-1.91426640531939,
0.789072622985259));
#6827=CARTESIAN_POINT('Ctrl Pts',(0.00759092295707711,-1.92422861844508,
0.813537163377749));
#6828=CARTESIAN_POINT('Ctrl Pts',(0.00805682028583197,-1.93419154524482,
0.838008402506193));
#6829=CARTESIAN_POINT('Ctrl Pts',(0.0125049128313257,-1.86398609458038,
0.779024032576732));
#6830=CARTESIAN_POINT('Ctrl Pts',(0.0127655564407336,-1.87184399370215,
0.804253087343168));
#6831=CARTESIAN_POINT('Ctrl Pts',(0.0130261469200021,-1.87970196377767,
0.82948077495742));
#6832=CARTESIAN_POINT('Ctrl Pts',(0.01328679052941,-1.88755986289943,0.854709829723855));
#6833=CARTESIAN_POINT('Ctrl Pts',(0.0228125133516733,-1.78763754499485,
0.79592874667392));
#6834=CARTESIAN_POINT('Ctrl Pts',(0.0228549196068813,-1.79149371776333,
0.822047635685327));
#6835=CARTESIAN_POINT('Ctrl Pts',(0.0228969520371147,-1.79534975922311,
0.848166599636993));
#6836=CARTESIAN_POINT('Ctrl Pts',(0.0229393582923228,-1.79920593199158,
0.8742854886484));
#6837=CARTESIAN_POINT('Ctrl Pts',(0.0272548286263309,-1.75104927533514,
0.8));
#6838=CARTESIAN_POINT('Ctrl Pts',(0.0272582184586761,-1.75298071099802,
0.826334164298129));
#6839=CARTESIAN_POINT('Ctrl Pts',(0.0272598850316535,-1.75491225221481,
0.852665835701871));
#6840=CARTESIAN_POINT('Ctrl Pts',(0.0272632748639988,-1.75684368787768,
0.879));
#6841=CARTESIAN_POINT('Ctrl Pts',(0.0318739270005944,-1.71436896727,0.8));
#6842=CARTESIAN_POINT('Ctrl Pts',(0.0318739270005944,-1.71436896727,0.826333333333333));
#6843=CARTESIAN_POINT('Ctrl Pts',(0.0318739270005944,-1.71436896727,0.852666666666667));
#6844=CARTESIAN_POINT('Ctrl Pts',(0.0318739270005944,-1.71436896727,0.879));
#6845=CARTESIAN_POINT('Ctrl Pts',(0.0032311907158187,-1.97720265950912,
0.816416941782067));
#6846=CARTESIAN_POINT('Ctrl Pts',(0.00805682028583197,-1.93419154524482,
0.838008402506193));
#6847=CARTESIAN_POINT('Ctrl Pts',(0.01328679052941,-1.88755986289943,0.854709829723855));
#6848=CARTESIAN_POINT('Ctrl Pts',(0.0229393582923228,-1.79920593199158,
0.8742854886484));
#6849=CARTESIAN_POINT('Ctrl Pts',(0.0272632748639988,-1.75684368787768,
0.879));
#6850=CARTESIAN_POINT('Ctrl Pts',(0.0318739270005944,-1.71436896727,0.879));
#6851=CARTESIAN_POINT('Origin',(0.0328942823934883,0.312071835244005,0.879));
#6852=CARTESIAN_POINT('Origin',(0.0328942823934876,-2.4143682236088,0.879));
#6853=CARTESIAN_POINT('Origin',(0.0328942823934876,-2.4143682236088,0.3));
#6854=CARTESIAN_POINT('Origin',(0.0328942823934883,0.312071835244005,0.8));
#6855=CARTESIAN_POINT('',(-0.482732759587438,2.33044676502148,0.8));
#6856=CARTESIAN_POINT('',(-0.124235820844043,2.62847124450143,0.8));
#6857=CARTESIAN_POINT('Ctrl Pts',(-0.482732759587498,2.33044676502149,0.8));
#6858=CARTESIAN_POINT('Ctrl Pts',(-0.451887238950101,2.32114410787344,0.8));
#6859=CARTESIAN_POINT('Ctrl Pts',(-0.35087246858557,2.30827433147959,0.8));
#6860=CARTESIAN_POINT('Ctrl Pts',(-0.187575438062901,2.38184745057225,0.8));
#6861=CARTESIAN_POINT('Ctrl Pts',(-0.120057804436093,2.52810992195377,0.8));
#6862=CARTESIAN_POINT('Ctrl Pts',(-0.122431631022582,2.61247362674228,0.8));
#6863=CARTESIAN_POINT('Ctrl Pts',(-0.124235820844043,2.62847124450143,0.8));
#6864=CARTESIAN_POINT('',(-0.280268481153541,2.62847124450143,0.8));
#6865=CARTESIAN_POINT('',(0.321870652362251,2.62847124450143,0.8));
#6866=CARTESIAN_POINT('',(-0.694786206915427,2.01830716809754,0.8));
#6867=CARTESIAN_POINT('Origin',(0.0328942823934883,0.312071835244005,0.8));
#6868=CARTESIAN_POINT('',(-0.0555012157316839,2.62847124450143,0.8));
#6869=CARTESIAN_POINT('Ctrl Pts',(-0.0555012157316962,2.62847124450157,
0.8));
#6870=CARTESIAN_POINT('Ctrl Pts',(-0.0521935515115427,2.59128024065442,
0.8));
#6871=CARTESIAN_POINT('Ctrl Pts',(-0.0597677964744653,2.47420808179658,
0.8));
#6872=CARTESIAN_POINT('Ctrl Pts',(-0.170265778652557,2.30388026886268,0.8));
#6873=CARTESIAN_POINT('Ctrl Pts',(-0.36578923981541,2.23526604574618,0.8));
#6874=CARTESIAN_POINT('Ctrl Pts',(-0.484629090687,2.25752619136604,0.8));
#6875=CARTESIAN_POINT('Ctrl Pts',(-0.522728231614319,2.27157401065539,0.8));
#6876=CARTESIAN_POINT('',(0.321870652362251,2.62847124450143,0.8));
#6877=CARTESIAN_POINT('Origin',(0.321870652362251,2.62847124450143,0.3));
#6878=CARTESIAN_POINT('Ctrl Pts',(-0.441368642226347,2.93267490671866,0.696812464387933));
#6879=CARTESIAN_POINT('Ctrl Pts',(-0.406274811170933,2.93684394027209,0.693616407336612));
#6880=CARTESIAN_POINT('Ctrl Pts',(-0.368165756360231,2.93355928078566,0.696229993770739));
#6881=CARTESIAN_POINT('Ctrl Pts',(-0.296332192583571,2.91916375558505,0.706916867589729));
#6882=CARTESIAN_POINT('Ctrl Pts',(-0.262606465904263,2.90802560540017,0.714959941248812));
#6883=CARTESIAN_POINT('Ctrl Pts',(-0.199935409222572,2.8763298479576,0.734649357854943));
#6884=CARTESIAN_POINT('Ctrl Pts',(-0.170987029718522,2.85573396299837,0.74619856285504));
#6885=CARTESIAN_POINT('Ctrl Pts',(-0.121714903105059,2.8058059378087,0.768300260762934));
#6886=CARTESIAN_POINT('Ctrl Pts',(-0.101387132928925,2.77653283421209,0.778718480854592));
#6887=CARTESIAN_POINT('Ctrl Pts',(-0.0694856037750181,2.70867190604858,
0.794894620861523));
#6888=CARTESIAN_POINT('Ctrl Pts',(-0.0590961036717019,2.66897047334927,
0.8));
#6889=CARTESIAN_POINT('Ctrl Pts',(-0.0555012157316838,2.62847124450143,
0.8));
#6890=CARTESIAN_POINT('Origin',(0.321870652362251,2.62847124450143,0.3));
#6891=CARTESIAN_POINT('',(-0.410672099579104,2.87471096286836,0.735162040047815));
#6892=CARTESIAN_POINT('Ctrl Pts',(-0.124235820844043,2.62847124450143,0.8));
#6893=CARTESIAN_POINT('Ctrl Pts',(-0.126239479301576,2.64625853520692,0.8));
#6894=CARTESIAN_POINT('Ctrl Pts',(-0.129906861713319,2.663871318689,0.799037052086581));
#6895=CARTESIAN_POINT('Ctrl Pts',(-0.144950411640281,2.71320130086829,0.793848089280074));
#6896=CARTESIAN_POINT('Ctrl Pts',(-0.16028809394675,2.74344677512711,0.787360335402667));
#6897=CARTESIAN_POINT('Ctrl Pts',(-0.20728841750691,2.8031094635614,0.769822586186187));
#6898=CARTESIAN_POINT('Ctrl Pts',(-0.242568526782381,2.82929711082889,0.758374923742243));
#6899=CARTESIAN_POINT('Ctrl Pts',(-0.322295215196604,2.86644981766564,0.740209666862267));
#6900=CARTESIAN_POINT('Ctrl Pts',(-0.366739284051927,2.87753621953763,0.733563347279303));
#6901=CARTESIAN_POINT('Ctrl Pts',(-0.410672099579104,2.87471096286836,0.735162040047815));
#6902=CARTESIAN_POINT('Origin',(-0.280268481153541,2.62847124450143,0.3));
#6903=CARTESIAN_POINT('Origin',(-0.694786206915427,2.01830716809754,0.3));
#6904=CARTESIAN_POINT('',(-0.665594065644936,2.58589356308469,0.703843853595974));
#6905=CARTESIAN_POINT('Ctrl Pts',(-0.665594065644936,2.58589356308469,0.703843853595974));
#6906=CARTESIAN_POINT('Ctrl Pts',(-0.666575880593702,2.54682830939223,0.719276296240902));
#6907=CARTESIAN_POINT('Ctrl Pts',(-0.663641363283759,2.50782008960807,0.734856634088318));
#6908=CARTESIAN_POINT('Ctrl Pts',(-0.641048820806962,2.45467540059255,0.758291876222799));
#6909=CARTESIAN_POINT('Ctrl Pts',(-0.630472772834967,2.4378367400393,0.76592091449491));
#6910=CARTESIAN_POINT('Ctrl Pts',(-0.605816602376343,2.40646517224869,0.779079385543809));
#6911=CARTESIAN_POINT('Ctrl Pts',(-0.591707999934224,2.39191243363287,0.784644212402057));
#6912=CARTESIAN_POINT('Ctrl Pts',(-0.548881390857843,2.35737573816385,0.796370682845273));
#6913=CARTESIAN_POINT('Ctrl Pts',(-0.516781660175629,2.3407339393274,0.8));
#6914=CARTESIAN_POINT('Ctrl Pts',(-0.482732759587438,2.33044676502148,0.8));
#6915=CARTESIAN_POINT('Ctrl Pts',(-0.410672099579104,2.87471096286836,0.735162040047815));
#6916=CARTESIAN_POINT('Ctrl Pts',(-0.443196230130266,2.86926209088968,0.721671333317098));
#6917=CARTESIAN_POINT('Ctrl Pts',(-0.474716645324088,2.8591668241823,0.70738145350191));
#6918=CARTESIAN_POINT('Ctrl Pts',(-0.532417879366033,2.82508816870381,0.685356304767179));
#6919=CARTESIAN_POINT('Ctrl Pts',(-0.558834467705871,2.801279622996,0.677808909436302));
#6920=CARTESIAN_POINT('Ctrl Pts',(-0.605252406224085,2.74718950941527,0.670719850745654));
#6921=CARTESIAN_POINT('Ctrl Pts',(-0.625245632247081,2.71690566995135,0.671196592977969));
#6922=CARTESIAN_POINT('Ctrl Pts',(-0.652964439222505,2.65307049435884,0.682533476657883));
#6923=CARTESIAN_POINT('Ctrl Pts',(-0.660511823456714,2.61939845081611,0.693168362593908));
#6924=CARTESIAN_POINT('Ctrl Pts',(-0.665594065644936,2.58589356308469,0.703843853595974));
#6925=CARTESIAN_POINT('Ctrl Pts',(-0.462982135447141,2.97348742824123,0.764978314502543));
#6926=CARTESIAN_POINT('Ctrl Pts',(-0.455777637706877,2.95988325440037,0.74225636446434));
#6927=CARTESIAN_POINT('Ctrl Pts',(-0.448573139966612,2.94627908055951,0.719534414426137));
#6928=CARTESIAN_POINT('Ctrl Pts',(-0.441368642226347,2.93267490671866,0.696812464387933));
#6929=CARTESIAN_POINT('Ctrl Pts',(-0.502940729802973,2.96193542726269,0.745269811130527));
#6930=CARTESIAN_POINT('Ctrl Pts',(-0.494177376967737,2.94800295537367,0.723456246201015));
#6931=CARTESIAN_POINT('Ctrl Pts',(-0.485428448899823,2.93406557280316,0.70164656296569));
#6932=CARTESIAN_POINT('Ctrl Pts',(-0.476665096064586,2.92013310091415,0.679832998036179));
#6933=CARTESIAN_POINT('Ctrl Pts',(-0.541233175620982,2.9461729555801,0.724506579908348));
#6934=CARTESIAN_POINT('Ctrl Pts',(-0.531077323545086,2.93201773786205,0.70369641650814));
#6935=CARTESIAN_POINT('Ctrl Pts',(-0.520923616299657,2.91786072256092,0.682892770238643));
#6936=CARTESIAN_POINT('Ctrl Pts',(-0.510767764223761,2.90370550484287,0.662082606838435));
#6937=CARTESIAN_POINT('Ctrl Pts',(-0.610098518778815,2.900104668122,0.69326071262341));
#6938=CARTESIAN_POINT('Ctrl Pts',(-0.597759908734009,2.88591418736182,0.674085004888228));
#6939=CARTESIAN_POINT('Ctrl Pts',(-0.58542185178818,2.87172500245438,0.654903990446739));
#6940=CARTESIAN_POINT('Ctrl Pts',(-0.573083241743374,2.8575345216942,0.635728282711557));
#6941=CARTESIAN_POINT('Ctrl Pts',(-0.641053356202621,2.87005832507048,0.683053355112839));
#6942=CARTESIAN_POINT('Ctrl Pts',(-0.627908186006283,2.85604805253388,0.664483089961488));
#6943=CARTESIAN_POINT('Ctrl Pts',(-0.614765830003018,2.8420378021197,0.645912296706838));
#6944=CARTESIAN_POINT('Ctrl Pts',(-0.60162065980668,2.8280275295831,0.627342031555487));
#6945=CARTESIAN_POINT('Ctrl Pts',(-0.695290177947394,2.80302302376539,0.674739460689865));
#6946=CARTESIAN_POINT('Ctrl Pts',(-0.680952402179627,2.78965283211428,0.656861430484108));
#6947=CARTESIAN_POINT('Ctrl Pts',(-0.666612258740593,2.77628321319008,0.638985406549455));
#6948=CARTESIAN_POINT('Ctrl Pts',(-0.652274482972827,2.76291302153897,0.621107376343698));
#6949=CARTESIAN_POINT('Ctrl Pts',(-0.718584335928968,2.76604233574322,0.676635256663959));
#6950=CARTESIAN_POINT('Ctrl Pts',(-0.703853825003929,2.75313308023686,0.658848021440276));
#6951=CARTESIAN_POINT('Ctrl Pts',(-0.689124042179452,2.74022461720813,0.641056067099453));
#6952=CARTESIAN_POINT('Ctrl Pts',(-0.674393531254413,2.72731536170177,0.62326883187577));
#6953=CARTESIAN_POINT('Ctrl Pts',(-0.752086005302198,2.68895739701501,0.694197553023086));
#6954=CARTESIAN_POINT('Ctrl Pts',(-0.73705012128693,2.67728933521972,0.675948909130489));
#6955=CARTESIAN_POINT('Ctrl Pts',(-0.722011465720309,2.66562191139037,0.657706966778469));
#6956=CARTESIAN_POINT('Ctrl Pts',(-0.706975581705041,2.65395384959508,0.639458322885872));
#6957=CARTESIAN_POINT('Ctrl Pts',(-0.762000436693006,2.64865404108446,0.709738110620104));
#6958=CARTESIAN_POINT('Ctrl Pts',(-0.747057708009007,2.63777171626536,0.690952678069255));
#6959=CARTESIAN_POINT('Ctrl Pts',(-0.73210066002051,2.6268949655899,0.672175617201866));
#6960=CARTESIAN_POINT('Ctrl Pts',(-0.717157931336511,2.6160126407708,0.653390184651017));
#6961=CARTESIAN_POINT('Ctrl Pts',(-0.767849888401776,2.60808270871969,0.726249329985417));
#6962=CARTESIAN_POINT('Ctrl Pts',(-0.753108005139817,2.5980677436316,0.706863206169155));
#6963=CARTESIAN_POINT('Ctrl Pts',(-0.738366121877858,2.5880527785435,0.687477082352892));
#6964=CARTESIAN_POINT('Ctrl Pts',(-0.723624238615899,2.57803781345541,0.66809095853663));
#6965=CARTESIAN_POINT('',(-0.767849888401776,2.60808270871969,0.726249329985417));
#6966=CARTESIAN_POINT('',(-0.767849888401776,2.60808270871969,0.726249329985417));
#6967=CARTESIAN_POINT('',(-0.462982135447142,2.97348742824123,0.764978314502543));
#6968=CARTESIAN_POINT('Ctrl Pts',(-0.462982135883652,2.97348742811503,0.764978314287246));
#6969=CARTESIAN_POINT('Ctrl Pts',(-0.476655307751706,2.96953452392015,0.758234389522746));
#6970=CARTESIAN_POINT('Ctrl Pts',(-0.490149901042607,2.96509983374803,0.751382021343023));
#6971=CARTESIAN_POINT('Ctrl Pts',(-0.50335149533758,2.96004268363729,0.744644451265037));
#6972=CARTESIAN_POINT('Ctrl Pts',(-0.517444116637978,2.95464420677324,0.737452136346671));
#6973=CARTESIAN_POINT('Ctrl Pts',(-0.53120283759716,2.94853639950007,0.730391479014431));
#6974=CARTESIAN_POINT('Ctrl Pts',(-0.544527396196726,2.9415745823072,0.723772409773418));
#6975=CARTESIAN_POINT('Ctrl Pts',(-0.555198520713242,2.93599913171563,0.718471452782873));
#6976=CARTESIAN_POINT('Ctrl Pts',(-0.565592250758907,2.92987666276709,0.71345481897406));
#6977=CARTESIAN_POINT('Ctrl Pts',(-0.575670962873661,2.92314228720716,0.708890646426367));
#6978=CARTESIAN_POINT('Ctrl Pts',(-0.588739240944154,2.91441034889538,0.702972640699461));
#6979=CARTESIAN_POINT('Ctrl Pts',(-0.601288994174655,2.90465719148122,0.697809905621521));
#6980=CARTESIAN_POINT('Ctrl Pts',(-0.613324972924929,2.8940925774589,0.693471173811349));
#6981=CARTESIAN_POINT('Ctrl Pts',(-0.625749869373951,2.88318658983839,0.688992244878359));
#6982=CARTESIAN_POINT('Ctrl Pts',(-0.637627501412297,2.87141602685801,0.685391029883478));
#6983=CARTESIAN_POINT('Ctrl Pts',(-0.648933788113577,2.85899173954329,0.682699719432247));
#6984=CARTESIAN_POINT('Ctrl Pts',(-0.655549551958551,2.85172178849853,0.681124925262483));
#6985=CARTESIAN_POINT('Ctrl Pts',(-0.661969120230518,2.84422761997559,0.679860901691053));
#6986=CARTESIAN_POINT('Ctrl Pts',(-0.668182877571912,2.83654822238427,0.678908293118395));
#6987=CARTESIAN_POINT('Ctrl Pts',(-0.678964931597181,2.82322300301023,0.677255335570967));
#6988=CARTESIAN_POINT('Ctrl Pts',(-0.6891276125923,2.80934028394613,0.6765436859446));
#6989=CARTESIAN_POINT('Ctrl Pts',(-0.698525178231999,2.79503661098869,0.676852145232954));
#6990=CARTESIAN_POINT('Ctrl Pts',(-0.707378666933291,2.78156105659823,0.677142746110773));
#6991=CARTESIAN_POINT('Ctrl Pts',(-0.715553175024932,2.7677119519058,0.678338904820482));
#6992=CARTESIAN_POINT('Ctrl Pts',(-0.722898183918631,2.75358400790132,0.68047651916029));
#6993=CARTESIAN_POINT('Ctrl Pts',(-0.727366877517684,2.74498858564189,0.681777040869084));
#6994=CARTESIAN_POINT('Ctrl Pts',(-0.731527960625714,2.73628956254981,0.683425459068866));
#6995=CARTESIAN_POINT('Ctrl Pts',(-0.735341705374002,2.72750430579681,0.685423378298575));
#6996=CARTESIAN_POINT('Ctrl Pts',(-0.743709684192332,2.70822801771916,0.689807139378141));
#6997=CARTESIAN_POINT('Ctrl Pts',(-0.750387773322231,2.68852455917173,0.695893720227577));
#6998=CARTESIAN_POINT('Ctrl Pts',(-0.75569292008659,2.66856051612248,0.702941871274173));
#6999=CARTESIAN_POINT('Ctrl Pts',(-0.759851563500257,2.65291093283579,0.70846683565883));
#7000=CARTESIAN_POINT('Ctrl Pts',(-0.763165290297004,2.63710036289859,0.71458062833886));
#7001=CARTESIAN_POINT('Ctrl Pts',(-0.765810136557281,2.62122492297534,0.72093994566713));
#7002=CARTESIAN_POINT('Ctrl Pts',(-0.766539298641606,2.6168481964193,0.722693156486074));
#7003=CARTESIAN_POINT('Ctrl Pts',(-0.767217821440983,2.61246667494761,0.724465197597834));
#7004=CARTESIAN_POINT('Ctrl Pts',(-0.767849888401776,2.60808270871969,0.726249329985417));
#7005=CARTESIAN_POINT('',(-0.441368642226347,2.93267490671866,0.696812464387933));
#7006=CARTESIAN_POINT('Ctrl Pts',(-0.0555012157316838,2.62847124450143,
0.879));
#7007=CARTESIAN_POINT('Ctrl Pts',(-0.0555012157316838,2.62847124450143,
0.852666666666666));
#7008=CARTESIAN_POINT('Ctrl Pts',(-0.0555012157316838,2.62847124450143,
0.826333333333333));
#7009=CARTESIAN_POINT('Ctrl Pts',(-0.0555012157316838,2.62847124450143,
0.8));
#7010=CARTESIAN_POINT('Ctrl Pts',(-0.0606560361660642,2.67471378482199,
0.879));
#7011=CARTESIAN_POINT('Ctrl Pts',(-0.0601318851587902,2.67279175757821,
0.852665146885872));
#7012=CARTESIAN_POINT('Ctrl Pts',(-0.0596202546789759,2.67089250059305,
0.826334853114128));
#7013=CARTESIAN_POINT('Ctrl Pts',(-0.0590961036717019,2.66897047334927,
0.8));
#7014=CARTESIAN_POINT('Ctrl Pts',(-0.0726162787236347,2.72003070514541,
0.873250958250235));
#7015=CARTESIAN_POINT('Ctrl Pts',(-0.0715695726933371,2.71624653187055,
0.847131132752837));
#7016=CARTESIAN_POINT('Ctrl Pts',(-0.0705323098053157,2.71245607932343,
0.821014446358922));
#7017=CARTESIAN_POINT('Ctrl Pts',(-0.0694856037750181,2.70867190604858,
0.794894620861523));
#7018=CARTESIAN_POINT('Ctrl Pts',(-0.107470862684864,2.79747014343274,0.855067987831162));
#7019=CARTESIAN_POINT('Ctrl Pts',(-0.105445356554405,2.79048784408055,0.8296186486562));
#7020=CARTESIAN_POINT('Ctrl Pts',(-0.103412639059384,2.78351513356428,0.804167820029554));
#7021=CARTESIAN_POINT('Ctrl Pts',(-0.101387132928925,2.77653283421209,0.778718480854592));
#7022=CARTESIAN_POINT('Ctrl Pts',(-0.129213462446788,2.83086237498129,0.843368976342428));
#7023=CARTESIAN_POINT('Ctrl Pts',(-0.126714189423557,2.82250865949795,0.818345624390491));
#7024=CARTESIAN_POINT('Ctrl Pts',(-0.124214176128289,2.81415965329204,0.79332361271487));
#7025=CARTESIAN_POINT('Ctrl Pts',(-0.121714903105059,2.8058059378087,0.768300260762934));
#7026=CARTESIAN_POINT('Ctrl Pts',(-0.18131358373456,2.88774962881482,0.818624225051003));
#7027=CARTESIAN_POINT('Ctrl Pts',(-0.177870948896665,2.87707876899327,0.794482149212196));
#7028=CARTESIAN_POINT('Ctrl Pts',(-0.174429664556416,2.86640482281992,0.770340638693847));
#7029=CARTESIAN_POINT('Ctrl Pts',(-0.170987029718522,2.85573396299837,0.74619856285504));
#7030=CARTESIAN_POINT('Ctrl Pts',(-0.211671105260408,2.9111875328798,0.80572785902129));
#7031=CARTESIAN_POINT('Ctrl Pts',(-0.207759444301338,2.89956678824445,0.782034926167791));
#7032=CARTESIAN_POINT('Ctrl Pts',(-0.203847070181641,2.88795059259295,0.758342290708442));
#7033=CARTESIAN_POINT('Ctrl Pts',(-0.199935409222572,2.8763298479576,0.734649357854943));
#7034=CARTESIAN_POINT('Ctrl Pts',(-0.277165037953272,2.94708865890567,0.783897623147001));
#7035=CARTESIAN_POINT('Ctrl Pts',(-0.272311915216839,2.93406989878206,0.760917695435246));
#7036=CARTESIAN_POINT('Ctrl Pts',(-0.267459588640696,2.92104436552379,0.737939868960567));
#7037=CARTESIAN_POINT('Ctrl Pts',(-0.262606465904263,2.90802560540017,0.714959941248812));
#7038=CARTESIAN_POINT('Ctrl Pts',(-0.312301449120288,2.95960882256861,0.775067027095176));
#7039=CARTESIAN_POINT('Ctrl Pts',(-0.306978342025258,2.94612791783659,0.75234987945496));
#7040=CARTESIAN_POINT('Ctrl Pts',(-0.3016552996786,2.93264466031707,0.729634015229946));
#7041=CARTESIAN_POINT('Ctrl Pts',(-0.296332192583571,2.91916375558505,0.706916867589729));
#7042=CARTESIAN_POINT('Ctrl Pts',(-0.386957511683777,2.97546634417909,0.763600972910181));
#7043=CARTESIAN_POINT('Ctrl Pts',(-0.380693629928777,2.96149827944088,0.741143548739685));
#7044=CARTESIAN_POINT('Ctrl Pts',(-0.374429638115231,2.94752734552388,0.718687417941236));
#7045=CARTESIAN_POINT('Ctrl Pts',(-0.368165756360231,2.93355928078566,0.696229993770739));
#7046=CARTESIAN_POINT('Ctrl Pts',(-0.426477163080251,2.97884888393267,0.761000088154656));
#7047=CARTESIAN_POINT('Ctrl Pts',(-0.419742899463321,2.96485438975881,0.738536832319545));
#7048=CARTESIAN_POINT('Ctrl Pts',(-0.413009074787863,2.95083843444594,0.716079663171723));
#7049=CARTESIAN_POINT('Ctrl Pts',(-0.406274811170933,2.93684394027209,0.693616407336612));
#7050=CARTESIAN_POINT('Ctrl Pts',(-0.462982135447141,2.97348742824123,0.764978314502543));
#7051=CARTESIAN_POINT('Ctrl Pts',(-0.455777637706877,2.95988325440037,0.74225636446434));
#7052=CARTESIAN_POINT('Ctrl Pts',(-0.448573139966612,2.94627908055951,0.719534414426137));
#7053=CARTESIAN_POINT('Ctrl Pts',(-0.441368642226347,2.93267490671866,0.696812464387933));
#7054=CARTESIAN_POINT('',(-0.0555012157316839,2.62847124450143,0.879));
#7055=CARTESIAN_POINT('Ctrl Pts',(-0.0555012157316838,2.62847124450143,
0.879));
#7056=CARTESIAN_POINT('Ctrl Pts',(-0.0573913161380883,2.64542683885543,
0.879));
#7057=CARTESIAN_POINT('Ctrl Pts',(-0.0601963673348822,2.66226660083038,
0.878250870401736));
#7058=CARTESIAN_POINT('Ctrl Pts',(-0.0638934162398036,2.67879283834081,
0.876809099437122));
#7059=CARTESIAN_POINT('Ctrl Pts',(-0.0676673636938425,2.69566282128703,
0.875337339663005));
#7060=CARTESIAN_POINT('Ctrl Pts',(-0.0723708018410083,2.71220539098893,
0.873144074565631));
#7061=CARTESIAN_POINT('Ctrl Pts',(-0.0779793153302109,2.7282267849987,0.870341855504309));
#7062=CARTESIAN_POINT('Ctrl Pts',(-0.081860844905679,2.73931484154146,0.868402500952625));
#7063=CARTESIAN_POINT('Ctrl Pts',(-0.0861758803634682,2.75015364082925,
0.86617261020354));
#7064=CARTESIAN_POINT('Ctrl Pts',(-0.090916328352751,2.76068586459206,0.863702309942304));
#7065=CARTESIAN_POINT('Ctrl Pts',(-0.098348639533876,2.77719881117674,0.859829249781359));
#7066=CARTESIAN_POINT('Ctrl Pts',(-0.106826680014386,2.79304050492223,0.855344164607631));
#7067=CARTESIAN_POINT('Ctrl Pts',(-0.116270760189748,2.8080476078371,0.85044829887205));
#7068=CARTESIAN_POINT('Ctrl Pts',(-0.126219766557249,2.82385706303924,0.845290676480746));
#7069=CARTESIAN_POINT('Ctrl Pts',(-0.137240872339644,2.83873990141609,0.83967806504383));
#7070=CARTESIAN_POINT('Ctrl Pts',(-0.149240910603294,2.85255017708198,0.833881664766229));
#7071=CARTESIAN_POINT('Ctrl Pts',(-0.151221909646525,2.85483001505248,0.83292477920038));
#7072=CARTESIAN_POINT('Ctrl Pts',(-0.153229586858096,2.85708072359037,0.831962941657918));
#7073=CARTESIAN_POINT('Ctrl Pts',(-0.155263523090674,2.8593017629572,0.830997431019622));
#7074=CARTESIAN_POINT('Ctrl Pts',(-0.1697172540685,2.87508510217169,0.824136237045767));
#7075=CARTESIAN_POINT('Ctrl Pts',(-0.18549704695163,2.88933335448354,0.817104253305149));
#7076=CARTESIAN_POINT('Ctrl Pts',(-0.202275285120464,2.90194877213876,0.810344042658842));
#7077=CARTESIAN_POINT('Ctrl Pts',(-0.215736583197754,2.91207021014182,0.804920278276702));
#7078=CARTESIAN_POINT('Ctrl Pts',(-0.229840577047121,2.92114248814194,0.799671918145226));
#7079=CARTESIAN_POINT('Ctrl Pts',(-0.24441807160684,2.92913577112747,0.794814957765766));
#7080=CARTESIAN_POINT('Ctrl Pts',(-0.259681213959803,2.93750501562116,0.78972955180861));
#7081=CARTESIAN_POINT('Ctrl Pts',(-0.27546344643921,2.94468616262586,0.785080282906629));
#7082=CARTESIAN_POINT('Ctrl Pts',(-0.291744738204581,2.95077698960193,0.780998967436742));
#7083=CARTESIAN_POINT('Ctrl Pts',(-0.308338178313973,2.95698459119156,0.776839404129783));
#7084=CARTESIAN_POINT('Ctrl Pts',(-0.325449997289183,2.96206019081129,0.773269470422599));
#7085=CARTESIAN_POINT('Ctrl Pts',(-0.343058989953705,2.9660876505755,0.770378743513806));
#7086=CARTESIAN_POINT('Ctrl Pts',(-0.345241529184035,2.96658683239137,0.770020453576227));
#7087=CARTESIAN_POINT('Ctrl Pts',(-0.347431706125515,2.96706988268869,0.769672539335406));
#7088=CARTESIAN_POINT('Ctrl Pts',(-0.349629480402032,2.96753693519943,0.769335122691115));
#7089=CARTESIAN_POINT('Ctrl Pts',(-0.368293496042905,2.97150325487962,0.766469701253697));
#7090=CARTESIAN_POINT('Ctrl Pts',(-0.387505416712459,2.97431584105923,0.76436476187614));
#7091=CARTESIAN_POINT('Ctrl Pts',(-0.406614455017657,2.97548058096917,0.76349274040077));
#7092=CARTESIAN_POINT('Ctrl Pts',(-0.420433742757823,2.97632289839514,0.762862111297867));
#7093=CARTESIAN_POINT('Ctrl Pts',(-0.434199224016504,2.97630411059365,0.762877021639571));
#7094=CARTESIAN_POINT('Ctrl Pts',(-0.447664760255399,2.97521782211052,0.763689347426036));
#7095=CARTESIAN_POINT('Ctrl Pts',(-0.452819101728522,2.97480201232166,0.764000289702421));
#7096=CARTESIAN_POINT('Ctrl Pts',(-0.457929495038971,2.97422950544104,0.764427689590513));
#7097=CARTESIAN_POINT('Ctrl Pts',(-0.462982135447142,2.97348742824123,0.764978314502543));
#7098=CARTESIAN_POINT('',(-0.0555012157316839,2.62847124450143,0.8));
#7099=CARTESIAN_POINT('Ctrl Pts',(-0.427654711627691,2.90677904240839,0.807726077352916));
#7100=CARTESIAN_POINT('Ctrl Pts',(-0.421993840944829,2.89608968256171,0.783538064917882));
#7101=CARTESIAN_POINT('Ctrl Pts',(-0.416332970261966,2.88540032271503,0.759350052482849));
#7102=CARTESIAN_POINT('Ctrl Pts',(-0.410672099579104,2.87471096286836,0.735162040047815));
#7103=CARTESIAN_POINT('Ctrl Pts',(-0.381931762635901,2.91079888859835,0.805522616488969));
#7104=CARTESIAN_POINT('Ctrl Pts',(-0.376866882649629,2.89971174311387,0.78154264494353));
#7105=CARTESIAN_POINT('Ctrl Pts',(-0.371804164038199,2.8886233650221,0.757543318824743));
#7106=CARTESIAN_POINT('Ctrl Pts',(-0.366739284051927,2.87753621953763,0.733563347279303));
#7107=CARTESIAN_POINT('Ctrl Pts',(-0.3356962423953,2.89858181980299,0.812641813433639));
#7108=CARTESIAN_POINT('Ctrl Pts',(-0.33122964509756,2.88787235843755,0.788497745020271));
#7109=CARTESIAN_POINT('Ctrl Pts',(-0.326761812494344,2.87715927903108,0.764353735275635));
#7110=CARTESIAN_POINT('Ctrl Pts',(-0.322295215196604,2.86644981766564,0.740209666862267));
#7111=CARTESIAN_POINT('Ctrl Pts',(-0.252391977458913,2.85686333435262,0.832567358796067));
#7112=CARTESIAN_POINT('Ctrl Pts',(-0.249116923485543,2.84767335996185,0.807837555313261));
#7113=CARTESIAN_POINT('Ctrl Pts',(-0.245843580755751,2.83848708521966,0.783104727225049));
#7114=CARTESIAN_POINT('Ctrl Pts',(-0.242568526782381,2.82929711082889,0.758374923742243));
#7115=CARTESIAN_POINT('Ctrl Pts',(-0.215323232763128,2.82720870019638,0.845278445384716));
#7116=CARTESIAN_POINT('Ctrl Pts',(-0.212643952441011,2.81917301356668,0.820128800263598));
#7117=CARTESIAN_POINT('Ctrl Pts',(-0.209967697829027,2.81114515019111,0.794972231307305));
#7118=CARTESIAN_POINT('Ctrl Pts',(-0.20728841750691,2.8031094635614,0.769822586186187));
#7119=CARTESIAN_POINT('Ctrl Pts',(-0.165164300091221,2.7594140412923,0.864843252216145));
#7120=CARTESIAN_POINT('Ctrl Pts',(-0.163539551623471,2.754093225519,0.839014245846829));
#7121=CARTESIAN_POINT('Ctrl Pts',(-0.161912842414501,2.7487675909004,0.813189341771983));
#7122=CARTESIAN_POINT('Ctrl Pts',(-0.16028809394675,2.74344677512711,0.787360335402667));
#7123=CARTESIAN_POINT('Ctrl Pts',(-0.148464055478171,2.72498949028341,0.872106750892416));
#7124=CARTESIAN_POINT('Ctrl Pts',(-0.147293072183867,2.72105538794209,0.846021277726224));
#7125=CARTESIAN_POINT('Ctrl Pts',(-0.146121394934585,2.71713540320961,0.819933562446266));
#7126=CARTESIAN_POINT('Ctrl Pts',(-0.144950411640281,2.71320130086829,0.793848089280074));
#7127=CARTESIAN_POINT('Ctrl Pts',(-0.131342246462146,2.66880210200205,0.877920526245987));
#7128=CARTESIAN_POINT('Ctrl Pts',(-0.130863600969677,2.66716073919376,0.851625699071299));
#7129=CARTESIAN_POINT('Ctrl Pts',(-0.130385507205788,2.66551268149728,0.825331879261269));
#7130=CARTESIAN_POINT('Ctrl Pts',(-0.129906861713319,2.663871318689,0.799037052086581));
#7131=CARTESIAN_POINT('Ctrl Pts',(-0.126956818108317,2.64873832144306,0.879));
#7132=CARTESIAN_POINT('Ctrl Pts',(-0.126717500526364,2.64790968879595,0.852666746996606));
#7133=CARTESIAN_POINT('Ctrl Pts',(-0.126478796883529,2.64708716785403,0.826333253003394));
#7134=CARTESIAN_POINT('Ctrl Pts',(-0.126239479301576,2.64625853520692,0.8));
#7135=CARTESIAN_POINT('Ctrl Pts',(-0.124235820844043,2.62847124450143,0.879));
#7136=CARTESIAN_POINT('Ctrl Pts',(-0.124235820844043,2.62847124450143,0.852666666666666));
#7137=CARTESIAN_POINT('Ctrl Pts',(-0.124235820844043,2.62847124450143,0.826333333333333));
#7138=CARTESIAN_POINT('Ctrl Pts',(-0.124235820844043,2.62847124450143,0.8));
#7139=CARTESIAN_POINT('',(-0.124235820844043,2.62847124450143,0.879));
#7140=CARTESIAN_POINT('',(-0.124235820844043,2.62847124450143,0.8));
#7141=CARTESIAN_POINT('',(-0.427654711627691,2.90677904240839,0.807726077352916));
#7142=CARTESIAN_POINT('Ctrl Pts',(-0.427654711627691,2.90677904240839,0.807726077352916));
#7143=CARTESIAN_POINT('Ctrl Pts',(-0.415109085133264,2.90788202220248,0.807121483869693));
#7144=CARTESIAN_POINT('Ctrl Pts',(-0.402524869020544,2.90775090901014,0.807193958348323));
#7145=CARTESIAN_POINT('Ctrl Pts',(-0.390007332238804,2.90656036754778,0.80784588178237));
#7146=CARTESIAN_POINT('Ctrl Pts',(-0.374596745716728,2.90509466846227,0.808648477585468));
#7147=CARTESIAN_POINT('Ctrl Pts',(-0.359287222108947,2.90202256102599,0.810328580714958));
#7148=CARTESIAN_POINT('Ctrl Pts',(-0.344275188406471,2.89763274382419,0.812633482404653));
#7149=CARTESIAN_POINT('Ctrl Pts',(-0.327040303647643,2.89259292076725,0.815279673839447));
#7150=CARTESIAN_POINT('Ctrl Pts',(-0.310197530713836,2.88581315513028,0.818745180735042));
#7151=CARTESIAN_POINT('Ctrl Pts',(-0.294044109927106,2.87771881192855,0.822605635380698));
#7152=CARTESIAN_POINT('Ctrl Pts',(-0.277347360115664,2.86935221112544,0.826595938501501));
#7153=CARTESIAN_POINT('Ctrl Pts',(-0.261387115812421,2.85958367579345,0.831012520209038));
#7154=CARTESIAN_POINT('Ctrl Pts',(-0.246421739925499,2.84839654799989,0.835606068749327));
#7155=CARTESIAN_POINT('Ctrl Pts',(-0.231503578583613,2.83724471468561,0.840185125017183));
#7156=CARTESIAN_POINT('Ctrl Pts',(-0.217574018102436,2.82468194953505,0.844939583742209));
#7157=CARTESIAN_POINT('Ctrl Pts',(-0.204888983754883,2.81070643648685,0.849573775577071));
#7158=CARTESIAN_POINT('Ctrl Pts',(-0.198554641797477,2.80372768686332,0.851887884863176));
#7159=CARTESIAN_POINT('Ctrl Pts',(-0.192530629821581,2.79639700933762,0.854171283278855));
#7160=CARTESIAN_POINT('Ctrl Pts',(-0.186848814942171,2.78871709269332,0.856383202601643));
#7161=CARTESIAN_POINT('Ctrl Pts',(-0.17749403391639,2.77607255216736,0.860025000398746));
#7162=CARTESIAN_POINT('Ctrl Pts',(-0.169066871415236,2.76248778221879,0.863466941544669));
#7163=CARTESIAN_POINT('Ctrl Pts',(-0.161607256845143,2.74816075603357,0.866493972456192));
#7164=CARTESIAN_POINT('Ctrl Pts',(-0.154547747793325,2.73460217735772,0.869358644875824));
#7165=CARTESIAN_POINT('Ctrl Pts',(-0.148354778932174,2.72037928292727,0.871851116594564));
#7166=CARTESIAN_POINT('Ctrl Pts',(-0.143062193131787,2.70568648848,0.873828202598417));
#7167=CARTESIAN_POINT('Ctrl Pts',(-0.140983720203722,2.69991642132416,0.874604632096294));
#7168=CARTESIAN_POINT('Ctrl Pts',(-0.139044108261996,2.69407414691036,0.875302063666214));
#7169=CARTESIAN_POINT('Ctrl Pts',(-0.137245407036253,2.68817237033019,0.875913861245568));
#7170=CARTESIAN_POINT('Ctrl Pts',(-0.132858632484537,2.67377878292318,0.877405947876465));
#7171=CARTESIAN_POINT('Ctrl Pts',(-0.129309997978081,2.65900155210705,0.878388158989215));
#7172=CARTESIAN_POINT('Ctrl Pts',(-0.126659705240037,2.64404159960347,0.878790604659402));
#7173=CARTESIAN_POINT('Ctrl Pts',(-0.125743572711265,2.63887035986807,0.878929718940715));
#7174=CARTESIAN_POINT('Ctrl Pts',(-0.124934782386206,2.63367738988799,0.879));
#7175=CARTESIAN_POINT('Ctrl Pts',(-0.124235820844043,2.62847124450143,0.879));
#7176=CARTESIAN_POINT('',(-0.410672099579104,2.87471096286836,0.735162040047815));
#7177=CARTESIAN_POINT('Ctrl Pts',(-0.70412322675975,2.61206852299867,0.767651182464139));
#7178=CARTESIAN_POINT('Ctrl Pts',(-0.691280173054812,2.60334353636068,0.746382072841417));
#7179=CARTESIAN_POINT('Ctrl Pts',(-0.678437119349874,2.59461854972268,0.725112963218696));
#7180=CARTESIAN_POINT('Ctrl Pts',(-0.665594065644936,2.58589356308469,0.703843853595974));
#7181=CARTESIAN_POINT('Ctrl Pts',(-0.699721210565187,2.64774643077076,0.755673533060603));
#7182=CARTESIAN_POINT('Ctrl Pts',(-0.686649746230236,2.63829596407534,0.734839533695062));
#7183=CARTESIAN_POINT('Ctrl Pts',(-0.673583287791664,2.62884891751153,0.714002361959449));
#7184=CARTESIAN_POINT('Ctrl Pts',(-0.660511823456714,2.61939845081611,0.693168362593908));
#7185=CARTESIAN_POINT('Ctrl Pts',(-0.692638816709305,2.68344547809729,0.743804046222255));
#7186=CARTESIAN_POINT('Ctrl Pts',(-0.679413712765343,2.67332026258795,0.723379613741021));
#7187=CARTESIAN_POINT('Ctrl Pts',(-0.666189543166468,2.66319570986818,0.702957909139117));
#7188=CARTESIAN_POINT('Ctrl Pts',(-0.652964439222505,2.65307049435884,0.682533476657883));
#7189=CARTESIAN_POINT('Ctrl Pts',(-0.664242361602187,2.75024224745024,0.731582027909974));
#7190=CARTESIAN_POINT('Ctrl Pts',(-0.651242983794814,2.7391299978997,0.71145464667669));
#7191=CARTESIAN_POINT('Ctrl Pts',(-0.638245010054454,2.72801791950189,0.691323974211252));
#7192=CARTESIAN_POINT('Ctrl Pts',(-0.625245632247081,2.71690566995135,0.671196592977969));
#7193=CARTESIAN_POINT('Ctrl Pts',(-0.64312500515582,2.78147360177577,0.731482310880046));
#7194=CARTESIAN_POINT('Ctrl Pts',(-0.630500812650984,2.77004563150657,0.711227890549479));
#7195=CARTESIAN_POINT('Ctrl Pts',(-0.617876598728921,2.75861747968446,0.690974271076222));
#7196=CARTESIAN_POINT('Ctrl Pts',(-0.605252406224085,2.74718950941527,0.670719850745654));
#7197=CARTESIAN_POINT('Ctrl Pts',(-0.593215343951623,2.83661398541599,0.740483554433654));
#7198=CARTESIAN_POINT('Ctrl Pts',(-0.581753866985781,2.82483567976389,0.719592477336966));
#7199=CARTESIAN_POINT('Ctrl Pts',(-0.570295944671713,2.81305792864809,0.698699986532991));
#7200=CARTESIAN_POINT('Ctrl Pts',(-0.558834467705871,2.801279622996,0.677808909436302));
#7201=CARTESIAN_POINT('Ctrl Pts',(-0.564427225637525,2.86052585881017,0.749570855859709));
#7202=CARTESIAN_POINT('Ctrl Pts',(-0.553756609834945,2.84871256007755,0.728167780643314));
#7203=CARTESIAN_POINT('Ctrl Pts',(-0.543088495168613,2.83690146743643,0.706759379983575));
#7204=CARTESIAN_POINT('Ctrl Pts',(-0.532417879366033,2.82508816870381,0.685356304767179));
#7205=CARTESIAN_POINT('Ctrl Pts',(-0.500326013425781,2.89367052475841,0.775528394776146));
#7206=CARTESIAN_POINT('Ctrl Pts',(-0.491789065550043,2.88217015359236,0.752811027052906));
#7207=CARTESIAN_POINT('Ctrl Pts',(-0.483253593199826,2.87066719534835,0.73009882122515));
#7208=CARTESIAN_POINT('Ctrl Pts',(-0.474716645324088,2.8591668241823,0.70738145350191));
#7209=CARTESIAN_POINT('Ctrl Pts',(-0.464735701820509,2.90271498820861,0.792164947124092));
#7210=CARTESIAN_POINT('Ctrl Pts',(-0.457551160684912,2.89156504095295,0.768667012491001));
#7211=CARTESIAN_POINT('Ctrl Pts',(-0.450380771265863,2.88041203814534,0.745169267950189));
#7212=CARTESIAN_POINT('Ctrl Pts',(-0.443196230130266,2.86926209088968,0.721671333317098));
#7213=CARTESIAN_POINT('Ctrl Pts',(-0.427654711627691,2.90677904240839,0.807726077352916));
#7214=CARTESIAN_POINT('Ctrl Pts',(-0.421993840944828,2.89608968256171,0.783538064917882));
#7215=CARTESIAN_POINT('Ctrl Pts',(-0.416332970261966,2.88540032271503,0.759350052482849));
#7216=CARTESIAN_POINT('Ctrl Pts',(-0.410672099579104,2.87471096286836,0.735162040047815));
#7217=CARTESIAN_POINT('',(-0.70412322675975,2.61206852299867,0.767651182464138));
#7218=CARTESIAN_POINT('Ctrl Pts',(-0.70412322675975,2.61206852299867,0.767651182464139));
#7219=CARTESIAN_POINT('Ctrl Pts',(-0.702442469133656,2.62569089804697,0.763077931324686));
#7220=CARTESIAN_POINT('Ctrl Pts',(-0.700380657144469,2.63932294404917,0.758531902995017));
#7221=CARTESIAN_POINT('Ctrl Pts',(-0.697673635016594,2.65282369292915,0.754306800117519));
#7222=CARTESIAN_POINT('Ctrl Pts',(-0.694216678386014,2.67006459498083,0.748911204249703));
#7223=CARTESIAN_POINT('Ctrl Pts',(-0.689707794792319,2.6870915731712,0.744040590777848));
#7224=CARTESIAN_POINT('Ctrl Pts',(-0.683652606302301,2.70364892345406,0.740373734713234));
#7225=CARTESIAN_POINT('Ctrl Pts',(-0.682030817421138,2.70808355445432,0.739391623850093));
#7226=CARTESIAN_POINT('Ctrl Pts',(-0.680298293111929,2.7124846251385,0.738496028915547));
#7227=CARTESIAN_POINT('Ctrl Pts',(-0.678445719635382,2.71684734818832,0.737700044420425));
#7228=CARTESIAN_POINT('Ctrl Pts',(-0.673077033283162,2.72949035101254,0.735393312110136));
#7229=CARTESIAN_POINT('Ctrl Pts',(-0.666702329716772,2.74181278266275,0.733926809280311));
#7230=CARTESIAN_POINT('Ctrl Pts',(-0.659510475845457,2.75374847887935,0.733254559049743));
#7231=CARTESIAN_POINT('Ctrl Pts',(-0.651584116427159,2.7669031702584,0.732513651761878));
#7232=CARTESIAN_POINT('Ctrl Pts',(-0.642665027729732,2.77958799965243,0.732737163062965));
#7233=CARTESIAN_POINT('Ctrl Pts',(-0.63297043075826,2.79169018840392,0.733814123759794));
#7234=CARTESIAN_POINT('Ctrl Pts',(-0.628218806644126,2.79762184828361,0.734341975761491));
#7235=CARTESIAN_POINT('Ctrl Pts',(-0.623280385613146,2.80341320313899,0.735074176791551));
#7236=CARTESIAN_POINT('Ctrl Pts',(-0.618178369434335,2.8090493608251,0.735994363594487));
#7237=CARTESIAN_POINT('Ctrl Pts',(-0.607842156073776,2.82046769552567,0.737858577033521));
#7238=CARTESIAN_POINT('Ctrl Pts',(-0.596840269139413,2.83125297428323,0.740492772094877));
#7239=CARTESIAN_POINT('Ctrl Pts',(-0.585228655861343,2.84115411949541,0.743877275083826));
#7240=CARTESIAN_POINT('Ctrl Pts',(-0.574082254847885,2.85065858131173,0.747126180007083));
#7241=CARTESIAN_POINT('Ctrl Pts',(-0.562373823096985,2.85934821110072,0.751066794244221));
#7242=CARTESIAN_POINT('Ctrl Pts',(-0.550130747562132,2.86698590133559,0.755642001853854));
#7243=CARTESIAN_POINT('Ctrl Pts',(-0.544333695003399,2.87060232039572,0.757808346323809));
#7244=CARTESIAN_POINT('Ctrl Pts',(-0.53841646377496,2.87398268374499,0.760116348671901));
#7245=CARTESIAN_POINT('Ctrl Pts',(-0.532380360320124,2.87710073310586,0.762556287936377));
#7246=CARTESIAN_POINT('Ctrl Pts',(-0.518230179846411,2.88441024353962,0.76827613372689));
#7247=CARTESIAN_POINT('Ctrl Pts',(-0.503412009590189,2.89026819447923,0.774729050119842));
#7248=CARTESIAN_POINT('Ctrl Pts',(-0.488068701729642,2.89487094034448,0.781478451531474));
#7249=CARTESIAN_POINT('Ctrl Pts',(-0.475007297529152,2.89878915177089,0.78722406132761));
#7250=CARTESIAN_POINT('Ctrl Pts',(-0.461565324091228,2.90179773947865,0.793183460738041));
#7251=CARTESIAN_POINT('Ctrl Pts',(-0.447858324192073,2.9040364602494,0.799110558458357));
#7252=CARTESIAN_POINT('Ctrl Pts',(-0.441180891789191,2.90512706408143,0.801997973258377));
#7253=CARTESIAN_POINT('Ctrl Pts',(-0.434441012010753,2.90603526797223,0.804878189432889));
#7254=CARTESIAN_POINT('Ctrl Pts',(-0.427654711627691,2.90677904240839,0.807726077352916));
#7255=CARTESIAN_POINT('',(-0.665594065644936,2.58589356308469,0.703843853595974));
#7256=CARTESIAN_POINT('Ctrl Pts',(-0.522728231614319,2.27157401065539,0.8));
#7257=CARTESIAN_POINT('Ctrl Pts',(-0.522728231614319,2.27157401065539,0.879));
#7258=CARTESIAN_POINT('Ctrl Pts',(-0.484629090687,2.25752619136604,0.8));
#7259=CARTESIAN_POINT('Ctrl Pts',(-0.484629090687,2.25752619136604,0.879));
#7260=CARTESIAN_POINT('Ctrl Pts',(-0.36578923981541,2.23526604574618,0.8));
#7261=CARTESIAN_POINT('Ctrl Pts',(-0.36578923981541,2.23526604574618,0.879));
#7262=CARTESIAN_POINT('Ctrl Pts',(-0.170265778652557,2.30388026886268,0.8));
#7263=CARTESIAN_POINT('Ctrl Pts',(-0.170265778652557,2.30388026886268,0.879));
#7264=CARTESIAN_POINT('Ctrl Pts',(-0.0597677964744653,2.47420808179658,
0.8));
#7265=CARTESIAN_POINT('Ctrl Pts',(-0.0597677964744653,2.47420808179658,
0.879));
#7266=CARTESIAN_POINT('Ctrl Pts',(-0.0521935515115427,2.59128024065442,
0.8));
#7267=CARTESIAN_POINT('Ctrl Pts',(-0.0521935515115427,2.59128024065442,
0.879));
#7268=CARTESIAN_POINT('Ctrl Pts',(-0.0555012157316962,2.62847124450157,
0.8));
#7269=CARTESIAN_POINT('Ctrl Pts',(-0.0555012157316962,2.62847124450157,
0.879));
#7270=CARTESIAN_POINT('',(-0.522728231613726,2.27157401065517,0.879));
#7271=CARTESIAN_POINT('Ctrl Pts',(-0.522728231614319,2.27157401065539,0.879));
#7272=CARTESIAN_POINT('Ctrl Pts',(-0.484629090687,2.25752619136604,0.879));
#7273=CARTESIAN_POINT('Ctrl Pts',(-0.36578923981541,2.23526604574618,0.879));
#7274=CARTESIAN_POINT('Ctrl Pts',(-0.170265778652557,2.30388026886268,0.879));
#7275=CARTESIAN_POINT('Ctrl Pts',(-0.0597677964744653,2.47420808179658,
0.879));
#7276=CARTESIAN_POINT('Ctrl Pts',(-0.0521935515115427,2.59128024065442,
0.879));
#7277=CARTESIAN_POINT('Ctrl Pts',(-0.0555012157316962,2.62847124450157,
0.879));
#7278=CARTESIAN_POINT('',(-0.522728231613726,2.27157401065517,0.8));
#7279=CARTESIAN_POINT('Ctrl Pts',(-0.124235820844043,2.62847124450143,0.8));
#7280=CARTESIAN_POINT('Ctrl Pts',(-0.124235820844043,2.62847124450143,0.879));
#7281=CARTESIAN_POINT('Ctrl Pts',(-0.122431631022582,2.61247362674228,0.8));
#7282=CARTESIAN_POINT('Ctrl Pts',(-0.122431631022582,2.61247362674228,0.879));
#7283=CARTESIAN_POINT('Ctrl Pts',(-0.120057804436093,2.52810992195377,0.8));
#7284=CARTESIAN_POINT('Ctrl Pts',(-0.120057804436093,2.52810992195377,0.879));
#7285=CARTESIAN_POINT('Ctrl Pts',(-0.187575438062901,2.38184745057225,0.8));
#7286=CARTESIAN_POINT('Ctrl Pts',(-0.187575438062901,2.38184745057225,0.879));
#7287=CARTESIAN_POINT('Ctrl Pts',(-0.35087246858557,2.30827433147959,0.8));
#7288=CARTESIAN_POINT('Ctrl Pts',(-0.35087246858557,2.30827433147959,0.879));
#7289=CARTESIAN_POINT('Ctrl Pts',(-0.451887238950101,2.32114410787344,0.8));
#7290=CARTESIAN_POINT('Ctrl Pts',(-0.451887238950101,2.32114410787344,0.879));
#7291=CARTESIAN_POINT('Ctrl Pts',(-0.482732759587498,2.33044676502149,0.8));
#7292=CARTESIAN_POINT('Ctrl Pts',(-0.482732759587498,2.33044676502149,0.879));
#7293=CARTESIAN_POINT('',(-0.482732759587438,2.33044676502148,0.879));
#7294=CARTESIAN_POINT('',(-0.482732759587438,2.33044676502148,0.8));
#7295=CARTESIAN_POINT('Ctrl Pts',(-0.124235820844043,2.62847124450143,0.879));
#7296=CARTESIAN_POINT('Ctrl Pts',(-0.122431631022582,2.61247362674228,0.879));
#7297=CARTESIAN_POINT('Ctrl Pts',(-0.120057804436093,2.52810992195377,0.879));
#7298=CARTESIAN_POINT('Ctrl Pts',(-0.187575438062901,2.38184745057225,0.879));
#7299=CARTESIAN_POINT('Ctrl Pts',(-0.35087246858557,2.30827433147959,0.879));
#7300=CARTESIAN_POINT('Ctrl Pts',(-0.451887238950101,2.32114410787344,0.879));
#7301=CARTESIAN_POINT('Ctrl Pts',(-0.482732759587498,2.33044676502149,0.879));
#7302=CARTESIAN_POINT('Ctrl Pts',(-0.723624238615899,2.57803781345541,0.66809095853663));
#7303=CARTESIAN_POINT('Ctrl Pts',(-0.738366121877858,2.5880527785435,0.687477082352892));
#7304=CARTESIAN_POINT('Ctrl Pts',(-0.753108005139817,2.5980677436316,0.706863206169155));
#7305=CARTESIAN_POINT('Ctrl Pts',(-0.767849888401776,2.60808270871969,0.726249329985417));
#7306=CARTESIAN_POINT('Ctrl Pts',(-0.727612929776979,2.53063662678499,0.689545500667682));
#7307=CARTESIAN_POINT('Ctrl Pts',(-0.741336123178404,2.53995954030766,0.710058175529459));
#7308=CARTESIAN_POINT('Ctrl Pts',(-0.755065323051463,2.549286534354,0.730581014911399));
#7309=CARTESIAN_POINT('Ctrl Pts',(-0.768788516452888,2.55860944787666,0.751093689773176));
#7310=CARTESIAN_POINT('Ctrl Pts',(-0.724756730886314,2.48340096408706,0.712427991316131));
#7311=CARTESIAN_POINT('Ctrl Pts',(-0.737221830538586,2.49186918592946,0.734147341918394));
#7312=CARTESIAN_POINT('Ctrl Pts',(-0.749689334624087,2.50033904123446,0.755872263341817));
#7313=CARTESIAN_POINT('Ctrl Pts',(-0.76215443427636,2.50880726307687,0.77759161394408));
#7314=CARTESIAN_POINT('Ctrl Pts',(-0.698132423016349,2.41845525175941,0.745764910946406));
#7315=CARTESIAN_POINT('Ctrl Pts',(-0.708049209527459,2.42519226554049,0.769242724016531));
#7316=CARTESIAN_POINT('Ctrl Pts',(-0.717965298935197,2.43192880574124,0.792717953805812));
#7317=CARTESIAN_POINT('Ctrl Pts',(-0.727882085446307,2.43866581952232,0.816195766875938));
#7318=CARTESIAN_POINT('Ctrl Pts',(-0.685492495198411,2.39775574513266,0.756488235643323));
#7319=CARTESIAN_POINT('Ctrl Pts',(-0.694446604484412,2.40383875978559,0.78052968991413));
#7320=CARTESIAN_POINT('Ctrl Pts',(-0.703401365213196,2.40992221699912,0.804571922604161));
#7321=CARTESIAN_POINT('Ctrl Pts',(-0.712355474499196,2.41600523165205,0.828613376874968));
#7322=CARTESIAN_POINT('Ctrl Pts',(-0.655478369730765,2.35913674506033,0.774699495745078));
#7323=CARTESIAN_POINT('Ctrl Pts',(-0.66240573658478,2.36384288307286,0.799700693417009));
#7324=CARTESIAN_POINT('Ctrl Pts',(-0.669332982259058,2.36854893876139,0.824700818400868));
#7325=CARTESIAN_POINT('Ctrl Pts',(-0.676260349113073,2.37325507677392,0.8497020160728));
#7326=CARTESIAN_POINT('Ctrl Pts',(-0.638057253116677,2.34118777962628,0.782250153764787));
#7327=CARTESIAN_POINT('Ctrl Pts',(-0.643917279362246,2.34516881496768,0.807648559141595));
#7328=CARTESIAN_POINT('Ctrl Pts',(-0.649777652722559,2.34915008612306,0.833047272682817));
#7329=CARTESIAN_POINT('Ctrl Pts',(-0.655637678968129,2.35313112146446,0.858445678059624));
#7330=CARTESIAN_POINT('Ctrl Pts',(-0.590299401885692,2.30273928428736,0.795964897700175));
#7331=CARTESIAN_POINT('Ctrl Pts',(-0.593497383404602,2.30491184750029,0.822086226535391));
#7332=CARTESIAN_POINT('Ctrl Pts',(-0.596695157609596,2.30708426987358,0.848206022701588));
#7333=CARTESIAN_POINT('Ctrl Pts',(-0.599893139128506,2.30925683308651,0.874327351536803));
#7334=CARTESIAN_POINT('Ctrl Pts',(-0.557549053011763,2.2844276843318,0.8));
#7335=CARTESIAN_POINT('Ctrl Pts',(-0.559118643266689,2.2854939925725,0.826335516266419));
#7336=CARTESIAN_POINT('Ctrl Pts',(-0.56068782494038,2.28656002324169,0.852664483733581));
#7337=CARTESIAN_POINT('Ctrl Pts',(-0.562257415195306,2.2876263314824,0.879));
#7338=CARTESIAN_POINT('Ctrl Pts',(-0.522728231613726,2.27157401065517,0.8));
#7339=CARTESIAN_POINT('Ctrl Pts',(-0.522728231613726,2.27157401065517,0.826333333333333));
#7340=CARTESIAN_POINT('Ctrl Pts',(-0.522728231613726,2.27157401065517,0.852666666666667));
#7341=CARTESIAN_POINT('Ctrl Pts',(-0.522728231613726,2.27157401065517,0.879));
#7342=CARTESIAN_POINT('Ctrl Pts',(-0.767849888401776,2.60808270871969,0.726249329985417));
#7343=CARTESIAN_POINT('Ctrl Pts',(-0.768788516452888,2.55860944787666,0.751093689773176));
#7344=CARTESIAN_POINT('Ctrl Pts',(-0.76215443427636,2.50880726307687,0.77759161394408));
#7345=CARTESIAN_POINT('Ctrl Pts',(-0.727882085446307,2.43866581952232,0.816195766875938));
#7346=CARTESIAN_POINT('Ctrl Pts',(-0.712355474499196,2.41600523165205,0.828613376874968));
#7347=CARTESIAN_POINT('Ctrl Pts',(-0.676260349113073,2.37325507677392,0.8497020160728));
#7348=CARTESIAN_POINT('Ctrl Pts',(-0.655637678968129,2.35313112146446,0.858445678059624));
#7349=CARTESIAN_POINT('Ctrl Pts',(-0.599893139128506,2.30925683308651,0.874327351536803));
#7350=CARTESIAN_POINT('Ctrl Pts',(-0.562257415195306,2.2876263314824,0.879));
#7351=CARTESIAN_POINT('Ctrl Pts',(-0.522728231613726,2.27157401065517,0.879));
#7352=CARTESIAN_POINT('Ctrl Pts',(-0.482732759587438,2.33044676502148,0.8));
#7353=CARTESIAN_POINT('Ctrl Pts',(-0.482732759587438,2.33044676502148,0.826333333333333));
#7354=CARTESIAN_POINT('Ctrl Pts',(-0.482732759587438,2.33044676502148,0.852666666666667));
#7355=CARTESIAN_POINT('Ctrl Pts',(-0.482732759587438,2.33044676502148,0.879));
#7356=CARTESIAN_POINT('Ctrl Pts',(-0.516781660175629,2.3407339393274,0.8));
#7357=CARTESIAN_POINT('Ctrl Pts',(-0.518260615039917,2.34173867400542,0.826335859189486));
#7358=CARTESIAN_POINT('Ctrl Pts',(-0.519739127503173,2.34274310813631,0.852664140810514));
#7359=CARTESIAN_POINT('Ctrl Pts',(-0.52121808236746,2.34374784281433,0.879));
#7360=CARTESIAN_POINT('Ctrl Pts',(-0.548881390857843,2.35737573816385,0.796370682845273));
#7361=CARTESIAN_POINT('Ctrl Pts',(-0.551924445341858,2.35944305099471,0.822513680788442));
#7362=CARTESIAN_POINT('Ctrl Pts',(-0.554967163076654,2.36151013505348,0.848654252791658));
#7363=CARTESIAN_POINT('Ctrl Pts',(-0.558010217560668,2.36357744788434,0.874797250734827));
#7364=CARTESIAN_POINT('Ctrl Pts',(-0.591707999934224,2.39191243363287,0.784644212402057));
#7365=CARTESIAN_POINT('Ctrl Pts',(-0.597139580156838,2.39560240223024,0.810168514558356));
#7366=CARTESIAN_POINT('Ctrl Pts',(-0.602571543249544,2.39929263093213,0.835693695805283));
#7367=CARTESIAN_POINT('Ctrl Pts',(-0.608003123472157,2.4029825995295,0.861217997961582));
#7368=CARTESIAN_POINT('Ctrl Pts',(-0.605816602376343,2.40646517224869,0.779079385543809));
#7369=CARTESIAN_POINT('Ctrl Pts',(-0.612113014964983,2.41074266862652,0.80431130122615));
#7370=CARTESIAN_POINT('Ctrl Pts',(-0.618409335024791,2.41502010214448,0.82954201277739));
#7371=CARTESIAN_POINT('Ctrl Pts',(-0.62470574761343,2.41929759852231,0.854773928459731));
#7372=CARTESIAN_POINT('Ctrl Pts',(-0.630472772834967,2.4378367400393,0.76592091449491));
#7373=CARTESIAN_POINT('Ctrl Pts',(-0.638425475350441,2.44323944447219,0.790459011390871));
#7374=CARTESIAN_POINT('Ctrl Pts',(-0.646378715783581,2.44864251434187,0.814998322089145));
#7375=CARTESIAN_POINT('Ctrl Pts',(-0.654331418299055,2.45404521877476,0.839536418985106));
#7376=CARTESIAN_POINT('Ctrl Pts',(-0.641048820806962,2.45467540059255,0.758291876222799));
#7377=CARTESIAN_POINT('Ctrl Pts',(-0.649795191524312,2.46061728710903,0.782429326563411));
#7378=CARTESIAN_POINT('Ctrl Pts',(-0.658541109416066,2.46655886599639,0.806564542325389));
#7379=CARTESIAN_POINT('Ctrl Pts',(-0.667287480133416,2.47250075251288,0.830701992666001));
#7380=CARTESIAN_POINT('Ctrl Pts',(-0.663641363283759,2.50782008960807,0.734856634088318));
#7381=CARTESIAN_POINT('Ctrl Pts',(-0.674502160754452,2.51519842150537,0.757757258205957));
#7382=CARTESIAN_POINT('Ctrl Pts',(-0.685364708488125,2.52257794245173,0.780663358156634));
#7383=CARTESIAN_POINT('Ctrl Pts',(-0.696225505958818,2.52995627434902,0.803563982274272));
#7384=CARTESIAN_POINT('Ctrl Pts',(-0.666575880593702,2.54682830939223,0.719276296240902));
#7385=CARTESIAN_POINT('Ctrl Pts',(-0.678496639905275,2.55492673116152,0.741354493564448));
#7386=CARTESIAN_POINT('Ctrl Pts',(-0.690421369184404,2.56302784994623,0.763443753723417));
#7387=CARTESIAN_POINT('Ctrl Pts',(-0.702342128495976,2.57112627171552,0.785521951046964));
#7388=CARTESIAN_POINT('Ctrl Pts',(-0.665594065644936,2.58589356308469,0.703843853595974));
#7389=CARTESIAN_POINT('Ctrl Pts',(-0.678437119349874,2.59461854972268,0.725112963218696));
#7390=CARTESIAN_POINT('Ctrl Pts',(-0.691280173054812,2.60334353636068,0.746382072841417));
#7391=CARTESIAN_POINT('Ctrl Pts',(-0.70412322675975,2.61206852299867,0.767651182464138));
#7392=CARTESIAN_POINT('Ctrl Pts',(-0.482732759587438,2.33044676502148,0.879));
#7393=CARTESIAN_POINT('Ctrl Pts',(-0.52121808236746,2.34374784281433,0.879));
#7394=CARTESIAN_POINT('Ctrl Pts',(-0.558010217560668,2.36357744788434,0.874797250734827));
#7395=CARTESIAN_POINT('Ctrl Pts',(-0.608003123472157,2.4029825995295,0.861217997961582));
#7396=CARTESIAN_POINT('Ctrl Pts',(-0.62470574761343,2.41929759852231,0.854773928459731));
#7397=CARTESIAN_POINT('Ctrl Pts',(-0.654331418299055,2.45404521877476,0.839536418985106));
#7398=CARTESIAN_POINT('Ctrl Pts',(-0.667287480133416,2.47250075251288,0.830701992666001));
#7399=CARTESIAN_POINT('Ctrl Pts',(-0.696225505958818,2.52995627434902,0.803563982274272));
#7400=CARTESIAN_POINT('Ctrl Pts',(-0.702342128495976,2.57112627171552,0.785521951046964));
#7401=CARTESIAN_POINT('Ctrl Pts',(-0.70412322675975,2.61206852299867,0.767651182464138));
#7402=CARTESIAN_POINT('Origin',(0.321870652362251,2.62847124450143,0.3));
#7403=CARTESIAN_POINT('',(0.321870652362251,2.62847124450143,0.879));
#7404=CARTESIAN_POINT('Origin',(-0.280268481153541,2.62847124450143,0.3));
#7405=CARTESIAN_POINT('Origin',(0.0328942823934883,0.312071835244005,0.879));
#7406=CARTESIAN_POINT('',(-0.694786206915427,2.01830716809754,0.879));
#7407=CARTESIAN_POINT('Origin',(-0.694786206915427,2.01830716809754,0.3));
#7408=CARTESIAN_POINT('Origin',(-0.462340988640221,3.07227675777767,0.));
#7409=CARTESIAN_POINT('',(-1.23804524751746,1.93045134654718,0.05));
#7410=CARTESIAN_POINT('',(-1.23804524751746,1.93045134654718,0.));
#7411=CARTESIAN_POINT('',(-1.02565608253069,2.24308511499255,0.05));
#7412=CARTESIAN_POINT('Origin',(-0.0681992543909822,1.13571117859037,0.));
#7413=CARTESIAN_POINT('',(-1.2723027079208,0.393898226832541,0.05));
#7414=CARTESIAN_POINT('',(-1.2723027079208,0.39389822683254,0.));
#7415=CARTESIAN_POINT('Origin',(-0.0681992543909822,1.13571117859037,0.05));
#7416=CARTESIAN_POINT('Origin',(-1.3574424532886,0.341446117640384,0.));
#7417=CARTESIAN_POINT('',(-1.27002672567645,0.390010410758247,0.05));
#7418=CARTESIAN_POINT('',(-1.27002672567645,0.390010410758247,0.));
#7419=CARTESIAN_POINT('Origin',(-1.3574424532886,0.341446117640384,0.05));
#7420=CARTESIAN_POINT('Origin',(-1.27002672567645,0.390010410758246,0.));
#7421=CARTESIAN_POINT('',(-0.535452257428761,-0.932223632087591,0.05));
#7422=CARTESIAN_POINT('',(-0.535452257428761,-0.932223632087592,0.));
#7423=CARTESIAN_POINT('',(-1.09983681482791,0.083668571230885,0.05));
#7424=CARTESIAN_POINT('Origin',(-0.622867985040915,-0.980787925205455,0.));
#7425=CARTESIAN_POINT('',(-0.528837796603159,-1.01482207955605,0.05));
#7426=CARTESIAN_POINT('',(-0.528837796603159,-1.01482207955605,0.));
#7427=CARTESIAN_POINT('Origin',(-0.622867985040915,-0.980787925205455,0.05));
#7428=CARTESIAN_POINT('Origin',(-0.528837796603159,-1.01482207955605,0.));
#7429=CARTESIAN_POINT('',(-0.983254682093369,-2.27029341966282,0.05));
#7430=CARTESIAN_POINT('',(-0.983254682093369,-2.27029341966282,0.));
#7431=CARTESIAN_POINT('',(-0.283985605769633,-0.338339937343774,0.05));
#7432=CARTESIAN_POINT('Origin',(-0.889224493655613,-2.30432757401342,0.));
#7433=CARTESIAN_POINT('',(-0.857149055992444,-2.39904381495823,0.05));
#7434=CARTESIAN_POINT('',(-0.857149055992444,-2.39904381495823,0.));
#7435=CARTESIAN_POINT('Origin',(-0.889224493655613,-2.30432757401342,0.05));
#7436=CARTESIAN_POINT('Origin',(-0.857149055992443,-2.39904381495823,0.));
#7437=CARTESIAN_POINT('',(-0.063332030596018,-2.13021950077435,0.05));
#7438=CARTESIAN_POINT('',(-0.0633320305960186,-2.13021950077435,0.));
#7439=CARTESIAN_POINT('',(-0.0460854534946077,-2.12437898701239,0.05));
#7440=CARTESIAN_POINT('Origin',(0.0328942823934876,-2.4143682236088,0.));
#7441=CARTESIAN_POINT('',(0.129120595382994,-2.13021950077435,0.05));
#7442=CARTESIAN_POINT('',(0.129120595382993,-2.13021950077435,0.));
#7443=CARTESIAN_POINT('Origin',(0.0328942823934876,-2.4143682236088,0.05));
#7444=CARTESIAN_POINT('Origin',(0.129120595382994,-2.13021950077435,0.));
#7445=CARTESIAN_POINT('',(0.922937620779418,-2.39904381495823,0.05));
#7446=CARTESIAN_POINT('',(0.922937620779419,-2.39904381495823,0.));
#7447=CARTESIAN_POINT('',(-0.285034494416627,-1.98996682992045,0.05));
#7448=CARTESIAN_POINT('Origin',(0.955013058442586,-2.30432757401341,0.));
#7449=CARTESIAN_POINT('',(1.04904324688035,-2.27029341966282,0.05));
#7450=CARTESIAN_POINT('',(1.04904324688034,-2.27029341966282,0.));
#7451=CARTESIAN_POINT('Origin',(0.955013058442586,-2.30432757401341,0.05));
#7452=CARTESIAN_POINT('Origin',(1.04904324688034,-2.27029341966282,0.));
#7453=CARTESIAN_POINT('',(0.594626361390136,-1.01482207955605,0.05));
#7454=CARTESIAN_POINT('',(0.594626361390136,-1.01482207955605,0.));
#7455=CARTESIAN_POINT('',(0.576982613301713,-0.966075607397158,0.05));
#7456=CARTESIAN_POINT('Origin',(0.688656549827891,-0.980787925205455,0.));
#7457=CARTESIAN_POINT('',(0.601240822215737,-0.932223632087591,0.05));
#7458=CARTESIAN_POINT('',(0.601240822215737,-0.932223632087592,0.));
#7459=CARTESIAN_POINT('Origin',(0.688656549827891,-0.980787925205455,0.05));
#7460=CARTESIAN_POINT('Origin',(0.601240822215737,-0.932223632087592,0.));
#7461=CARTESIAN_POINT('',(1.33581529046342,0.390010410758248,0.05));
#7462=CARTESIAN_POINT('',(1.33581529046342,0.390010410758248,0.));
#7463=CARTESIAN_POINT('',(0.798338145491047,-0.577448450192034,0.05));
#7464=CARTESIAN_POINT('Origin',(1.42323101807558,0.341446117640385,0.));
#7465=CARTESIAN_POINT('',(1.33809127270778,0.393898226832541,0.05));
#7466=CARTESIAN_POINT('',(1.33809127270778,0.393898226832541,0.));
#7467=CARTESIAN_POINT('Origin',(1.42323101807558,0.341446117640385,0.05));
#7468=CARTESIAN_POINT('Origin',(0.133987819177959,1.13571117859037,0.));
#7469=CARTESIAN_POINT('',(1.30383381230444,1.93045134654718,0.05));
#7470=CARTESIAN_POINT('',(1.30383381230444,1.93045134654718,0.));
#7471=CARTESIAN_POINT('Origin',(0.133987819177959,1.13571117859037,0.05));
#7472=CARTESIAN_POINT('Origin',(1.30383381230444,1.93045134654718,0.));
#7473=CARTESIAN_POINT('',(0.557889027052915,3.02847124450143,0.05));
#7474=CARTESIAN_POINT('',(0.557889027052915,3.02847124450143,0.));
#7475=CARTESIAN_POINT('',(1.47929677675629,1.6721724093773,0.05));
#7476=CARTESIAN_POINT('Origin',(0.610847022331014,3.02847124450143,0.));
#7477=CARTESIAN_POINT('',(0.532974578095309,3.02847124450143,0.05));
#7478=CARTESIAN_POINT('',(0.532974578095309,3.02847124450143,0.));
#7479=CARTESIAN_POINT('',(0.321870652362251,3.02847124450143,0.05));
#7480=CARTESIAN_POINT('Origin',(0.0328942823934883,0.312071835244005,0.05));
#7481=CARTESIAN_POINT('',(-0.467025421904691,3.12847124450143,0.0500000000000002));
#7482=CARTESIAN_POINT('',(0.532974578095309,0.,0.05));
#7483=CARTESIAN_POINT('Origin',(-0.467025421904691,3.02847124450143,2.18547839493141E-16));
#7484=CARTESIAN_POINT('Origin',(0.532974578095309,3.12847124450143,0.));
#7485=CARTESIAN_POINT('Origin',(-0.0681992543909822,1.13571117859037,0.));
#7486=CARTESIAN_POINT('',(-1.56963582236465,0.939005191642614,0.05));
#7487=CARTESIAN_POINT('',(-1.56963582236466,0.939005191642637,0.));
#7488=CARTESIAN_POINT('',(-1.56963582236465,0.939005191642614,0.));
#7489=CARTESIAN_POINT('',(-1.3574424532886,0.341446117640384,0.05));
#7490=CARTESIAN_POINT('Origin',(-0.0681992543909822,1.13571117859037,0.05));
#7491=CARTESIAN_POINT('',(-1.3574424532886,0.341446117640384,0.));
#7492=CARTESIAN_POINT('',(-1.3574424532886,0.341446117640384,0.));
#7493=CARTESIAN_POINT('Origin',(-0.0681992543909822,1.13571117859037,0.));
#7494=CARTESIAN_POINT('Origin',(-1.3574424532886,0.341446117640383,0.));
#7495=CARTESIAN_POINT('',(-0.862672627390603,-0.549139568976015,0.));
#7496=CARTESIAN_POINT('',(-0.862672627390603,-0.549139568976015,0.05));
#7497=CARTESIAN_POINT('',(-0.862672627390603,-0.549139568976015,-0.1));
#7498=CARTESIAN_POINT('',(-1.30960935759717,0.255346545395812,0.));
#7499=CARTESIAN_POINT('',(-1.3574424532886,0.341446117640383,0.05));
#7500=CARTESIAN_POINT('Origin',(0.0328942823934883,0.312071835244005,0.05));
#7501=CARTESIAN_POINT('',(-0.873002585790289,-0.519073427944899,0.05));
#7502=CARTESIAN_POINT('Origin',(6.45120446367353,3.87570442540616,0.05));
#7503=CARTESIAN_POINT('Origin',(-0.938539579589327,-0.558397891196833,0.05));
#7504=CARTESIAN_POINT('Origin',(6.45120446367353,3.87570442540616,-0.1));
#7505=CARTESIAN_POINT('',(-1.56999998102625,0.939999988639918,0.));
#7506=CARTESIAN_POINT('Origin',(6.45120446367353,3.87570442540616,0.));
#7507=CARTESIAN_POINT('',(-1.56999998102625,0.939999988639918,0.4));
#7508=CARTESIAN_POINT('',(-1.56999998102625,0.939999988639918,-0.1));
#7509=CARTESIAN_POINT('',(-0.873002585790289,-0.519073427944899,0.4));
#7510=CARTESIAN_POINT('Origin',(6.45120446367353,3.87570442540616,0.4));
#7511=CARTESIAN_POINT('',(-0.873002585790289,-0.519073427944899,-0.1));
#7512=CARTESIAN_POINT('Origin',(-1.29176572608591,0.152586159717818,0.));
#7513=CARTESIAN_POINT('',(-1.01054427459175,-0.584026680943457,0.));
#7514=CARTESIAN_POINT('Origin',(-0.938539579589327,-0.558397891196833,0.));
#7515=CARTESIAN_POINT('',(-1.05802379644502,-0.330802564392637,0.));
#7516=CARTESIAN_POINT('',(-1.1057716004527,-0.0761476096850167,0.));
#7517=CARTESIAN_POINT('',(-1.08403171117415,-0.29569160750821,0.));
#7518=CARTESIAN_POINT('Origin',(-1.10716740579174,-0.340016991145145,0.));
#7519=CARTESIAN_POINT('',(-1.30334998893528,-0.181218132447094,0.));
#7520=CARTESIAN_POINT('',(-1.36726113969139,-0.147859619892226,0.));
#7521=CARTESIAN_POINT('',(-1.3423470124384,-0.0861754712953403,0.));
#7522=CARTESIAN_POINT('Origin',(-1.26647255256666,-0.110565145547508,0.));
#7523=CARTESIAN_POINT('',(-1.3448430003987,-0.0939403039198376,0.));
#7524=CARTESIAN_POINT('',(-1.30644565635499,0.025510973276547,0.));
#7525=CARTESIAN_POINT('',(-1.49379255007317,0.0209904121481622,0.));
#7526=CARTESIAN_POINT('Origin',(-1.44004532464754,-0.0633377311910973,0.));
#7527=CARTESIAN_POINT('',(-1.52893188687155,-0.00140592887657978,0.));
#7528=CARTESIAN_POINT('',(-1.40970694686572,0.0745830526556027,0.));
#7529=CARTESIAN_POINT('',(-1.71926109525413,0.134523199435337,0.));
#7530=CARTESIAN_POINT('Origin',(-1.59235301227404,0.111006144538152,0.));
#7531=CARTESIAN_POINT('',(-1.63591629681556,0.584287366013289,0.));
#7532=CARTESIAN_POINT('Origin',(-1.56999998102625,0.939999988639918,-0.1));
#7533=CARTESIAN_POINT('',(-1.71926109525413,0.134523199435337,0.4));
#7534=CARTESIAN_POINT('',(-1.71926109525413,0.134523199435337,-0.1));
#7535=CARTESIAN_POINT('',(-1.56999998102625,0.939999988639918,0.4));
#7536=CARTESIAN_POINT('Origin',(-1.59235301227404,0.111006144538152,-0.1));
#7537=CARTESIAN_POINT('',(-1.52893188687155,-0.00140592887657978,0.4));
#7538=CARTESIAN_POINT('',(-1.52893188687155,-0.00140592887657978,-0.1));
#7539=CARTESIAN_POINT('Origin',(-1.59235301227404,0.111006144538152,0.4));
#7540=CARTESIAN_POINT('Origin',(-1.52893188687155,-0.00140592887657976,
-0.1));
#7541=CARTESIAN_POINT('',(-1.49379255007317,0.0209904121481622,0.4));
#7542=CARTESIAN_POINT('',(-1.49379255007317,0.0209904121481622,-0.1));
#7543=CARTESIAN_POINT('',(-1.52893188687155,-0.00140592887657978,0.4));
#7544=CARTESIAN_POINT('Origin',(-1.44004532464754,-0.0633377311910973,-0.1));
#7545=CARTESIAN_POINT('',(-1.3448430003987,-0.0939403039198376,0.4));
#7546=CARTESIAN_POINT('',(-1.3448430003987,-0.0939403039198376,-0.1));
#7547=CARTESIAN_POINT('Origin',(-1.44004532464754,-0.0633377311910973,0.4));
#7548=CARTESIAN_POINT('Origin',(-1.3448430003987,-0.0939403039198376,-0.1));
#7549=CARTESIAN_POINT('',(-1.3423470124384,-0.0861754712953403,0.4));
#7550=CARTESIAN_POINT('',(-1.3423470124384,-0.0861754712953403,-0.1));
#7551=CARTESIAN_POINT('',(-1.3448430003987,-0.0939403039198376,0.4));
#7552=CARTESIAN_POINT('Origin',(-1.26647255256666,-0.110565145547508,-0.1));
#7553=CARTESIAN_POINT('',(-1.30334998893528,-0.181218132447094,0.4));
#7554=CARTESIAN_POINT('',(-1.30334998893528,-0.181218132447094,-0.1));
#7555=CARTESIAN_POINT('Origin',(-1.26647255256666,-0.110565145547508,0.4));
#7556=CARTESIAN_POINT('Origin',(-0.938539579589327,-0.558397891196833,-0.1));
#7557=CARTESIAN_POINT('',(-1.01054427459175,-0.584026680943457,0.4));
#7558=CARTESIAN_POINT('Origin',(-0.938539579589327,-0.558397891196833,0.4));
#7559=CARTESIAN_POINT('',(-1.01054427459175,-0.584026680943457,-0.1));
#7560=CARTESIAN_POINT('Origin',(-1.05802379644502,-0.330802564392637,-0.1));
#7561=CARTESIAN_POINT('',(-1.05802379644502,-0.330802564392637,0.4));
#7562=CARTESIAN_POINT('',(-1.05802379644502,-0.330802564392637,0.4));
#7563=CARTESIAN_POINT('',(-1.05802379644502,-0.330802564392637,-0.1));
#7564=CARTESIAN_POINT('Origin',(-1.10716740579174,-0.340016991145145,-0.1));
#7565=CARTESIAN_POINT('',(-1.08403171117415,-0.29569160750821,0.4));
#7566=CARTESIAN_POINT('Origin',(-1.10716740579174,-0.340016991145145,0.4));
#7567=CARTESIAN_POINT('',(-1.08403171117415,-0.29569160750821,-0.1));
#7568=CARTESIAN_POINT('Origin',(-1.30334998893528,-0.181218132447094,-0.1));
#7569=CARTESIAN_POINT('',(-1.30334998893528,-0.181218132447094,0.4));
#7570=CARTESIAN_POINT('Origin',(-1.29176572608591,0.152586159717818,0.4));
#7571=CARTESIAN_POINT('Origin',(0.0328942823934883,0.312071835244005,0.05));
#7572=CARTESIAN_POINT('',(1.64654467310268,1.20766099856916,0.05));
#7573=CARTESIAN_POINT('',(1.64256938345128,1.21561815463112,0.05));
#7574=CARTESIAN_POINT('',(1.85812424345357,0.784151818500163,0.05));
#7575=CARTESIAN_POINT('',(1.54018021843568,0.573903427469523,0.05));
#7576=CARTESIAN_POINT('Origin',(0.133987819177959,1.13571117859037,0.05));
#7577=CARTESIAN_POINT('',(1.53708206599912,0.575419262507669,0.05));
#7578=CARTESIAN_POINT('',(0.982234794426684,0.846889744445462,0.05));
#7579=CARTESIAN_POINT('Origin',(-0.262863488930834,1.20079136309226,0.05));
#7580=CARTESIAN_POINT('Origin',(0.133987819177959,1.13571117859037,0.));
#7581=CARTESIAN_POINT('',(1.64654467310268,1.20766099856916,0.));
#7582=CARTESIAN_POINT('',(1.64654467310268,1.20766099856916,0.));
#7583=CARTESIAN_POINT('',(1.54018021843568,0.573903427469523,0.));
#7584=CARTESIAN_POINT('Origin',(0.133987819177959,1.13571117859037,0.));
#7585=CARTESIAN_POINT('',(1.54018021843568,0.573903427469523,0.));
#7586=CARTESIAN_POINT('Origin',(-0.262863488930834,1.20079136309226,-0.1));
#7587=CARTESIAN_POINT('',(1.53708206599912,0.575419262507669,0.4));
#7588=CARTESIAN_POINT('',(1.53708206599912,0.575419262507669,-0.1));
#7589=CARTESIAN_POINT('',(1.64256938345128,1.21561815463112,0.4));
#7590=CARTESIAN_POINT('Origin',(-0.262863488930834,1.20079136309226,0.4));
#7591=CARTESIAN_POINT('',(1.64256938345128,1.21561815463112,-0.1));
#7592=CARTESIAN_POINT('Origin',(1.53708206599912,0.575419262507668,-0.1));
#7593=CARTESIAN_POINT('',(1.96724613943083,0.364952609232283,0.));
#7594=CARTESIAN_POINT('',(1.59646072054972,0.546367029950073,0.));
#7595=CARTESIAN_POINT('',(1.96724613943083,0.364952609232283,0.4));
#7596=CARTESIAN_POINT('',(1.96724613943083,0.364952609232283,-0.1));
#7597=CARTESIAN_POINT('',(1.53708206599912,0.575419262507668,0.4));
#7598=CARTESIAN_POINT('Origin',(1.78815127453809,0.78774160724517,0.));
#7599=CARTESIAN_POINT('',(2.03394923403545,0.432210950705244,0.));
#7600=CARTESIAN_POINT('',(1.938331093062,0.623605424265365,0.));
#7601=CARTESIAN_POINT('Origin',(1.98922048307705,0.409865059859226,0.));
#7602=CARTESIAN_POINT('Origin',(1.98922048307705,0.409865059859226,-0.1));
#7603=CARTESIAN_POINT('',(2.03394923403545,0.432210950705244,0.4));
#7604=CARTESIAN_POINT('',(2.03394923403545,0.432210950705244,-0.1));
#7605=CARTESIAN_POINT('Origin',(1.98922048307705,0.409865059859226,0.4));
#7606=CARTESIAN_POINT('Origin',(2.03394923403545,0.432210950705244,-0.1));
#7607=CARTESIAN_POINT('',(2.03394923403545,0.432210950705244,0.4));
#7608=CARTESIAN_POINT('Origin',(1.78815127453809,0.78774160724517,0.4));
#7609=UNCERTAINTY_MEASURE_WITH_UNIT(LENGTH_MEASURE(0.000393700787401575),
#7614,'DISTANCE_ACCURACY_VALUE',
'Maximum model space distance between geometric entities at asserted c
onnectivities');
#7610=UNCERTAINTY_MEASURE_WITH_UNIT(LENGTH_MEASURE(0.000393700787401575),
#7614,'DISTANCE_ACCURACY_VALUE',
'Maximum model space distance between geometric entities at asserted c
onnectivities');
#7611=(
GEOMETRIC_REPRESENTATION_CONTEXT(3)
GLOBAL_UNCERTAINTY_ASSIGNED_CONTEXT((#7609))
GLOBAL_UNIT_ASSIGNED_CONTEXT((#7614,#7618,#7619))
REPRESENTATION_CONTEXT('','3D')
);
#7612=(
GEOMETRIC_REPRESENTATION_CONTEXT(3)
GLOBAL_UNCERTAINTY_ASSIGNED_CONTEXT((#7610))
GLOBAL_UNIT_ASSIGNED_CONTEXT((#7614,#7618,#7619))
REPRESENTATION_CONTEXT('','3D')
);
#7613=DIMENSIONAL_EXPONENTS(1.,0.,0.,0.,0.,0.,0.);
#7614=(
CONVERSION_BASED_UNIT('inch',#7617)
LENGTH_UNIT()
NAMED_UNIT(#7613)
);
#7615=(
LENGTH_UNIT()
NAMED_UNIT(*)
SI_UNIT(.MILLI.,.METRE.)
);
#7616=(
LENGTH_UNIT()
NAMED_UNIT(*)
SI_UNIT($,.METRE.)
);
#7617=LENGTH_MEASURE_WITH_UNIT(LENGTH_MEASURE(25.4),#7615);
#7618=(
NAMED_UNIT(*)
PLANE_ANGLE_UNIT()
SI_UNIT($,.RADIAN.)
);
#7619=(
NAMED_UNIT(*)
SI_UNIT($,.STERADIAN.)
SOLID_ANGLE_UNIT()
);
#7620=SHAPE_DEFINITION_REPRESENTATION(#7621,#7622);
#7621=PRODUCT_DEFINITION_SHAPE('',$,#7624);
#7622=SHAPE_REPRESENTATION('',(#3673),#7611);
#7623=PRODUCT_DEFINITION_CONTEXT('part definition',#7628,'design');
#7624=PRODUCT_DEFINITION('2026-06-02-16-42-48-026','koi case top',#7625,
#7623);
#7625=PRODUCT_DEFINITION_FORMATION('',$,#7630);
#7626=PRODUCT_RELATED_PRODUCT_CATEGORY('koi case top','koi case top',(#7630));
#7627=APPLICATION_PROTOCOL_DEFINITION('international standard',
'automotive_design',2009,#7628);
#7628=APPLICATION_CONTEXT(
'Core Data for Automotive Mechanical Design Process');
#7629=PRODUCT_CONTEXT('part definition',#7628,'mechanical');
#7630=PRODUCT('2026-06-02-16-42-48-026','koi case top',$,(#7629));
#7631=PRESENTATION_STYLE_ASSIGNMENT((#7635));
#7632=PRESENTATION_STYLE_ASSIGNMENT((#7636));
#7633=PRESENTATION_STYLE_ASSIGNMENT((#7637));
#7634=PRESENTATION_STYLE_ASSIGNMENT((#7638));
#7635=SURFACE_STYLE_USAGE(.BOTH.,#7639);
#7636=SURFACE_STYLE_USAGE(.BOTH.,#7640);
#7637=SURFACE_STYLE_USAGE(.BOTH.,#7641);
#7638=SURFACE_STYLE_USAGE(.BOTH.,#7642);
#7639=SURFACE_SIDE_STYLE('',(#7643));
#7640=SURFACE_SIDE_STYLE('',(#7644));
#7641=SURFACE_SIDE_STYLE('',(#7645));
#7642=SURFACE_SIDE_STYLE('',(#7646));
#7643=SURFACE_STYLE_FILL_AREA(#7647);
#7644=SURFACE_STYLE_FILL_AREA(#7648);
#7645=SURFACE_STYLE_FILL_AREA(#7649);
#7646=SURFACE_STYLE_FILL_AREA(#7650);
#7647=FILL_AREA_STYLE('Steel - Satin',(#7651));
#7648=FILL_AREA_STYLE('Plastic-seagreen',(#7652));
#7649=FILL_AREA_STYLE('Plastic-salmon',(#7653));
#7650=FILL_AREA_STYLE('Plastic - coral',(#7654));
#7651=FILL_AREA_STYLE_COLOUR('Steel - Satin',#7655);
#7652=FILL_AREA_STYLE_COLOUR('Plastic-seagreen',#7656);
#7653=FILL_AREA_STYLE_COLOUR('Plastic-salmon',#7657);
#7654=FILL_AREA_STYLE_COLOUR('Plastic - coral',#7658);
#7655=COLOUR_RGB('Steel - Satin',0.627450980392157,0.627450980392157,0.627450980392157);
#7656=COLOUR_RGB('Plastic-seagreen',0.627450980392157,0.870588235294118,
1.);
#7657=COLOUR_RGB('Plastic-salmon',1.,0.815686274509804,0.803921568627451);
#7658=COLOUR_RGB('Plastic - coral',1.,0.627450980392157,0.6);
ENDSEC;
END-ISO-10303-21;
