ISO-10303-21;
HEADER;
/* Generated by software containing ST-Developer
 * from STEP Tools, Inc. (www.steptools.com) 
 */

FILE_DESCRIPTION(
/* description */ (''),
/* implementation_level */ '2;1');

FILE_NAME(
/* name */ 'Koi Case Assembly.step',
/* time_stamp */ '2026-06-03T17:29:05-04:00',
/* author */ (''),
/* organization */ (''),
/* preprocessor_version */ 'ST-DEVELOPER v20.1',
/* originating_system */ 'Autodesk Translation Framework v15.8.0.0',
/* authorisation */ '');

FILE_SCHEMA (('AUTOMOTIVE_DESIGN { 1 0 10303 214 3 1 1 }'));
ENDSEC;

DATA;
#10=MECHANICAL_DESIGN_GEOMETRIC_PRESENTATION_REPRESENTATION('',(#23,#24,
#25,#26,#27,#28),#10114);
#11=ITEM_DEFINED_TRANSFORMATION($,$,#5066,#5520);
#12=ITEM_DEFINED_TRANSFORMATION($,$,#5198,#5521);
#13=(
REPRESENTATION_RELATIONSHIP($,$,#10131,#10130)
REPRESENTATION_RELATIONSHIP_WITH_TRANSFORMATION(#11)
SHAPE_REPRESENTATION_RELATIONSHIP()
);
#14=(
REPRESENTATION_RELATIONSHIP($,$,#10132,#10130)
REPRESENTATION_RELATIONSHIP_WITH_TRANSFORMATION(#12)
SHAPE_REPRESENTATION_RELATIONSHIP()
);
#15=CONTEXT_DEPENDENT_SHAPE_REPRESENTATION(#13,#10128);
#16=CONTEXT_DEPENDENT_SHAPE_REPRESENTATION(#14,#10129);
#17=NEXT_ASSEMBLY_USAGE_OCCURRENCE('koi case bottom:1',
'koi case bottom:1','koi case bottom:1',#10134,#10135,
'koi case bottom:1');
#18=NEXT_ASSEMBLY_USAGE_OCCURRENCE('koi case top:1','koi case top:1',
'koi case top:1',#10134,#10136,'koi case top:1');
#19=SHAPE_REPRESENTATION_RELATIONSHIP('SRR','None',#10131,#21);
#20=SHAPE_REPRESENTATION_RELATIONSHIP('SRR','None',#10132,#22);
#21=ADVANCED_BREP_SHAPE_REPRESENTATION('',(#29),#10112);
#22=ADVANCED_BREP_SHAPE_REPRESENTATION('',(#30,#31,#32,#33),#10113);
#23=STYLED_ITEM('',(#10150),#29);
#24=STYLED_ITEM('',(#10151),#30);
#25=STYLED_ITEM('',(#10151),#31);
#26=STYLED_ITEM('',(#10152),#32);
#27=STYLED_ITEM('',(#10152),#5036);
#28=STYLED_ITEM('',(#10153),#33);
#29=MANIFOLD_SOLID_BREP('Body1',#5037);
#30=MANIFOLD_SOLID_BREP('Body1',#5038);
#31=MANIFOLD_SOLID_BREP('Body1',#5039);
#32=MANIFOLD_SOLID_BREP('Body2',#5040);
#33=MANIFOLD_SOLID_BREP('Body3',#5041);
#34=FACE_BOUND('',#832,.T.);
#35=FACE_BOUND('',#835,.T.);
#36=FACE_BOUND('',#837,.T.);
#37=FACE_BOUND('',#840,.T.);
#38=FACE_BOUND('',#871,.T.);
#39=FACE_BOUND('',#875,.T.);
#40=FACE_BOUND('',#886,.T.);
#41=FACE_BOUND('',#890,.T.);
#42=FACE_BOUND('',#936,.T.);
#43=FACE_BOUND('',#954,.T.);
#44=FACE_BOUND('',#955,.T.);
#45=FACE_BOUND('',#956,.T.);
#46=FACE_BOUND('',#957,.T.);
#47=FACE_BOUND('',#1016,.T.);
#48=FACE_BOUND('',#1017,.T.);
#49=FACE_BOUND('',#1018,.T.);
#50=FACE_BOUND('',#1019,.T.);
#51=FACE_BOUND('',#1020,.T.);
#52=TOROIDAL_SURFACE('',#5138,1.21426715375776,0.3);
#53=TOROIDAL_SURFACE('',#5143,1.21426715375777,0.3);
#54=TOROIDAL_SURFACE('',#5151,0.500000000000003,0.3);
#55=TOROIDAL_SURFACE('',#5320,0.700000000000003,0.5);
#56=TOROIDAL_SURFACE('',#5331,1.01426715375777,0.5);
#57=TOROIDAL_SURFACE('',#5333,1.01426715375777,0.5);
#58=TOROIDAL_SURFACE('',#5356,1.01426715375777,0.4);
#59=TOROIDAL_SURFACE('',#5359,1.01426715375777,0.4);
#60=TOROIDAL_SURFACE('',#5371,0.700000000000003,0.4);
#61=TOROIDAL_SURFACE('',#5433,0.700000000000003,0.579);
#62=B_SPLINE_SURFACE_WITH_KNOTS('',3,3,((#7137,#7138,#7139,#7140,#7141,
#7142,#7143,#7144,#7145),(#7146,#7147,#7148,#7149,#7150,#7151,#7152,#7153,
#7154),(#7155,#7156,#7157,#7158,#7159,#7160,#7161,#7162,#7163),(#7164,#7165,
#7166,#7167,#7168,#7169,#7170,#7171,#7172),(#7173,#7174,#7175,#7176,#7177,
#7178,#7179,#7180,#7181),(#7182,#7183,#7184,#7185,#7186,#7187,#7188,#7189,
#7190),(#7191,#7192,#7193,#7194,#7195,#7196,#7197,#7198,#7199)),
 .UNSPECIFIED.,.F.,.F.,.F.,(4,1,1,1,4),(4,1,1,1,1,1,4),(0.,0.285714285714286,
0.571428571428571,0.857142857142857,1.),(-1.5707963267949,-0.897597901025655,
-0.673198425769241,-0.448798950512828,-0.224399475256414,-0.112199737628207,
-1.0927391974657E-16),.UNSPECIFIED.);
#63=B_SPLINE_SURFACE_WITH_KNOTS('',3,3,((#7206,#7207,#7208,#7209,#7210,
#7211,#7212,#7213,#7214),(#7215,#7216,#7217,#7218,#7219,#7220,#7221,#7222,
#7223),(#7224,#7225,#7226,#7227,#7228,#7229,#7230,#7231,#7232),(#7233,#7234,
#7235,#7236,#7237,#7238,#7239,#7240,#7241),(#7242,#7243,#7244,#7245,#7246,
#7247,#7248,#7249,#7250),(#7251,#7252,#7253,#7254,#7255,#7256,#7257,#7258,
#7259),(#7260,#7261,#7262,#7263,#7264,#7265,#7266,#7267,#7268)),
 .UNSPECIFIED.,.F.,.F.,.F.,(4,1,1,1,4),(4,1,1,1,1,1,4),(0.,0.285714285714286,
0.571428571428571,0.857142857142857,1.),(-1.5707963267949,-0.897597901025655,
-0.673198425769241,-0.448798950512827,-0.224399475256414,-0.112199737628207,
0.),.UNSPECIFIED.);
#64=B_SPLINE_SURFACE_WITH_KNOTS('',3,3,((#7994,#7995,#7996,#7997,#7998,
#7999,#8000,#8001,#8002),(#8003,#8004,#8005,#8006,#8007,#8008,#8009,#8010,
#8011),(#8012,#8013,#8014,#8015,#8016,#8017,#8018,#8019,#8020),(#8021,#8022,
#8023,#8024,#8025,#8026,#8027,#8028,#8029),(#8030,#8031,#8032,#8033,#8034,
#8035,#8036,#8037,#8038),(#8039,#8040,#8041,#8042,#8043,#8044,#8045,#8046,
#8047),(#8048,#8049,#8050,#8051,#8052,#8053,#8054,#8055,#8056)),
 .UNSPECIFIED.,.F.,.F.,.F.,(4,1,1,1,4),(4,1,1,1,1,1,4),(0.,0.285714285714286,
0.571428571428571,0.857142857142857,1.),(0.,0.112199737628207,0.224399475256414,
0.448798950512828,0.673198425769241,1.12199737628207,1.5707963267949),
 .UNSPECIFIED.);
#65=B_SPLINE_SURFACE_WITH_KNOTS('',3,3,((#8057,#8058,#8059,#8060,#8061,
#8062,#8063,#8064,#8065,#8066),(#8067,#8068,#8069,#8070,#8071,#8072,#8073,
#8074,#8075,#8076),(#8077,#8078,#8079,#8080,#8081,#8082,#8083,#8084,#8085,
#8086),(#8087,#8088,#8089,#8090,#8091,#8092,#8093,#8094,#8095,#8096),(#8097,
#8098,#8099,#8100,#8101,#8102,#8103,#8104,#8105,#8106),(#8107,#8108,#8109,
#8110,#8111,#8112,#8113,#8114,#8115,#8116),(#8117,#8118,#8119,#8120,#8121,
#8122,#8123,#8124,#8125,#8126)),.UNSPECIFIED.,.F.,.F.,.F.,(4,1,1,1,4),(4,
1,1,1,1,1,1,4),(0.,0.285714285714286,0.571428571428571,0.857142857142857,
1.),(0.,0.112199737628207,0.224399475256414,0.448798950512828,0.673198425769242,
0.897597901025656,1.12199737628207,1.5707963267949),.UNSPECIFIED.);
#66=B_SPLINE_SURFACE_WITH_KNOTS('',3,3,((#8128,#8129,#8130,#8131,#8132,
#8133,#8134),(#8135,#8136,#8137,#8138,#8139,#8140,#8141),(#8142,#8143,#8144,
#8145,#8146,#8147,#8148),(#8149,#8150,#8151,#8152,#8153,#8154,#8155),(#8156,
#8157,#8158,#8159,#8160,#8161,#8162),(#8163,#8164,#8165,#8166,#8167,#8168,
#8169),(#8170,#8171,#8172,#8173,#8174,#8175,#8176)),.UNSPECIFIED.,.F.,.F.,
 .F.,(4,1,1,1,4),(4,1,1,1,4),(0.,0.285714285714286,0.571428571428571,0.785714285714286,
1.),(0.,0.224399475256414,0.448798950512828,0.897597901025656,1.5707963267949),
 .UNSPECIFIED.);
#67=B_SPLINE_SURFACE_WITH_KNOTS('',3,3,((#8183,#8184,#8185,#8186,#8187,
#8188,#8189,#8190),(#8191,#8192,#8193,#8194,#8195,#8196,#8197,#8198),(#8199,
#8200,#8201,#8202,#8203,#8204,#8205,#8206),(#8207,#8208,#8209,#8210,#8211,
#8212,#8213,#8214),(#8215,#8216,#8217,#8218,#8219,#8220,#8221,#8222),(#8223,
#8224,#8225,#8226,#8227,#8228,#8229,#8230),(#8231,#8232,#8233,#8234,#8235,
#8236,#8237,#8238)),.UNSPECIFIED.,.F.,.F.,.F.,(4,1,1,1,4),(4,1,1,1,1,4),
(0.,0.285714285714286,0.571428571428571,0.785714285714286,1.),(0.,0.224399475256414,
0.336599212884621,0.673198425769241,1.12199737628207,1.5707963267949),
 .UNSPECIFIED.);
#68=B_SPLINE_SURFACE_WITH_KNOTS('',3,3,((#8410,#8411,#8412,#8413,#8414,
#8415),(#8416,#8417,#8418,#8419,#8420,#8421),(#8422,#8423,#8424,#8425,#8426,
#8427),(#8428,#8429,#8430,#8431,#8432,#8433)),.UNSPECIFIED.,.F.,.F.,.F.,
(4,4),(4,1,1,4),(0.182010710826796,0.317989289173205),(1.5707963267949,
2.24399475256414,2.69279370307697,3.14159265358979),.UNSPECIFIED.);
#69=B_SPLINE_SURFACE_WITH_KNOTS('',3,3,((#8435,#8436,#8437,#8438,#8439,
#8440,#8441,#8442),(#8443,#8444,#8445,#8446,#8447,#8448,#8449,#8450),(#8451,
#8452,#8453,#8454,#8455,#8456,#8457,#8458),(#8459,#8460,#8461,#8462,#8463,
#8464,#8465,#8466)),.UNSPECIFIED.,.F.,.F.,.F.,(4,4),(4,2,1,1,4),(0.496092852539897,
0.503263421683765),(-0.00414801980754524,0.,0.798594976277661,1.19789246441649,
1.99648744069415),.UNSPECIFIED.);
#70=B_SPLINE_SURFACE_WITH_KNOTS('',3,3,((#8468,#8469,#8470,#8471,#8472,
#8473,#8474,#8475),(#8476,#8477,#8478,#8479,#8480,#8481,#8482,#8483),(#8484,
#8485,#8486,#8487,#8488,#8489,#8490,#8491),(#8492,#8493,#8494,#8495,#8496,
#8497,#8498,#8499)),.UNSPECIFIED.,.F.,.F.,.F.,(4,4),(4,2,1,1,4),(0.496736558857478,
0.503907128001347),(-2.82008096253433,-2.81593298184015,-2.01739345493183,
-1.61812369147767,-0.819584164569347),.UNSPECIFIED.);
#71=B_SPLINE_SURFACE_WITH_KNOTS('',3,3,((#8501,#8502,#8503,#8504,#8505,
#8506),(#8507,#8508,#8509,#8510,#8511,#8512),(#8513,#8514,#8515,#8516,#8517,
#8518),(#8519,#8520,#8521,#8522,#8523,#8524)),.UNSPECIFIED.,.F.,.F.,.F.,
(4,4),(4,1,1,4),(0.182010710826796,0.317989289173205),(1.5707963267949,
2.24399475256414,2.69279370307697,3.14159265358979),.UNSPECIFIED.);
#72=B_SPLINE_SURFACE_WITH_KNOTS('',3,3,((#8677,#8678,#8679,#8680),(#8681,
#8682,#8683,#8684),(#8685,#8686,#8687,#8688),(#8689,#8690,#8691,#8692)),
 .UNSPECIFIED.,.F.,.F.,.F.,(4,4),(4,4),(0.,1.91663620592809),(0.,0.20066),
 .UNSPECIFIED.);
#73=B_SPLINE_SURFACE_WITH_KNOTS('',3,3,((#8701,#8702,#8703,#8704),(#8705,
#8706,#8707,#8708),(#8709,#8710,#8711,#8712),(#8713,#8714,#8715,#8716),
(#8717,#8718,#8719,#8720),(#8721,#8722,#8723,#8724),(#8725,#8726,#8727,
#8728),(#8729,#8730,#8731,#8732)),.UNSPECIFIED.,.F.,.F.,.F.,(4,2,2,4),(4,
4),(0.220813391502393,0.497852336036964,0.995704672073929,1.98980271956284),
(0.,0.20066),.UNSPECIFIED.);
#74=B_SPLINE_SURFACE_WITH_KNOTS('',3,3,((#8743,#8744,#8745,#8746),(#8747,
#8748,#8749,#8750),(#8751,#8752,#8753,#8754),(#8755,#8756,#8757,#8758),
(#8759,#8760,#8761,#8762),(#8763,#8764,#8765,#8766),(#8767,#8768,#8769,
#8770),(#8771,#8772,#8773,#8774)),.UNSPECIFIED.,.F.,.F.,.F.,(4,2,2,4),(4,
4),(0.,0.28686658882334,0.43029988323501,0.511338579639874),(0.,0.20066),
 .UNSPECIFIED.);
#75=B_SPLINE_SURFACE_WITH_KNOTS('',3,1,((#8785,#8786),(#8787,#8788),(#8789,
#8790),(#8791,#8792)),.UNSPECIFIED.,.F.,.F.,.F.,(4,4),(2,2),(0.,0.220813391502392),
(0.,0.20066),.UNSPECIFIED.);
#76=B_SPLINE_SURFACE_WITH_KNOTS('',3,1,((#8804,#8805),(#8806,#8807),(#8808,
#8809),(#8810,#8811)),.UNSPECIFIED.,.F.,.F.,.F.,(4,4),(2,2),(0.5113396858391,
0.57373317764668),(0.,0.20066),.UNSPECIFIED.);
#77=B_SPLINE_SURFACE_WITH_KNOTS('',3,3,((#8823,#8824,#8825,#8826),(#8827,
#8828,#8829,#8830),(#8831,#8832,#8833,#8834),(#8835,#8836,#8837,#8838),
(#8839,#8840,#8841,#8842),(#8843,#8844,#8845,#8846)),.UNSPECIFIED.,.F.,
 .F.,.F.,(4,2,4),(4,4),(0.,0.287777086867499,0.575554173734998),(0.,0.20066),
 .UNSPECIFIED.);
#78=B_SPLINE_SURFACE_WITH_KNOTS('',3,3,((#8857,#8858,#8859,#8860),(#8861,
#8862,#8863,#8864),(#8865,#8866,#8867,#8868),(#8869,#8870,#8871,#8872),
(#8873,#8874,#8875,#8876),(#8877,#8878,#8879,#8880),(#8881,#8882,#8883,
#8884),(#8885,#8886,#8887,#8888),(#8889,#8890,#8891,#8892),(#8893,#8894,
#8895,#8896)),.UNSPECIFIED.,.F.,.F.,.F.,(4,2,2,2,4),(4,4),(0.,0.495925131809364,
0.991850263618729,1.48777539542809,1.98370052723746),(0.,0.20066),
 .UNSPECIFIED.);
#79=B_SPLINE_SURFACE_WITH_KNOTS('',3,3,((#8909,#8910,#8911,#8912),(#8913,
#8914,#8915,#8916),(#8917,#8918,#8919,#8920),(#8921,#8922,#8923,#8924)),
 .UNSPECIFIED.,.F.,.F.,.F.,(4,4),(4,4),(0.,1.91105197660439),(0.,0.20066),
 .UNSPECIFIED.);
#80=B_SPLINE_SURFACE_WITH_KNOTS('',3,1,((#8930,#8931),(#8932,#8933),(#8934,
#8935),(#8936,#8937)),.UNSPECIFIED.,.F.,.F.,.F.,(4,4),(2,2),(0.,1.02176526325638),
(0.,0.20066),.UNSPECIFIED.);
#81=B_SPLINE_SURFACE_WITH_KNOTS('',3,1,((#8952,#8953),(#8954,#8955),(#8956,
#8957),(#8958,#8959),(#8960,#8961),(#8962,#8963),(#8964,#8965),(#8966,#8967),
(#8968,#8969)),.UNSPECIFIED.,.F.,.F.,.F.,(4,1,1,1,1,1,4),(2,2),(0.,0.221123390010956,
0.442246780021912,0.884493560043824,1.32674034006574,1.54786373007669,1.76898712008765),
(0.,0.20066),.UNSPECIFIED.);
#82=B_SPLINE_SURFACE_WITH_KNOTS('',3,1,((#8989,#8990),(#8991,#8992),(#8993,
#8994),(#8995,#8996)),.UNSPECIFIED.,.F.,.F.,.F.,(4,4),(2,2),(0.,1.03264334053135),
(0.,0.20066),.UNSPECIFIED.);
#83=B_SPLINE_SURFACE_WITH_KNOTS('',3,1,((#9011,#9012),(#9013,#9014),(#9015,
#9016),(#9017,#9018),(#9019,#9020)),.UNSPECIFIED.,.F.,.F.,.F.,(4,1,4),(2,
2),(1.55422720739595,1.5718297007702,1.79540552650425),(0.,0.20066),
 .UNSPECIFIED.);
#84=B_SPLINE_SURFACE_WITH_KNOTS('',3,1,((#9033,#9034),(#9035,#9036),(#9037,
#9038),(#9039,#9040),(#9041,#9042),(#9043,#9044),(#9045,#9046),(#9047,#9048)),
 .UNSPECIFIED.,.F.,.F.,.F.,(4,1,1,1,1,4),(2,2),(0.,0.22527555589201,0.450551111784019,
0.901102223568038,1.34825387503614,1.36315890107815),(0.,0.20066),
 .UNSPECIFIED.);
#85=B_SPLINE_SURFACE_WITH_KNOTS('',3,3,((#9067,#9068,#9069,#9070),(#9071,
#9072,#9073,#9074),(#9075,#9076,#9077,#9078),(#9079,#9080,#9081,#9082)),
 .UNSPECIFIED.,.F.,.F.,.F.,(4,4),(4,4),(1.36315890107815,1.55422718427309),
(0.,0.20066),.UNSPECIFIED.);
#86=B_SPLINE_SURFACE_WITH_KNOTS('',3,1,((#9090,#9091),(#9092,#9093),(#9094,
#9095),(#9096,#9097)),.UNSPECIFIED.,.F.,.F.,.F.,(4,4),(2,2),(0.,1.00541506317168),
(0.,0.20066),.UNSPECIFIED.);
#87=B_SPLINE_SURFACE_WITH_KNOTS('',3,1,((#9111,#9112),(#9113,#9114),(#9115,
#9116),(#9117,#9118),(#9119,#9120),(#9121,#9122),(#9123,#9124),(#9125,#9126)),
 .UNSPECIFIED.,.F.,.F.,.F.,(4,1,1,1,1,4),(2,2),(0.712314012712904,0.803996243559503,
1.07199499141267,1.43034313660875,1.60951720920679,1.78869128180483),(0.,
0.20066),.UNSPECIFIED.);
#88=B_SPLINE_SURFACE_WITH_KNOTS('',3,3,((#9145,#9146,#9147,#9148),(#9149,
#9150,#9151,#9152),(#9153,#9154,#9155,#9156),(#9157,#9158,#9159,#9160)),
 .UNSPECIFIED.,.F.,.F.,.F.,(4,4),(4,4),(1.00541506317168,1.02261037199343),
(0.,0.20066),.UNSPECIFIED.);
#89=B_SPLINE_SURFACE_WITH_KNOTS('',3,3,((#9167,#9168,#9169,#9170),(#9171,
#9172,#9173,#9174),(#9175,#9176,#9177,#9178),(#9179,#9180,#9181,#9182),
(#9183,#9184,#9185,#9186),(#9187,#9188,#9189,#9190),(#9191,#9192,#9193,
#9194),(#9195,#9196,#9197,#9198)),.UNSPECIFIED.,.F.,.F.,.F.,(4,2,2,4),(4,
4),(0.,0.267998747853168,0.535997495706335,0.712293326919606),(0.,0.20066),
 .UNSPECIFIED.);
#90=B_SPLINE_SURFACE_WITH_KNOTS('',3,1,((#9210,#9211),(#9212,#9213),(#9214,
#9215),(#9216,#9217),(#9218,#9219),(#9220,#9221)),.UNSPECIFIED.,.F.,.F.,
 .F.,(4,1,1,4),(2,2),(0.,0.479331512716004,0.958663025432008,1.32222505824382),
(0.,0.20066),.UNSPECIFIED.);
#91=B_SPLINE_SURFACE_WITH_KNOTS('',3,1,((#9245,#9246),(#9247,#9248),(#9249,
#9250),(#9251,#9252),(#9253,#9254),(#9255,#9256),(#9257,#9258)),
 .UNSPECIFIED.,.F.,.F.,.F.,(4,1,1,1,4),(2,2),(0.601976742420645,0.643851075788227,
1.27899464899921,1.59656643560469,1.91413822221018),(0.,0.20066),
 .UNSPECIFIED.);
#92=B_SPLINE_SURFACE_WITH_KNOTS('',3,3,((#9275,#9276,#9277,#9278),(#9279,
#9280,#9281,#9282),(#9283,#9284,#9285,#9286),(#9287,#9288,#9289,#9290),
(#9291,#9292,#9293,#9294),(#9295,#9296,#9297,#9298),(#9299,#9300,#9301,
#9302),(#9303,#9304,#9305,#9306)),.UNSPECIFIED.,.F.,.F.,.F.,(4,2,2,4),(4,
4),(1.32222505824382,1.43799453814801,1.67766029450601,1.91732605086402),
(0.,0.20066),.UNSPECIFIED.);
#93=B_SPLINE_SURFACE_WITH_KNOTS('',3,3,((#9317,#9318,#9319,#9320),(#9321,
#9322,#9323,#9324),(#9325,#9326,#9327,#9328),(#9329,#9330,#9331,#9332),
(#9333,#9334,#9335,#9336),(#9337,#9338,#9339,#9340)),.UNSPECIFIED.,.F.,
 .F.,.F.,(4,2,4),(4,4),(0.,0.321925537894114,0.601976742420645),(0.,0.20066),
 .UNSPECIFIED.);
#94=B_SPLINE_SURFACE_WITH_KNOTS('',3,3,((#9421,#9422,#9423,#9424),(#9425,
#9426,#9427,#9428),(#9429,#9430,#9431,#9432),(#9433,#9434,#9435,#9436),
(#9437,#9438,#9439,#9440),(#9441,#9442,#9443,#9444),(#9445,#9446,#9447,
#9448),(#9449,#9450,#9451,#9452),(#9453,#9454,#9455,#9456),(#9457,#9458,
#9459,#9460)),.UNSPECIFIED.,.F.,.F.,.F.,(4,2,2,2,4),(4,4),(0.,0.25,0.5,
0.75,1.),(-1.60588478786501E-15,1.),.UNSPECIFIED.);
#95=B_SPLINE_SURFACE_WITH_KNOTS('',3,3,((#9502,#9503,#9504,#9505),(#9506,
#9507,#9508,#9509),(#9510,#9511,#9512,#9513),(#9514,#9515,#9516,#9517),
(#9518,#9519,#9520,#9521),(#9522,#9523,#9524,#9525),(#9526,#9527,#9528,
#9529),(#9530,#9531,#9532,#9533),(#9534,#9535,#9536,#9537),(#9538,#9539,
#9540,#9541),(#9542,#9543,#9544,#9545),(#9546,#9547,#9548,#9549)),
 .UNSPECIFIED.,.F.,.F.,.F.,(4,2,2,2,2,4),(4,4),(0.,0.216522032569195,0.412391524426896,
0.608261016284597,0.804130508142299,1.),(-2.52542618488051E-15,1.),
 .UNSPECIFIED.);
#96=B_SPLINE_SURFACE_WITH_KNOTS('',3,3,((#9595,#9596,#9597,#9598),(#9599,
#9600,#9601,#9602),(#9603,#9604,#9605,#9606),(#9607,#9608,#9609,#9610),
(#9611,#9612,#9613,#9614),(#9615,#9616,#9617,#9618),(#9619,#9620,#9621,
#9622),(#9623,#9624,#9625,#9626),(#9627,#9628,#9629,#9630),(#9631,#9632,
#9633,#9634)),.UNSPECIFIED.,.F.,.F.,.F.,(4,2,2,2,4),(4,4),(0.,0.316229351437404,
0.632458702874808,0.873281188190163,1.),(-1.65080288432246E-15,1.),
 .UNSPECIFIED.);
#97=B_SPLINE_SURFACE_WITH_KNOTS('',3,3,((#9673,#9674,#9675,#9676),(#9677,
#9678,#9679,#9680),(#9681,#9682,#9683,#9684),(#9685,#9686,#9687,#9688),
(#9689,#9690,#9691,#9692),(#9693,#9694,#9695,#9696),(#9697,#9698,#9699,
#9700),(#9701,#9702,#9703,#9704),(#9705,#9706,#9707,#9708),(#9709,#9710,
#9711,#9712)),.UNSPECIFIED.,.F.,.F.,.F.,(4,2,2,2,4),(4,4),(0.,0.25,0.5,
0.75,1.),(-4.94870306971338E-15,1.),.UNSPECIFIED.);
#98=B_SPLINE_SURFACE_WITH_KNOTS('',3,1,((#9752,#9753),(#9754,#9755),(#9756,
#9757),(#9758,#9759),(#9760,#9761),(#9762,#9763),(#9764,#9765)),
 .UNSPECIFIED.,.F.,.F.,.F.,(4,1,1,1,4),(2,2),(1.07051164956428,1.37969842171797,
1.97108519357204,2.5624719654261,2.84586118439028),(0.,0.20066),
 .UNSPECIFIED.);
#99=B_SPLINE_SURFACE_WITH_KNOTS('',3,1,((#9775,#9776),(#9777,#9778),(#9779,
#9780),(#9781,#9782),(#9783,#9784),(#9785,#9786),(#9787,#9788)),
 .UNSPECIFIED.,.F.,.F.,.F.,(4,1,1,1,4),(2,2),(1.06898744122734,1.19096283520265,
1.70583525993719,2.22070768467173,2.46562005195508),(0.,0.20066),
 .UNSPECIFIED.);
#100=B_SPLINE_SURFACE_WITH_KNOTS('',3,3,((#9798,#9799,#9800,#9801),(#9802,
#9803,#9804,#9805),(#9806,#9807,#9808,#9809),(#9810,#9811,#9812,#9813),
(#9814,#9815,#9816,#9817),(#9818,#9819,#9820,#9821),(#9822,#9823,#9824,
#9825),(#9826,#9827,#9828,#9829),(#9830,#9831,#9832,#9833),(#9834,#9835,
#9836,#9837)),.UNSPECIFIED.,.F.,.F.,.F.,(4,2,2,2,4),(4,4),(0.,0.394155824931951,
0.591233737397926,0.788311649863901,1.07051164956589),(0.,0.20066),
 .UNSPECIFIED.);
#101=B_SPLINE_SURFACE_WITH_KNOTS('',3,3,((#9848,#9849,#9850,#9851),(#9852,
#9853,#9854,#9855),(#9856,#9857,#9858,#9859),(#9860,#9861,#9862,#9863),
(#9864,#9865,#9866,#9867),(#9868,#9869,#9870,#9871),(#9872,#9873,#9874,
#9875),(#9876,#9877,#9878,#9879),(#9880,#9881,#9882,#9883),(#9884,#9885,
#9886,#9887)),.UNSPECIFIED.,.F.,.F.,.F.,(4,2,2,2,4),(4,4),(2.46562005195492,
2.73558010940628,2.89387343334201,3.05216675727774,3.36875340514919),(0.,
0.20066),.UNSPECIFIED.);
#102=B_SPLINE_CURVE_WITH_KNOTS('',3,(#7099,#7100,#7101,#7102,#7103,#7104,
#7105,#7106,#7107,#7108,#7109,#7110,#7111,#7112),.UNSPECIFIED.,.F.,.F.,
(4,2,2,2,2,2,4),(1.80215158461625,2.20632124244936,2.46144421274611,2.71656718304286,
2.9716901533396,3.22681312363635,3.63098278146946),.UNSPECIFIED.);
#103=B_SPLINE_CURVE_WITH_KNOTS('',3,(#7286,#7287,#7288,#7289,#7290,#7291,
#7292,#7293,#7294,#7295,#7296,#7297),.UNSPECIFIED.,.F.,.F.,(4,2,2,2,2,4),
(-0.0028707429284754,0.,0.305097686599009,0.602818481790505,0.900460262350682,
1.19806440320812),.UNSPECIFIED.);
#104=B_SPLINE_CURVE_WITH_KNOTS('',3,(#7318,#7319,#7320,#7321,#7322,#7323,
#7324,#7325,#7326,#7327,#7328,#7329),.UNSPECIFIED.,.F.,.F.,(4,2,2,2,2,4),
(-2.39899954993271,-2.39612880700031,-2.09103112032658,-1.79331032506077,
-1.49566854442629,-1.1980644034946),.UNSPECIFIED.);
#105=B_SPLINE_CURVE_WITH_KNOTS('',3,(#7846,#7847,#7848,#7849,#7850,#7851,
#7852,#7853),.UNSPECIFIED.,.F.,.F.,(4,2,2,4),(-1.91732605086402,-1.67766029450601,
-1.43799453814801,-1.32222505824382),.UNSPECIFIED.);
#106=B_SPLINE_CURVE_WITH_KNOTS('',3,(#7859,#7860,#7861,#7862,#7863,#7864),
 .UNSPECIFIED.,.F.,.F.,(4,2,4),(-0.601976742420645,-0.321925537894114,0.),
 .UNSPECIFIED.);
#107=B_SPLINE_CURVE_WITH_KNOTS('',3,(#7872,#7873,#7874,#7875),
 .UNSPECIFIED.,.F.,.F.,(4,4),(-1.55422718427309,-1.36315890107815),
 .UNSPECIFIED.);
#108=B_SPLINE_CURVE_WITH_KNOTS('',3,(#7880,#7881,#7882,#7883,#7884,#7885,
#7886,#7887,#7888,#7889,#7890,#7891,#7892,#7893),.UNSPECIFIED.,.F.,.F.,
(4,2,2,2,2,2,4),(-2.82008096253433,-2.81593298184015,-2.4418052687651,-2.06770396372308,
-1.57158079820772,-1.07555832373604,-0.819584164569347),.UNSPECIFIED.);
#109=B_SPLINE_CURVE_WITH_KNOTS('',3,(#7908,#7909,#7910,#7911,#7912,#7913,
#7914,#7915,#7916,#7917,#7918,#7919,#7920,#7921),.UNSPECIFIED.,.F.,.F.,
(4,2,2,2,2,2,4),(-0.00414801980754524,0.,0.416123268820353,0.832213211727062,
1.3283196028891,1.82433777000603,1.99648744069415),.UNSPECIFIED.);
#110=B_SPLINE_CURVE_WITH_KNOTS('',3,(#7925,#7926,#7927,#7928,#7929,#7930,
#7931,#7932,#7933,#7934),.UNSPECIFIED.,.F.,.F.,(4,2,2,2,4),(-1.,-0.75,-0.5,
-0.25,0.),.UNSPECIFIED.);
#111=B_SPLINE_CURVE_WITH_KNOTS('',3,(#7938,#7939,#7940,#7941,#7942,#7943,
#7944,#7945,#7946,#7947),.UNSPECIFIED.,.F.,.F.,(4,2,2,2,4),(-1.07051164956589,
-0.788311649863901,-0.591233737397926,-0.394155824931951,0.),
 .UNSPECIFIED.);
#112=B_SPLINE_CURVE_WITH_KNOTS('',3,(#7951,#7952,#7953,#7954),
 .UNSPECIFIED.,.F.,.F.,(4,4),(-1.02261037199343,-1.00541506317168),
 .UNSPECIFIED.);
#113=B_SPLINE_CURVE_WITH_KNOTS('',3,(#7960,#7961,#7962,#7963,#7964,#7965,
#7966,#7967),.UNSPECIFIED.,.F.,.F.,(4,2,2,4),(-0.712293326761436,-0.535997495706335,
-0.267998747853168,0.),.UNSPECIFIED.);
#114=B_SPLINE_CURVE_WITH_KNOTS('',3,(#7973,#7974,#7975,#7976),
 .UNSPECIFIED.,.F.,.F.,(4,4),(-1.91105197660439,0.),.UNSPECIFIED.);
#115=B_SPLINE_CURVE_WITH_KNOTS('',3,(#7978,#7979,#7980,#7981,#7982,#7983),
 .UNSPECIFIED.,.F.,.F.,(4,2,4),(-0.575554173734998,-0.287777086867499,0.),
 .UNSPECIFIED.);
#116=B_SPLINE_CURVE_WITH_KNOTS('',3,(#7984,#7985,#7986,#7987,#7988,#7989,
#7990,#7991,#7992,#7993),.UNSPECIFIED.,.F.,.F.,(4,2,2,2,4),(-1.98370052723746,
-1.48777539542809,-0.991850263618729,-0.495925131809364,0.),
 .UNSPECIFIED.);
#117=B_SPLINE_CURVE_WITH_KNOTS('',3,(#8258,#8259,#8260,#8261,#8262,#8263,
#8264,#8265,#8266,#8267,#8268,#8269,#8270),.UNSPECIFIED.,.F.,.F.,(4,3,3,
3,4),(-0.00414801980754524,0.,0.943060565864943,1.89234265530334,1.99648744069415),
 .UNSPECIFIED.);
#118=B_SPLINE_CURVE_WITH_KNOTS('',3,(#8284,#8285,#8286,#8287,#8288,#8289,
#8290,#8291,#8292,#8293,#8294,#8295,#8296),.UNSPECIFIED.,.F.,.F.,(4,3,3,
3,4),(-0.00414801980754524,0.,0.94306991434842,1.8923875296761,1.99648744069415),
 .UNSPECIFIED.);
#119=B_SPLINE_CURVE_WITH_KNOTS('',3,(#8302,#8303,#8304,#8305,#8306,#8307,
#8308,#8309,#8310,#8311,#8312,#8313,#8314),.UNSPECIFIED.,.F.,.F.,(4,3,3,
3,4),(-2.82008096253433,-2.81593298184015,-1.8766189981455,-0.918542155344894,
-0.819584164569347),.UNSPECIFIED.);
#120=B_SPLINE_CURVE_WITH_KNOTS('',3,(#8328,#8329,#8330,#8331,#8332,#8333,
#8334,#8335,#8336,#8337,#8338,#8339,#8340,#8341,#8342,#8343,#8344,#8345,
#8346,#8347,#8348,#8349,#8350,#8351,#8352),.UNSPECIFIED.,.F.,.F.,(4,3,3,
3,3,3,3,3,4),(-2.82008096253433,-2.81593298184015,-2.4418052687651,-2.06770396372308,
-2.01739345493183,-1.61812369147767,-1.57158079820772,-1.07555832373604,
-0.819584164569347),.UNSPECIFIED.);
#121=B_SPLINE_CURVE_WITH_KNOTS('',3,(#8578,#8579,#8580,#8581,#8582,#8583,
#8584,#8585,#8586,#8587,#8588,#8589,#8590,#8591,#8592,#8593,#8594,#8595,
#8596,#8597,#8598,#8599),.UNSPECIFIED.,.F.,.F.,(4,2,2,2,2,2,2,2,2,2,4),
(2.99476342943099,2.99858548223782,3.21657510902985,3.6776575764143,3.90819881010653,
4.13874004379876,4.36928127749098,4.59982251118321,5.06090497856767,5.2788946053597,
5.28271665816652),.UNSPECIFIED.);
#122=B_SPLINE_CURVE_WITH_KNOTS('',3,(#8614,#8615,#8616,#8617,#8618,#8619,
#8620,#8621,#8622,#8623,#8624,#8625,#8626,#8627,#8628,#8629,#8630,#8631),
 .UNSPECIFIED.,.F.,.F.,(4,2,2,2,2,2,2,2,4),(1.92885078389575,1.98153077068763,
2.66400970520338,3.00524917246125,3.34648863971912,3.687728106977,4.02896757423487,
4.71144650875061,4.76412649554249),.UNSPECIFIED.);
#123=B_SPLINE_CURVE_WITH_KNOTS('',3,(#8653,#8654,#8655,#8656,#8657,#8658,
#8659,#8660),.UNSPECIFIED.,.F.,.F.,(4,2,2,4),(-0.511338579639874,-0.43029988323501,
-0.28686658882334,0.),.UNSPECIFIED.);
#124=B_SPLINE_CURVE_WITH_KNOTS('',3,(#8662,#8663,#8664,#8665),
 .UNSPECIFIED.,.F.,.F.,(4,4),(-1.91663620592809,0.),.UNSPECIFIED.);
#125=B_SPLINE_CURVE_WITH_KNOTS('',3,(#8667,#8668,#8669,#8670,#8671,#8672,
#8673,#8674),.UNSPECIFIED.,.F.,.F.,(4,2,2,4),(-1.98980271956284,-0.995704672073929,
-0.497852336036964,-0.220813391502393),.UNSPECIFIED.);
#126=B_SPLINE_CURVE_WITH_KNOTS('',3,(#8696,#8697,#8698,#8699),
 .UNSPECIFIED.,.F.,.F.,(4,4),(0.,1.91663620592809),.UNSPECIFIED.);
#127=B_SPLINE_CURVE_WITH_KNOTS('',3,(#8734,#8735,#8736,#8737,#8738,#8739,
#8740,#8741),.UNSPECIFIED.,.F.,.F.,(4,2,2,4),(0.220813391502393,0.497852336036964,
0.995704672073929,1.98980271956284),.UNSPECIFIED.);
#128=B_SPLINE_CURVE_WITH_KNOTS('',3,(#8777,#8778,#8779,#8780,#8781,#8782,
#8783,#8784),.UNSPECIFIED.,.F.,.F.,(4,2,2,4),(0.,0.28686658882334,0.43029988323501,
0.511338579639874),.UNSPECIFIED.);
#129=B_SPLINE_CURVE_WITH_KNOTS('',3,(#8794,#8795,#8796,#8797),
 .UNSPECIFIED.,.F.,.F.,(4,4),(-0.220813391502392,0.),.UNSPECIFIED.);
#130=B_SPLINE_CURVE_WITH_KNOTS('',3,(#8799,#8800,#8801,#8802),
 .UNSPECIFIED.,.F.,.F.,(4,4),(0.,0.220813391502392),.UNSPECIFIED.);
#131=B_SPLINE_CURVE_WITH_KNOTS('',3,(#8812,#8813,#8814,#8815),
 .UNSPECIFIED.,.F.,.F.,(4,4),(-0.57373317764668,-0.5113396858391),
 .UNSPECIFIED.);
#132=B_SPLINE_CURVE_WITH_KNOTS('',3,(#8816,#8817,#8818,#8819),
 .UNSPECIFIED.,.F.,.F.,(4,4),(0.5113396858391,0.57373317764668),
 .UNSPECIFIED.);
#133=B_SPLINE_CURVE_WITH_KNOTS('',3,(#8850,#8851,#8852,#8853,#8854,#8855),
 .UNSPECIFIED.,.F.,.F.,(4,2,4),(0.,0.287777086867499,0.575554173734998),
 .UNSPECIFIED.);
#134=B_SPLINE_CURVE_WITH_KNOTS('',3,(#8898,#8899,#8900,#8901,#8902,#8903,
#8904,#8905,#8906,#8907),.UNSPECIFIED.,.F.,.F.,(4,2,2,2,4),(0.,0.495925131809364,
0.991850263618729,1.48777539542809,1.98370052723746),.UNSPECIFIED.);
#135=B_SPLINE_CURVE_WITH_KNOTS('',3,(#8925,#8926,#8927,#8928),
 .UNSPECIFIED.,.F.,.F.,(4,4),(0.,1.91105197660439),.UNSPECIFIED.);
#136=B_SPLINE_CURVE_WITH_KNOTS('',3,(#8940,#8941,#8942,#8943),
 .UNSPECIFIED.,.F.,.F.,(4,4),(-1.02176526325638,0.),.UNSPECIFIED.);
#137=B_SPLINE_CURVE_WITH_KNOTS('',3,(#8947,#8948,#8949,#8950),
 .UNSPECIFIED.,.F.,.F.,(4,4),(0.,1.02176526325638),.UNSPECIFIED.);
#138=B_SPLINE_CURVE_WITH_KNOTS('',3,(#8970,#8971,#8972,#8973,#8974,#8975,
#8976,#8977,#8978),.UNSPECIFIED.,.F.,.F.,(4,1,1,1,1,1,4),(-1.76898712008765,
-1.54786373007669,-1.32674034006574,-0.884493560043824,-0.442246780021912,
-0.221123390010956,0.),.UNSPECIFIED.);
#139=B_SPLINE_CURVE_WITH_KNOTS('',3,(#8979,#8980,#8981,#8982,#8983,#8984,
#8985,#8986,#8987),.UNSPECIFIED.,.F.,.F.,(4,1,1,1,1,1,4),(0.,0.221123390010956,
0.442246780021912,0.884493560043824,1.32674034006574,1.54786373007669,1.76898712008765),
 .UNSPECIFIED.);
#140=B_SPLINE_CURVE_WITH_KNOTS('',3,(#8999,#9000,#9001,#9002),
 .UNSPECIFIED.,.F.,.F.,(4,4),(-1.03264334053135,0.),.UNSPECIFIED.);
#141=B_SPLINE_CURVE_WITH_KNOTS('',3,(#9006,#9007,#9008,#9009),
 .UNSPECIFIED.,.F.,.F.,(4,4),(0.,1.03264334053135),.UNSPECIFIED.);
#142=B_SPLINE_CURVE_WITH_KNOTS('',3,(#9021,#9022,#9023,#9024,#9025),
 .UNSPECIFIED.,.F.,.F.,(4,1,4),(-1.79540552650425,-1.5718297007702,-1.55422720739595),
 .UNSPECIFIED.);
#143=B_SPLINE_CURVE_WITH_KNOTS('',3,(#9027,#9028,#9029,#9030,#9031),
 .UNSPECIFIED.,.F.,.F.,(4,1,4),(1.55422720739595,1.5718297007702,1.79540552650425),
 .UNSPECIFIED.);
#144=B_SPLINE_CURVE_WITH_KNOTS('',3,(#9049,#9050,#9051,#9052,#9053,#9054,
#9055,#9056),.UNSPECIFIED.,.F.,.F.,(4,1,1,1,1,4),(-1.36315890107815,-1.34825387503614,
-0.901102223568038,-0.450551111784019,-0.22527555589201,0.),
 .UNSPECIFIED.);
#145=B_SPLINE_CURVE_WITH_KNOTS('',3,(#9059,#9060,#9061,#9062,#9063,#9064,
#9065,#9066),.UNSPECIFIED.,.F.,.F.,(4,1,1,1,1,4),(0.,0.22527555589201,0.450551111784019,
0.901102223568038,1.34825387503614,1.36315890107815),.UNSPECIFIED.);
#146=B_SPLINE_CURVE_WITH_KNOTS('',3,(#9083,#9084,#9085,#9086),
 .UNSPECIFIED.,.F.,.F.,(4,4),(1.36315890107815,1.55422718427309),
 .UNSPECIFIED.);
#147=B_SPLINE_CURVE_WITH_KNOTS('',3,(#9099,#9100,#9101,#9102),
 .UNSPECIFIED.,.F.,.F.,(4,4),(-1.00541506317168,0.),.UNSPECIFIED.);
#148=B_SPLINE_CURVE_WITH_KNOTS('',3,(#9106,#9107,#9108,#9109),
 .UNSPECIFIED.,.F.,.F.,(4,4),(0.,1.00541506317168),.UNSPECIFIED.);
#149=B_SPLINE_CURVE_WITH_KNOTS('',3,(#9127,#9128,#9129,#9130,#9131,#9132,
#9133,#9134),.UNSPECIFIED.,.F.,.F.,(4,1,1,1,1,4),(-1.78869128180483,-1.60951720920679,
-1.43034313660875,-1.07199499141267,-0.803996243559503,-0.712314012712904),
 .UNSPECIFIED.);
#150=B_SPLINE_CURVE_WITH_KNOTS('',3,(#9136,#9137,#9138,#9139,#9140,#9141,
#9142,#9143),.UNSPECIFIED.,.F.,.F.,(4,1,1,1,1,4),(0.712314012712904,0.803996243559503,
1.07199499141267,1.43034313660875,1.60951720920679,1.78869128180483),
 .UNSPECIFIED.);
#151=B_SPLINE_CURVE_WITH_KNOTS('',3,(#9163,#9164,#9165,#9166),
 .UNSPECIFIED.,.F.,.F.,(4,4),(1.00541506317168,1.02261037199343),
 .UNSPECIFIED.);
#152=B_SPLINE_CURVE_WITH_KNOTS('',3,(#9199,#9200,#9201,#9202,#9203,#9204,
#9205,#9206),.UNSPECIFIED.,.F.,.F.,(4,2,2,4),(0.,0.267998747853168,0.535997495706335,
0.712293326919606),.UNSPECIFIED.);
#153=B_SPLINE_CURVE_WITH_KNOTS('',3,(#9223,#9224,#9225,#9226,#9227,#9228),
 .UNSPECIFIED.,.F.,.F.,(4,1,1,4),(-1.32222505824382,-0.958663025432008,
-0.479331512716004,0.),.UNSPECIFIED.);
#154=B_SPLINE_CURVE_WITH_KNOTS('',3,(#9232,#9233,#9234,#9235,#9236,#9237),
 .UNSPECIFIED.,.F.,.F.,(4,1,1,4),(0.,0.479331512716004,0.958663025432008,
1.32222505824382),.UNSPECIFIED.);
#155=B_SPLINE_CURVE_WITH_KNOTS('',3,(#9259,#9260,#9261,#9262,#9263,#9264,
#9265),.UNSPECIFIED.,.F.,.F.,(4,1,1,1,4),(-1.91413822221018,-1.59656643560469,
-1.27899464899921,-0.643851075788227,-0.601976742420645),.UNSPECIFIED.);
#156=B_SPLINE_CURVE_WITH_KNOTS('',3,(#9267,#9268,#9269,#9270,#9271,#9272,
#9273),.UNSPECIFIED.,.F.,.F.,(4,1,1,1,4),(0.601976742420645,0.643851075788227,
1.27899464899921,1.59656643560469,1.91413822221018),.UNSPECIFIED.);
#157=B_SPLINE_CURVE_WITH_KNOTS('',3,(#9309,#9310,#9311,#9312,#9313,#9314,
#9315,#9316),.UNSPECIFIED.,.F.,.F.,(4,2,2,4),(1.32222505824382,1.43799453814801,
1.67766029450601,1.91732605086402),.UNSPECIFIED.);
#158=B_SPLINE_CURVE_WITH_KNOTS('',3,(#9341,#9342,#9343,#9344,#9345,#9346),
 .UNSPECIFIED.,.F.,.F.,(4,2,4),(0.,0.321925537894114,0.601976742420645),
 .UNSPECIFIED.);
#159=B_SPLINE_CURVE_WITH_KNOTS('',3,(#9353,#9354,#9355,#9356,#9357,#9358,
#9359),.UNSPECIFIED.,.F.,.F.,(4,1,1,1,4),(-2.46562005195508,-2.22070768467173,
-1.70583525993719,-1.19096283520265,-1.06898744122734),.UNSPECIFIED.);
#160=B_SPLINE_CURVE_WITH_KNOTS('',3,(#9365,#9366,#9367,#9368,#9369,#9370,
#9371),.UNSPECIFIED.,.F.,.F.,(4,1,1,1,4),(-2.84586118439028,-2.5624719654261,
-1.97108519357204,-1.37969842171797,-1.07051164956428),.UNSPECIFIED.);
#161=B_SPLINE_CURVE_WITH_KNOTS('',3,(#9374,#9375,#9376,#9377,#9378,#9379,
#9380,#9381,#9382,#9383,#9384,#9385),.UNSPECIFIED.,.F.,.F.,(4,2,2,2,2,4),
(-1.,-0.804130508142299,-0.608261016284597,-0.412391524426896,-0.216522032569195,
0.),.UNSPECIFIED.);
#162=B_SPLINE_CURVE_WITH_KNOTS('',3,(#9388,#9389,#9390,#9391,#9392,#9393,
#9394,#9395,#9396,#9397),.UNSPECIFIED.,.F.,.F.,(4,2,2,2,4),(-1.,-0.873281188190163,
-0.632458702874808,-0.316229351437404,0.),.UNSPECIFIED.);
#163=B_SPLINE_CURVE_WITH_KNOTS('',3,(#9401,#9402,#9403,#9404,#9405,#9406,
#9407,#9408,#9409,#9410),.UNSPECIFIED.,.F.,.F.,(4,2,2,2,4),(-3.36875340514919,
-3.05216675727774,-2.89387343334201,-2.73558010940628,-2.46562005195492),
 .UNSPECIFIED.);
#164=B_SPLINE_CURVE_WITH_KNOTS('',3,(#9411,#9412,#9413,#9414,#9415,#9416,
#9417,#9418,#9419,#9420),.UNSPECIFIED.,.F.,.F.,(4,2,2,2,4),(-1.,-0.75,-0.5,
-0.25,0.),.UNSPECIFIED.);
#165=B_SPLINE_CURVE_WITH_KNOTS('',3,(#9464,#9465,#9466,#9467,#9468,#9469,
#9470,#9471,#9472,#9473,#9474,#9475,#9476,#9477,#9478,#9479,#9480,#9481,
#9482,#9483,#9484,#9485,#9486,#9487,#9488,#9489,#9490,#9491,#9492,#9493,
#9494,#9495,#9496,#9497,#9498,#9499,#9500),.UNSPECIFIED.,.F.,.F.,(4,3,3,
3,3,3,3,3,3,3,3,3,4),(1.140720827991E-9,0.107195073915217,0.221625159564408,
0.313267796975143,0.432093640511617,0.554759094816682,0.626535593950285,
0.751081508585175,0.868416772874678,0.939803390925428,1.096437289413,1.21922079743552,
1.25307118790057),.UNSPECIFIED.);
#166=B_SPLINE_CURVE_WITH_KNOTS('',3,(#9551,#9552,#9553,#9554,#9555,#9556,
#9557,#9558,#9559,#9560,#9561,#9562,#9563,#9564,#9565,#9566,#9567,#9568,
#9569,#9570,#9571,#9572,#9573,#9574,#9575,#9576,#9577,#9578,#9579,#9580,
#9581,#9582,#9583,#9584,#9585,#9586,#9587,#9588,#9589,#9590,#9591,#9592,
#9593),.UNSPECIFIED.,.F.,.F.,(4,3,3,3,3,3,3,3,3,3,3,3,3,3,4),(2.84586118438993,
2.95879359538271,3.07407499844377,3.15385873728017,3.27894766886772,3.41072445959373,
3.43247853159024,3.58706917178517,3.71109832590031,3.84096115160207,3.9733137346632,
3.98971812021038,4.12902801736541,4.2297742466152,4.26833791452045),
 .UNSPECIFIED.);
#167=B_SPLINE_CURVE_WITH_KNOTS('',3,(#9638,#9639,#9640,#9641,#9642,#9643,
#9644,#9645,#9646,#9647,#9648,#9649,#9650,#9651,#9652,#9653,#9654,#9655,
#9656,#9657,#9658,#9659,#9660,#9661,#9662,#9663,#9664,#9665,#9666,#9667,
#9668,#9669,#9670,#9671),.UNSPECIFIED.,.F.,.F.,(4,3,3,3,3,3,3,3,3,3,3,4),
(0.,0.0927540540716183,0.20694540021802,0.338045205234052,0.473554622934588,
0.608636519431978,0.676090410468105,0.787149357894669,0.89225152333181,
0.933526622835376,1.03419067617028,1.06898744122734),.UNSPECIFIED.);
#168=B_SPLINE_CURVE_WITH_KNOTS('',3,(#9714,#9715,#9716,#9717,#9718,#9719,
#9720,#9721,#9722,#9723,#9724,#9725,#9726,#9727,#9728,#9729,#9730,#9731,
#9732,#9733,#9734,#9735,#9736,#9737,#9738,#9739,#9740,#9741,#9742,#9743,
#9744,#9745,#9746,#9747,#9748,#9749,#9750),.UNSPECIFIED.,.F.,.F.,(4,3,3,
3,3,3,3,3,3,3,3,3,4),(0.,0.103173691187505,0.234929901149504,0.270218770636021,
0.372484550857952,0.485194756701359,0.540437541272041,0.652354318471865,
0.75978721766764,0.810656311908062,0.929906564893654,1.03142155562525,1.08087508254408),
 .UNSPECIFIED.);
#169=B_SPLINE_CURVE_WITH_KNOTS('',3,(#9767,#9768,#9769,#9770,#9771,#9772,
#9773),.UNSPECIFIED.,.F.,.F.,(4,1,1,1,4),(1.07051164956428,1.37969842171797,
1.97108519357204,2.5624719654261,2.84586118439028),.UNSPECIFIED.);
#170=B_SPLINE_CURVE_WITH_KNOTS('',3,(#9791,#9792,#9793,#9794,#9795,#9796,
#9797),.UNSPECIFIED.,.F.,.F.,(4,1,1,1,4),(1.06898744122734,1.19096283520265,
1.70583525993719,2.22070768467173,2.46562005195508),.UNSPECIFIED.);
#171=B_SPLINE_CURVE_WITH_KNOTS('',3,(#9838,#9839,#9840,#9841,#9842,#9843,
#9844,#9845,#9846,#9847),.UNSPECIFIED.,.F.,.F.,(4,2,2,2,4),(0.,0.394155824931951,
0.591233737397926,0.788311649863901,1.07051164956589),.UNSPECIFIED.);
#172=B_SPLINE_CURVE_WITH_KNOTS('',3,(#9888,#9889,#9890,#9891,#9892,#9893,
#9894,#9895,#9896,#9897),.UNSPECIFIED.,.F.,.F.,(4,2,2,2,4),(2.46562005195492,
2.73558010940628,2.89387343334201,3.05216675727774,3.36875340514919),
 .UNSPECIFIED.);
#173=ELLIPSE('',#5087,0.0222710797279697,0.0157480315);
#174=ELLIPSE('',#5088,0.0222710797279877,0.0157480315);
#175=ELLIPSE('',#5094,0.0222710797279787,0.0157480315);
#176=ELLIPSE('',#5095,0.0222710797279787,0.0157480315);
#177=ELLIPSE('',#5101,0.022271079722402,0.015748031496063);
#178=ELLIPSE('',#5102,0.0222710797224199,0.015748031496063);
#179=ELLIPSE('',#5108,0.022271079722411,0.015748031496063);
#180=ELLIPSE('',#5109,0.0222710797224109,0.015748031496063);
#181=ELLIPSE('',#5125,0.339471564898854,0.3);
#182=ELLIPSE('',#5126,0.339471564898854,0.3);
#183=ELLIPSE('',#5128,0.364947243530198,0.3);
#184=ELLIPSE('',#5129,0.364947243530198,0.3);
#185=ELLIPSE('',#5131,0.364947243530199,0.3);
#186=ELLIPSE('',#5132,0.3649472435302,0.3);
#187=ELLIPSE('',#5134,0.329621844355435,0.3);
#188=ELLIPSE('',#5147,0.329621844355435,0.3);
#189=ELLIPSE('',#5212,0.0022271079722411,0.0015748031496063);
#190=ELLIPSE('',#5213,0.00222710797224109,0.0015748031496063);
#191=ELLIPSE('',#5318,0.799173582547994,0.5);
#192=ELLIPSE('',#5325,0.799173582548005,0.5);
#193=ELLIPSE('',#5327,0.54936974059239,0.5);
#194=ELLIPSE('',#5330,0.56578594149809,0.5);
#195=ELLIPSE('',#5337,0.56578594149809,0.5);
#196=ELLIPSE('',#5339,0.549369740592391,0.5);
#197=ELLIPSE('',#5341,0.799173582548005,0.5);
#198=ELLIPSE('',#5342,0.799173582547994,0.5);
#199=ELLIPSE('',#5344,0.740728300419659,0.4);
#200=ELLIPSE('',#5345,0.740728300419659,0.4);
#201=ELLIPSE('',#5347,0.74072830041967,0.4);
#202=ELLIPSE('',#5348,0.74072830041967,0.4);
#203=ELLIPSE('',#5350,0.460225066547391,0.4);
#204=ELLIPSE('',#5352,0.460225066547391,0.4);
#205=ELLIPSE('',#5354,0.452628753198472,0.4);
#206=ELLIPSE('',#5364,0.452628753198472,0.4);
#207=ELLIPSE('',#5366,0.460225066547391,0.4);
#208=ELLIPSE('',#5368,0.460225066547391,0.4);
#209=ELLIPSE('',#5438,0.56578594149809,0.5);
#210=ELLIPSE('',#5441,0.655180120254788,0.579);
#211=CYLINDRICAL_SURFACE('',#5086,0.0157480315);
#212=CYLINDRICAL_SURFACE('',#5093,0.0157480315);
#213=CYLINDRICAL_SURFACE('',#5100,0.015748031496063);
#214=CYLINDRICAL_SURFACE('',#5107,0.015748031496063);
#215=CYLINDRICAL_SURFACE('',#5114,0.560341324504259);
#216=CYLINDRICAL_SURFACE('',#5123,0.5);
#217=CYLINDRICAL_SURFACE('',#5124,0.3);
#218=CYLINDRICAL_SURFACE('',#5133,0.3);
#219=CYLINDRICAL_SURFACE('',#5135,0.3);
#220=CYLINDRICAL_SURFACE('',#5136,0.3);
#221=CYLINDRICAL_SURFACE('',#5141,0.3);
#222=CYLINDRICAL_SURFACE('',#5146,0.3);
#223=CYLINDRICAL_SURFACE('',#5148,0.3);
#224=CYLINDRICAL_SURFACE('',#5149,0.3);
#225=CYLINDRICAL_SURFACE('',#5155,0.3);
#226=CYLINDRICAL_SURFACE('',#5156,0.200000000000003);
#227=CYLINDRICAL_SURFACE('',#5158,0.2);
#228=CYLINDRICAL_SURFACE('',#5161,1.51426715375777);
#229=CYLINDRICAL_SURFACE('',#5164,0.1);
#230=CYLINDRICAL_SURFACE('',#5166,0.1);
#231=CYLINDRICAL_SURFACE('',#5168,0.1);
#232=CYLINDRICAL_SURFACE('',#5170,0.1);
#233=CYLINDRICAL_SURFACE('',#5178,0.0999999999999997);
#234=CYLINDRICAL_SURFACE('',#5181,1.41426715375777);
#235=CYLINDRICAL_SURFACE('',#5184,1.41426715375777);
#236=CYLINDRICAL_SURFACE('',#5187,0.0999999999999994);
#237=CYLINDRICAL_SURFACE('',#5189,0.300000000000003);
#238=CYLINDRICAL_SURFACE('',#5192,0.199999999999999);
#239=CYLINDRICAL_SURFACE('',#5195,1.51426715375777);
#240=CYLINDRICAL_SURFACE('',#5211,0.0015748031496063);
#241=CYLINDRICAL_SURFACE('',#5237,1.41426715375777);
#242=CYLINDRICAL_SURFACE('',#5239,0.0999999999999998);
#243=CYLINDRICAL_SURFACE('',#5242,0.1);
#244=CYLINDRICAL_SURFACE('',#5245,0.0999999999999994);
#245=CYLINDRICAL_SURFACE('',#5248,0.300000000000003);
#246=CYLINDRICAL_SURFACE('',#5251,0.100000000000005);
#247=CYLINDRICAL_SURFACE('',#5254,0.1);
#248=CYLINDRICAL_SURFACE('',#5257,0.1);
#249=CYLINDRICAL_SURFACE('',#5259,1.41426715375777);
#250=CYLINDRICAL_SURFACE('',#5275,1.31454643601988);
#251=CYLINDRICAL_SURFACE('',#5276,0.199720717737887);
#252=CYLINDRICAL_SURFACE('',#5278,0.199720717737887);
#253=CYLINDRICAL_SURFACE('',#5280,0.000279282262112609);
#254=CYLINDRICAL_SURFACE('',#5282,0.39972071773789);
#255=CYLINDRICAL_SURFACE('',#5284,0.000279282262118198);
#256=CYLINDRICAL_SURFACE('',#5286,0.199720717737887);
#257=CYLINDRICAL_SURFACE('',#5288,0.199720717737887);
#258=CYLINDRICAL_SURFACE('',#5289,1.31454643601988);
#259=CYLINDRICAL_SURFACE('',#5292,0.199999999999999);
#260=CYLINDRICAL_SURFACE('',#5296,0.200000000000003);
#261=CYLINDRICAL_SURFACE('',#5300,0.200000000000005);
#262=CYLINDRICAL_SURFACE('',#5305,1.51426715375777);
#263=CYLINDRICAL_SURFACE('',#5312,1.51426715375777);
#264=CYLINDRICAL_SURFACE('',#5317,0.5);
#265=CYLINDRICAL_SURFACE('',#5324,0.5);
#266=CYLINDRICAL_SURFACE('',#5326,0.5);
#267=CYLINDRICAL_SURFACE('',#5328,0.5);
#268=CYLINDRICAL_SURFACE('',#5336,0.5);
#269=CYLINDRICAL_SURFACE('',#5338,0.5);
#270=CYLINDRICAL_SURFACE('',#5340,0.5);
#271=CYLINDRICAL_SURFACE('',#5349,0.4);
#272=CYLINDRICAL_SURFACE('',#5351,0.4);
#273=CYLINDRICAL_SURFACE('',#5353,0.4);
#274=CYLINDRICAL_SURFACE('',#5363,0.4);
#275=CYLINDRICAL_SURFACE('',#5365,0.4);
#276=CYLINDRICAL_SURFACE('',#5367,0.4);
#277=CYLINDRICAL_SURFACE('',#5369,0.4);
#278=CYLINDRICAL_SURFACE('',#5375,0.4);
#279=CYLINDRICAL_SURFACE('',#5390,0.0944881889763779);
#280=CYLINDRICAL_SURFACE('',#5392,0.0944881889763779);
#281=CYLINDRICAL_SURFACE('',#5394,0.0944881889763779);
#282=CYLINDRICAL_SURFACE('',#5397,0.075);
#283=CYLINDRICAL_SURFACE('',#5400,0.075);
#284=CYLINDRICAL_SURFACE('',#5403,0.075);
#285=CYLINDRICAL_SURFACE('',#5406,0.075);
#286=CYLINDRICAL_SURFACE('',#5410,0.4);
#287=CYLINDRICAL_SURFACE('',#5414,0.56);
#288=CYLINDRICAL_SURFACE('',#5419,0.5);
#289=CYLINDRICAL_SURFACE('',#5421,0.5);
#290=CYLINDRICAL_SURFACE('',#5422,0.579);
#291=CYLINDRICAL_SURFACE('',#5424,0.579);
#292=CYLINDRICAL_SURFACE('',#5427,0.579);
#293=CYLINDRICAL_SURFACE('',#5429,0.579);
#294=CYLINDRICAL_SURFACE('',#5436,0.5);
#295=CYLINDRICAL_SURFACE('',#5437,0.5);
#296=CYLINDRICAL_SURFACE('',#5439,0.5);
#297=CYLINDRICAL_SURFACE('',#5440,0.579);
#298=CYLINDRICAL_SURFACE('',#5443,0.579);
#299=CYLINDRICAL_SURFACE('',#5445,1.41426715375777);
#300=CYLINDRICAL_SURFACE('',#5447,0.1);
#301=CYLINDRICAL_SURFACE('',#5450,0.1);
#302=CYLINDRICAL_SURFACE('',#5453,0.0999999999999994);
#303=CYLINDRICAL_SURFACE('',#5456,0.300000000000003);
#304=CYLINDRICAL_SURFACE('',#5459,0.100000000000005);
#305=CYLINDRICAL_SURFACE('',#5462,0.1);
#306=CYLINDRICAL_SURFACE('',#5465,0.1);
#307=CYLINDRICAL_SURFACE('',#5467,1.41426715375777);
#308=CYLINDRICAL_SURFACE('',#5474,1.51426715375777);
#309=CYLINDRICAL_SURFACE('',#5481,8.54155028573388);
#310=CYLINDRICAL_SURFACE('',#5491,0.12906863831589);
#311=CYLINDRICAL_SURFACE('',#5494,0.1);
#312=CYLINDRICAL_SURFACE('',#5497,0.0796981171104757);
#313=CYLINDRICAL_SURFACE('',#5499,0.0764297780074491);
#314=CYLINDRICAL_SURFACE('',#5502,0.0499999999999973);
#315=CYLINDRICAL_SURFACE('',#5509,1.51426715375777);
#316=CYLINDRICAL_SURFACE('',#5511,1.90549055754724);
#317=CYLINDRICAL_SURFACE('',#5516,0.0500000000000002);
#318=CIRCLE('',#5072,1.41426715375777);
#319=CIRCLE('',#5073,0.1);
#320=CIRCLE('',#5074,0.1);
#321=CIRCLE('',#5075,0.0999999999999997);
#322=CIRCLE('',#5076,0.300000000000003);
#323=CIRCLE('',#5077,0.0999999999999994);
#324=CIRCLE('',#5078,0.1);
#325=CIRCLE('',#5079,0.1);
#326=CIRCLE('',#5080,1.41426715375777);
#327=CIRCLE('',#5081,1.51426715375777);
#328=CIRCLE('',#5082,0.199999999999999);
#329=CIRCLE('',#5083,0.200000000000003);
#330=CIRCLE('',#5084,0.2);
#331=CIRCLE('',#5085,1.51426715375777);
#332=CIRCLE('',#5115,0.560341324504259);
#333=CIRCLE('',#5116,0.560341324504259);
#334=CIRCLE('',#5117,0.560341324504259);
#335=CIRCLE('',#5119,0.5);
#336=CIRCLE('',#5121,0.5);
#337=CIRCLE('',#5127,0.199999999999999);
#338=CIRCLE('',#5130,0.2);
#339=CIRCLE('',#5137,0.300000000000001);
#340=CIRCLE('',#5139,1.21426715375777);
#341=CIRCLE('',#5140,1.51426715375777);
#342=CIRCLE('',#5142,0.3);
#343=CIRCLE('',#5144,1.51426715375776);
#344=CIRCLE('',#5145,1.21426715375777);
#345=CIRCLE('',#5150,0.3);
#346=CIRCLE('',#5152,0.3);
#347=CIRCLE('',#5153,0.200000000000003);
#348=CIRCLE('',#5154,0.500000000000003);
#349=CIRCLE('',#5165,0.1);
#350=CIRCLE('',#5167,0.1);
#351=CIRCLE('',#5169,0.1);
#352=CIRCLE('',#5171,0.1);
#353=CIRCLE('',#5173,0.0999999999999994);
#354=CIRCLE('',#5174,0.300000000000003);
#355=CIRCLE('',#5175,0.0999999999999997);
#356=CIRCLE('',#5176,1.41426715375777);
#357=CIRCLE('',#5177,1.41426715375777);
#358=CIRCLE('',#5217,1.41426715375777);
#359=CIRCLE('',#5218,0.1);
#360=CIRCLE('',#5219,0.1);
#361=CIRCLE('',#5220,0.100000000000005);
#362=CIRCLE('',#5221,0.300000000000003);
#363=CIRCLE('',#5222,0.0999999999999994);
#364=CIRCLE('',#5223,0.1);
#365=CIRCLE('',#5224,0.0999999999999998);
#366=CIRCLE('',#5225,1.41426715375777);
#367=CIRCLE('',#5226,1.31454643601988);
#368=CIRCLE('',#5227,0.199720717737887);
#369=CIRCLE('',#5228,0.199720717737887);
#370=CIRCLE('',#5229,0.000279282262112609);
#371=CIRCLE('',#5230,0.39972071773789);
#372=CIRCLE('',#5231,0.000279282262118198);
#373=CIRCLE('',#5232,0.199720717737887);
#374=CIRCLE('',#5233,0.199720717737887);
#375=CIRCLE('',#5234,1.31454643601988);
#376=CIRCLE('',#5238,1.41426715375777);
#377=CIRCLE('',#5240,0.1);
#378=CIRCLE('',#5243,0.1);
#379=CIRCLE('',#5246,0.0999999999999994);
#380=CIRCLE('',#5249,0.300000000000003);
#381=CIRCLE('',#5252,0.100000000000005);
#382=CIRCLE('',#5255,0.1);
#383=CIRCLE('',#5258,0.1);
#384=CIRCLE('',#5260,1.41426715375777);
#385=CIRCLE('',#5265,1.31454643601988);
#386=CIRCLE('',#5266,0.199720717737887);
#387=CIRCLE('',#5267,0.199720717737887);
#388=CIRCLE('',#5268,0.000279282262118198);
#389=CIRCLE('',#5269,0.39972071773789);
#390=CIRCLE('',#5270,0.000279282262112609);
#391=CIRCLE('',#5271,0.199720717737887);
#392=CIRCLE('',#5272,0.199720717737887);
#393=CIRCLE('',#5273,1.31454643601988);
#394=CIRCLE('',#5293,0.199999999999999);
#395=CIRCLE('',#5294,0.199999999999999);
#396=CIRCLE('',#5297,0.200000000000003);
#397=CIRCLE('',#5298,0.200000000000003);
#398=CIRCLE('',#5301,0.200000000000005);
#399=CIRCLE('',#5302,0.200000000000005);
#400=CIRCLE('',#5306,1.51426715375777);
#401=CIRCLE('',#5307,1.51426715375777);
#402=CIRCLE('',#5310,0.56);
#403=CIRCLE('',#5313,1.51426715375777);
#404=CIRCLE('',#5314,1.51426715375777);
#405=CIRCLE('',#5319,0.5);
#406=CIRCLE('',#5321,0.700000000000003);
#407=CIRCLE('',#5322,0.5);
#408=CIRCLE('',#5323,0.700000000000003);
#409=CIRCLE('',#5329,0.5);
#410=CIRCLE('',#5332,1.01426715375777);
#411=CIRCLE('',#5334,1.01426715375777);
#412=CIRCLE('',#5335,0.5);
#413=CIRCLE('',#5343,0.100000000000005);
#414=CIRCLE('',#5346,0.0999999999999993);
#415=CIRCLE('',#5355,0.4);
#416=CIRCLE('',#5357,1.41426715375777);
#417=CIRCLE('',#5358,1.01426715375777);
#418=CIRCLE('',#5360,1.41426715375777);
#419=CIRCLE('',#5361,1.01426715375777);
#420=CIRCLE('',#5362,0.4);
#421=CIRCLE('',#5370,0.4);
#422=CIRCLE('',#5372,0.300000000000003);
#423=CIRCLE('',#5373,0.700000000000003);
#424=CIRCLE('',#5374,0.4);
#425=CIRCLE('',#5377,0.5);
#426=CIRCLE('',#5379,0.0944881889763779);
#427=CIRCLE('',#5380,0.0944881889763779);
#428=CIRCLE('',#5381,0.075);
#429=CIRCLE('',#5382,0.075);
#430=CIRCLE('',#5383,0.075);
#431=CIRCLE('',#5384,0.075);
#432=CIRCLE('',#5385,0.0944881889763779);
#433=CIRCLE('',#5386,0.1);
#434=CIRCLE('',#5387,0.1);
#435=CIRCLE('',#5388,0.1);
#436=CIRCLE('',#5389,0.1);
#437=CIRCLE('',#5391,0.0944881889763779);
#438=CIRCLE('',#5393,0.0944881889763779);
#439=CIRCLE('',#5395,0.0944881889763779);
#440=CIRCLE('',#5398,0.075);
#441=CIRCLE('',#5401,0.075);
#442=CIRCLE('',#5404,0.075);
#443=CIRCLE('',#5407,0.075);
#444=CIRCLE('',#5409,0.56);
#445=CIRCLE('',#5412,0.56);
#446=CIRCLE('',#5413,0.5);
#447=CIRCLE('',#5415,0.56);
#448=CIRCLE('',#5418,0.5);
#449=CIRCLE('',#5420,0.5);
#450=CIRCLE('',#5432,0.700000000000003);
#451=CIRCLE('',#5446,1.41426715375777);
#452=CIRCLE('',#5448,0.1);
#453=CIRCLE('',#5451,0.1);
#454=CIRCLE('',#5454,0.0999999999999994);
#455=CIRCLE('',#5457,0.300000000000003);
#456=CIRCLE('',#5460,0.100000000000005);
#457=CIRCLE('',#5463,0.1);
#458=CIRCLE('',#5466,0.1);
#459=CIRCLE('',#5468,1.41426715375777);
#460=CIRCLE('',#5475,1.51426715375777);
#461=CIRCLE('',#5476,1.51426715375777);
#462=CIRCLE('',#5479,8.54155028573388);
#463=CIRCLE('',#5480,0.0764297780074491);
#464=CIRCLE('',#5482,8.54155028573388);
#465=CIRCLE('',#5483,8.54155028573388);
#466=CIRCLE('',#5485,0.0764297780074491);
#467=CIRCLE('',#5486,0.0499999999999973);
#468=CIRCLE('',#5487,0.0796981171104757);
#469=CIRCLE('',#5488,0.1);
#470=CIRCLE('',#5489,0.12906863831589);
#471=CIRCLE('',#5492,0.12906863831589);
#472=CIRCLE('',#5495,0.1);
#473=CIRCLE('',#5498,0.0796981171104757);
#474=CIRCLE('',#5500,0.0764297780074491);
#475=CIRCLE('',#5503,0.0499999999999973);
#476=CIRCLE('',#5507,1.51426715375777);
#477=CIRCLE('',#5508,1.90549055754724);
#478=CIRCLE('',#5510,1.51426715375777);
#479=CIRCLE('',#5512,1.90549055754724);
#480=CIRCLE('',#5515,0.0500000000000002);
#481=CIRCLE('',#5517,0.0500000000000002);
#482=FACE_OUTER_BOUND('',#772,.T.);
#483=FACE_OUTER_BOUND('',#773,.T.);
#484=FACE_OUTER_BOUND('',#774,.T.);
#485=FACE_OUTER_BOUND('',#775,.T.);
#486=FACE_OUTER_BOUND('',#776,.T.);
#487=FACE_OUTER_BOUND('',#777,.T.);
#488=FACE_OUTER_BOUND('',#778,.T.);
#489=FACE_OUTER_BOUND('',#779,.T.);
#490=FACE_OUTER_BOUND('',#780,.T.);
#491=FACE_OUTER_BOUND('',#781,.T.);
#492=FACE_OUTER_BOUND('',#782,.T.);
#493=FACE_OUTER_BOUND('',#783,.T.);
#494=FACE_OUTER_BOUND('',#784,.T.);
#495=FACE_OUTER_BOUND('',#785,.T.);
#496=FACE_OUTER_BOUND('',#786,.T.);
#497=FACE_OUTER_BOUND('',#787,.T.);
#498=FACE_OUTER_BOUND('',#788,.T.);
#499=FACE_OUTER_BOUND('',#789,.T.);
#500=FACE_OUTER_BOUND('',#790,.T.);
#501=FACE_OUTER_BOUND('',#791,.T.);
#502=FACE_OUTER_BOUND('',#792,.T.);
#503=FACE_OUTER_BOUND('',#793,.T.);
#504=FACE_OUTER_BOUND('',#794,.T.);
#505=FACE_OUTER_BOUND('',#795,.T.);
#506=FACE_OUTER_BOUND('',#796,.T.);
#507=FACE_OUTER_BOUND('',#797,.T.);
#508=FACE_OUTER_BOUND('',#798,.T.);
#509=FACE_OUTER_BOUND('',#799,.T.);
#510=FACE_OUTER_BOUND('',#800,.T.);
#511=FACE_OUTER_BOUND('',#801,.T.);
#512=FACE_OUTER_BOUND('',#802,.T.);
#513=FACE_OUTER_BOUND('',#803,.T.);
#514=FACE_OUTER_BOUND('',#804,.T.);
#515=FACE_OUTER_BOUND('',#805,.T.);
#516=FACE_OUTER_BOUND('',#806,.T.);
#517=FACE_OUTER_BOUND('',#807,.T.);
#518=FACE_OUTER_BOUND('',#808,.T.);
#519=FACE_OUTER_BOUND('',#809,.T.);
#520=FACE_OUTER_BOUND('',#810,.T.);
#521=FACE_OUTER_BOUND('',#811,.T.);
#522=FACE_OUTER_BOUND('',#812,.T.);
#523=FACE_OUTER_BOUND('',#813,.T.);
#524=FACE_OUTER_BOUND('',#814,.T.);
#525=FACE_OUTER_BOUND('',#815,.T.);
#526=FACE_OUTER_BOUND('',#816,.T.);
#527=FACE_OUTER_BOUND('',#817,.T.);
#528=FACE_OUTER_BOUND('',#818,.T.);
#529=FACE_OUTER_BOUND('',#819,.T.);
#530=FACE_OUTER_BOUND('',#820,.T.);
#531=FACE_OUTER_BOUND('',#821,.T.);
#532=FACE_OUTER_BOUND('',#822,.T.);
#533=FACE_OUTER_BOUND('',#823,.T.);
#534=FACE_OUTER_BOUND('',#824,.T.);
#535=FACE_OUTER_BOUND('',#825,.T.);
#536=FACE_OUTER_BOUND('',#826,.T.);
#537=FACE_OUTER_BOUND('',#827,.T.);
#538=FACE_OUTER_BOUND('',#828,.T.);
#539=FACE_OUTER_BOUND('',#829,.T.);
#540=FACE_OUTER_BOUND('',#830,.T.);
#541=FACE_OUTER_BOUND('',#831,.T.);
#542=FACE_OUTER_BOUND('',#833,.T.);
#543=FACE_OUTER_BOUND('',#834,.T.);
#544=FACE_OUTER_BOUND('',#836,.T.);
#545=FACE_OUTER_BOUND('',#838,.T.);
#546=FACE_OUTER_BOUND('',#839,.T.);
#547=FACE_OUTER_BOUND('',#841,.T.);
#548=FACE_OUTER_BOUND('',#842,.T.);
#549=FACE_OUTER_BOUND('',#843,.T.);
#550=FACE_OUTER_BOUND('',#844,.T.);
#551=FACE_OUTER_BOUND('',#845,.T.);
#552=FACE_OUTER_BOUND('',#846,.T.);
#553=FACE_OUTER_BOUND('',#847,.T.);
#554=FACE_OUTER_BOUND('',#848,.T.);
#555=FACE_OUTER_BOUND('',#849,.T.);
#556=FACE_OUTER_BOUND('',#850,.T.);
#557=FACE_OUTER_BOUND('',#851,.T.);
#558=FACE_OUTER_BOUND('',#852,.T.);
#559=FACE_OUTER_BOUND('',#853,.T.);
#560=FACE_OUTER_BOUND('',#854,.T.);
#561=FACE_OUTER_BOUND('',#855,.T.);
#562=FACE_OUTER_BOUND('',#856,.T.);
#563=FACE_OUTER_BOUND('',#857,.T.);
#564=FACE_OUTER_BOUND('',#858,.T.);
#565=FACE_OUTER_BOUND('',#859,.T.);
#566=FACE_OUTER_BOUND('',#860,.T.);
#567=FACE_OUTER_BOUND('',#861,.T.);
#568=FACE_OUTER_BOUND('',#862,.T.);
#569=FACE_OUTER_BOUND('',#863,.T.);
#570=FACE_OUTER_BOUND('',#864,.T.);
#571=FACE_OUTER_BOUND('',#865,.T.);
#572=FACE_OUTER_BOUND('',#866,.T.);
#573=FACE_OUTER_BOUND('',#867,.T.);
#574=FACE_OUTER_BOUND('',#868,.T.);
#575=FACE_OUTER_BOUND('',#869,.T.);
#576=FACE_OUTER_BOUND('',#870,.T.);
#577=FACE_OUTER_BOUND('',#872,.T.);
#578=FACE_OUTER_BOUND('',#873,.T.);
#579=FACE_OUTER_BOUND('',#874,.T.);
#580=FACE_OUTER_BOUND('',#876,.T.);
#581=FACE_OUTER_BOUND('',#877,.T.);
#582=FACE_OUTER_BOUND('',#878,.T.);
#583=FACE_OUTER_BOUND('',#879,.T.);
#584=FACE_OUTER_BOUND('',#880,.T.);
#585=FACE_OUTER_BOUND('',#881,.T.);
#586=FACE_OUTER_BOUND('',#882,.T.);
#587=FACE_OUTER_BOUND('',#883,.T.);
#588=FACE_OUTER_BOUND('',#884,.T.);
#589=FACE_OUTER_BOUND('',#885,.T.);
#590=FACE_OUTER_BOUND('',#887,.T.);
#591=FACE_OUTER_BOUND('',#888,.T.);
#592=FACE_OUTER_BOUND('',#889,.T.);
#593=FACE_OUTER_BOUND('',#891,.T.);
#594=FACE_OUTER_BOUND('',#892,.T.);
#595=FACE_OUTER_BOUND('',#893,.T.);
#596=FACE_OUTER_BOUND('',#894,.T.);
#597=FACE_OUTER_BOUND('',#895,.T.);
#598=FACE_OUTER_BOUND('',#896,.T.);
#599=FACE_OUTER_BOUND('',#897,.T.);
#600=FACE_OUTER_BOUND('',#898,.T.);
#601=FACE_OUTER_BOUND('',#899,.T.);
#602=FACE_OUTER_BOUND('',#900,.T.);
#603=FACE_OUTER_BOUND('',#901,.T.);
#604=FACE_OUTER_BOUND('',#902,.T.);
#605=FACE_OUTER_BOUND('',#903,.T.);
#606=FACE_OUTER_BOUND('',#904,.T.);
#607=FACE_OUTER_BOUND('',#905,.T.);
#608=FACE_OUTER_BOUND('',#906,.T.);
#609=FACE_OUTER_BOUND('',#907,.T.);
#610=FACE_OUTER_BOUND('',#908,.T.);
#611=FACE_OUTER_BOUND('',#909,.T.);
#612=FACE_OUTER_BOUND('',#910,.T.);
#613=FACE_OUTER_BOUND('',#911,.T.);
#614=FACE_OUTER_BOUND('',#912,.T.);
#615=FACE_OUTER_BOUND('',#913,.T.);
#616=FACE_OUTER_BOUND('',#914,.T.);
#617=FACE_OUTER_BOUND('',#915,.T.);
#618=FACE_OUTER_BOUND('',#916,.T.);
#619=FACE_OUTER_BOUND('',#917,.T.);
#620=FACE_OUTER_BOUND('',#918,.T.);
#621=FACE_OUTER_BOUND('',#919,.T.);
#622=FACE_OUTER_BOUND('',#920,.T.);
#623=FACE_OUTER_BOUND('',#921,.T.);
#624=FACE_OUTER_BOUND('',#922,.T.);
#625=FACE_OUTER_BOUND('',#923,.T.);
#626=FACE_OUTER_BOUND('',#924,.T.);
#627=FACE_OUTER_BOUND('',#925,.T.);
#628=FACE_OUTER_BOUND('',#926,.T.);
#629=FACE_OUTER_BOUND('',#927,.T.);
#630=FACE_OUTER_BOUND('',#928,.T.);
#631=FACE_OUTER_BOUND('',#929,.T.);
#632=FACE_OUTER_BOUND('',#930,.T.);
#633=FACE_OUTER_BOUND('',#931,.T.);
#634=FACE_OUTER_BOUND('',#932,.T.);
#635=FACE_OUTER_BOUND('',#933,.T.);
#636=FACE_OUTER_BOUND('',#934,.T.);
#637=FACE_OUTER_BOUND('',#935,.T.);
#638=FACE_OUTER_BOUND('',#937,.T.);
#639=FACE_OUTER_BOUND('',#938,.T.);
#640=FACE_OUTER_BOUND('',#939,.T.);
#641=FACE_OUTER_BOUND('',#940,.T.);
#642=FACE_OUTER_BOUND('',#941,.T.);
#643=FACE_OUTER_BOUND('',#942,.T.);
#644=FACE_OUTER_BOUND('',#943,.T.);
#645=FACE_OUTER_BOUND('',#944,.T.);
#646=FACE_OUTER_BOUND('',#945,.T.);
#647=FACE_OUTER_BOUND('',#946,.T.);
#648=FACE_OUTER_BOUND('',#947,.T.);
#649=FACE_OUTER_BOUND('',#948,.T.);
#650=FACE_OUTER_BOUND('',#949,.T.);
#651=FACE_OUTER_BOUND('',#950,.T.);
#652=FACE_OUTER_BOUND('',#951,.T.);
#653=FACE_OUTER_BOUND('',#952,.T.);
#654=FACE_OUTER_BOUND('',#953,.T.);
#655=FACE_OUTER_BOUND('',#958,.T.);
#656=FACE_OUTER_BOUND('',#959,.T.);
#657=FACE_OUTER_BOUND('',#960,.T.);
#658=FACE_OUTER_BOUND('',#961,.T.);
#659=FACE_OUTER_BOUND('',#962,.T.);
#660=FACE_OUTER_BOUND('',#963,.T.);
#661=FACE_OUTER_BOUND('',#964,.T.);
#662=FACE_OUTER_BOUND('',#965,.T.);
#663=FACE_OUTER_BOUND('',#966,.T.);
#664=FACE_OUTER_BOUND('',#967,.T.);
#665=FACE_OUTER_BOUND('',#968,.T.);
#666=FACE_OUTER_BOUND('',#969,.T.);
#667=FACE_OUTER_BOUND('',#970,.T.);
#668=FACE_OUTER_BOUND('',#971,.T.);
#669=FACE_OUTER_BOUND('',#972,.T.);
#670=FACE_OUTER_BOUND('',#973,.T.);
#671=FACE_OUTER_BOUND('',#974,.T.);
#672=FACE_OUTER_BOUND('',#975,.T.);
#673=FACE_OUTER_BOUND('',#976,.T.);
#674=FACE_OUTER_BOUND('',#977,.T.);
#675=FACE_OUTER_BOUND('',#978,.T.);
#676=FACE_OUTER_BOUND('',#979,.T.);
#677=FACE_OUTER_BOUND('',#980,.T.);
#678=FACE_OUTER_BOUND('',#981,.T.);
#679=FACE_OUTER_BOUND('',#982,.T.);
#680=FACE_OUTER_BOUND('',#983,.T.);
#681=FACE_OUTER_BOUND('',#984,.T.);
#682=FACE_OUTER_BOUND('',#985,.T.);
#683=FACE_OUTER_BOUND('',#986,.T.);
#684=FACE_OUTER_BOUND('',#987,.T.);
#685=FACE_OUTER_BOUND('',#988,.T.);
#686=FACE_OUTER_BOUND('',#989,.T.);
#687=FACE_OUTER_BOUND('',#990,.T.);
#688=FACE_OUTER_BOUND('',#991,.T.);
#689=FACE_OUTER_BOUND('',#992,.T.);
#690=FACE_OUTER_BOUND('',#993,.T.);
#691=FACE_OUTER_BOUND('',#994,.T.);
#692=FACE_OUTER_BOUND('',#995,.T.);
#693=FACE_OUTER_BOUND('',#996,.T.);
#694=FACE_OUTER_BOUND('',#997,.T.);
#695=FACE_OUTER_BOUND('',#998,.T.);
#696=FACE_OUTER_BOUND('',#999,.T.);
#697=FACE_OUTER_BOUND('',#1000,.T.);
#698=FACE_OUTER_BOUND('',#1001,.T.);
#699=FACE_OUTER_BOUND('',#1002,.T.);
#700=FACE_OUTER_BOUND('',#1003,.T.);
#701=FACE_OUTER_BOUND('',#1004,.T.);
#702=FACE_OUTER_BOUND('',#1005,.T.);
#703=FACE_OUTER_BOUND('',#1006,.T.);
#704=FACE_OUTER_BOUND('',#1007,.T.);
#705=FACE_OUTER_BOUND('',#1008,.T.);
#706=FACE_OUTER_BOUND('',#1009,.T.);
#707=FACE_OUTER_BOUND('',#1010,.T.);
#708=FACE_OUTER_BOUND('',#1011,.T.);
#709=FACE_OUTER_BOUND('',#1012,.T.);
#710=FACE_OUTER_BOUND('',#1013,.T.);
#711=FACE_OUTER_BOUND('',#1014,.T.);
#712=FACE_OUTER_BOUND('',#1015,.T.);
#713=FACE_OUTER_BOUND('',#1021,.T.);
#714=FACE_OUTER_BOUND('',#1022,.T.);
#715=FACE_OUTER_BOUND('',#1023,.T.);
#716=FACE_OUTER_BOUND('',#1024,.T.);
#717=FACE_OUTER_BOUND('',#1025,.T.);
#718=FACE_OUTER_BOUND('',#1026,.T.);
#719=FACE_OUTER_BOUND('',#1027,.T.);
#720=FACE_OUTER_BOUND('',#1028,.T.);
#721=FACE_OUTER_BOUND('',#1029,.T.);
#722=FACE_OUTER_BOUND('',#1030,.T.);
#723=FACE_OUTER_BOUND('',#1031,.T.);
#724=FACE_OUTER_BOUND('',#1032,.T.);
#725=FACE_OUTER_BOUND('',#1033,.T.);
#726=FACE_OUTER_BOUND('',#1034,.T.);
#727=FACE_OUTER_BOUND('',#1035,.T.);
#728=FACE_OUTER_BOUND('',#1036,.T.);
#729=FACE_OUTER_BOUND('',#1037,.T.);
#730=FACE_OUTER_BOUND('',#1038,.T.);
#731=FACE_OUTER_BOUND('',#1039,.T.);
#732=FACE_OUTER_BOUND('',#1040,.T.);
#733=FACE_OUTER_BOUND('',#1041,.T.);
#734=FACE_OUTER_BOUND('',#1042,.T.);
#735=FACE_OUTER_BOUND('',#1043,.T.);
#736=FACE_OUTER_BOUND('',#1044,.T.);
#737=FACE_OUTER_BOUND('',#1045,.T.);
#738=FACE_OUTER_BOUND('',#1046,.T.);
#739=FACE_OUTER_BOUND('',#1047,.T.);
#740=FACE_OUTER_BOUND('',#1048,.T.);
#741=FACE_OUTER_BOUND('',#1049,.T.);
#742=FACE_OUTER_BOUND('',#1050,.T.);
#743=FACE_OUTER_BOUND('',#1051,.T.);
#744=FACE_OUTER_BOUND('',#1052,.T.);
#745=FACE_OUTER_BOUND('',#1053,.T.);
#746=FACE_OUTER_BOUND('',#1054,.T.);
#747=FACE_OUTER_BOUND('',#1055,.T.);
#748=FACE_OUTER_BOUND('',#1056,.T.);
#749=FACE_OUTER_BOUND('',#1057,.T.);
#750=FACE_OUTER_BOUND('',#1058,.T.);
#751=FACE_OUTER_BOUND('',#1059,.T.);
#752=FACE_OUTER_BOUND('',#1060,.T.);
#753=FACE_OUTER_BOUND('',#1061,.T.);
#754=FACE_OUTER_BOUND('',#1062,.T.);
#755=FACE_OUTER_BOUND('',#1063,.T.);
#756=FACE_OUTER_BOUND('',#1064,.T.);
#757=FACE_OUTER_BOUND('',#1065,.T.);
#758=FACE_OUTER_BOUND('',#1066,.T.);
#759=FACE_OUTER_BOUND('',#1067,.T.);
#760=FACE_OUTER_BOUND('',#1068,.T.);
#761=FACE_OUTER_BOUND('',#1069,.T.);
#762=FACE_OUTER_BOUND('',#1070,.T.);
#763=FACE_OUTER_BOUND('',#1071,.T.);
#764=FACE_OUTER_BOUND('',#1072,.T.);
#765=FACE_OUTER_BOUND('',#1073,.T.);
#766=FACE_OUTER_BOUND('',#1074,.T.);
#767=FACE_OUTER_BOUND('',#1075,.T.);
#768=FACE_OUTER_BOUND('',#1076,.T.);
#769=FACE_OUTER_BOUND('',#1077,.T.);
#770=FACE_OUTER_BOUND('',#1078,.T.);
#771=FACE_OUTER_BOUND('',#1079,.T.);
#772=EDGE_LOOP('',(#3164,#3165,#3166,#3167));
#773=EDGE_LOOP('',(#3168,#3169,#3170,#3171));
#774=EDGE_LOOP('',(#3172,#3173,#3174,#3175));
#775=EDGE_LOOP('',(#3176,#3177,#3178,#3179));
#776=EDGE_LOOP('',(#3180,#3181,#3182,#3183,#3184,#3185,#3186,#3187,#3188,
#3189,#3190,#3191,#3192,#3193,#3194,#3195,#3196,#3197,#3198,#3199,#3200,
#3201,#3202,#3203,#3204,#3205,#3206,#3207,#3208,#3209,#3210,#3211,#3212,
#3213,#3214,#3215,#3216,#3217,#3218,#3219));
#777=EDGE_LOOP('',(#3220,#3221,#3222,#3223));
#778=EDGE_LOOP('',(#3224,#3225,#3226,#3227));
#779=EDGE_LOOP('',(#3228,#3229,#3230,#3231));
#780=EDGE_LOOP('',(#3232,#3233,#3234,#3235));
#781=EDGE_LOOP('',(#3236,#3237,#3238,#3239));
#782=EDGE_LOOP('',(#3240,#3241,#3242,#3243));
#783=EDGE_LOOP('',(#3244,#3245,#3246,#3247));
#784=EDGE_LOOP('',(#3248,#3249,#3250,#3251));
#785=EDGE_LOOP('',(#3252,#3253,#3254,#3255));
#786=EDGE_LOOP('',(#3256,#3257,#3258,#3259));
#787=EDGE_LOOP('',(#3260,#3261,#3262,#3263));
#788=EDGE_LOOP('',(#3264,#3265,#3266,#3267));
#789=EDGE_LOOP('',(#3268,#3269,#3270,#3271));
#790=EDGE_LOOP('',(#3272,#3273,#3274,#3275));
#791=EDGE_LOOP('',(#3276,#3277,#3278,#3279));
#792=EDGE_LOOP('',(#3280,#3281,#3282,#3283));
#793=EDGE_LOOP('',(#3284,#3285,#3286,#3287));
#794=EDGE_LOOP('',(#3288,#3289,#3290,#3291));
#795=EDGE_LOOP('',(#3292,#3293,#3294,#3295));
#796=EDGE_LOOP('',(#3296,#3297,#3298,#3299));
#797=EDGE_LOOP('',(#3300,#3301,#3302,#3303,#3304,#3305));
#798=EDGE_LOOP('',(#3306,#3307,#3308,#3309,#3310,#3311,#3312,#3313));
#799=EDGE_LOOP('',(#3314,#3315,#3316,#3317,#3318,#3319,#3320,#3321));
#800=EDGE_LOOP('',(#3322,#3323,#3324,#3325,#3326));
#801=EDGE_LOOP('',(#3327,#3328,#3329,#3330));
#802=EDGE_LOOP('',(#3331,#3332,#3333,#3334,#3335,#3336));
#803=EDGE_LOOP('',(#3337,#3338,#3339));
#804=EDGE_LOOP('',(#3340,#3341,#3342));
#805=EDGE_LOOP('',(#3343,#3344,#3345,#3346));
#806=EDGE_LOOP('',(#3347,#3348,#3349,#3350));
#807=EDGE_LOOP('',(#3351,#3352,#3353,#3354));
#808=EDGE_LOOP('',(#3355,#3356,#3357,#3358));
#809=EDGE_LOOP('',(#3359,#3360,#3361,#3362));
#810=EDGE_LOOP('',(#3363,#3364,#3365,#3366));
#811=EDGE_LOOP('',(#3367,#3368,#3369,#3370));
#812=EDGE_LOOP('',(#3371,#3372,#3373,#3374));
#813=EDGE_LOOP('',(#3375,#3376,#3377,#3378));
#814=EDGE_LOOP('',(#3379,#3380,#3381,#3382));
#815=EDGE_LOOP('',(#3383,#3384,#3385,#3386));
#816=EDGE_LOOP('',(#3387,#3388,#3389,#3390));
#817=EDGE_LOOP('',(#3391,#3392,#3393,#3394));
#818=EDGE_LOOP('',(#3395,#3396,#3397,#3398));
#819=EDGE_LOOP('',(#3399,#3400,#3401,#3402));
#820=EDGE_LOOP('',(#3403,#3404,#3405,#3406));
#821=EDGE_LOOP('',(#3407,#3408,#3409,#3410));
#822=EDGE_LOOP('',(#3411,#3412,#3413,#3414));
#823=EDGE_LOOP('',(#3415,#3416,#3417,#3418,#3419,#3420,#3421,#3422,#3423,
#3424,#3425,#3426));
#824=EDGE_LOOP('',(#3427,#3428,#3429,#3430));
#825=EDGE_LOOP('',(#3431,#3432,#3433,#3434));
#826=EDGE_LOOP('',(#3435,#3436,#3437,#3438));
#827=EDGE_LOOP('',(#3439,#3440,#3441,#3442));
#828=EDGE_LOOP('',(#3443,#3444,#3445,#3446,#3447,#3448,#3449,#3450,#3451,
#3452,#3453,#3454,#3455,#3456,#3457,#3458,#3459,#3460));
#829=EDGE_LOOP('',(#3461,#3462,#3463,#3464));
#830=EDGE_LOOP('',(#3465,#3466,#3467,#3468));
#831=EDGE_LOOP('',(#3469,#3470,#3471,#3472));
#832=EDGE_LOOP('',(#3473,#3474,#3475,#3476));
#833=EDGE_LOOP('',(#3477,#3478,#3479,#3480));
#834=EDGE_LOOP('',(#3481,#3482,#3483,#3484));
#835=EDGE_LOOP('',(#3485,#3486,#3487,#3488));
#836=EDGE_LOOP('',(#3489,#3490,#3491,#3492));
#837=EDGE_LOOP('',(#3493,#3494,#3495,#3496));
#838=EDGE_LOOP('',(#3497,#3498,#3499,#3500));
#839=EDGE_LOOP('',(#3501,#3502,#3503,#3504));
#840=EDGE_LOOP('',(#3505,#3506,#3507,#3508));
#841=EDGE_LOOP('',(#3509,#3510,#3511,#3512));
#842=EDGE_LOOP('',(#3513,#3514,#3515,#3516));
#843=EDGE_LOOP('',(#3517,#3518,#3519,#3520));
#844=EDGE_LOOP('',(#3521,#3522,#3523,#3524));
#845=EDGE_LOOP('',(#3525,#3526,#3527,#3528));
#846=EDGE_LOOP('',(#3529,#3530,#3531,#3532));
#847=EDGE_LOOP('',(#3533,#3534,#3535,#3536));
#848=EDGE_LOOP('',(#3537,#3538,#3539,#3540));
#849=EDGE_LOOP('',(#3541,#3542,#3543,#3544));
#850=EDGE_LOOP('',(#3545,#3546,#3547,#3548));
#851=EDGE_LOOP('',(#3549,#3550,#3551,#3552));
#852=EDGE_LOOP('',(#3553,#3554,#3555,#3556,#3557));
#853=EDGE_LOOP('',(#3558,#3559,#3560));
#854=EDGE_LOOP('',(#3561,#3562,#3563,#3564));
#855=EDGE_LOOP('',(#3565,#3566,#3567));
#856=EDGE_LOOP('',(#3568,#3569,#3570,#3571));
#857=EDGE_LOOP('',(#3572,#3573,#3574));
#858=EDGE_LOOP('',(#3575,#3576,#3577,#3578));
#859=EDGE_LOOP('',(#3579,#3580,#3581));
#860=EDGE_LOOP('',(#3582,#3583,#3584,#3585));
#861=EDGE_LOOP('',(#3586,#3587,#3588));
#862=EDGE_LOOP('',(#3589,#3590,#3591,#3592));
#863=EDGE_LOOP('',(#3593,#3594,#3595));
#864=EDGE_LOOP('',(#3596,#3597,#3598,#3599));
#865=EDGE_LOOP('',(#3600,#3601,#3602,#3603));
#866=EDGE_LOOP('',(#3604,#3605,#3606,#3607));
#867=EDGE_LOOP('',(#3608,#3609,#3610,#3611));
#868=EDGE_LOOP('',(#3612,#3613,#3614,#3615,#3616,#3617,#3618,#3619,#3620,
#3621,#3622,#3623,#3624,#3625,#3626,#3627,#3628,#3629,#3630,#3631,#3632,
#3633,#3634,#3635,#3636,#3637,#3638,#3639,#3640,#3641,#3642,#3643,#3644,
#3645,#3646,#3647));
#869=EDGE_LOOP('',(#3648,#3649,#3650,#3651));
#870=EDGE_LOOP('',(#3652,#3653,#3654,#3655));
#871=EDGE_LOOP('',(#3656,#3657,#3658,#3659));
#872=EDGE_LOOP('',(#3660,#3661,#3662,#3663));
#873=EDGE_LOOP('',(#3664,#3665,#3666,#3667));
#874=EDGE_LOOP('',(#3668,#3669,#3670,#3671));
#875=EDGE_LOOP('',(#3672,#3673,#3674,#3675));
#876=EDGE_LOOP('',(#3676,#3677,#3678,#3679));
#877=EDGE_LOOP('',(#3680,#3681,#3682,#3683));
#878=EDGE_LOOP('',(#3684,#3685,#3686,#3687));
#879=EDGE_LOOP('',(#3688,#3689,#3690,#3691));
#880=EDGE_LOOP('',(#3692,#3693,#3694,#3695));
#881=EDGE_LOOP('',(#3696,#3697,#3698,#3699));
#882=EDGE_LOOP('',(#3700,#3701,#3702,#3703));
#883=EDGE_LOOP('',(#3704,#3705,#3706,#3707));
#884=EDGE_LOOP('',(#3708,#3709,#3710,#3711));
#885=EDGE_LOOP('',(#3712,#3713,#3714,#3715));
#886=EDGE_LOOP('',(#3716,#3717,#3718,#3719));
#887=EDGE_LOOP('',(#3720,#3721,#3722,#3723));
#888=EDGE_LOOP('',(#3724,#3725,#3726,#3727));
#889=EDGE_LOOP('',(#3728,#3729,#3730,#3731));
#890=EDGE_LOOP('',(#3732,#3733,#3734,#3735));
#891=EDGE_LOOP('',(#3736,#3737,#3738,#3739));
#892=EDGE_LOOP('',(#3740,#3741,#3742,#3743));
#893=EDGE_LOOP('',(#3744,#3745,#3746,#3747,#3748,#3749,#3750,#3751,#3752,
#3753,#3754,#3755,#3756,#3757,#3758,#3759,#3760,#3761,#3762,#3763,#3764,
#3765,#3766,#3767,#3768,#3769,#3770,#3771,#3772,#3773,#3774,#3775,#3776,
#3777,#3778,#3779));
#894=EDGE_LOOP('',(#3780,#3781,#3782,#3783));
#895=EDGE_LOOP('',(#3784,#3785,#3786,#3787));
#896=EDGE_LOOP('',(#3788,#3789,#3790,#3791));
#897=EDGE_LOOP('',(#3792,#3793,#3794,#3795));
#898=EDGE_LOOP('',(#3796,#3797,#3798,#3799));
#899=EDGE_LOOP('',(#3800,#3801,#3802,#3803));
#900=EDGE_LOOP('',(#3804,#3805,#3806,#3807));
#901=EDGE_LOOP('',(#3808,#3809,#3810,#3811));
#902=EDGE_LOOP('',(#3812,#3813,#3814,#3815));
#903=EDGE_LOOP('',(#3816,#3817,#3818,#3819));
#904=EDGE_LOOP('',(#3820,#3821,#3822,#3823));
#905=EDGE_LOOP('',(#3824,#3825,#3826,#3827));
#906=EDGE_LOOP('',(#3828,#3829,#3830,#3831));
#907=EDGE_LOOP('',(#3832,#3833,#3834,#3835));
#908=EDGE_LOOP('',(#3836,#3837,#3838,#3839));
#909=EDGE_LOOP('',(#3840,#3841,#3842,#3843));
#910=EDGE_LOOP('',(#3844,#3845,#3846,#3847));
#911=EDGE_LOOP('',(#3848,#3849,#3850,#3851));
#912=EDGE_LOOP('',(#3852,#3853,#3854,#3855));
#913=EDGE_LOOP('',(#3856,#3857,#3858,#3859));
#914=EDGE_LOOP('',(#3860,#3861,#3862,#3863));
#915=EDGE_LOOP('',(#3864,#3865,#3866,#3867));
#916=EDGE_LOOP('',(#3868,#3869,#3870,#3871));
#917=EDGE_LOOP('',(#3872,#3873,#3874,#3875));
#918=EDGE_LOOP('',(#3876,#3877,#3878,#3879));
#919=EDGE_LOOP('',(#3880,#3881,#3882,#3883));
#920=EDGE_LOOP('',(#3884,#3885,#3886,#3887));
#921=EDGE_LOOP('',(#3888,#3889,#3890,#3891));
#922=EDGE_LOOP('',(#3892,#3893,#3894,#3895));
#923=EDGE_LOOP('',(#3896,#3897,#3898,#3899));
#924=EDGE_LOOP('',(#3900,#3901,#3902,#3903));
#925=EDGE_LOOP('',(#3904,#3905,#3906,#3907));
#926=EDGE_LOOP('',(#3908,#3909,#3910,#3911));
#927=EDGE_LOOP('',(#3912,#3913,#3914,#3915,#3916,#3917,#3918));
#928=EDGE_LOOP('',(#3919,#3920,#3921,#3922));
#929=EDGE_LOOP('',(#3923,#3924,#3925,#3926,#3927,#3928));
#930=EDGE_LOOP('',(#3929,#3930,#3931,#3932));
#931=EDGE_LOOP('',(#3933,#3934,#3935,#3936));
#932=EDGE_LOOP('',(#3937,#3938,#3939,#3940));
#933=EDGE_LOOP('',(#3941,#3942,#3943,#3944,#3945,#3946));
#934=EDGE_LOOP('',(#3947,#3948,#3949,#3950,#3951,#3952,#3953));
#935=EDGE_LOOP('',(#3954,#3955,#3956,#3957));
#936=EDGE_LOOP('',(#3958,#3959,#3960));
#937=EDGE_LOOP('',(#3961,#3962,#3963));
#938=EDGE_LOOP('',(#3964,#3965,#3966));
#939=EDGE_LOOP('',(#3967,#3968,#3969));
#940=EDGE_LOOP('',(#3970,#3971,#3972));
#941=EDGE_LOOP('',(#3973,#3974,#3975,#3976));
#942=EDGE_LOOP('',(#3977,#3978,#3979,#3980));
#943=EDGE_LOOP('',(#3981,#3982,#3983,#3984));
#944=EDGE_LOOP('',(#3985,#3986,#3987,#3988));
#945=EDGE_LOOP('',(#3989,#3990,#3991,#3992));
#946=EDGE_LOOP('',(#3993,#3994,#3995,#3996));
#947=EDGE_LOOP('',(#3997,#3998,#3999,#4000));
#948=EDGE_LOOP('',(#4001,#4002,#4003,#4004));
#949=EDGE_LOOP('',(#4005,#4006,#4007,#4008));
#950=EDGE_LOOP('',(#4009,#4010,#4011,#4012));
#951=EDGE_LOOP('',(#4013,#4014,#4015,#4016));
#952=EDGE_LOOP('',(#4017,#4018,#4019,#4020,#4021));
#953=EDGE_LOOP('',(#4022,#4023,#4024,#4025,#4026,#4027,#4028,#4029,#4030,
#4031,#4032,#4033));
#954=EDGE_LOOP('',(#4034));
#955=EDGE_LOOP('',(#4035));
#956=EDGE_LOOP('',(#4036,#4037,#4038,#4039,#4040,#4041,#4042,#4043));
#957=EDGE_LOOP('',(#4044));
#958=EDGE_LOOP('',(#4045,#4046,#4047));
#959=EDGE_LOOP('',(#4048,#4049,#4050));
#960=EDGE_LOOP('',(#4051,#4052,#4053));
#961=EDGE_LOOP('',(#4054,#4055,#4056));
#962=EDGE_LOOP('',(#4057,#4058,#4059,#4060));
#963=EDGE_LOOP('',(#4061,#4062,#4063,#4064));
#964=EDGE_LOOP('',(#4065,#4066,#4067,#4068));
#965=EDGE_LOOP('',(#4069,#4070,#4071,#4072));
#966=EDGE_LOOP('',(#4073,#4074,#4075,#4076));
#967=EDGE_LOOP('',(#4077,#4078,#4079,#4080));
#968=EDGE_LOOP('',(#4081,#4082,#4083,#4084));
#969=EDGE_LOOP('',(#4085,#4086,#4087,#4088));
#970=EDGE_LOOP('',(#4089,#4090,#4091,#4092));
#971=EDGE_LOOP('',(#4093,#4094,#4095,#4096));
#972=EDGE_LOOP('',(#4097,#4098,#4099,#4100));
#973=EDGE_LOOP('',(#4101,#4102,#4103,#4104));
#974=EDGE_LOOP('',(#4105,#4106,#4107,#4108,#4109,#4110));
#975=EDGE_LOOP('',(#4111,#4112,#4113,#4114,#4115));
#976=EDGE_LOOP('',(#4116,#4117,#4118,#4119,#4120,#4121,#4122));
#977=EDGE_LOOP('',(#4123,#4124,#4125,#4126));
#978=EDGE_LOOP('',(#4127,#4128,#4129,#4130,#4131));
#979=EDGE_LOOP('',(#4132,#4133,#4134,#4135,#4136,#4137,#4138,#4139));
#980=EDGE_LOOP('',(#4140,#4141,#4142,#4143,#4144,#4145,#4146,#4147));
#981=EDGE_LOOP('',(#4148,#4149,#4150,#4151));
#982=EDGE_LOOP('',(#4152,#4153,#4154,#4155));
#983=EDGE_LOOP('',(#4156,#4157,#4158,#4159));
#984=EDGE_LOOP('',(#4160,#4161,#4162,#4163));
#985=EDGE_LOOP('',(#4164,#4165,#4166,#4167));
#986=EDGE_LOOP('',(#4168,#4169,#4170,#4171));
#987=EDGE_LOOP('',(#4172,#4173,#4174));
#988=EDGE_LOOP('',(#4175,#4176,#4177,#4178));
#989=EDGE_LOOP('',(#4179,#4180,#4181,#4182));
#990=EDGE_LOOP('',(#4183,#4184,#4185,#4186));
#991=EDGE_LOOP('',(#4187,#4188,#4189));
#992=EDGE_LOOP('',(#4190,#4191,#4192,#4193));
#993=EDGE_LOOP('',(#4194,#4195,#4196,#4197));
#994=EDGE_LOOP('',(#4198,#4199));
#995=EDGE_LOOP('',(#4200,#4201,#4202,#4203));
#996=EDGE_LOOP('',(#4204,#4205,#4206,#4207));
#997=EDGE_LOOP('',(#4208,#4209,#4210,#4211));
#998=EDGE_LOOP('',(#4212,#4213,#4214,#4215));
#999=EDGE_LOOP('',(#4216,#4217,#4218,#4219));
#1000=EDGE_LOOP('',(#4220,#4221));
#1001=EDGE_LOOP('',(#4222,#4223,#4224,#4225));
#1002=EDGE_LOOP('',(#4226,#4227,#4228,#4229));
#1003=EDGE_LOOP('',(#4230,#4231,#4232,#4233));
#1004=EDGE_LOOP('',(#4234,#4235,#4236,#4237));
#1005=EDGE_LOOP('',(#4238,#4239,#4240));
#1006=EDGE_LOOP('',(#4241,#4242,#4243));
#1007=EDGE_LOOP('',(#4244,#4245,#4246,#4247));
#1008=EDGE_LOOP('',(#4248,#4249,#4250,#4251));
#1009=EDGE_LOOP('',(#4252,#4253,#4254,#4255));
#1010=EDGE_LOOP('',(#4256,#4257,#4258,#4259));
#1011=EDGE_LOOP('',(#4260,#4261,#4262,#4263));
#1012=EDGE_LOOP('',(#4264,#4265,#4266,#4267));
#1013=EDGE_LOOP('',(#4268,#4269,#4270));
#1014=EDGE_LOOP('',(#4271,#4272,#4273));
#1015=EDGE_LOOP('',(#4274,#4275,#4276,#4277,#4278,#4279,#4280,#4281,#4282,
#4283,#4284,#4285,#4286,#4287,#4288,#4289,#4290,#4291,#4292,#4293,#4294,
#4295,#4296,#4297,#4298,#4299,#4300));
#1016=EDGE_LOOP('',(#4301));
#1017=EDGE_LOOP('',(#4302,#4303,#4304,#4305,#4306,#4307,#4308,#4309));
#1018=EDGE_LOOP('',(#4310));
#1019=EDGE_LOOP('',(#4311));
#1020=EDGE_LOOP('',(#4312,#4313));
#1021=EDGE_LOOP('',(#4314,#4315,#4316,#4317,#4318,#4319,#4320));
#1022=EDGE_LOOP('',(#4321,#4322,#4323));
#1023=EDGE_LOOP('',(#4324,#4325,#4326,#4327));
#1024=EDGE_LOOP('',(#4328,#4329,#4330,#4331));
#1025=EDGE_LOOP('',(#4332,#4333,#4334,#4335));
#1026=EDGE_LOOP('',(#4336,#4337,#4338,#4339));
#1027=EDGE_LOOP('',(#4340,#4341,#4342,#4343));
#1028=EDGE_LOOP('',(#4344,#4345,#4346,#4347));
#1029=EDGE_LOOP('',(#4348,#4349,#4350,#4351));
#1030=EDGE_LOOP('',(#4352,#4353,#4354,#4355));
#1031=EDGE_LOOP('',(#4356,#4357,#4358,#4359));
#1032=EDGE_LOOP('',(#4360,#4361,#4362,#4363));
#1033=EDGE_LOOP('',(#4364,#4365,#4366,#4367));
#1034=EDGE_LOOP('',(#4368,#4369,#4370,#4371,#4372,#4373));
#1035=EDGE_LOOP('',(#4374,#4375,#4376,#4377));
#1036=EDGE_LOOP('',(#4378,#4379,#4380,#4381));
#1037=EDGE_LOOP('',(#4382,#4383,#4384,#4385));
#1038=EDGE_LOOP('',(#4386,#4387,#4388,#4389));
#1039=EDGE_LOOP('',(#4390,#4391,#4392,#4393));
#1040=EDGE_LOOP('',(#4394,#4395,#4396,#4397));
#1041=EDGE_LOOP('',(#4398,#4399,#4400,#4401));
#1042=EDGE_LOOP('',(#4402,#4403,#4404,#4405));
#1043=EDGE_LOOP('',(#4406,#4407,#4408,#4409));
#1044=EDGE_LOOP('',(#4410,#4411,#4412,#4413));
#1045=EDGE_LOOP('',(#4414,#4415,#4416,#4417));
#1046=EDGE_LOOP('',(#4418,#4419,#4420,#4421));
#1047=EDGE_LOOP('',(#4422,#4423,#4424,#4425));
#1048=EDGE_LOOP('',(#4426,#4427,#4428,#4429));
#1049=EDGE_LOOP('',(#4430,#4431,#4432,#4433));
#1050=EDGE_LOOP('',(#4434,#4435,#4436,#4437));
#1051=EDGE_LOOP('',(#4438,#4439,#4440,#4441));
#1052=EDGE_LOOP('',(#4442,#4443,#4444,#4445,#4446));
#1053=EDGE_LOOP('',(#4447,#4448,#4449,#4450,#4451,#4452,#4453,#4454,#4455,
#4456,#4457,#4458,#4459,#4460,#4461,#4462,#4463,#4464,#4465,#4466,#4467,
#4468,#4469,#4470,#4471,#4472,#4473,#4474,#4475,#4476,#4477,#4478,#4479,
#4480,#4481,#4482,#4483,#4484,#4485));
#1054=EDGE_LOOP('',(#4486,#4487,#4488,#4489));
#1055=EDGE_LOOP('',(#4490,#4491,#4492,#4493));
#1056=EDGE_LOOP('',(#4494,#4495,#4496,#4497));
#1057=EDGE_LOOP('',(#4498,#4499,#4500,#4501));
#1058=EDGE_LOOP('',(#4502,#4503,#4504,#4505));
#1059=EDGE_LOOP('',(#4506,#4507,#4508,#4509,#4510,#4511));
#1060=EDGE_LOOP('',(#4512,#4513,#4514,#4515,#4516,#4517,#4518,#4519,#4520,
#4521,#4522,#4523,#4524));
#1061=EDGE_LOOP('',(#4525,#4526,#4527,#4528));
#1062=EDGE_LOOP('',(#4529,#4530,#4531,#4532));
#1063=EDGE_LOOP('',(#4533,#4534,#4535,#4536));
#1064=EDGE_LOOP('',(#4537,#4538,#4539,#4540));
#1065=EDGE_LOOP('',(#4541,#4542,#4543,#4544));
#1066=EDGE_LOOP('',(#4545,#4546,#4547,#4548));
#1067=EDGE_LOOP('',(#4549,#4550,#4551,#4552,#4553,#4554));
#1068=EDGE_LOOP('',(#4555,#4556,#4557,#4558));
#1069=EDGE_LOOP('',(#4559,#4560,#4561,#4562));
#1070=EDGE_LOOP('',(#4563,#4564,#4565,#4566));
#1071=EDGE_LOOP('',(#4567,#4568,#4569,#4570,#4571,#4572,#4573,#4574,#4575,
#4576,#4577));
#1072=EDGE_LOOP('',(#4578,#4579,#4580,#4581));
#1073=EDGE_LOOP('',(#4582,#4583,#4584,#4585));
#1074=EDGE_LOOP('',(#4586,#4587,#4588,#4589));
#1075=EDGE_LOOP('',(#4590,#4591,#4592,#4593,#4594,#4595));
#1076=EDGE_LOOP('',(#4596,#4597,#4598,#4599));
#1077=EDGE_LOOP('',(#4600,#4601,#4602,#4603));
#1078=EDGE_LOOP('',(#4604,#4605,#4606,#4607,#4608,#4609));
#1079=EDGE_LOOP('',(#4610,#4611,#4612,#4613));
#1080=LINE('',#6893,#1532);
#1081=LINE('',#6895,#1533);
#1082=LINE('',#6897,#1534);
#1083=LINE('',#6898,#1535);
#1084=LINE('',#6902,#1536);
#1085=LINE('',#6904,#1537);
#1086=LINE('',#6906,#1538);
#1087=LINE('',#6907,#1539);
#1088=LINE('',#6911,#1540);
#1089=LINE('',#6913,#1541);
#1090=LINE('',#6915,#1542);
#1091=LINE('',#6916,#1543);
#1092=LINE('',#6920,#1544);
#1093=LINE('',#6922,#1545);
#1094=LINE('',#6924,#1546);
#1095=LINE('',#6925,#1547);
#1096=LINE('',#6929,#1548);
#1097=LINE('',#6935,#1549);
#1098=LINE('',#6939,#1550);
#1099=LINE('',#6943,#1551);
#1100=LINE('',#6947,#1552);
#1101=LINE('',#6951,#1553);
#1102=LINE('',#6955,#1554);
#1103=LINE('',#6961,#1555);
#1104=LINE('',#6962,#1556);
#1105=LINE('',#6963,#1557);
#1106=LINE('',#6965,#1558);
#1107=LINE('',#6967,#1559);
#1108=LINE('',#6971,#1560);
#1109=LINE('',#6973,#1561);
#1110=LINE('',#6977,#1562);
#1111=LINE('',#6981,#1563);
#1112=LINE('',#6985,#1564);
#1113=LINE('',#6987,#1565);
#1114=LINE('',#6991,#1566);
#1115=LINE('',#6992,#1567);
#1116=LINE('',#6993,#1568);
#1117=LINE('',#6994,#1569);
#1118=LINE('',#7000,#1570);
#1119=LINE('',#7003,#1571);
#1120=LINE('',#7006,#1572);
#1121=LINE('',#7008,#1573);
#1122=LINE('',#7009,#1574);
#1123=LINE('',#7012,#1575);
#1124=LINE('',#7013,#1576);
#1125=LINE('',#7016,#1577);
#1126=LINE('',#7017,#1578);
#1127=LINE('',#7019,#1579);
#1128=LINE('',#7025,#1580);
#1129=LINE('',#7028,#1581);
#1130=LINE('',#7031,#1582);
#1131=LINE('',#7033,#1583);
#1132=LINE('',#7034,#1584);
#1133=LINE('',#7037,#1585);
#1134=LINE('',#7038,#1586);
#1135=LINE('',#7041,#1587);
#1136=LINE('',#7042,#1588);
#1137=LINE('',#7044,#1589);
#1138=LINE('',#7050,#1590);
#1139=LINE('',#7053,#1591);
#1140=LINE('',#7056,#1592);
#1141=LINE('',#7058,#1593);
#1142=LINE('',#7059,#1594);
#1143=LINE('',#7062,#1595);
#1144=LINE('',#7063,#1596);
#1145=LINE('',#7066,#1597);
#1146=LINE('',#7067,#1598);
#1147=LINE('',#7069,#1599);
#1148=LINE('',#7075,#1600);
#1149=LINE('',#7078,#1601);
#1150=LINE('',#7081,#1602);
#1151=LINE('',#7083,#1603);
#1152=LINE('',#7084,#1604);
#1153=LINE('',#7087,#1605);
#1154=LINE('',#7088,#1606);
#1155=LINE('',#7091,#1607);
#1156=LINE('',#7092,#1608);
#1157=LINE('',#7094,#1609);
#1158=LINE('',#7119,#1610);
#1159=LINE('',#7121,#1611);
#1160=LINE('',#7122,#1612);
#1161=LINE('',#7126,#1613);
#1162=LINE('',#7127,#1614);
#1163=LINE('',#7133,#1615);
#1164=LINE('',#7136,#1616);
#1165=LINE('',#7277,#1617);
#1166=LINE('',#7280,#1618);
#1167=LINE('',#7283,#1619);
#1168=LINE('',#7285,#1620);
#1169=LINE('',#7300,#1621);
#1170=LINE('',#7303,#1622);
#1171=LINE('',#7309,#1623);
#1172=LINE('',#7312,#1624);
#1173=LINE('',#7332,#1625);
#1174=LINE('',#7335,#1626);
#1175=LINE('',#7337,#1627);
#1176=LINE('',#7338,#1628);
#1177=LINE('',#7341,#1629);
#1178=LINE('',#7344,#1630);
#1179=LINE('',#7352,#1631);
#1180=LINE('',#7353,#1632);
#1181=LINE('',#7355,#1633);
#1182=LINE('',#7356,#1634);
#1183=LINE('',#7358,#1635);
#1184=LINE('',#7360,#1636);
#1185=LINE('',#7362,#1637);
#1186=LINE('',#7364,#1638);
#1187=LINE('',#7366,#1639);
#1188=LINE('',#7371,#1640);
#1189=LINE('',#7374,#1641);
#1190=LINE('',#7377,#1642);
#1191=LINE('',#7380,#1643);
#1192=LINE('',#7383,#1644);
#1193=LINE('',#7386,#1645);
#1194=LINE('',#7389,#1646);
#1195=LINE('',#7392,#1647);
#1196=LINE('',#7395,#1648);
#1197=LINE('',#7399,#1649);
#1198=LINE('',#7403,#1650);
#1199=LINE('',#7406,#1651);
#1200=LINE('',#7407,#1652);
#1201=LINE('',#7410,#1653);
#1202=LINE('',#7412,#1654);
#1203=LINE('',#7414,#1655);
#1204=LINE('',#7416,#1656);
#1205=LINE('',#7417,#1657);
#1206=LINE('',#7421,#1658);
#1207=LINE('',#7424,#1659);
#1208=LINE('',#7428,#1660);
#1209=LINE('',#7430,#1661);
#1210=LINE('',#7432,#1662);
#1211=LINE('',#7434,#1663);
#1212=LINE('',#7437,#1664);
#1213=LINE('',#7439,#1665);
#1214=LINE('',#7441,#1666);
#1215=LINE('',#7443,#1667);
#1216=LINE('',#7445,#1668);
#1217=LINE('',#7447,#1669);
#1218=LINE('',#7453,#1670);
#1219=LINE('',#7455,#1671);
#1220=LINE('',#7456,#1672);
#1221=LINE('',#7460,#1673);
#1222=LINE('',#7461,#1674);
#1223=LINE('',#7462,#1675);
#1224=LINE('',#7465,#1676);
#1225=LINE('',#7466,#1677);
#1226=LINE('',#7468,#1678);
#1227=LINE('',#7472,#1679);
#1228=LINE('',#7474,#1680);
#1229=LINE('',#7475,#1681);
#1230=LINE('',#7479,#1682);
#1231=LINE('',#7480,#1683);
#1232=LINE('',#7481,#1684);
#1233=LINE('',#7484,#1685);
#1234=LINE('',#7485,#1686);
#1235=LINE('',#7487,#1687);
#1236=LINE('',#7491,#1688);
#1237=LINE('',#7493,#1689);
#1238=LINE('',#7494,#1690);
#1239=LINE('',#7498,#1691);
#1240=LINE('',#7499,#1692);
#1241=LINE('',#7500,#1693);
#1242=LINE('',#7503,#1694);
#1243=LINE('',#7504,#1695);
#1244=LINE('',#7506,#1696);
#1245=LINE('',#7512,#1697);
#1246=LINE('',#7515,#1698);
#1247=LINE('',#7518,#1699);
#1248=LINE('',#7520,#1700);
#1249=LINE('',#7521,#1701);
#1250=LINE('',#7524,#1702);
#1251=LINE('',#7525,#1703);
#1252=LINE('',#7529,#1704);
#1253=LINE('',#7531,#1705);
#1254=LINE('',#7533,#1706);
#1255=LINE('',#7539,#1707);
#1256=LINE('',#7543,#1708);
#1257=LINE('',#7547,#1709);
#1258=LINE('',#7551,#1710);
#1259=LINE('',#7555,#1711);
#1260=LINE('',#7559,#1712);
#1261=LINE('',#7565,#1713);
#1262=LINE('',#7567,#1714);
#1263=LINE('',#7569,#1715);
#1264=LINE('',#7575,#1716);
#1265=LINE('',#7579,#1717);
#1266=LINE('',#7583,#1718);
#1267=LINE('',#7587,#1719);
#1268=LINE('',#7591,#1720);
#1269=LINE('',#7595,#1721);
#1270=LINE('',#7601,#1722);
#1271=LINE('',#7603,#1723);
#1272=LINE('',#7604,#1724);
#1273=LINE('',#7607,#1725);
#1274=LINE('',#7608,#1726);
#1275=LINE('',#7611,#1727);
#1276=LINE('',#7615,#1728);
#1277=LINE('',#7619,#1729);
#1278=LINE('',#7620,#1730);
#1279=LINE('',#7623,#1731);
#1280=LINE('',#7627,#1732);
#1281=LINE('',#7628,#1733);
#1282=LINE('',#7631,#1734);
#1283=LINE('',#7635,#1735);
#1284=LINE('',#7636,#1736);
#1285=LINE('',#7639,#1737);
#1286=LINE('',#7643,#1738);
#1287=LINE('',#7644,#1739);
#1288=LINE('',#7647,#1740);
#1289=LINE('',#7651,#1741);
#1290=LINE('',#7652,#1742);
#1291=LINE('',#7655,#1743);
#1292=LINE('',#7659,#1744);
#1293=LINE('',#7660,#1745);
#1294=LINE('',#7663,#1746);
#1295=LINE('',#7667,#1747);
#1296=LINE('',#7671,#1748);
#1297=LINE('',#7672,#1749);
#1298=LINE('',#7674,#1750);
#1299=LINE('',#7675,#1751);
#1300=LINE('',#7677,#1752);
#1301=LINE('',#7682,#1753);
#1302=LINE('',#7688,#1754);
#1303=LINE('',#7692,#1755);
#1304=LINE('',#7696,#1756);
#1305=LINE('',#7700,#1757);
#1306=LINE('',#7704,#1758);
#1307=LINE('',#7708,#1759);
#1308=LINE('',#7713,#1760);
#1309=LINE('',#7714,#1761);
#1310=LINE('',#7716,#1762);
#1311=LINE('',#7718,#1763);
#1312=LINE('',#7720,#1764);
#1313=LINE('',#7722,#1765);
#1314=LINE('',#7724,#1766);
#1315=LINE('',#7726,#1767);
#1316=LINE('',#7728,#1768);
#1317=LINE('',#7730,#1769);
#1318=LINE('',#7732,#1770);
#1319=LINE('',#7734,#1771);
#1320=LINE('',#7736,#1772);
#1321=LINE('',#7738,#1773);
#1322=LINE('',#7740,#1774);
#1323=LINE('',#7742,#1775);
#1324=LINE('',#7744,#1776);
#1325=LINE('',#7746,#1777);
#1326=LINE('',#7748,#1778);
#1327=LINE('',#7755,#1779);
#1328=LINE('',#7758,#1780);
#1329=LINE('',#7761,#1781);
#1330=LINE('',#7763,#1782);
#1331=LINE('',#7764,#1783);
#1332=LINE('',#7769,#1784);
#1333=LINE('',#7773,#1785);
#1334=LINE('',#7775,#1786);
#1335=LINE('',#7776,#1787);
#1336=LINE('',#7781,#1788);
#1337=LINE('',#7785,#1789);
#1338=LINE('',#7787,#1790);
#1339=LINE('',#7788,#1791);
#1340=LINE('',#7791,#1792);
#1341=LINE('',#7793,#1793);
#1342=LINE('',#7794,#1794);
#1343=LINE('',#7799,#1795);
#1344=LINE('',#7803,#1796);
#1345=LINE('',#7805,#1797);
#1346=LINE('',#7806,#1798);
#1347=LINE('',#7810,#1799);
#1348=LINE('',#7812,#1800);
#1349=LINE('',#7814,#1801);
#1350=LINE('',#7818,#1802);
#1351=LINE('',#7820,#1803);
#1352=LINE('',#7821,#1804);
#1353=LINE('',#7826,#1805);
#1354=LINE('',#7830,#1806);
#1355=LINE('',#7832,#1807);
#1356=LINE('',#7833,#1808);
#1357=LINE('',#7835,#1809);
#1358=LINE('',#7836,#1810);
#1359=LINE('',#7841,#1811);
#1360=LINE('',#7868,#1812);
#1361=LINE('',#7877,#1813);
#1362=LINE('',#7894,#1814);
#1363=LINE('',#7898,#1815);
#1364=LINE('',#7937,#1816);
#1365=LINE('',#7955,#1817);
#1366=LINE('',#7959,#1818);
#1367=LINE('',#7970,#1819);
#1368=LINE('',#8247,#1820);
#1369=LINE('',#8249,#1821);
#1370=LINE('',#8253,#1822);
#1371=LINE('',#8257,#1823);
#1372=LINE('',#8276,#1824);
#1373=LINE('',#8279,#1825);
#1374=LINE('',#8320,#1826);
#1375=LINE('',#8323,#1827);
#1376=LINE('',#8326,#1828);
#1377=LINE('',#8354,#1829);
#1378=LINE('',#8358,#1830);
#1379=LINE('',#8359,#1831);
#1380=LINE('',#8363,#1832);
#1381=LINE('',#8365,#1833);
#1382=LINE('',#8374,#1834);
#1383=LINE('',#8375,#1835);
#1384=LINE('',#8379,#1836);
#1385=LINE('',#8382,#1837);
#1386=LINE('',#8384,#1838);
#1387=LINE('',#8385,#1839);
#1388=LINE('',#8387,#1840);
#1389=LINE('',#8394,#1841);
#1390=LINE('',#8398,#1842);
#1391=LINE('',#8402,#1843);
#1392=LINE('',#8406,#1844);
#1393=LINE('',#8529,#1845);
#1394=LINE('',#8533,#1846);
#1395=LINE('',#8537,#1847);
#1396=LINE('',#8540,#1848);
#1397=LINE('',#8542,#1849);
#1398=LINE('',#8543,#1850);
#1399=LINE('',#8547,#1851);
#1400=LINE('',#8550,#1852);
#1401=LINE('',#8551,#1853);
#1402=LINE('',#8555,#1854);
#1403=LINE('',#8558,#1855);
#1404=LINE('',#8560,#1856);
#1405=LINE('',#8561,#1857);
#1406=LINE('',#8566,#1858);
#1407=LINE('',#8567,#1859);
#1408=LINE('',#8572,#1860);
#1409=LINE('',#8575,#1861);
#1410=LINE('',#8600,#1862);
#1411=LINE('',#8604,#1863);
#1412=LINE('',#8608,#1864);
#1413=LINE('',#8611,#1865);
#1414=LINE('',#8613,#1866);
#1415=LINE('',#8634,#1867);
#1416=LINE('',#8637,#1868);
#1417=LINE('',#8638,#1869);
#1418=LINE('',#8643,#1870);
#1419=LINE('',#8644,#1871);
#1420=LINE('',#8646,#1872);
#1421=LINE('',#8648,#1873);
#1422=LINE('',#8675,#1874);
#1423=LINE('',#8676,#1875);
#1424=LINE('',#8694,#1876);
#1425=LINE('',#8700,#1877);
#1426=LINE('',#8742,#1878);
#1427=LINE('',#8776,#1879);
#1428=LINE('',#8803,#1880);
#1429=LINE('',#8821,#1881);
#1430=LINE('',#8848,#1882);
#1431=LINE('',#8856,#1883);
#1432=LINE('',#8908,#1884);
#1433=LINE('',#8945,#1885);
#1434=LINE('',#8951,#1886);
#1435=LINE('',#9004,#1887);
#1436=LINE('',#9010,#1888);
#1437=LINE('',#9032,#1889);
#1438=LINE('',#9058,#1890);
#1439=LINE('',#9088,#1891);
#1440=LINE('',#9104,#1892);
#1441=LINE('',#9110,#1893);
#1442=LINE('',#9144,#1894);
#1443=LINE('',#9162,#1895);
#1444=LINE('',#9208,#1896);
#1445=LINE('',#9230,#1897);
#1446=LINE('',#9238,#1898);
#1447=LINE('',#9241,#1899);
#1448=LINE('',#9243,#1900);
#1449=LINE('',#9244,#1901);
#1450=LINE('',#9274,#1902);
#1451=LINE('',#9308,#1903);
#1452=LINE('',#9361,#1904);
#1453=LINE('',#9362,#1905);
#1454=LINE('',#9372,#1906);
#1455=LINE('',#9462,#1907);
#1456=LINE('',#9501,#1908);
#1457=LINE('',#9594,#1909);
#1458=LINE('',#9636,#1910);
#1459=LINE('',#9672,#1911);
#1460=LINE('',#9751,#1912);
#1461=LINE('',#9774,#1913);
#1462=LINE('',#9790,#1914);
#1463=LINE('',#9899,#1915);
#1464=LINE('',#9902,#1916);
#1465=LINE('',#9906,#1917);
#1466=LINE('',#9907,#1918);
#1467=LINE('',#9910,#1919);
#1468=LINE('',#9914,#1920);
#1469=LINE('',#9918,#1921);
#1470=LINE('',#9919,#1922);
#1471=LINE('',#9922,#1923);
#1472=LINE('',#9926,#1924);
#1473=LINE('',#9927,#1925);
#1474=LINE('',#9930,#1926);
#1475=LINE('',#9934,#1927);
#1476=LINE('',#9935,#1928);
#1477=LINE('',#9938,#1929);
#1478=LINE('',#9942,#1930);
#1479=LINE('',#9943,#1931);
#1480=LINE('',#9946,#1932);
#1481=LINE('',#9950,#1933);
#1482=LINE('',#9951,#1934);
#1483=LINE('',#9954,#1935);
#1484=LINE('',#9958,#1936);
#1485=LINE('',#9959,#1937);
#1486=LINE('',#9962,#1938);
#1487=LINE('',#9966,#1939);
#1488=LINE('',#9970,#1940);
#1489=LINE('',#9971,#1941);
#1490=LINE('',#9974,#1942);
#1491=LINE('',#9975,#1943);
#1492=LINE('',#9977,#1944);
#1493=LINE('',#9978,#1945);
#1494=LINE('',#9984,#1946);
#1495=LINE('',#9988,#1947);
#1496=LINE('',#9993,#1948);
#1497=LINE('',#9994,#1949);
#1498=LINE('',#9995,#1950);
#1499=LINE('',#10004,#1951);
#1500=LINE('',#10007,#1952);
#1501=LINE('',#10012,#1953);
#1502=LINE('',#10016,#1954);
#1503=LINE('',#10020,#1955);
#1504=LINE('',#10024,#1956);
#1505=LINE('',#10027,#1957);
#1506=LINE('',#10030,#1958);
#1507=LINE('',#10031,#1959);
#1508=LINE('',#10034,#1960);
#1509=LINE('',#10038,#1961);
#1510=LINE('',#10039,#1962);
#1511=LINE('',#10042,#1963);
#1512=LINE('',#10046,#1964);
#1513=LINE('',#10047,#1965);
#1514=LINE('',#10050,#1966);
#1515=LINE('',#10055,#1967);
#1516=LINE('',#10058,#1968);
#1517=LINE('',#10059,#1969);
#1518=LINE('',#10063,#1970);
#1519=LINE('',#10065,#1971);
#1520=LINE('',#10070,#1972);
#1521=LINE('',#10074,#1973);
#1522=LINE('',#10078,#1974);
#1523=LINE('',#10081,#1975);
#1524=LINE('',#10084,#1976);
#1525=LINE('',#10087,#1977);
#1526=LINE('',#10090,#1978);
#1527=LINE('',#10092,#1979);
#1528=LINE('',#10093,#1980);
#1529=LINE('',#10096,#1981);
#1530=LINE('',#10100,#1982);
#1531=LINE('',#10103,#1983);
#1532=VECTOR('',#5528,0.393700787401575);
#1533=VECTOR('',#5529,0.393700787401575);
#1534=VECTOR('',#5530,0.393700787401575);
#1535=VECTOR('',#5531,0.393700787401575);
#1536=VECTOR('',#5534,0.393700787401575);
#1537=VECTOR('',#5535,0.393700787401575);
#1538=VECTOR('',#5536,0.393700787401575);
#1539=VECTOR('',#5537,0.393700787401575);
#1540=VECTOR('',#5540,0.393700787401575);
#1541=VECTOR('',#5541,0.393700787401575);
#1542=VECTOR('',#5542,0.393700787401575);
#1543=VECTOR('',#5543,0.393700787401575);
#1544=VECTOR('',#5546,0.393700787401575);
#1545=VECTOR('',#5547,0.393700787401575);
#1546=VECTOR('',#5548,0.393700787401575);
#1547=VECTOR('',#5549,0.393700787401575);
#1548=VECTOR('',#5552,0.393700787401575);
#1549=VECTOR('',#5557,0.393700787401575);
#1550=VECTOR('',#5560,0.393700787401575);
#1551=VECTOR('',#5563,0.393700787401575);
#1552=VECTOR('',#5566,0.393700787401575);
#1553=VECTOR('',#5569,0.393700787401575);
#1554=VECTOR('',#5572,0.393700787401575);
#1555=VECTOR('',#5577,0.393700787401575);
#1556=VECTOR('',#5578,0.393700787401575);
#1557=VECTOR('',#5579,0.393700787401575);
#1558=VECTOR('',#5580,0.393700787401575);
#1559=VECTOR('',#5581,0.393700787401575);
#1560=VECTOR('',#5584,0.393700787401575);
#1561=VECTOR('',#5585,0.393700787401575);
#1562=VECTOR('',#5588,0.393700787401575);
#1563=VECTOR('',#5591,0.393700787401575);
#1564=VECTOR('',#5594,0.393700787401575);
#1565=VECTOR('',#5595,0.393700787401575);
#1566=VECTOR('',#5598,0.393700787401575);
#1567=VECTOR('',#5599,0.393700787401575);
#1568=VECTOR('',#5600,0.393700787401575);
#1569=VECTOR('',#5601,0.393700787401575);
#1570=VECTOR('',#5606,0.393700787401575);
#1571=VECTOR('',#5609,0.393700787401575);
#1572=VECTOR('',#5612,0.393700787401575);
#1573=VECTOR('',#5613,0.393700787401575);
#1574=VECTOR('',#5614,0.393700787401575);
#1575=VECTOR('',#5617,0.393700787401575);
#1576=VECTOR('',#5618,0.393700787401575);
#1577=VECTOR('',#5621,0.393700787401575);
#1578=VECTOR('',#5622,0.393700787401575);
#1579=VECTOR('',#5625,0.393700787401575);
#1580=VECTOR('',#5630,0.393700787401575);
#1581=VECTOR('',#5633,0.393700787401575);
#1582=VECTOR('',#5636,0.393700787401575);
#1583=VECTOR('',#5637,0.393700787401575);
#1584=VECTOR('',#5638,0.393700787401575);
#1585=VECTOR('',#5641,0.393700787401575);
#1586=VECTOR('',#5642,0.393700787401575);
#1587=VECTOR('',#5645,0.393700787401575);
#1588=VECTOR('',#5646,0.393700787401575);
#1589=VECTOR('',#5649,0.393700787401575);
#1590=VECTOR('',#5654,0.393700787401575);
#1591=VECTOR('',#5657,0.393700787401575);
#1592=VECTOR('',#5660,0.393700787401575);
#1593=VECTOR('',#5661,0.393700787401575);
#1594=VECTOR('',#5662,0.393700787401575);
#1595=VECTOR('',#5665,0.393700787401575);
#1596=VECTOR('',#5666,0.393700787401575);
#1597=VECTOR('',#5669,0.393700787401575);
#1598=VECTOR('',#5670,0.393700787401575);
#1599=VECTOR('',#5673,0.393700787401575);
#1600=VECTOR('',#5678,0.393700787401575);
#1601=VECTOR('',#5681,0.393700787401575);
#1602=VECTOR('',#5684,0.393700787401575);
#1603=VECTOR('',#5685,0.393700787401575);
#1604=VECTOR('',#5686,0.393700787401575);
#1605=VECTOR('',#5689,0.393700787401575);
#1606=VECTOR('',#5690,0.393700787401575);
#1607=VECTOR('',#5693,0.393700787401575);
#1608=VECTOR('',#5694,0.393700787401575);
#1609=VECTOR('',#5697,0.393700787401575);
#1610=VECTOR('',#5712,0.393700787401575);
#1611=VECTOR('',#5713,0.393700787401575);
#1612=VECTOR('',#5714,0.393700787401575);
#1613=VECTOR('',#5719,0.393700787401575);
#1614=VECTOR('',#5720,0.393700787401575);
#1615=VECTOR('',#5727,0.393700787401575);
#1616=VECTOR('',#5730,0.393700787401575);
#1617=VECTOR('',#5745,0.393700787401575);
#1618=VECTOR('',#5748,0.393700787401575);
#1619=VECTOR('',#5751,0.393700787401575);
#1620=VECTOR('',#5752,0.393700787401575);
#1621=VECTOR('',#5755,0.393700787401575);
#1622=VECTOR('',#5758,0.393700787401575);
#1623=VECTOR('',#5767,0.393700787401575);
#1624=VECTOR('',#5770,0.393700787401575);
#1625=VECTOR('',#5779,0.393700787401575);
#1626=VECTOR('',#5782,0.393700787401575);
#1627=VECTOR('',#5785,0.393700787401575);
#1628=VECTOR('',#5786,0.393700787401575);
#1629=VECTOR('',#5789,0.393700787401575);
#1630=VECTOR('',#5792,0.393700787401575);
#1631=VECTOR('',#5803,0.393700787401575);
#1632=VECTOR('',#5804,0.393700787401575);
#1633=VECTOR('',#5807,0.393700787401575);
#1634=VECTOR('',#5808,0.393700787401575);
#1635=VECTOR('',#5811,0.393700787401575);
#1636=VECTOR('',#5814,0.393700787401575);
#1637=VECTOR('',#5817,0.393700787401575);
#1638=VECTOR('',#5820,0.393700787401575);
#1639=VECTOR('',#5823,0.393700787401575);
#1640=VECTOR('',#5830,0.393700787401575);
#1641=VECTOR('',#5833,0.393700787401575);
#1642=VECTOR('',#5836,0.393700787401575);
#1643=VECTOR('',#5839,0.393700787401575);
#1644=VECTOR('',#5842,0.393700787401575);
#1645=VECTOR('',#5845,0.393700787401575);
#1646=VECTOR('',#5848,0.393700787401575);
#1647=VECTOR('',#5851,0.393700787401575);
#1648=VECTOR('',#5854,0.393700787401575);
#1649=VECTOR('',#5857,0.393700787401575);
#1650=VECTOR('',#5860,0.393700787401575);
#1651=VECTOR('',#5863,0.393700787401575);
#1652=VECTOR('',#5864,0.393700787401575);
#1653=VECTOR('',#5867,0.393700787401575);
#1654=VECTOR('',#5868,0.393700787401575);
#1655=VECTOR('',#5871,0.393700787401575);
#1656=VECTOR('',#5874,0.393700787401575);
#1657=VECTOR('',#5875,0.393700787401575);
#1658=VECTOR('',#5882,0.393700787401575);
#1659=VECTOR('',#5887,0.393700787401575);
#1660=VECTOR('',#5894,0.393700787401575);
#1661=VECTOR('',#5897,0.393700787401575);
#1662=VECTOR('',#5900,0.393700787401575);
#1663=VECTOR('',#5903,0.393700787401575);
#1664=VECTOR('',#5908,0.393700787401575);
#1665=VECTOR('',#5911,0.393700787401575);
#1666=VECTOR('',#5914,0.393700787401575);
#1667=VECTOR('',#5917,0.393700787401575);
#1668=VECTOR('',#5920,0.393700787401575);
#1669=VECTOR('',#5923,0.393700787401575);
#1670=VECTOR('',#5930,0.393700787401575);
#1671=VECTOR('',#5931,0.393700787401575);
#1672=VECTOR('',#5932,0.393700787401575);
#1673=VECTOR('',#5935,0.393700787401575);
#1674=VECTOR('',#5936,0.393700787401575);
#1675=VECTOR('',#5937,0.393700787401575);
#1676=VECTOR('',#5940,0.393700787401575);
#1677=VECTOR('',#5941,0.393700787401575);
#1678=VECTOR('',#5944,0.393700787401575);
#1679=VECTOR('',#5947,0.393700787401575);
#1680=VECTOR('',#5948,0.393700787401575);
#1681=VECTOR('',#5949,0.393700787401575);
#1682=VECTOR('',#5952,0.393700787401575);
#1683=VECTOR('',#5953,0.393700787401575);
#1684=VECTOR('',#5954,0.393700787401575);
#1685=VECTOR('',#5957,0.393700787401575);
#1686=VECTOR('',#5958,0.393700787401575);
#1687=VECTOR('',#5961,0.393700787401575);
#1688=VECTOR('',#5964,0.393700787401575);
#1689=VECTOR('',#5965,0.393700787401575);
#1690=VECTOR('',#5966,0.393700787401575);
#1691=VECTOR('',#5969,0.393700787401575);
#1692=VECTOR('',#5970,0.393700787401575);
#1693=VECTOR('',#5971,0.393700787401575);
#1694=VECTOR('',#5974,0.393700787401575);
#1695=VECTOR('',#5975,0.393700787401575);
#1696=VECTOR('',#5978,0.393700787401575);
#1697=VECTOR('',#5983,0.393700787401575);
#1698=VECTOR('',#5986,0.393700787401575);
#1699=VECTOR('',#5989,0.393700787401575);
#1700=VECTOR('',#5990,0.393700787401575);
#1701=VECTOR('',#5991,0.393700787401575);
#1702=VECTOR('',#5994,0.393700787401575);
#1703=VECTOR('',#5995,0.393700787401575);
#1704=VECTOR('',#5998,0.393700787401575);
#1705=VECTOR('',#5999,0.393700787401575);
#1706=VECTOR('',#6000,0.393700787401575);
#1707=VECTOR('',#6005,0.393700787401575);
#1708=VECTOR('',#6008,0.393700787401575);
#1709=VECTOR('',#6011,0.393700787401575);
#1710=VECTOR('',#6014,0.393700787401575);
#1711=VECTOR('',#6017,0.393700787401575);
#1712=VECTOR('',#6020,0.393700787401575);
#1713=VECTOR('',#6025,0.393700787401575);
#1714=VECTOR('',#6026,0.393700787401575);
#1715=VECTOR('',#6027,0.393700787401575);
#1716=VECTOR('',#6032,0.393700787401575);
#1717=VECTOR('',#6035,0.393700787401575);
#1718=VECTOR('',#6038,0.393700787401575);
#1719=VECTOR('',#6041,0.393700787401575);
#1720=VECTOR('',#6044,0.393700787401575);
#1721=VECTOR('',#6047,0.393700787401575);
#1722=VECTOR('',#6054,0.393700787401575);
#1723=VECTOR('',#6055,0.393700787401575);
#1724=VECTOR('',#6056,0.393700787401575);
#1725=VECTOR('',#6059,0.393700787401575);
#1726=VECTOR('',#6060,0.393700787401575);
#1727=VECTOR('',#6063,0.393700787401575);
#1728=VECTOR('',#6068,0.393700787401575);
#1729=VECTOR('',#6073,0.393700787401575);
#1730=VECTOR('',#6074,0.393700787401575);
#1731=VECTOR('',#6077,0.393700787401575);
#1732=VECTOR('',#6082,0.393700787401575);
#1733=VECTOR('',#6083,0.393700787401575);
#1734=VECTOR('',#6086,0.393700787401575);
#1735=VECTOR('',#6091,0.393700787401575);
#1736=VECTOR('',#6092,0.393700787401575);
#1737=VECTOR('',#6095,0.393700787401575);
#1738=VECTOR('',#6100,0.393700787401575);
#1739=VECTOR('',#6101,0.393700787401575);
#1740=VECTOR('',#6104,0.393700787401575);
#1741=VECTOR('',#6109,0.393700787401575);
#1742=VECTOR('',#6110,0.393700787401575);
#1743=VECTOR('',#6113,0.393700787401575);
#1744=VECTOR('',#6118,0.393700787401575);
#1745=VECTOR('',#6119,0.393700787401575);
#1746=VECTOR('',#6122,0.393700787401575);
#1747=VECTOR('',#6127,0.393700787401575);
#1748=VECTOR('',#6132,0.393700787401575);
#1749=VECTOR('',#6133,0.393700787401575);
#1750=VECTOR('',#6134,0.393700787401575);
#1751=VECTOR('',#6135,0.393700787401575);
#1752=VECTOR('',#6138,0.393700787401575);
#1753=VECTOR('',#6143,0.393700787401575);
#1754=VECTOR('',#6148,0.393700787401575);
#1755=VECTOR('',#6151,0.393700787401575);
#1756=VECTOR('',#6154,0.393700787401575);
#1757=VECTOR('',#6157,0.393700787401575);
#1758=VECTOR('',#6160,0.393700787401575);
#1759=VECTOR('',#6163,0.393700787401575);
#1760=VECTOR('',#6168,0.393700787401575);
#1761=VECTOR('',#6169,0.393700787401575);
#1762=VECTOR('',#6172,0.393700787401575);
#1763=VECTOR('',#6175,0.393700787401575);
#1764=VECTOR('',#6178,0.393700787401575);
#1765=VECTOR('',#6181,0.393700787401575);
#1766=VECTOR('',#6184,0.393700787401575);
#1767=VECTOR('',#6187,0.393700787401575);
#1768=VECTOR('',#6190,0.393700787401575);
#1769=VECTOR('',#6193,0.393700787401575);
#1770=VECTOR('',#6196,0.393700787401575);
#1771=VECTOR('',#6199,0.393700787401575);
#1772=VECTOR('',#6202,0.393700787401575);
#1773=VECTOR('',#6205,0.393700787401575);
#1774=VECTOR('',#6208,0.393700787401575);
#1775=VECTOR('',#6211,0.393700787401575);
#1776=VECTOR('',#6214,0.393700787401575);
#1777=VECTOR('',#6217,0.393700787401575);
#1778=VECTOR('',#6220,0.393700787401575);
#1779=VECTOR('',#6227,0.393700787401575);
#1780=VECTOR('',#6230,0.393700787401575);
#1781=VECTOR('',#6233,0.393700787401575);
#1782=VECTOR('',#6234,0.393700787401575);
#1783=VECTOR('',#6235,0.393700787401575);
#1784=VECTOR('',#6240,0.393700787401575);
#1785=VECTOR('',#6245,0.393700787401575);
#1786=VECTOR('',#6246,0.393700787401575);
#1787=VECTOR('',#6247,0.393700787401575);
#1788=VECTOR('',#6252,0.393700787401575);
#1789=VECTOR('',#6257,0.393700787401575);
#1790=VECTOR('',#6258,0.393700787401575);
#1791=VECTOR('',#6259,0.393700787401575);
#1792=VECTOR('',#6262,0.393700787401575);
#1793=VECTOR('',#6263,0.393700787401575);
#1794=VECTOR('',#6264,0.393700787401575);
#1795=VECTOR('',#6269,0.393700787401575);
#1796=VECTOR('',#6274,0.393700787401575);
#1797=VECTOR('',#6275,0.393700787401575);
#1798=VECTOR('',#6276,0.393700787401575);
#1799=VECTOR('',#6279,0.393700787401575);
#1800=VECTOR('',#6280,0.393700787401575);
#1801=VECTOR('',#6281,0.393700787401575);
#1802=VECTOR('',#6286,0.393700787401575);
#1803=VECTOR('',#6287,0.393700787401575);
#1804=VECTOR('',#6288,0.393700787401575);
#1805=VECTOR('',#6293,0.393700787401575);
#1806=VECTOR('',#6298,0.393700787401575);
#1807=VECTOR('',#6299,0.393700787401575);
#1808=VECTOR('',#6300,0.393700787401575);
#1809=VECTOR('',#6303,0.393700787401575);
#1810=VECTOR('',#6304,0.393700787401575);
#1811=VECTOR('',#6309,0.393700787401575);
#1812=VECTOR('',#6324,0.393700787401575);
#1813=VECTOR('',#6327,0.393700787401575);
#1814=VECTOR('',#6330,0.393700787401575);
#1815=VECTOR('',#6333,0.393700787401575);
#1816=VECTOR('',#6352,0.393700787401575);
#1817=VECTOR('',#6355,0.393700787401575);
#1818=VECTOR('',#6358,0.393700787401575);
#1819=VECTOR('',#6363,0.393700787401575);
#1820=VECTOR('',#6380,0.393700787401575);
#1821=VECTOR('',#6381,0.393700787401575);
#1822=VECTOR('',#6386,0.393700787401575);
#1823=VECTOR('',#6389,0.393700787401575);
#1824=VECTOR('',#6394,0.393700787401575);
#1825=VECTOR('',#6397,0.393700787401575);
#1826=VECTOR('',#6414,0.393700787401575);
#1827=VECTOR('',#6417,0.393700787401575);
#1828=VECTOR('',#6420,0.393700787401575);
#1829=VECTOR('',#6421,0.393700787401575);
#1830=VECTOR('',#6426,0.393700787401575);
#1831=VECTOR('',#6427,0.393700787401575);
#1832=VECTOR('',#6432,0.393700787401575);
#1833=VECTOR('',#6433,0.393700787401575);
#1834=VECTOR('',#6446,0.393700787401575);
#1835=VECTOR('',#6447,0.393700787401575);
#1836=VECTOR('',#6450,0.393700787401575);
#1837=VECTOR('',#6453,0.393700787401575);
#1838=VECTOR('',#6454,0.393700787401575);
#1839=VECTOR('',#6455,0.393700787401575);
#1840=VECTOR('',#6458,0.393700787401575);
#1841=VECTOR('',#6463,0.393700787401575);
#1842=VECTOR('',#6466,0.393700787401575);
#1843=VECTOR('',#6469,0.393700787401575);
#1844=VECTOR('',#6472,0.393700787401575);
#1845=VECTOR('',#6489,0.0944881889763779);
#1846=VECTOR('',#6494,0.0944881889763779);
#1847=VECTOR('',#6499,0.0944881889763779);
#1848=VECTOR('',#6502,0.393700787401575);
#1849=VECTOR('',#6503,0.393700787401575);
#1850=VECTOR('',#6504,0.393700787401575);
#1851=VECTOR('',#6509,0.393700787401575);
#1852=VECTOR('',#6512,0.393700787401575);
#1853=VECTOR('',#6513,0.393700787401575);
#1854=VECTOR('',#6518,0.393700787401575);
#1855=VECTOR('',#6521,0.393700787401575);
#1856=VECTOR('',#6522,0.393700787401575);
#1857=VECTOR('',#6523,0.393700787401575);
#1858=VECTOR('',#6530,0.393700787401575);
#1859=VECTOR('',#6531,0.393700787401575);
#1860=VECTOR('',#6538,0.393700787401575);
#1861=VECTOR('',#6541,0.393700787401575);
#1862=VECTOR('',#6544,0.393700787401575);
#1863=VECTOR('',#6547,0.393700787401575);
#1864=VECTOR('',#6550,0.393700787401575);
#1865=VECTOR('',#6553,0.393700787401575);
#1866=VECTOR('',#6556,0.393700787401575);
#1867=VECTOR('',#6559,0.393700787401575);
#1868=VECTOR('',#6562,0.393700787401575);
#1869=VECTOR('',#6563,0.393700787401575);
#1870=VECTOR('',#6568,0.393700787401575);
#1871=VECTOR('',#6569,0.393700787401575);
#1872=VECTOR('',#6572,0.393700787401575);
#1873=VECTOR('',#6573,0.393700787401575);
#1874=VECTOR('',#6578,0.393700787401575);
#1875=VECTOR('',#6579,0.393700787401575);
#1876=VECTOR('',#6580,0.393700787401575);
#1877=VECTOR('',#6581,0.393700787401575);
#1878=VECTOR('',#6582,0.393700787401575);
#1879=VECTOR('',#6583,0.393700787401575);
#1880=VECTOR('',#6584,0.393700787401575);
#1881=VECTOR('',#6587,0.393700787401575);
#1882=VECTOR('',#6590,0.393700787401575);
#1883=VECTOR('',#6591,0.393700787401575);
#1884=VECTOR('',#6592,0.393700787401575);
#1885=VECTOR('',#6595,0.393700787401575);
#1886=VECTOR('',#6596,0.393700787401575);
#1887=VECTOR('',#6599,0.393700787401575);
#1888=VECTOR('',#6600,0.393700787401575);
#1889=VECTOR('',#6601,0.393700787401575);
#1890=VECTOR('',#6602,0.393700787401575);
#1891=VECTOR('',#6605,0.393700787401575);
#1892=VECTOR('',#6608,0.393700787401575);
#1893=VECTOR('',#6609,0.393700787401575);
#1894=VECTOR('',#6610,0.393700787401575);
#1895=VECTOR('',#6611,0.393700787401575);
#1896=VECTOR('',#6614,0.393700787401575);
#1897=VECTOR('',#6617,0.393700787401575);
#1898=VECTOR('',#6618,0.393700787401575);
#1899=VECTOR('',#6621,0.393700787401575);
#1900=VECTOR('',#6622,0.393700787401575);
#1901=VECTOR('',#6623,0.393700787401575);
#1902=VECTOR('',#6624,0.393700787401575);
#1903=VECTOR('',#6625,0.393700787401575);
#1904=VECTOR('',#6634,0.393700787401575);
#1905=VECTOR('',#6635,0.393700787401575);
#1906=VECTOR('',#6638,0.393700787401575);
#1907=VECTOR('',#6647,0.0789999999999999);
#1908=VECTOR('',#6648,0.393700787401575);
#1909=VECTOR('',#6649,0.393700787401575);
#1910=VECTOR('',#6650,0.393700787401575);
#1911=VECTOR('',#6651,0.393700787401575);
#1912=VECTOR('',#6652,0.393700787401575);
#1913=VECTOR('',#6653,0.393700787401575);
#1914=VECTOR('',#6654,0.393700787401575);
#1915=VECTOR('',#6657,0.393700787401575);
#1916=VECTOR('',#6662,0.393700787401575);
#1917=VECTOR('',#6667,0.393700787401575);
#1918=VECTOR('',#6668,0.393700787401575);
#1919=VECTOR('',#6671,0.393700787401575);
#1920=VECTOR('',#6676,0.393700787401575);
#1921=VECTOR('',#6681,0.393700787401575);
#1922=VECTOR('',#6682,0.393700787401575);
#1923=VECTOR('',#6685,0.393700787401575);
#1924=VECTOR('',#6690,0.393700787401575);
#1925=VECTOR('',#6691,0.393700787401575);
#1926=VECTOR('',#6694,0.393700787401575);
#1927=VECTOR('',#6699,0.393700787401575);
#1928=VECTOR('',#6700,0.393700787401575);
#1929=VECTOR('',#6703,0.393700787401575);
#1930=VECTOR('',#6708,0.393700787401575);
#1931=VECTOR('',#6709,0.393700787401575);
#1932=VECTOR('',#6712,0.393700787401575);
#1933=VECTOR('',#6717,0.393700787401575);
#1934=VECTOR('',#6718,0.393700787401575);
#1935=VECTOR('',#6721,0.393700787401575);
#1936=VECTOR('',#6726,0.393700787401575);
#1937=VECTOR('',#6727,0.393700787401575);
#1938=VECTOR('',#6730,0.393700787401575);
#1939=VECTOR('',#6735,0.393700787401575);
#1940=VECTOR('',#6740,0.393700787401575);
#1941=VECTOR('',#6741,0.393700787401575);
#1942=VECTOR('',#6744,0.393700787401575);
#1943=VECTOR('',#6745,0.393700787401575);
#1944=VECTOR('',#6748,0.393700787401575);
#1945=VECTOR('',#6749,0.393700787401575);
#1946=VECTOR('',#6756,0.393700787401575);
#1947=VECTOR('',#6759,0.393700787401575);
#1948=VECTOR('',#6764,0.393700787401575);
#1949=VECTOR('',#6765,0.393700787401575);
#1950=VECTOR('',#6766,0.393700787401575);
#1951=VECTOR('',#6777,0.393700787401575);
#1952=VECTOR('',#6780,0.393700787401575);
#1953=VECTOR('',#6785,0.393700787401575);
#1954=VECTOR('',#6788,0.393700787401575);
#1955=VECTOR('',#6791,0.393700787401575);
#1956=VECTOR('',#6794,0.393700787401575);
#1957=VECTOR('',#6797,0.393700787401575);
#1958=VECTOR('',#6800,0.393700787401575);
#1959=VECTOR('',#6801,0.393700787401575);
#1960=VECTOR('',#6804,0.393700787401575);
#1961=VECTOR('',#6809,0.393700787401575);
#1962=VECTOR('',#6810,0.393700787401575);
#1963=VECTOR('',#6813,0.393700787401575);
#1964=VECTOR('',#6818,0.393700787401575);
#1965=VECTOR('',#6819,0.393700787401575);
#1966=VECTOR('',#6822,0.393700787401575);
#1967=VECTOR('',#6829,0.393700787401575);
#1968=VECTOR('',#6832,0.393700787401575);
#1969=VECTOR('',#6833,0.393700787401575);
#1970=VECTOR('',#6838,0.393700787401575);
#1971=VECTOR('',#6841,0.393700787401575);
#1972=VECTOR('',#6846,0.393700787401575);
#1973=VECTOR('',#6849,0.393700787401575);
#1974=VECTOR('',#6854,0.393700787401575);
#1975=VECTOR('',#6857,0.393700787401575);
#1976=VECTOR('',#6860,0.393700787401575);
#1977=VECTOR('',#6863,0.393700787401575);
#1978=VECTOR('',#6866,0.393700787401575);
#1979=VECTOR('',#6867,0.393700787401575);
#1980=VECTOR('',#6868,0.393700787401575);
#1981=VECTOR('',#6871,0.393700787401575);
#1982=VECTOR('',#6876,0.393700787401575);
#1983=VECTOR('',#6881,0.393700787401575);
#1984=VERTEX_POINT('',#6891);
#1985=VERTEX_POINT('',#6892);
#1986=VERTEX_POINT('',#6894);
#1987=VERTEX_POINT('',#6896);
#1988=VERTEX_POINT('',#6900);
#1989=VERTEX_POINT('',#6901);
#1990=VERTEX_POINT('',#6903);
#1991=VERTEX_POINT('',#6905);
#1992=VERTEX_POINT('',#6909);
#1993=VERTEX_POINT('',#6910);
#1994=VERTEX_POINT('',#6912);
#1995=VERTEX_POINT('',#6914);
#1996=VERTEX_POINT('',#6918);
#1997=VERTEX_POINT('',#6919);
#1998=VERTEX_POINT('',#6921);
#1999=VERTEX_POINT('',#6923);
#2000=VERTEX_POINT('',#6927);
#2001=VERTEX_POINT('',#6928);
#2002=VERTEX_POINT('',#6930);
#2003=VERTEX_POINT('',#6932);
#2004=VERTEX_POINT('',#6934);
#2005=VERTEX_POINT('',#6936);
#2006=VERTEX_POINT('',#6938);
#2007=VERTEX_POINT('',#6940);
#2008=VERTEX_POINT('',#6942);
#2009=VERTEX_POINT('',#6944);
#2010=VERTEX_POINT('',#6946);
#2011=VERTEX_POINT('',#6948);
#2012=VERTEX_POINT('',#6950);
#2013=VERTEX_POINT('',#6952);
#2014=VERTEX_POINT('',#6954);
#2015=VERTEX_POINT('',#6956);
#2016=VERTEX_POINT('',#6958);
#2017=VERTEX_POINT('',#6960);
#2018=VERTEX_POINT('',#6964);
#2019=VERTEX_POINT('',#6966);
#2020=VERTEX_POINT('',#6968);
#2021=VERTEX_POINT('',#6970);
#2022=VERTEX_POINT('',#6972);
#2023=VERTEX_POINT('',#6974);
#2024=VERTEX_POINT('',#6976);
#2025=VERTEX_POINT('',#6978);
#2026=VERTEX_POINT('',#6980);
#2027=VERTEX_POINT('',#6982);
#2028=VERTEX_POINT('',#6984);
#2029=VERTEX_POINT('',#6986);
#2030=VERTEX_POINT('',#6988);
#2031=VERTEX_POINT('',#6990);
#2032=VERTEX_POINT('',#6996);
#2033=VERTEX_POINT('',#6997);
#2034=VERTEX_POINT('',#6999);
#2035=VERTEX_POINT('',#7001);
#2036=VERTEX_POINT('',#7005);
#2037=VERTEX_POINT('',#7007);
#2038=VERTEX_POINT('',#7011);
#2039=VERTEX_POINT('',#7015);
#2040=VERTEX_POINT('',#7021);
#2041=VERTEX_POINT('',#7022);
#2042=VERTEX_POINT('',#7024);
#2043=VERTEX_POINT('',#7026);
#2044=VERTEX_POINT('',#7030);
#2045=VERTEX_POINT('',#7032);
#2046=VERTEX_POINT('',#7036);
#2047=VERTEX_POINT('',#7040);
#2048=VERTEX_POINT('',#7046);
#2049=VERTEX_POINT('',#7047);
#2050=VERTEX_POINT('',#7049);
#2051=VERTEX_POINT('',#7051);
#2052=VERTEX_POINT('',#7055);
#2053=VERTEX_POINT('',#7057);
#2054=VERTEX_POINT('',#7061);
#2055=VERTEX_POINT('',#7065);
#2056=VERTEX_POINT('',#7071);
#2057=VERTEX_POINT('',#7072);
#2058=VERTEX_POINT('',#7074);
#2059=VERTEX_POINT('',#7076);
#2060=VERTEX_POINT('',#7080);
#2061=VERTEX_POINT('',#7082);
#2062=VERTEX_POINT('',#7086);
#2063=VERTEX_POINT('',#7090);
#2064=VERTEX_POINT('',#7096);
#2065=VERTEX_POINT('',#7098);
#2066=VERTEX_POINT('',#7118);
#2067=VERTEX_POINT('',#7120);
#2068=VERTEX_POINT('',#7125);
#2069=VERTEX_POINT('',#7130);
#2070=VERTEX_POINT('',#7132);
#2071=VERTEX_POINT('',#7134);
#2072=VERTEX_POINT('',#7200);
#2073=VERTEX_POINT('',#7201);
#2074=VERTEX_POINT('',#7203);
#2075=VERTEX_POINT('',#7269);
#2076=VERTEX_POINT('',#7270);
#2077=VERTEX_POINT('',#7272);
#2078=VERTEX_POINT('',#7276);
#2079=VERTEX_POINT('',#7278);
#2080=VERTEX_POINT('',#7282);
#2081=VERTEX_POINT('',#7284);
#2082=VERTEX_POINT('',#7299);
#2083=VERTEX_POINT('',#7301);
#2084=VERTEX_POINT('',#7308);
#2085=VERTEX_POINT('',#7310);
#2086=VERTEX_POINT('',#7314);
#2087=VERTEX_POINT('',#7316);
#2088=VERTEX_POINT('',#7331);
#2089=VERTEX_POINT('',#7333);
#2090=VERTEX_POINT('',#7340);
#2091=VERTEX_POINT('',#7342);
#2092=VERTEX_POINT('',#7346);
#2093=VERTEX_POINT('',#7347);
#2094=VERTEX_POINT('',#7370);
#2095=VERTEX_POINT('',#7372);
#2096=VERTEX_POINT('',#7376);
#2097=VERTEX_POINT('',#7378);
#2098=VERTEX_POINT('',#7382);
#2099=VERTEX_POINT('',#7384);
#2100=VERTEX_POINT('',#7388);
#2101=VERTEX_POINT('',#7390);
#2102=VERTEX_POINT('',#7394);
#2103=VERTEX_POINT('',#7396);
#2104=VERTEX_POINT('',#7398);
#2105=VERTEX_POINT('',#7400);
#2106=VERTEX_POINT('',#7402);
#2107=VERTEX_POINT('',#7404);
#2108=VERTEX_POINT('',#7408);
#2109=VERTEX_POINT('',#7411);
#2110=VERTEX_POINT('',#7451);
#2111=VERTEX_POINT('',#7452);
#2112=VERTEX_POINT('',#7454);
#2113=VERTEX_POINT('',#7458);
#2114=VERTEX_POINT('',#7459);
#2115=VERTEX_POINT('',#7464);
#2116=VERTEX_POINT('',#7470);
#2117=VERTEX_POINT('',#7471);
#2118=VERTEX_POINT('',#7473);
#2119=VERTEX_POINT('',#7477);
#2120=VERTEX_POINT('',#7478);
#2121=VERTEX_POINT('',#7483);
#2122=VERTEX_POINT('',#7489);
#2123=VERTEX_POINT('',#7490);
#2124=VERTEX_POINT('',#7492);
#2125=VERTEX_POINT('',#7496);
#2126=VERTEX_POINT('',#7497);
#2127=VERTEX_POINT('',#7502);
#2128=VERTEX_POINT('',#7508);
#2129=VERTEX_POINT('',#7509);
#2130=VERTEX_POINT('',#7511);
#2131=VERTEX_POINT('',#7513);
#2132=VERTEX_POINT('',#7517);
#2133=VERTEX_POINT('',#7519);
#2134=VERTEX_POINT('',#7523);
#2135=VERTEX_POINT('',#7527);
#2136=VERTEX_POINT('',#7528);
#2137=VERTEX_POINT('',#7530);
#2138=VERTEX_POINT('',#7532);
#2139=VERTEX_POINT('',#7534);
#2140=VERTEX_POINT('',#7536);
#2141=VERTEX_POINT('',#7538);
#2142=VERTEX_POINT('',#7540);
#2143=VERTEX_POINT('',#7542);
#2144=VERTEX_POINT('',#7544);
#2145=VERTEX_POINT('',#7546);
#2146=VERTEX_POINT('',#7548);
#2147=VERTEX_POINT('',#7550);
#2148=VERTEX_POINT('',#7552);
#2149=VERTEX_POINT('',#7554);
#2150=VERTEX_POINT('',#7556);
#2151=VERTEX_POINT('',#7558);
#2152=VERTEX_POINT('',#7560);
#2153=VERTEX_POINT('',#7562);
#2154=VERTEX_POINT('',#7564);
#2155=VERTEX_POINT('',#7566);
#2156=VERTEX_POINT('',#7568);
#2157=VERTEX_POINT('',#7570);
#2158=VERTEX_POINT('',#7572);
#2159=VERTEX_POINT('',#7574);
#2160=VERTEX_POINT('',#7576);
#2161=VERTEX_POINT('',#7578);
#2162=VERTEX_POINT('',#7580);
#2163=VERTEX_POINT('',#7582);
#2164=VERTEX_POINT('',#7584);
#2165=VERTEX_POINT('',#7586);
#2166=VERTEX_POINT('',#7588);
#2167=VERTEX_POINT('',#7590);
#2168=VERTEX_POINT('',#7592);
#2169=VERTEX_POINT('',#7594);
#2170=VERTEX_POINT('',#7596);
#2171=VERTEX_POINT('',#7600);
#2172=VERTEX_POINT('',#7602);
#2173=VERTEX_POINT('',#7606);
#2174=VERTEX_POINT('',#7610);
#2175=VERTEX_POINT('',#7614);
#2176=VERTEX_POINT('',#7618);
#2177=VERTEX_POINT('',#7622);
#2178=VERTEX_POINT('',#7626);
#2179=VERTEX_POINT('',#7630);
#2180=VERTEX_POINT('',#7634);
#2181=VERTEX_POINT('',#7638);
#2182=VERTEX_POINT('',#7642);
#2183=VERTEX_POINT('',#7646);
#2184=VERTEX_POINT('',#7650);
#2185=VERTEX_POINT('',#7654);
#2186=VERTEX_POINT('',#7658);
#2187=VERTEX_POINT('',#7662);
#2188=VERTEX_POINT('',#7666);
#2189=VERTEX_POINT('',#7670);
#2190=VERTEX_POINT('',#7673);
#2191=VERTEX_POINT('',#7680);
#2192=VERTEX_POINT('',#7681);
#2193=VERTEX_POINT('',#7683);
#2194=VERTEX_POINT('',#7685);
#2195=VERTEX_POINT('',#7687);
#2196=VERTEX_POINT('',#7689);
#2197=VERTEX_POINT('',#7691);
#2198=VERTEX_POINT('',#7693);
#2199=VERTEX_POINT('',#7695);
#2200=VERTEX_POINT('',#7697);
#2201=VERTEX_POINT('',#7699);
#2202=VERTEX_POINT('',#7701);
#2203=VERTEX_POINT('',#7703);
#2204=VERTEX_POINT('',#7705);
#2205=VERTEX_POINT('',#7707);
#2206=VERTEX_POINT('',#7709);
#2207=VERTEX_POINT('',#7711);
#2208=VERTEX_POINT('',#7751);
#2209=VERTEX_POINT('',#7752);
#2210=VERTEX_POINT('',#7754);
#2211=VERTEX_POINT('',#7756);
#2212=VERTEX_POINT('',#7760);
#2213=VERTEX_POINT('',#7762);
#2214=VERTEX_POINT('',#7766);
#2215=VERTEX_POINT('',#7768);
#2216=VERTEX_POINT('',#7772);
#2217=VERTEX_POINT('',#7774);
#2218=VERTEX_POINT('',#7778);
#2219=VERTEX_POINT('',#7780);
#2220=VERTEX_POINT('',#7784);
#2221=VERTEX_POINT('',#7786);
#2222=VERTEX_POINT('',#7790);
#2223=VERTEX_POINT('',#7792);
#2224=VERTEX_POINT('',#7796);
#2225=VERTEX_POINT('',#7798);
#2226=VERTEX_POINT('',#7802);
#2227=VERTEX_POINT('',#7804);
#2228=VERTEX_POINT('',#7808);
#2229=VERTEX_POINT('',#7809);
#2230=VERTEX_POINT('',#7811);
#2231=VERTEX_POINT('',#7813);
#2232=VERTEX_POINT('',#7817);
#2233=VERTEX_POINT('',#7819);
#2234=VERTEX_POINT('',#7823);
#2235=VERTEX_POINT('',#7825);
#2236=VERTEX_POINT('',#7829);
#2237=VERTEX_POINT('',#7831);
#2238=VERTEX_POINT('',#7838);
#2239=VERTEX_POINT('',#7840);
#2240=VERTEX_POINT('',#7844);
#2241=VERTEX_POINT('',#7845);
#2242=VERTEX_POINT('',#7854);
#2243=VERTEX_POINT('',#7857);
#2244=VERTEX_POINT('',#7866);
#2245=VERTEX_POINT('',#7870);
#2246=VERTEX_POINT('',#7871);
#2247=VERTEX_POINT('',#7876);
#2248=VERTEX_POINT('',#7879);
#2249=VERTEX_POINT('',#7896);
#2250=VERTEX_POINT('',#7897);
#2251=VERTEX_POINT('',#7904);
#2252=VERTEX_POINT('',#7905);
#2253=VERTEX_POINT('',#7923);
#2254=VERTEX_POINT('',#7924);
#2255=VERTEX_POINT('',#7936);
#2256=VERTEX_POINT('',#7949);
#2257=VERTEX_POINT('',#7950);
#2258=VERTEX_POINT('',#7956);
#2259=VERTEX_POINT('',#7958);
#2260=VERTEX_POINT('',#7971);
#2261=VERTEX_POINT('',#7972);
#2262=VERTEX_POINT('',#7977);
#2263=VERTEX_POINT('',#8177);
#2264=VERTEX_POINT('',#8178);
#2265=VERTEX_POINT('',#8180);
#2266=VERTEX_POINT('',#8239);
#2267=VERTEX_POINT('',#8240);
#2268=VERTEX_POINT('',#8242);
#2269=VERTEX_POINT('',#8246);
#2270=VERTEX_POINT('',#8248);
#2271=VERTEX_POINT('',#8252);
#2272=VERTEX_POINT('',#8254);
#2273=VERTEX_POINT('',#8256);
#2274=VERTEX_POINT('',#8272);
#2275=VERTEX_POINT('',#8273);
#2276=VERTEX_POINT('',#8275);
#2277=VERTEX_POINT('',#8277);
#2278=VERTEX_POINT('',#8281);
#2279=VERTEX_POINT('',#8298);
#2280=VERTEX_POINT('',#8299);
#2281=VERTEX_POINT('',#8301);
#2282=VERTEX_POINT('',#8315);
#2283=VERTEX_POINT('',#8319);
#2284=VERTEX_POINT('',#8321);
#2285=VERTEX_POINT('',#8325);
#2286=VERTEX_POINT('',#8327);
#2287=VERTEX_POINT('',#8353);
#2288=VERTEX_POINT('',#8357);
#2289=VERTEX_POINT('',#8362);
#2290=VERTEX_POINT('',#8364);
#2291=VERTEX_POINT('',#8368);
#2292=VERTEX_POINT('',#8370);
#2293=VERTEX_POINT('',#8377);
#2294=VERTEX_POINT('',#8378);
#2295=VERTEX_POINT('',#8380);
#2296=VERTEX_POINT('',#8383);
#2297=VERTEX_POINT('',#8388);
#2298=VERTEX_POINT('',#8390);
#2299=VERTEX_POINT('',#8392);
#2300=VERTEX_POINT('',#8393);
#2301=VERTEX_POINT('',#8395);
#2302=VERTEX_POINT('',#8397);
#2303=VERTEX_POINT('',#8399);
#2304=VERTEX_POINT('',#8401);
#2305=VERTEX_POINT('',#8403);
#2306=VERTEX_POINT('',#8405);
#2307=VERTEX_POINT('',#8408);
#2308=VERTEX_POINT('',#8527);
#2309=VERTEX_POINT('',#8531);
#2310=VERTEX_POINT('',#8535);
#2311=VERTEX_POINT('',#8539);
#2312=VERTEX_POINT('',#8541);
#2313=VERTEX_POINT('',#8545);
#2314=VERTEX_POINT('',#8549);
#2315=VERTEX_POINT('',#8553);
#2316=VERTEX_POINT('',#8557);
#2317=VERTEX_POINT('',#8559);
#2318=VERTEX_POINT('',#8565);
#2319=VERTEX_POINT('',#8571);
#2320=VERTEX_POINT('',#8573);
#2321=VERTEX_POINT('',#8577);
#2322=VERTEX_POINT('',#8602);
#2323=VERTEX_POINT('',#8603);
#2324=VERTEX_POINT('',#8605);
#2325=VERTEX_POINT('',#8607);
#2326=VERTEX_POINT('',#8609);
#2327=VERTEX_POINT('',#8632);
#2328=VERTEX_POINT('',#8636);
#2329=VERTEX_POINT('',#8640);
#2330=VERTEX_POINT('',#8642);
#2331=VERTEX_POINT('',#8647);
#2332=VERTEX_POINT('',#8651);
#2333=VERTEX_POINT('',#8652);
#2334=VERTEX_POINT('',#8661);
#2335=VERTEX_POINT('',#8666);
#2336=VERTEX_POINT('',#8693);
#2337=VERTEX_POINT('',#8695);
#2338=VERTEX_POINT('',#8733);
#2339=VERTEX_POINT('',#8775);
#2340=VERTEX_POINT('',#8793);
#2341=VERTEX_POINT('',#8798);
#2342=VERTEX_POINT('',#8847);
#2343=VERTEX_POINT('',#8849);
#2344=VERTEX_POINT('',#8897);
#2345=VERTEX_POINT('',#8938);
#2346=VERTEX_POINT('',#8939);
#2347=VERTEX_POINT('',#8944);
#2348=VERTEX_POINT('',#8946);
#2349=VERTEX_POINT('',#8997);
#2350=VERTEX_POINT('',#8998);
#2351=VERTEX_POINT('',#9003);
#2352=VERTEX_POINT('',#9005);
#2353=VERTEX_POINT('',#9026);
#2354=VERTEX_POINT('',#9057);
#2355=VERTEX_POINT('',#9098);
#2356=VERTEX_POINT('',#9103);
#2357=VERTEX_POINT('',#9105);
#2358=VERTEX_POINT('',#9135);
#2359=VERTEX_POINT('',#9161);
#2360=VERTEX_POINT('',#9222);
#2361=VERTEX_POINT('',#9229);
#2362=VERTEX_POINT('',#9231);
#2363=VERTEX_POINT('',#9240);
#2364=VERTEX_POINT('',#9242);
#2365=VERTEX_POINT('',#9266);
#2366=VERTEX_POINT('',#9307);
#2367=VERTEX_POINT('',#9351);
#2368=VERTEX_POINT('',#9352);
#2369=VERTEX_POINT('',#9360);
#2370=VERTEX_POINT('',#9364);
#2371=VERTEX_POINT('',#9387);
#2372=VERTEX_POINT('',#9400);
#2373=VERTEX_POINT('',#9461);
#2374=VERTEX_POINT('',#9463);
#2375=VERTEX_POINT('',#9550);
#2376=VERTEX_POINT('',#9635);
#2377=VERTEX_POINT('',#9637);
#2378=VERTEX_POINT('',#9713);
#2379=VERTEX_POINT('',#9766);
#2380=VERTEX_POINT('',#9789);
#2381=VERTEX_POINT('',#9905);
#2382=VERTEX_POINT('',#9909);
#2383=VERTEX_POINT('',#9913);
#2384=VERTEX_POINT('',#9917);
#2385=VERTEX_POINT('',#9921);
#2386=VERTEX_POINT('',#9925);
#2387=VERTEX_POINT('',#9929);
#2388=VERTEX_POINT('',#9933);
#2389=VERTEX_POINT('',#9937);
#2390=VERTEX_POINT('',#9941);
#2391=VERTEX_POINT('',#9945);
#2392=VERTEX_POINT('',#9949);
#2393=VERTEX_POINT('',#9953);
#2394=VERTEX_POINT('',#9957);
#2395=VERTEX_POINT('',#9961);
#2396=VERTEX_POINT('',#9965);
#2397=VERTEX_POINT('',#9969);
#2398=VERTEX_POINT('',#9973);
#2399=VERTEX_POINT('',#9982);
#2400=VERTEX_POINT('',#9983);
#2401=VERTEX_POINT('',#9985);
#2402=VERTEX_POINT('',#9987);
#2403=VERTEX_POINT('',#9991);
#2404=VERTEX_POINT('',#9992);
#2405=VERTEX_POINT('',#9997);
#2406=VERTEX_POINT('',#10001);
#2407=VERTEX_POINT('',#10003);
#2408=VERTEX_POINT('',#10005);
#2409=VERTEX_POINT('',#10009);
#2410=VERTEX_POINT('',#10011);
#2411=VERTEX_POINT('',#10013);
#2412=VERTEX_POINT('',#10015);
#2413=VERTEX_POINT('',#10017);
#2414=VERTEX_POINT('',#10019);
#2415=VERTEX_POINT('',#10021);
#2416=VERTEX_POINT('',#10023);
#2417=VERTEX_POINT('',#10025);
#2418=VERTEX_POINT('',#10029);
#2419=VERTEX_POINT('',#10033);
#2420=VERTEX_POINT('',#10037);
#2421=VERTEX_POINT('',#10041);
#2422=VERTEX_POINT('',#10045);
#2423=VERTEX_POINT('',#10049);
#2424=VERTEX_POINT('',#10053);
#2425=VERTEX_POINT('',#10057);
#2426=VERTEX_POINT('',#10061);
#2427=VERTEX_POINT('',#10068);
#2428=VERTEX_POINT('',#10069);
#2429=VERTEX_POINT('',#10071);
#2430=VERTEX_POINT('',#10073);
#2431=VERTEX_POINT('',#10077);
#2432=VERTEX_POINT('',#10079);
#2433=VERTEX_POINT('',#10083);
#2434=VERTEX_POINT('',#10085);
#2435=VERTEX_POINT('',#10089);
#2436=VERTEX_POINT('',#10091);
#2437=VERTEX_POINT('',#10095);
#2438=VERTEX_POINT('',#10099);
#2439=EDGE_CURVE('',#1984,#1985,#1080,.T.);
#2440=EDGE_CURVE('',#1985,#1986,#1081,.T.);
#2441=EDGE_CURVE('',#1987,#1986,#1082,.T.);
#2442=EDGE_CURVE('',#1984,#1987,#1083,.T.);
#2443=EDGE_CURVE('',#1988,#1989,#1084,.T.);
#2444=EDGE_CURVE('',#1989,#1990,#1085,.T.);
#2445=EDGE_CURVE('',#1991,#1990,#1086,.T.);
#2446=EDGE_CURVE('',#1988,#1991,#1087,.T.);
#2447=EDGE_CURVE('',#1992,#1993,#1088,.T.);
#2448=EDGE_CURVE('',#1992,#1994,#1089,.T.);
#2449=EDGE_CURVE('',#1995,#1994,#1090,.T.);
#2450=EDGE_CURVE('',#1993,#1995,#1091,.T.);
#2451=EDGE_CURVE('',#1996,#1997,#1092,.T.);
#2452=EDGE_CURVE('',#1997,#1998,#1093,.T.);
#2453=EDGE_CURVE('',#1999,#1998,#1094,.T.);
#2454=EDGE_CURVE('',#1996,#1999,#1095,.T.);
#2455=EDGE_CURVE('',#2000,#2001,#1096,.T.);
#2456=EDGE_CURVE('',#2001,#2002,#318,.T.);
#2457=EDGE_CURVE('',#2002,#2003,#319,.T.);
#2458=EDGE_CURVE('',#2003,#2004,#1097,.T.);
#2459=EDGE_CURVE('',#2004,#2005,#320,.T.);
#2460=EDGE_CURVE('',#2005,#2006,#1098,.T.);
#2461=EDGE_CURVE('',#2006,#2007,#321,.T.);
#2462=EDGE_CURVE('',#2007,#2008,#1099,.T.);
#2463=EDGE_CURVE('',#2008,#2009,#322,.T.);
#2464=EDGE_CURVE('',#2009,#2010,#1100,.T.);
#2465=EDGE_CURVE('',#2010,#2011,#323,.T.);
#2466=EDGE_CURVE('',#2011,#2012,#1101,.T.);
#2467=EDGE_CURVE('',#2012,#2013,#324,.T.);
#2468=EDGE_CURVE('',#2013,#2014,#1102,.T.);
#2469=EDGE_CURVE('',#2014,#2015,#325,.T.);
#2470=EDGE_CURVE('',#2015,#2016,#326,.T.);
#2471=EDGE_CURVE('',#2016,#2017,#1103,.T.);
#2472=EDGE_CURVE('',#2017,#1999,#1104,.T.);
#2473=EDGE_CURVE('',#1998,#1995,#1105,.T.);
#2474=EDGE_CURVE('',#1994,#2018,#1106,.T.);
#2475=EDGE_CURVE('',#2018,#2019,#1107,.T.);
#2476=EDGE_CURVE('',#2019,#2020,#327,.T.);
#2477=EDGE_CURVE('',#2020,#2021,#1108,.T.);
#2478=EDGE_CURVE('',#2021,#2022,#1109,.T.);
#2479=EDGE_CURVE('',#2022,#2023,#328,.T.);
#2480=EDGE_CURVE('',#2023,#2024,#1110,.T.);
#2481=EDGE_CURVE('',#2024,#2025,#329,.T.);
#2482=EDGE_CURVE('',#2025,#2026,#1111,.T.);
#2483=EDGE_CURVE('',#2026,#2027,#330,.T.);
#2484=EDGE_CURVE('',#2027,#2028,#1112,.T.);
#2485=EDGE_CURVE('',#2028,#2029,#1113,.T.);
#2486=EDGE_CURVE('',#2029,#2030,#331,.T.);
#2487=EDGE_CURVE('',#2030,#2031,#1114,.T.);
#2488=EDGE_CURVE('',#2031,#1991,#1115,.T.);
#2489=EDGE_CURVE('',#1990,#1987,#1116,.T.);
#2490=EDGE_CURVE('',#1986,#2000,#1117,.T.);
#2491=EDGE_CURVE('',#2032,#2033,#173,.T.);
#2492=EDGE_CURVE('',#2033,#2034,#1118,.T.);
#2493=EDGE_CURVE('',#2034,#2035,#174,.T.);
#2494=EDGE_CURVE('',#2035,#2032,#1119,.T.);
#2495=EDGE_CURVE('',#2036,#2035,#1120,.T.);
#2496=EDGE_CURVE('',#2037,#2036,#1121,.T.);
#2497=EDGE_CURVE('',#2037,#2032,#1122,.T.);
#2498=EDGE_CURVE('',#2038,#2034,#1123,.T.);
#2499=EDGE_CURVE('',#2036,#2038,#1124,.T.);
#2500=EDGE_CURVE('',#2039,#2037,#1125,.T.);
#2501=EDGE_CURVE('',#2039,#2033,#1126,.T.);
#2502=EDGE_CURVE('',#2038,#2039,#1127,.T.);
#2503=EDGE_CURVE('',#2040,#2041,#175,.T.);
#2504=EDGE_CURVE('',#2041,#2042,#1128,.T.);
#2505=EDGE_CURVE('',#2042,#2043,#176,.T.);
#2506=EDGE_CURVE('',#2043,#2040,#1129,.T.);
#2507=EDGE_CURVE('',#2044,#2043,#1130,.T.);
#2508=EDGE_CURVE('',#2045,#2044,#1131,.T.);
#2509=EDGE_CURVE('',#2045,#2040,#1132,.T.);
#2510=EDGE_CURVE('',#2046,#2042,#1133,.T.);
#2511=EDGE_CURVE('',#2044,#2046,#1134,.T.);
#2512=EDGE_CURVE('',#2047,#2045,#1135,.T.);
#2513=EDGE_CURVE('',#2047,#2041,#1136,.T.);
#2514=EDGE_CURVE('',#2046,#2047,#1137,.T.);
#2515=EDGE_CURVE('',#2048,#2049,#177,.T.);
#2516=EDGE_CURVE('',#2049,#2050,#1138,.T.);
#2517=EDGE_CURVE('',#2050,#2051,#178,.T.);
#2518=EDGE_CURVE('',#2051,#2048,#1139,.T.);
#2519=EDGE_CURVE('',#2052,#2051,#1140,.T.);
#2520=EDGE_CURVE('',#2053,#2052,#1141,.T.);
#2521=EDGE_CURVE('',#2053,#2048,#1142,.T.);
#2522=EDGE_CURVE('',#2054,#2050,#1143,.T.);
#2523=EDGE_CURVE('',#2052,#2054,#1144,.T.);
#2524=EDGE_CURVE('',#2055,#2049,#1145,.T.);
#2525=EDGE_CURVE('',#2054,#2055,#1146,.T.);
#2526=EDGE_CURVE('',#2055,#2053,#1147,.T.);
#2527=EDGE_CURVE('',#2056,#2057,#179,.T.);
#2528=EDGE_CURVE('',#2057,#2058,#1148,.T.);
#2529=EDGE_CURVE('',#2058,#2059,#180,.T.);
#2530=EDGE_CURVE('',#2059,#2056,#1149,.T.);
#2531=EDGE_CURVE('',#2060,#2059,#1150,.T.);
#2532=EDGE_CURVE('',#2061,#2060,#1151,.T.);
#2533=EDGE_CURVE('',#2061,#2056,#1152,.T.);
#2534=EDGE_CURVE('',#2062,#2058,#1153,.T.);
#2535=EDGE_CURVE('',#2060,#2062,#1154,.T.);
#2536=EDGE_CURVE('',#2063,#2057,#1155,.T.);
#2537=EDGE_CURVE('',#2062,#2063,#1156,.T.);
#2538=EDGE_CURVE('',#2063,#2061,#1157,.T.);
#2539=EDGE_CURVE('',#2064,#1988,#332,.T.);
#2540=EDGE_CURVE('',#2065,#2064,#102,.T.);
#2541=EDGE_CURVE('',#1992,#2065,#333,.T.);
#2542=EDGE_CURVE('',#1989,#1993,#334,.T.);
#2543=EDGE_CURVE('',#1997,#1984,#335,.T.);
#2544=EDGE_CURVE('',#2017,#2066,#1158,.T.);
#2545=EDGE_CURVE('',#2066,#2067,#1159,.T.);
#2546=EDGE_CURVE('',#2000,#2067,#1160,.T.);
#2547=EDGE_CURVE('',#1985,#1996,#336,.T.);
#2548=EDGE_CURVE('',#2068,#2031,#1161,.T.);
#2549=EDGE_CURVE('',#2064,#2068,#1162,.T.);
#2550=EDGE_CURVE('',#2069,#2068,#181,.T.);
#2551=EDGE_CURVE('',#2069,#2070,#1163,.T.);
#2552=EDGE_CURVE('',#2070,#2071,#182,.T.);
#2553=EDGE_CURVE('',#2071,#2065,#1164,.T.);
#2554=EDGE_CURVE('',#2072,#2073,#337,.T.);
#2555=EDGE_CURVE('',#2073,#2074,#183,.T.);
#2556=EDGE_CURVE('',#2074,#2072,#184,.T.);
#2557=EDGE_CURVE('',#2075,#2076,#338,.T.);
#2558=EDGE_CURVE('',#2076,#2077,#185,.T.);
#2559=EDGE_CURVE('',#2077,#2075,#186,.T.);
#2560=EDGE_CURVE('',#2074,#2078,#1165,.T.);
#2561=EDGE_CURVE('',#2078,#2079,#187,.T.);
#2562=EDGE_CURVE('',#2079,#2072,#1166,.T.);
#2563=EDGE_CURVE('',#2080,#2079,#1167,.T.);
#2564=EDGE_CURVE('',#2078,#2081,#1168,.T.);
#2565=EDGE_CURVE('',#2081,#2080,#103,.T.);
#2566=EDGE_CURVE('',#2068,#2082,#1169,.T.);
#2567=EDGE_CURVE('',#2082,#2083,#339,.T.);
#2568=EDGE_CURVE('',#2083,#2069,#1170,.T.);
#2569=EDGE_CURVE('',#2081,#2083,#340,.T.);
#2570=EDGE_CURVE('',#2082,#2080,#341,.T.);
#2571=EDGE_CURVE('',#2070,#2084,#1171,.T.);
#2572=EDGE_CURVE('',#2084,#2085,#342,.T.);
#2573=EDGE_CURVE('',#2085,#2071,#1172,.T.);
#2574=EDGE_CURVE('',#2086,#2085,#343,.T.);
#2575=EDGE_CURVE('',#2084,#2087,#344,.T.);
#2576=EDGE_CURVE('',#2087,#2086,#104,.T.);
#2577=EDGE_CURVE('',#2087,#2088,#1173,.T.);
#2578=EDGE_CURVE('',#2088,#2089,#188,.T.);
#2579=EDGE_CURVE('',#2089,#2086,#1174,.T.);
#2580=EDGE_CURVE('',#2076,#2089,#1175,.T.);
#2581=EDGE_CURVE('',#2088,#2077,#1176,.T.);
#2582=EDGE_CURVE('',#2077,#2090,#1177,.T.);
#2583=EDGE_CURVE('',#2090,#2091,#345,.T.);
#2584=EDGE_CURVE('',#2091,#2075,#1178,.T.);
#2585=EDGE_CURVE('',#2092,#2093,#346,.T.);
#2586=EDGE_CURVE('',#2093,#2091,#347,.T.);
#2587=EDGE_CURVE('',#2090,#2092,#348,.T.);
#2588=EDGE_CURVE('',#2073,#2093,#1179,.T.);
#2589=EDGE_CURVE('',#2092,#2074,#1180,.T.);
#2590=EDGE_CURVE('',#2093,#2025,#1181,.T.);
#2591=EDGE_CURVE('',#2091,#2024,#1182,.T.);
#2592=EDGE_CURVE('',#2073,#2026,#1183,.T.);
#2593=EDGE_CURVE('',#2072,#2027,#1184,.T.);
#2594=EDGE_CURVE('',#2079,#2028,#1185,.T.);
#2595=EDGE_CURVE('',#2080,#2029,#1186,.T.);
#2596=EDGE_CURVE('',#2082,#2030,#1187,.T.);
#2597=EDGE_CURVE('',#2094,#2004,#1188,.T.);
#2598=EDGE_CURVE('',#2094,#2095,#349,.T.);
#2599=EDGE_CURVE('',#2095,#2005,#1189,.T.);
#2600=EDGE_CURVE('',#2096,#2002,#1190,.T.);
#2601=EDGE_CURVE('',#2096,#2097,#350,.T.);
#2602=EDGE_CURVE('',#2097,#2003,#1191,.T.);
#2603=EDGE_CURVE('',#2098,#2014,#1192,.T.);
#2604=EDGE_CURVE('',#2098,#2099,#351,.T.);
#2605=EDGE_CURVE('',#2099,#2015,#1193,.T.);
#2606=EDGE_CURVE('',#2100,#2012,#1194,.T.);
#2607=EDGE_CURVE('',#2100,#2101,#352,.T.);
#2608=EDGE_CURVE('',#2101,#2013,#1195,.T.);
#2609=EDGE_CURVE('',#2102,#2100,#1196,.T.);
#2610=EDGE_CURVE('',#2103,#2102,#353,.T.);
#2611=EDGE_CURVE('',#2104,#2103,#1197,.T.);
#2612=EDGE_CURVE('',#2105,#2104,#354,.T.);
#2613=EDGE_CURVE('',#2106,#2105,#1198,.T.);
#2614=EDGE_CURVE('',#2107,#2106,#355,.T.);
#2615=EDGE_CURVE('',#2095,#2107,#1199,.T.);
#2616=EDGE_CURVE('',#2097,#2094,#1200,.T.);
#2617=EDGE_CURVE('',#2108,#2096,#356,.T.);
#2618=EDGE_CURVE('',#2067,#2108,#1201,.T.);
#2619=EDGE_CURVE('',#2109,#2066,#1202,.T.);
#2620=EDGE_CURVE('',#2099,#2109,#357,.T.);
#2621=EDGE_CURVE('',#2101,#2098,#1203,.T.);
#2622=EDGE_CURVE('',#2106,#2007,#1204,.T.);
#2623=EDGE_CURVE('',#2107,#2006,#1205,.T.);
#2624=EDGE_CURVE('',#2108,#2001,#1206,.T.);
#2625=EDGE_CURVE('',#2109,#2016,#1207,.T.);
#2626=EDGE_CURVE('',#2102,#2011,#1208,.T.);
#2627=EDGE_CURVE('',#2103,#2010,#1209,.T.);
#2628=EDGE_CURVE('',#2104,#2009,#1210,.T.);
#2629=EDGE_CURVE('',#2105,#2008,#1211,.T.);
#2630=EDGE_CURVE('',#2075,#2023,#1212,.T.);
#2631=EDGE_CURVE('',#2076,#2022,#1213,.T.);
#2632=EDGE_CURVE('',#2089,#2021,#1214,.T.);
#2633=EDGE_CURVE('',#2086,#2020,#1215,.T.);
#2634=EDGE_CURVE('',#2085,#2019,#1216,.T.);
#2635=EDGE_CURVE('',#2071,#2018,#1217,.T.);
#2636=EDGE_CURVE('',#2110,#2111,#1218,.T.);
#2637=EDGE_CURVE('',#2112,#2111,#1219,.T.);
#2638=EDGE_CURVE('',#2110,#2112,#1220,.T.);
#2639=EDGE_CURVE('',#2113,#2114,#1221,.T.);
#2640=EDGE_CURVE('',#2112,#2113,#1222,.T.);
#2641=EDGE_CURVE('',#2111,#2114,#1223,.F.);
#2642=EDGE_CURVE('',#2115,#2114,#1224,.T.);
#2643=EDGE_CURVE('',#2113,#2115,#1225,.T.);
#2644=EDGE_CURVE('',#2115,#2110,#1226,.T.);
#2645=EDGE_CURVE('',#2116,#2117,#1227,.T.);
#2646=EDGE_CURVE('',#2118,#2116,#1228,.T.);
#2647=EDGE_CURVE('',#2118,#2117,#1229,.T.);
#2648=EDGE_CURVE('',#2119,#2120,#1230,.T.);
#2649=EDGE_CURVE('',#2117,#2120,#1231,.F.);
#2650=EDGE_CURVE('',#2119,#2118,#1232,.T.);
#2651=EDGE_CURVE('',#2121,#2119,#1233,.T.);
#2652=EDGE_CURVE('',#2121,#2120,#1234,.T.);
#2653=EDGE_CURVE('',#2116,#2121,#1235,.T.);
#2654=EDGE_CURVE('',#2122,#2123,#1236,.T.);
#2655=EDGE_CURVE('',#2124,#2123,#1237,.T.);
#2656=EDGE_CURVE('',#2122,#2124,#1238,.T.);
#2657=EDGE_CURVE('',#2125,#2126,#1239,.T.);
#2658=EDGE_CURVE('',#2124,#2125,#1240,.T.);
#2659=EDGE_CURVE('',#2123,#2126,#1241,.F.);
#2660=EDGE_CURVE('',#2127,#2126,#1242,.T.);
#2661=EDGE_CURVE('',#2125,#2127,#1243,.T.);
#2662=EDGE_CURVE('',#2127,#2122,#1244,.T.);
#2663=EDGE_CURVE('',#2128,#2129,#189,.T.);
#2664=EDGE_CURVE('',#2128,#2130,#1245,.T.);
#2665=EDGE_CURVE('',#2131,#2130,#190,.T.);
#2666=EDGE_CURVE('',#2131,#2129,#1246,.T.);
#2667=EDGE_CURVE('',#2132,#2129,#1247,.T.);
#2668=EDGE_CURVE('',#2133,#2132,#1248,.T.);
#2669=EDGE_CURVE('',#2133,#2128,#1249,.T.);
#2670=EDGE_CURVE('',#2134,#2131,#1250,.T.);
#2671=EDGE_CURVE('',#2132,#2134,#1251,.T.);
#2672=EDGE_CURVE('',#2135,#2136,#1252,.T.);
#2673=EDGE_CURVE('',#2137,#2135,#1253,.T.);
#2674=EDGE_CURVE('',#2138,#2137,#1254,.T.);
#2675=EDGE_CURVE('',#2139,#2138,#358,.T.);
#2676=EDGE_CURVE('',#2140,#2139,#359,.T.);
#2677=EDGE_CURVE('',#2141,#2140,#1255,.T.);
#2678=EDGE_CURVE('',#2142,#2141,#360,.T.);
#2679=EDGE_CURVE('',#2143,#2142,#1256,.T.);
#2680=EDGE_CURVE('',#2144,#2143,#361,.T.);
#2681=EDGE_CURVE('',#2145,#2144,#1257,.T.);
#2682=EDGE_CURVE('',#2146,#2145,#362,.T.);
#2683=EDGE_CURVE('',#2147,#2146,#1258,.T.);
#2684=EDGE_CURVE('',#2148,#2147,#363,.T.);
#2685=EDGE_CURVE('',#2149,#2148,#1259,.T.);
#2686=EDGE_CURVE('',#2150,#2149,#364,.T.);
#2687=EDGE_CURVE('',#2151,#2150,#1260,.T.);
#2688=EDGE_CURVE('',#2152,#2151,#365,.T.);
#2689=EDGE_CURVE('',#2153,#2152,#366,.T.);
#2690=EDGE_CURVE('',#2154,#2153,#1261,.T.);
#2691=EDGE_CURVE('',#2155,#2154,#1262,.T.);
#2692=EDGE_CURVE('',#2156,#2155,#1263,.T.);
#2693=EDGE_CURVE('',#2157,#2156,#367,.T.);
#2694=EDGE_CURVE('',#2158,#2157,#368,.T.);
#2695=EDGE_CURVE('',#2159,#2158,#1264,.T.);
#2696=EDGE_CURVE('',#2160,#2159,#369,.T.);
#2697=EDGE_CURVE('',#2161,#2160,#1265,.T.);
#2698=EDGE_CURVE('',#2162,#2161,#370,.T.);
#2699=EDGE_CURVE('',#2163,#2162,#1266,.T.);
#2700=EDGE_CURVE('',#2164,#2163,#371,.T.);
#2701=EDGE_CURVE('',#2165,#2164,#1267,.T.);
#2702=EDGE_CURVE('',#2166,#2165,#372,.T.);
#2703=EDGE_CURVE('',#2167,#2166,#1268,.T.);
#2704=EDGE_CURVE('',#2168,#2167,#373,.T.);
#2705=EDGE_CURVE('',#2169,#2168,#1269,.T.);
#2706=EDGE_CURVE('',#2170,#2169,#374,.T.);
#2707=EDGE_CURVE('',#2136,#2170,#375,.T.);
#2708=EDGE_CURVE('',#2171,#2154,#1270,.T.);
#2709=EDGE_CURVE('',#2171,#2172,#1271,.T.);
#2710=EDGE_CURVE('',#2172,#2155,#1272,.T.);
#2711=EDGE_CURVE('',#2153,#2173,#1273,.T.);
#2712=EDGE_CURVE('',#2173,#2171,#1274,.T.);
#2713=EDGE_CURVE('',#2152,#2174,#1275,.T.);
#2714=EDGE_CURVE('',#2174,#2173,#376,.T.);
#2715=EDGE_CURVE('',#2151,#2175,#1276,.T.);
#2716=EDGE_CURVE('',#2175,#2174,#377,.T.);
#2717=EDGE_CURVE('',#2150,#2176,#1277,.T.);
#2718=EDGE_CURVE('',#2176,#2175,#1278,.T.);
#2719=EDGE_CURVE('',#2149,#2177,#1279,.T.);
#2720=EDGE_CURVE('',#2177,#2176,#378,.T.);
#2721=EDGE_CURVE('',#2148,#2178,#1280,.T.);
#2722=EDGE_CURVE('',#2178,#2177,#1281,.T.);
#2723=EDGE_CURVE('',#2147,#2179,#1282,.T.);
#2724=EDGE_CURVE('',#2179,#2178,#379,.T.);
#2725=EDGE_CURVE('',#2146,#2180,#1283,.T.);
#2726=EDGE_CURVE('',#2180,#2179,#1284,.T.);
#2727=EDGE_CURVE('',#2145,#2181,#1285,.T.);
#2728=EDGE_CURVE('',#2181,#2180,#380,.T.);
#2729=EDGE_CURVE('',#2144,#2182,#1286,.T.);
#2730=EDGE_CURVE('',#2182,#2181,#1287,.T.);
#2731=EDGE_CURVE('',#2143,#2183,#1288,.T.);
#2732=EDGE_CURVE('',#2183,#2182,#381,.T.);
#2733=EDGE_CURVE('',#2142,#2184,#1289,.T.);
#2734=EDGE_CURVE('',#2184,#2183,#1290,.T.);
#2735=EDGE_CURVE('',#2141,#2185,#1291,.T.);
#2736=EDGE_CURVE('',#2185,#2184,#382,.T.);
#2737=EDGE_CURVE('',#2140,#2186,#1292,.T.);
#2738=EDGE_CURVE('',#2186,#2185,#1293,.T.);
#2739=EDGE_CURVE('',#2139,#2187,#1294,.T.);
#2740=EDGE_CURVE('',#2187,#2186,#383,.T.);
#2741=EDGE_CURVE('',#2138,#2188,#1295,.T.);
#2742=EDGE_CURVE('',#2188,#2187,#384,.T.);
#2743=EDGE_CURVE('',#2189,#2137,#1296,.T.);
#2744=EDGE_CURVE('',#2189,#2188,#1297,.T.);
#2745=EDGE_CURVE('',#2134,#2190,#1298,.T.);
#2746=EDGE_CURVE('',#2190,#2133,#1299,.T.);
#2747=EDGE_CURVE('',#2190,#2130,#1300,.T.);
#2748=EDGE_CURVE('',#2191,#2192,#1301,.T.);
#2749=EDGE_CURVE('',#2193,#2191,#385,.T.);
#2750=EDGE_CURVE('',#2194,#2193,#386,.T.);
#2751=EDGE_CURVE('',#2195,#2194,#1302,.T.);
#2752=EDGE_CURVE('',#2196,#2195,#387,.T.);
#2753=EDGE_CURVE('',#2197,#2196,#1303,.T.);
#2754=EDGE_CURVE('',#2198,#2197,#388,.T.);
#2755=EDGE_CURVE('',#2199,#2198,#1304,.T.);
#2756=EDGE_CURVE('',#2200,#2199,#389,.T.);
#2757=EDGE_CURVE('',#2201,#2200,#1305,.T.);
#2758=EDGE_CURVE('',#2202,#2201,#390,.T.);
#2759=EDGE_CURVE('',#2203,#2202,#1306,.T.);
#2760=EDGE_CURVE('',#2204,#2203,#391,.T.);
#2761=EDGE_CURVE('',#2205,#2204,#1307,.T.);
#2762=EDGE_CURVE('',#2206,#2205,#392,.T.);
#2763=EDGE_CURVE('',#2207,#2206,#393,.T.);
#2764=EDGE_CURVE('',#2172,#2207,#1308,.T.);
#2765=EDGE_CURVE('',#2192,#2189,#1309,.T.);
#2766=EDGE_CURVE('',#2207,#2156,#1310,.T.);
#2767=EDGE_CURVE('',#2206,#2157,#1311,.T.);
#2768=EDGE_CURVE('',#2205,#2158,#1312,.T.);
#2769=EDGE_CURVE('',#2204,#2159,#1313,.T.);
#2770=EDGE_CURVE('',#2203,#2160,#1314,.T.);
#2771=EDGE_CURVE('',#2202,#2161,#1315,.T.);
#2772=EDGE_CURVE('',#2201,#2162,#1316,.T.);
#2773=EDGE_CURVE('',#2200,#2163,#1317,.T.);
#2774=EDGE_CURVE('',#2199,#2164,#1318,.T.);
#2775=EDGE_CURVE('',#2198,#2165,#1319,.T.);
#2776=EDGE_CURVE('',#2197,#2166,#1320,.T.);
#2777=EDGE_CURVE('',#2196,#2167,#1321,.T.);
#2778=EDGE_CURVE('',#2195,#2168,#1322,.T.);
#2779=EDGE_CURVE('',#2194,#2169,#1323,.T.);
#2780=EDGE_CURVE('',#2193,#2170,#1324,.T.);
#2781=EDGE_CURVE('',#2136,#2191,#1325,.T.);
#2782=EDGE_CURVE('',#2192,#2135,#1326,.T.);
#2783=EDGE_CURVE('',#2208,#2209,#394,.T.);
#2784=EDGE_CURVE('',#2209,#2210,#1327,.T.);
#2785=EDGE_CURVE('',#2211,#2210,#395,.T.);
#2786=EDGE_CURVE('',#2208,#2211,#1328,.T.);
#2787=EDGE_CURVE('',#2209,#2212,#1329,.T.);
#2788=EDGE_CURVE('',#2212,#2213,#1330,.T.);
#2789=EDGE_CURVE('',#2210,#2213,#1331,.T.);
#2790=EDGE_CURVE('',#2212,#2214,#396,.T.);
#2791=EDGE_CURVE('',#2214,#2215,#1332,.T.);
#2792=EDGE_CURVE('',#2213,#2215,#397,.T.);
#2793=EDGE_CURVE('',#2214,#2216,#1333,.T.);
#2794=EDGE_CURVE('',#2216,#2217,#1334,.T.);
#2795=EDGE_CURVE('',#2215,#2217,#1335,.T.);
#2796=EDGE_CURVE('',#2216,#2218,#398,.T.);
#2797=EDGE_CURVE('',#2218,#2219,#1336,.T.);
#2798=EDGE_CURVE('',#2217,#2219,#399,.T.);
#2799=EDGE_CURVE('',#2218,#2220,#1337,.T.);
#2800=EDGE_CURVE('',#2220,#2221,#1338,.T.);
#2801=EDGE_CURVE('',#2219,#2221,#1339,.T.);
#2802=EDGE_CURVE('',#2220,#2222,#1340,.T.);
#2803=EDGE_CURVE('',#2222,#2223,#1341,.T.);
#2804=EDGE_CURVE('',#2221,#2223,#1342,.T.);
#2805=EDGE_CURVE('',#2222,#2224,#400,.T.);
#2806=EDGE_CURVE('',#2224,#2225,#1343,.T.);
#2807=EDGE_CURVE('',#2223,#2225,#401,.T.);
#2808=EDGE_CURVE('',#2224,#2226,#1344,.T.);
#2809=EDGE_CURVE('',#2226,#2227,#1345,.T.);
#2810=EDGE_CURVE('',#2225,#2227,#1346,.T.);
#2811=EDGE_CURVE('',#2228,#2229,#1347,.T.);
#2812=EDGE_CURVE('',#2229,#2230,#1348,.T.);
#2813=EDGE_CURVE('',#2231,#2230,#1349,.T.);
#2814=EDGE_CURVE('',#2231,#2228,#402,.T.);
#2815=EDGE_CURVE('',#2229,#2232,#1350,.T.);
#2816=EDGE_CURVE('',#2232,#2233,#1351,.T.);
#2817=EDGE_CURVE('',#2230,#2233,#1352,.T.);
#2818=EDGE_CURVE('',#2232,#2234,#403,.T.);
#2819=EDGE_CURVE('',#2234,#2235,#1353,.T.);
#2820=EDGE_CURVE('',#2233,#2235,#404,.T.);
#2821=EDGE_CURVE('',#2234,#2236,#1354,.T.);
#2822=EDGE_CURVE('',#2236,#2237,#1355,.T.);
#2823=EDGE_CURVE('',#2235,#2237,#1356,.T.);
#2824=EDGE_CURVE('',#2236,#2208,#1357,.T.);
#2825=EDGE_CURVE('',#2237,#2211,#1358,.T.);
#2826=EDGE_CURVE('',#2238,#2217,#191,.T.);
#2827=EDGE_CURVE('',#2238,#2239,#1359,.T.);
#2828=EDGE_CURVE('',#2215,#2239,#405,.T.);
#2829=EDGE_CURVE('',#2240,#2241,#105,.T.);
#2830=EDGE_CURVE('',#2241,#2242,#406,.T.);
#2831=EDGE_CURVE('',#2213,#2242,#407,.T.);
#2832=EDGE_CURVE('',#2239,#2243,#408,.T.);
#2833=EDGE_CURVE('',#2243,#2240,#106,.T.);
#2834=EDGE_CURVE('',#2210,#2244,#192,.T.);
#2835=EDGE_CURVE('',#2242,#2244,#1360,.T.);
#2836=EDGE_CURVE('',#2245,#2246,#107,.T.);
#2837=EDGE_CURVE('',#2246,#2247,#1361,.T.);
#2838=EDGE_CURVE('',#2247,#2221,#193,.T.);
#2839=EDGE_CURVE('',#2248,#2223,#108,.T.);
#2840=EDGE_CURVE('',#2248,#2245,#1362,.T.);
#2841=EDGE_CURVE('',#2249,#2250,#1363,.T.);
#2842=EDGE_CURVE('',#2225,#2250,#409,.T.);
#2843=EDGE_CURVE('',#2249,#2227,#194,.T.);
#2844=EDGE_CURVE('',#2250,#2248,#410,.T.);
#2845=EDGE_CURVE('',#2251,#2252,#411,.T.);
#2846=EDGE_CURVE('',#2233,#2252,#412,.T.);
#2847=EDGE_CURVE('',#2251,#2235,#109,.T.);
#2848=EDGE_CURVE('',#2253,#2254,#110,.T.);
#2849=EDGE_CURVE('',#2254,#2230,#195,.T.);
#2850=EDGE_CURVE('',#2252,#2255,#1364,.T.);
#2851=EDGE_CURVE('',#2255,#2253,#111,.T.);
#2852=EDGE_CURVE('',#2256,#2257,#112,.T.);
#2853=EDGE_CURVE('',#2257,#2251,#1365,.T.);
#2854=EDGE_CURVE('',#2258,#2237,#196,.T.);
#2855=EDGE_CURVE('',#2258,#2259,#1366,.T.);
#2856=EDGE_CURVE('',#2259,#2256,#113,.T.);
#2857=EDGE_CURVE('',#2244,#2211,#197,.T.);
#2858=EDGE_CURVE('',#2244,#2258,#1367,.T.);
#2859=EDGE_CURVE('',#2260,#2261,#114,.T.);
#2860=EDGE_CURVE('',#2261,#2262,#115,.T.);
#2861=EDGE_CURVE('',#2262,#2260,#116,.T.);
#2862=EDGE_CURVE('',#2219,#2238,#198,.T.);
#2863=EDGE_CURVE('',#2263,#2264,#413,.T.);
#2864=EDGE_CURVE('',#2265,#2263,#199,.T.);
#2865=EDGE_CURVE('',#2264,#2265,#200,.T.);
#2866=EDGE_CURVE('',#2266,#2267,#414,.T.);
#2867=EDGE_CURVE('',#2268,#2266,#201,.T.);
#2868=EDGE_CURVE('',#2267,#2268,#202,.T.);
#2869=EDGE_CURVE('',#2268,#2269,#1368,.T.);
#2870=EDGE_CURVE('',#2270,#2266,#1369,.T.);
#2871=EDGE_CURVE('',#2269,#2270,#203,.T.);
#2872=EDGE_CURVE('',#2269,#2271,#1370,.T.);
#2873=EDGE_CURVE('',#2269,#2272,#204,.T.);
#2874=EDGE_CURVE('',#2273,#2272,#1371,.T.);
#2875=EDGE_CURVE('',#2271,#2273,#117,.T.);
#2876=EDGE_CURVE('',#2274,#2275,#205,.T.);
#2877=EDGE_CURVE('',#2276,#2274,#1372,.T.);
#2878=EDGE_CURVE('',#2277,#2276,#415,.T.);
#2879=EDGE_CURVE('',#2275,#2277,#1373,.T.);
#2880=EDGE_CURVE('',#2277,#2278,#416,.T.);
#2881=EDGE_CURVE('',#2271,#2276,#417,.T.);
#2882=EDGE_CURVE('',#2271,#2278,#118,.T.);
#2883=EDGE_CURVE('',#2279,#2280,#418,.T.);
#2884=EDGE_CURVE('',#2281,#2279,#119,.T.);
#2885=EDGE_CURVE('',#2282,#2281,#419,.T.);
#2886=EDGE_CURVE('',#2280,#2282,#420,.T.);
#2887=EDGE_CURVE('',#2283,#2282,#1374,.T.);
#2888=EDGE_CURVE('',#2283,#2284,#206,.T.);
#2889=EDGE_CURVE('',#2280,#2284,#1375,.T.);
#2890=EDGE_CURVE('',#2281,#2285,#1376,.T.);
#2891=EDGE_CURVE('',#2281,#2286,#120,.T.);
#2892=EDGE_CURVE('',#2287,#2286,#1377,.T.);
#2893=EDGE_CURVE('',#2285,#2287,#207,.T.);
#2894=EDGE_CURVE('',#2264,#2288,#1378,.T.);
#2895=EDGE_CURVE('',#2285,#2265,#1379,.T.);
#2896=EDGE_CURVE('',#2285,#2288,#208,.T.);
#2897=EDGE_CURVE('',#2267,#2289,#1380,.T.);
#2898=EDGE_CURVE('',#2290,#2268,#1381,.T.);
#2899=EDGE_CURVE('',#2289,#2290,#421,.T.);
#2900=EDGE_CURVE('',#2289,#2291,#422,.T.);
#2901=EDGE_CURVE('',#2292,#2290,#423,.T.);
#2902=EDGE_CURVE('',#2291,#2292,#424,.T.);
#2903=EDGE_CURVE('',#2291,#2263,#1382,.T.);
#2904=EDGE_CURVE('',#2265,#2292,#1383,.T.);
#2905=EDGE_CURVE('',#2293,#2294,#1384,.T.);
#2906=EDGE_CURVE('',#2294,#2295,#425,.T.);
#2907=EDGE_CURVE('',#2295,#2275,#1385,.T.);
#2908=EDGE_CURVE('',#2275,#2296,#1386,.T.);
#2909=EDGE_CURVE('',#2296,#2293,#1387,.T.);
#2910=EDGE_CURVE('',#2274,#2283,#1388,.T.);
#2911=EDGE_CURVE('',#2297,#2297,#426,.T.);
#2912=EDGE_CURVE('',#2298,#2298,#427,.T.);
#2913=EDGE_CURVE('',#2299,#2300,#1389,.T.);
#2914=EDGE_CURVE('',#2301,#2300,#428,.T.);
#2915=EDGE_CURVE('',#2301,#2302,#1390,.T.);
#2916=EDGE_CURVE('',#2303,#2302,#429,.T.);
#2917=EDGE_CURVE('',#2303,#2304,#1391,.T.);
#2918=EDGE_CURVE('',#2305,#2304,#430,.T.);
#2919=EDGE_CURVE('',#2305,#2306,#1392,.T.);
#2920=EDGE_CURVE('',#2299,#2306,#431,.T.);
#2921=EDGE_CURVE('',#2307,#2307,#432,.T.);
#2922=EDGE_CURVE('',#2270,#2272,#433,.T.);
#2923=EDGE_CURVE('',#2273,#2278,#434,.T.);
#2924=EDGE_CURVE('',#2279,#2286,#435,.T.);
#2925=EDGE_CURVE('',#2287,#2288,#436,.T.);
#2926=EDGE_CURVE('',#2308,#2308,#437,.T.);
#2927=EDGE_CURVE('',#2308,#2307,#1393,.T.);
#2928=EDGE_CURVE('',#2309,#2309,#438,.T.);
#2929=EDGE_CURVE('',#2309,#2298,#1394,.T.);
#2930=EDGE_CURVE('',#2310,#2310,#439,.T.);
#2931=EDGE_CURVE('',#2310,#2297,#1395,.T.);
#2932=EDGE_CURVE('',#2304,#2311,#1396,.T.);
#2933=EDGE_CURVE('',#2312,#2303,#1397,.T.);
#2934=EDGE_CURVE('',#2311,#2312,#1398,.T.);
#2935=EDGE_CURVE('',#2313,#2312,#440,.T.);
#2936=EDGE_CURVE('',#2302,#2313,#1399,.T.);
#2937=EDGE_CURVE('',#2314,#2301,#1400,.T.);
#2938=EDGE_CURVE('',#2313,#2314,#1401,.T.);
#2939=EDGE_CURVE('',#2315,#2314,#441,.T.);
#2940=EDGE_CURVE('',#2300,#2315,#1402,.T.);
#2941=EDGE_CURVE('',#2306,#2316,#1403,.T.);
#2942=EDGE_CURVE('',#2317,#2305,#1404,.T.);
#2943=EDGE_CURVE('',#2316,#2317,#1405,.T.);
#2944=EDGE_CURVE('',#2311,#2317,#442,.T.);
#2945=EDGE_CURVE('',#2318,#2299,#1406,.T.);
#2946=EDGE_CURVE('',#2315,#2318,#1407,.T.);
#2947=EDGE_CURVE('',#2316,#2318,#443,.T.);
#2948=EDGE_CURVE('',#2226,#2319,#1408,.T.);
#2949=EDGE_CURVE('',#2319,#2320,#444,.T.);
#2950=EDGE_CURVE('',#2227,#2320,#1409,.T.);
#2951=EDGE_CURVE('',#2295,#2321,#121,.T.);
#2952=EDGE_CURVE('',#2284,#2321,#1410,.T.);
#2953=EDGE_CURVE('',#2322,#2323,#1411,.T.);
#2954=EDGE_CURVE('',#2323,#2324,#445,.T.);
#2955=EDGE_CURVE('',#2324,#2325,#1412,.T.);
#2956=EDGE_CURVE('',#2325,#2326,#446,.T.);
#2957=EDGE_CURVE('',#2326,#2322,#1413,.T.);
#2958=EDGE_CURVE('',#2323,#2228,#1414,.T.);
#2959=EDGE_CURVE('',#2320,#2231,#122,.T.);
#2960=EDGE_CURVE('',#2327,#2319,#447,.T.);
#2961=EDGE_CURVE('',#2327,#2324,#1415,.T.);
#2962=EDGE_CURVE('',#2328,#2327,#1416,.T.);
#2963=EDGE_CURVE('',#2328,#2325,#1417,.T.);
#2964=EDGE_CURVE('',#2329,#2328,#448,.T.);
#2965=EDGE_CURVE('',#2319,#2330,#1418,.T.);
#2966=EDGE_CURVE('',#2329,#2330,#1419,.T.);
#2967=EDGE_CURVE('',#2294,#2326,#1420,.T.);
#2968=EDGE_CURVE('',#2331,#2329,#1421,.T.);
#2969=EDGE_CURVE('',#2321,#2331,#449,.T.);
#2970=EDGE_CURVE('',#2332,#2333,#123,.T.);
#2971=EDGE_CURVE('',#2333,#2334,#124,.T.);
#2972=EDGE_CURVE('',#2334,#2335,#125,.T.);
#2973=EDGE_CURVE('',#2335,#2238,#1422,.T.);
#2974=EDGE_CURVE('',#2247,#2332,#1423,.T.);
#2975=EDGE_CURVE('',#2333,#2336,#1424,.T.);
#2976=EDGE_CURVE('',#2337,#2336,#126,.T.);
#2977=EDGE_CURVE('',#2334,#2337,#1425,.T.);
#2978=EDGE_CURVE('',#2338,#2337,#127,.T.);
#2979=EDGE_CURVE('',#2335,#2338,#1426,.T.);
#2980=EDGE_CURVE('',#2332,#2339,#1427,.T.);
#2981=EDGE_CURVE('',#2336,#2339,#128,.T.);
#2982=EDGE_CURVE('',#2335,#2340,#129,.T.);
#2983=EDGE_CURVE('',#2341,#2338,#130,.T.);
#2984=EDGE_CURVE('',#2340,#2341,#1428,.T.);
#2985=EDGE_CURVE('',#2340,#2332,#131,.T.);
#2986=EDGE_CURVE('',#2339,#2341,#132,.T.);
#2987=EDGE_CURVE('',#2339,#2338,#1429,.T.);
#2988=EDGE_CURVE('',#2261,#2342,#1430,.T.);
#2989=EDGE_CURVE('',#2343,#2342,#133,.T.);
#2990=EDGE_CURVE('',#2262,#2343,#1431,.T.);
#2991=EDGE_CURVE('',#2344,#2343,#134,.T.);
#2992=EDGE_CURVE('',#2260,#2344,#1432,.T.);
#2993=EDGE_CURVE('',#2342,#2344,#135,.T.);
#2994=EDGE_CURVE('',#2345,#2346,#136,.T.);
#2995=EDGE_CURVE('',#2345,#2347,#1433,.T.);
#2996=EDGE_CURVE('',#2348,#2347,#137,.T.);
#2997=EDGE_CURVE('',#2346,#2348,#1434,.T.);
#2998=EDGE_CURVE('',#2346,#2345,#138,.T.);
#2999=EDGE_CURVE('',#2347,#2348,#139,.T.);
#3000=EDGE_CURVE('',#2349,#2350,#140,.T.);
#3001=EDGE_CURVE('',#2349,#2351,#1435,.T.);
#3002=EDGE_CURVE('',#2352,#2351,#141,.T.);
#3003=EDGE_CURVE('',#2350,#2352,#1436,.T.);
#3004=EDGE_CURVE('',#2350,#2245,#142,.T.);
#3005=EDGE_CURVE('',#2353,#2352,#143,.T.);
#3006=EDGE_CURVE('',#2245,#2353,#1437,.T.);
#3007=EDGE_CURVE('',#2246,#2349,#144,.T.);
#3008=EDGE_CURVE('',#2246,#2354,#1438,.T.);
#3009=EDGE_CURVE('',#2351,#2354,#145,.T.);
#3010=EDGE_CURVE('',#2354,#2353,#146,.T.);
#3011=EDGE_CURVE('',#2353,#2354,#1439,.T.);
#3012=EDGE_CURVE('',#2257,#2355,#147,.T.);
#3013=EDGE_CURVE('',#2257,#2356,#1440,.T.);
#3014=EDGE_CURVE('',#2357,#2356,#148,.T.);
#3015=EDGE_CURVE('',#2355,#2357,#1441,.T.);
#3016=EDGE_CURVE('',#2355,#2259,#149,.T.);
#3017=EDGE_CURVE('',#2358,#2357,#150,.T.);
#3018=EDGE_CURVE('',#2259,#2358,#1442,.T.);
#3019=EDGE_CURVE('',#2256,#2359,#1443,.T.);
#3020=EDGE_CURVE('',#2356,#2359,#151,.T.);
#3021=EDGE_CURVE('',#2359,#2358,#152,.T.);
#3022=EDGE_CURVE('',#2358,#2356,#1444,.T.);
#3023=EDGE_CURVE('',#2241,#2360,#153,.T.);
#3024=EDGE_CURVE('',#2241,#2361,#1445,.T.);
#3025=EDGE_CURVE('',#2362,#2361,#154,.T.);
#3026=EDGE_CURVE('',#2360,#2362,#1446,.T.);
#3027=EDGE_CURVE('',#2360,#2363,#1447,.T.);
#3028=EDGE_CURVE('',#2364,#2362,#1448,.T.);
#3029=EDGE_CURVE('',#2363,#2364,#1449,.T.);
#3030=EDGE_CURVE('',#2363,#2243,#155,.T.);
#3031=EDGE_CURVE('',#2365,#2364,#156,.T.);
#3032=EDGE_CURVE('',#2243,#2365,#1450,.T.);
#3033=EDGE_CURVE('',#2240,#2366,#1451,.T.);
#3034=EDGE_CURVE('',#2361,#2366,#157,.T.);
#3035=EDGE_CURVE('',#2366,#2365,#158,.T.);
#3036=EDGE_CURVE('',#2365,#2361,#450,.T.);
#3037=EDGE_CURVE('',#2367,#2368,#159,.T.);
#3038=EDGE_CURVE('',#2369,#2368,#1452,.T.);
#3039=EDGE_CURVE('',#2367,#2369,#1453,.T.);
#3040=EDGE_CURVE('',#2370,#2255,#160,.T.);
#3041=EDGE_CURVE('',#2370,#2249,#1454,.T.);
#3042=EDGE_CURVE('',#2254,#2370,#161,.T.);
#3043=EDGE_CURVE('',#2368,#2371,#162,.T.);
#3044=EDGE_CURVE('',#2369,#2371,#209,.T.);
#3045=EDGE_CURVE('',#2372,#2367,#163,.T.);
#3046=EDGE_CURVE('',#2371,#2372,#164,.T.);
#3047=EDGE_CURVE('',#2253,#2373,#1455,.T.);
#3048=EDGE_CURVE('',#2374,#2373,#165,.T.);
#3049=EDGE_CURVE('',#2254,#2374,#1456,.T.);
#3050=EDGE_CURVE('',#2375,#2374,#166,.T.);
#3051=EDGE_CURVE('',#2370,#2375,#1457,.T.);
#3052=EDGE_CURVE('',#2368,#2376,#1458,.T.);
#3053=EDGE_CURVE('',#2377,#2376,#167,.T.);
#3054=EDGE_CURVE('',#2371,#2377,#1459,.T.);
#3055=EDGE_CURVE('',#2378,#2377,#168,.T.);
#3056=EDGE_CURVE('',#2372,#2378,#1460,.T.);
#3057=EDGE_CURVE('',#2379,#2375,#169,.T.);
#3058=EDGE_CURVE('',#2255,#2379,#1461,.T.);
#3059=EDGE_CURVE('',#2367,#2380,#1462,.T.);
#3060=EDGE_CURVE('',#2376,#2380,#170,.T.);
#3061=EDGE_CURVE('',#2373,#2379,#171,.T.);
#3062=EDGE_CURVE('',#2380,#2378,#172,.T.);
#3063=EDGE_CURVE('',#2376,#2375,#1463,.T.);
#3064=EDGE_CURVE('',#2377,#2374,#210,.T.);
#3065=EDGE_CURVE('',#2379,#2380,#1464,.T.);
#3066=EDGE_CURVE('',#2381,#2277,#1465,.T.);
#3067=EDGE_CURVE('',#2381,#2296,#1466,.T.);
#3068=EDGE_CURVE('',#2382,#2278,#1467,.T.);
#3069=EDGE_CURVE('',#2382,#2381,#451,.T.);
#3070=EDGE_CURVE('',#2383,#2273,#1468,.T.);
#3071=EDGE_CURVE('',#2383,#2382,#452,.T.);
#3072=EDGE_CURVE('',#2384,#2272,#1469,.T.);
#3073=EDGE_CURVE('',#2384,#2383,#1470,.T.);
#3074=EDGE_CURVE('',#2385,#2270,#1471,.T.);
#3075=EDGE_CURVE('',#2385,#2384,#453,.T.);
#3076=EDGE_CURVE('',#2386,#2266,#1472,.T.);
#3077=EDGE_CURVE('',#2386,#2385,#1473,.T.);
#3078=EDGE_CURVE('',#2387,#2267,#1474,.T.);
#3079=EDGE_CURVE('',#2387,#2386,#454,.T.);
#3080=EDGE_CURVE('',#2388,#2289,#1475,.T.);
#3081=EDGE_CURVE('',#2388,#2387,#1476,.T.);
#3082=EDGE_CURVE('',#2389,#2291,#1477,.T.);
#3083=EDGE_CURVE('',#2389,#2388,#455,.T.);
#3084=EDGE_CURVE('',#2390,#2263,#1478,.T.);
#3085=EDGE_CURVE('',#2390,#2389,#1479,.T.);
#3086=EDGE_CURVE('',#2391,#2264,#1480,.T.);
#3087=EDGE_CURVE('',#2391,#2390,#456,.T.);
#3088=EDGE_CURVE('',#2392,#2288,#1481,.T.);
#3089=EDGE_CURVE('',#2392,#2391,#1482,.T.);
#3090=EDGE_CURVE('',#2393,#2287,#1483,.T.);
#3091=EDGE_CURVE('',#2393,#2392,#457,.T.);
#3092=EDGE_CURVE('',#2394,#2286,#1484,.T.);
#3093=EDGE_CURVE('',#2394,#2393,#1485,.T.);
#3094=EDGE_CURVE('',#2395,#2279,#1486,.T.);
#3095=EDGE_CURVE('',#2395,#2394,#458,.T.);
#3096=EDGE_CURVE('',#2396,#2280,#1487,.T.);
#3097=EDGE_CURVE('',#2396,#2395,#459,.T.);
#3098=EDGE_CURVE('',#2284,#2397,#1488,.T.);
#3099=EDGE_CURVE('',#2397,#2396,#1489,.T.);
#3100=EDGE_CURVE('',#2331,#2398,#1490,.T.);
#3101=EDGE_CURVE('',#2398,#2397,#1491,.T.);
#3102=EDGE_CURVE('',#2293,#2322,#1492,.T.);
#3103=EDGE_CURVE('',#2330,#2398,#1493,.T.);
#3104=EDGE_CURVE('',#2399,#2400,#1494,.T.);
#3105=EDGE_CURVE('',#2399,#2401,#460,.T.);
#3106=EDGE_CURVE('',#2402,#2401,#1495,.T.);
#3107=EDGE_CURVE('',#2400,#2402,#461,.T.);
#3108=EDGE_CURVE('',#2403,#2404,#1496,.T.);
#3109=EDGE_CURVE('',#2402,#2403,#1497,.T.);
#3110=EDGE_CURVE('',#2401,#2404,#1498,.T.);
#3111=EDGE_CURVE('',#2405,#2399,#462,.T.);
#3112=EDGE_CURVE('',#2404,#2405,#463,.T.);
#3113=EDGE_CURVE('',#2400,#2406,#464,.T.);
#3114=EDGE_CURVE('',#2406,#2407,#1499,.T.);
#3115=EDGE_CURVE('',#2408,#2407,#465,.T.);
#3116=EDGE_CURVE('',#2405,#2408,#1500,.T.);
#3117=EDGE_CURVE('',#2409,#2403,#466,.T.);
#3118=EDGE_CURVE('',#2410,#2409,#1501,.T.);
#3119=EDGE_CURVE('',#2411,#2410,#467,.T.);
#3120=EDGE_CURVE('',#2412,#2411,#1502,.T.);
#3121=EDGE_CURVE('',#2413,#2412,#468,.T.);
#3122=EDGE_CURVE('',#2414,#2413,#1503,.T.);
#3123=EDGE_CURVE('',#2415,#2414,#469,.T.);
#3124=EDGE_CURVE('',#2416,#2415,#1504,.T.);
#3125=EDGE_CURVE('',#2417,#2416,#470,.T.);
#3126=EDGE_CURVE('',#2406,#2417,#1505,.T.);
#3127=EDGE_CURVE('',#2417,#2418,#1506,.T.);
#3128=EDGE_CURVE('',#2407,#2418,#1507,.T.);
#3129=EDGE_CURVE('',#2416,#2419,#1508,.T.);
#3130=EDGE_CURVE('',#2418,#2419,#471,.T.);
#3131=EDGE_CURVE('',#2415,#2420,#1509,.T.);
#3132=EDGE_CURVE('',#2419,#2420,#1510,.T.);
#3133=EDGE_CURVE('',#2414,#2421,#1511,.T.);
#3134=EDGE_CURVE('',#2420,#2421,#472,.T.);
#3135=EDGE_CURVE('',#2413,#2422,#1512,.T.);
#3136=EDGE_CURVE('',#2421,#2422,#1513,.T.);
#3137=EDGE_CURVE('',#2412,#2423,#1514,.T.);
#3138=EDGE_CURVE('',#2422,#2423,#473,.T.);
#3139=EDGE_CURVE('',#2424,#2408,#474,.T.);
#3140=EDGE_CURVE('',#2409,#2424,#1515,.T.);
#3141=EDGE_CURVE('',#2425,#2424,#1516,.T.);
#3142=EDGE_CURVE('',#2410,#2425,#1517,.T.);
#3143=EDGE_CURVE('',#2426,#2425,#475,.T.);
#3144=EDGE_CURVE('',#2411,#2426,#1518,.T.);
#3145=EDGE_CURVE('',#2423,#2426,#1519,.T.);
#3146=EDGE_CURVE('',#2427,#2428,#1520,.T.);
#3147=EDGE_CURVE('',#2429,#2427,#476,.T.);
#3148=EDGE_CURVE('',#2430,#2429,#1521,.T.);
#3149=EDGE_CURVE('',#2428,#2430,#477,.T.);
#3150=EDGE_CURVE('',#2431,#2427,#1522,.T.);
#3151=EDGE_CURVE('',#2432,#2431,#478,.T.);
#3152=EDGE_CURVE('',#2429,#2432,#1523,.T.);
#3153=EDGE_CURVE('',#2430,#2433,#1524,.T.);
#3154=EDGE_CURVE('',#2434,#2433,#479,.T.);
#3155=EDGE_CURVE('',#2428,#2434,#1525,.T.);
#3156=EDGE_CURVE('',#2432,#2435,#1526,.T.);
#3157=EDGE_CURVE('',#2435,#2436,#1527,.T.);
#3158=EDGE_CURVE('',#2433,#2436,#1528,.T.);
#3159=EDGE_CURVE('',#2437,#2431,#1529,.T.);
#3160=EDGE_CURVE('',#2435,#2437,#480,.T.);
#3161=EDGE_CURVE('',#2437,#2438,#1530,.T.);
#3162=EDGE_CURVE('',#2436,#2438,#481,.T.);
#3163=EDGE_CURVE('',#2438,#2434,#1531,.T.);
#3164=ORIENTED_EDGE('',*,*,#2439,.T.);
#3165=ORIENTED_EDGE('',*,*,#2440,.T.);
#3166=ORIENTED_EDGE('',*,*,#2441,.F.);
#3167=ORIENTED_EDGE('',*,*,#2442,.F.);
#3168=ORIENTED_EDGE('',*,*,#2443,.T.);
#3169=ORIENTED_EDGE('',*,*,#2444,.T.);
#3170=ORIENTED_EDGE('',*,*,#2445,.F.);
#3171=ORIENTED_EDGE('',*,*,#2446,.F.);
#3172=ORIENTED_EDGE('',*,*,#2447,.F.);
#3173=ORIENTED_EDGE('',*,*,#2448,.T.);
#3174=ORIENTED_EDGE('',*,*,#2449,.F.);
#3175=ORIENTED_EDGE('',*,*,#2450,.F.);
#3176=ORIENTED_EDGE('',*,*,#2451,.T.);
#3177=ORIENTED_EDGE('',*,*,#2452,.T.);
#3178=ORIENTED_EDGE('',*,*,#2453,.F.);
#3179=ORIENTED_EDGE('',*,*,#2454,.F.);
#3180=ORIENTED_EDGE('',*,*,#2455,.T.);
#3181=ORIENTED_EDGE('',*,*,#2456,.T.);
#3182=ORIENTED_EDGE('',*,*,#2457,.T.);
#3183=ORIENTED_EDGE('',*,*,#2458,.T.);
#3184=ORIENTED_EDGE('',*,*,#2459,.T.);
#3185=ORIENTED_EDGE('',*,*,#2460,.T.);
#3186=ORIENTED_EDGE('',*,*,#2461,.T.);
#3187=ORIENTED_EDGE('',*,*,#2462,.T.);
#3188=ORIENTED_EDGE('',*,*,#2463,.T.);
#3189=ORIENTED_EDGE('',*,*,#2464,.T.);
#3190=ORIENTED_EDGE('',*,*,#2465,.T.);
#3191=ORIENTED_EDGE('',*,*,#2466,.T.);
#3192=ORIENTED_EDGE('',*,*,#2467,.T.);
#3193=ORIENTED_EDGE('',*,*,#2468,.T.);
#3194=ORIENTED_EDGE('',*,*,#2469,.T.);
#3195=ORIENTED_EDGE('',*,*,#2470,.T.);
#3196=ORIENTED_EDGE('',*,*,#2471,.T.);
#3197=ORIENTED_EDGE('',*,*,#2472,.T.);
#3198=ORIENTED_EDGE('',*,*,#2453,.T.);
#3199=ORIENTED_EDGE('',*,*,#2473,.T.);
#3200=ORIENTED_EDGE('',*,*,#2449,.T.);
#3201=ORIENTED_EDGE('',*,*,#2474,.T.);
#3202=ORIENTED_EDGE('',*,*,#2475,.T.);
#3203=ORIENTED_EDGE('',*,*,#2476,.T.);
#3204=ORIENTED_EDGE('',*,*,#2477,.T.);
#3205=ORIENTED_EDGE('',*,*,#2478,.T.);
#3206=ORIENTED_EDGE('',*,*,#2479,.T.);
#3207=ORIENTED_EDGE('',*,*,#2480,.T.);
#3208=ORIENTED_EDGE('',*,*,#2481,.T.);
#3209=ORIENTED_EDGE('',*,*,#2482,.T.);
#3210=ORIENTED_EDGE('',*,*,#2483,.T.);
#3211=ORIENTED_EDGE('',*,*,#2484,.T.);
#3212=ORIENTED_EDGE('',*,*,#2485,.T.);
#3213=ORIENTED_EDGE('',*,*,#2486,.T.);
#3214=ORIENTED_EDGE('',*,*,#2487,.T.);
#3215=ORIENTED_EDGE('',*,*,#2488,.T.);
#3216=ORIENTED_EDGE('',*,*,#2445,.T.);
#3217=ORIENTED_EDGE('',*,*,#2489,.T.);
#3218=ORIENTED_EDGE('',*,*,#2441,.T.);
#3219=ORIENTED_EDGE('',*,*,#2490,.T.);
#3220=ORIENTED_EDGE('',*,*,#2491,.T.);
#3221=ORIENTED_EDGE('',*,*,#2492,.T.);
#3222=ORIENTED_EDGE('',*,*,#2493,.T.);
#3223=ORIENTED_EDGE('',*,*,#2494,.T.);
#3224=ORIENTED_EDGE('',*,*,#2494,.F.);
#3225=ORIENTED_EDGE('',*,*,#2495,.F.);
#3226=ORIENTED_EDGE('',*,*,#2496,.F.);
#3227=ORIENTED_EDGE('',*,*,#2497,.T.);
#3228=ORIENTED_EDGE('',*,*,#2493,.F.);
#3229=ORIENTED_EDGE('',*,*,#2498,.F.);
#3230=ORIENTED_EDGE('',*,*,#2499,.F.);
#3231=ORIENTED_EDGE('',*,*,#2495,.T.);
#3232=ORIENTED_EDGE('',*,*,#2491,.F.);
#3233=ORIENTED_EDGE('',*,*,#2497,.F.);
#3234=ORIENTED_EDGE('',*,*,#2500,.F.);
#3235=ORIENTED_EDGE('',*,*,#2501,.T.);
#3236=ORIENTED_EDGE('',*,*,#2492,.F.);
#3237=ORIENTED_EDGE('',*,*,#2501,.F.);
#3238=ORIENTED_EDGE('',*,*,#2502,.F.);
#3239=ORIENTED_EDGE('',*,*,#2498,.T.);
#3240=ORIENTED_EDGE('',*,*,#2503,.T.);
#3241=ORIENTED_EDGE('',*,*,#2504,.T.);
#3242=ORIENTED_EDGE('',*,*,#2505,.T.);
#3243=ORIENTED_EDGE('',*,*,#2506,.T.);
#3244=ORIENTED_EDGE('',*,*,#2506,.F.);
#3245=ORIENTED_EDGE('',*,*,#2507,.F.);
#3246=ORIENTED_EDGE('',*,*,#2508,.F.);
#3247=ORIENTED_EDGE('',*,*,#2509,.T.);
#3248=ORIENTED_EDGE('',*,*,#2505,.F.);
#3249=ORIENTED_EDGE('',*,*,#2510,.F.);
#3250=ORIENTED_EDGE('',*,*,#2511,.F.);
#3251=ORIENTED_EDGE('',*,*,#2507,.T.);
#3252=ORIENTED_EDGE('',*,*,#2503,.F.);
#3253=ORIENTED_EDGE('',*,*,#2509,.F.);
#3254=ORIENTED_EDGE('',*,*,#2512,.F.);
#3255=ORIENTED_EDGE('',*,*,#2513,.T.);
#3256=ORIENTED_EDGE('',*,*,#2504,.F.);
#3257=ORIENTED_EDGE('',*,*,#2513,.F.);
#3258=ORIENTED_EDGE('',*,*,#2514,.F.);
#3259=ORIENTED_EDGE('',*,*,#2510,.T.);
#3260=ORIENTED_EDGE('',*,*,#2515,.T.);
#3261=ORIENTED_EDGE('',*,*,#2516,.T.);
#3262=ORIENTED_EDGE('',*,*,#2517,.T.);
#3263=ORIENTED_EDGE('',*,*,#2518,.T.);
#3264=ORIENTED_EDGE('',*,*,#2518,.F.);
#3265=ORIENTED_EDGE('',*,*,#2519,.F.);
#3266=ORIENTED_EDGE('',*,*,#2520,.F.);
#3267=ORIENTED_EDGE('',*,*,#2521,.T.);
#3268=ORIENTED_EDGE('',*,*,#2517,.F.);
#3269=ORIENTED_EDGE('',*,*,#2522,.F.);
#3270=ORIENTED_EDGE('',*,*,#2523,.F.);
#3271=ORIENTED_EDGE('',*,*,#2519,.T.);
#3272=ORIENTED_EDGE('',*,*,#2516,.F.);
#3273=ORIENTED_EDGE('',*,*,#2524,.F.);
#3274=ORIENTED_EDGE('',*,*,#2525,.F.);
#3275=ORIENTED_EDGE('',*,*,#2522,.T.);
#3276=ORIENTED_EDGE('',*,*,#2515,.F.);
#3277=ORIENTED_EDGE('',*,*,#2521,.F.);
#3278=ORIENTED_EDGE('',*,*,#2526,.F.);
#3279=ORIENTED_EDGE('',*,*,#2524,.T.);
#3280=ORIENTED_EDGE('',*,*,#2527,.T.);
#3281=ORIENTED_EDGE('',*,*,#2528,.T.);
#3282=ORIENTED_EDGE('',*,*,#2529,.T.);
#3283=ORIENTED_EDGE('',*,*,#2530,.T.);
#3284=ORIENTED_EDGE('',*,*,#2530,.F.);
#3285=ORIENTED_EDGE('',*,*,#2531,.F.);
#3286=ORIENTED_EDGE('',*,*,#2532,.F.);
#3287=ORIENTED_EDGE('',*,*,#2533,.T.);
#3288=ORIENTED_EDGE('',*,*,#2529,.F.);
#3289=ORIENTED_EDGE('',*,*,#2534,.F.);
#3290=ORIENTED_EDGE('',*,*,#2535,.F.);
#3291=ORIENTED_EDGE('',*,*,#2531,.T.);
#3292=ORIENTED_EDGE('',*,*,#2528,.F.);
#3293=ORIENTED_EDGE('',*,*,#2536,.F.);
#3294=ORIENTED_EDGE('',*,*,#2537,.F.);
#3295=ORIENTED_EDGE('',*,*,#2534,.T.);
#3296=ORIENTED_EDGE('',*,*,#2527,.F.);
#3297=ORIENTED_EDGE('',*,*,#2533,.F.);
#3298=ORIENTED_EDGE('',*,*,#2538,.F.);
#3299=ORIENTED_EDGE('',*,*,#2536,.T.);
#3300=ORIENTED_EDGE('',*,*,#2539,.F.);
#3301=ORIENTED_EDGE('',*,*,#2540,.F.);
#3302=ORIENTED_EDGE('',*,*,#2541,.F.);
#3303=ORIENTED_EDGE('',*,*,#2447,.T.);
#3304=ORIENTED_EDGE('',*,*,#2542,.F.);
#3305=ORIENTED_EDGE('',*,*,#2443,.F.);
#3306=ORIENTED_EDGE('',*,*,#2543,.T.);
#3307=ORIENTED_EDGE('',*,*,#2442,.T.);
#3308=ORIENTED_EDGE('',*,*,#2489,.F.);
#3309=ORIENTED_EDGE('',*,*,#2444,.F.);
#3310=ORIENTED_EDGE('',*,*,#2542,.T.);
#3311=ORIENTED_EDGE('',*,*,#2450,.T.);
#3312=ORIENTED_EDGE('',*,*,#2473,.F.);
#3313=ORIENTED_EDGE('',*,*,#2452,.F.);
#3314=ORIENTED_EDGE('',*,*,#2544,.T.);
#3315=ORIENTED_EDGE('',*,*,#2545,.T.);
#3316=ORIENTED_EDGE('',*,*,#2546,.F.);
#3317=ORIENTED_EDGE('',*,*,#2490,.F.);
#3318=ORIENTED_EDGE('',*,*,#2440,.F.);
#3319=ORIENTED_EDGE('',*,*,#2547,.T.);
#3320=ORIENTED_EDGE('',*,*,#2454,.T.);
#3321=ORIENTED_EDGE('',*,*,#2472,.F.);
#3322=ORIENTED_EDGE('',*,*,#2539,.T.);
#3323=ORIENTED_EDGE('',*,*,#2446,.T.);
#3324=ORIENTED_EDGE('',*,*,#2488,.F.);
#3325=ORIENTED_EDGE('',*,*,#2548,.F.);
#3326=ORIENTED_EDGE('',*,*,#2549,.F.);
#3327=ORIENTED_EDGE('',*,*,#2451,.F.);
#3328=ORIENTED_EDGE('',*,*,#2547,.F.);
#3329=ORIENTED_EDGE('',*,*,#2439,.F.);
#3330=ORIENTED_EDGE('',*,*,#2543,.F.);
#3331=ORIENTED_EDGE('',*,*,#2540,.T.);
#3332=ORIENTED_EDGE('',*,*,#2549,.T.);
#3333=ORIENTED_EDGE('',*,*,#2550,.F.);
#3334=ORIENTED_EDGE('',*,*,#2551,.T.);
#3335=ORIENTED_EDGE('',*,*,#2552,.T.);
#3336=ORIENTED_EDGE('',*,*,#2553,.T.);
#3337=ORIENTED_EDGE('',*,*,#2554,.T.);
#3338=ORIENTED_EDGE('',*,*,#2555,.T.);
#3339=ORIENTED_EDGE('',*,*,#2556,.T.);
#3340=ORIENTED_EDGE('',*,*,#2557,.T.);
#3341=ORIENTED_EDGE('',*,*,#2558,.T.);
#3342=ORIENTED_EDGE('',*,*,#2559,.T.);
#3343=ORIENTED_EDGE('',*,*,#2556,.F.);
#3344=ORIENTED_EDGE('',*,*,#2560,.T.);
#3345=ORIENTED_EDGE('',*,*,#2561,.T.);
#3346=ORIENTED_EDGE('',*,*,#2562,.T.);
#3347=ORIENTED_EDGE('',*,*,#2563,.T.);
#3348=ORIENTED_EDGE('',*,*,#2561,.F.);
#3349=ORIENTED_EDGE('',*,*,#2564,.T.);
#3350=ORIENTED_EDGE('',*,*,#2565,.T.);
#3351=ORIENTED_EDGE('',*,*,#2566,.T.);
#3352=ORIENTED_EDGE('',*,*,#2567,.T.);
#3353=ORIENTED_EDGE('',*,*,#2568,.T.);
#3354=ORIENTED_EDGE('',*,*,#2550,.T.);
#3355=ORIENTED_EDGE('',*,*,#2569,.T.);
#3356=ORIENTED_EDGE('',*,*,#2567,.F.);
#3357=ORIENTED_EDGE('',*,*,#2570,.T.);
#3358=ORIENTED_EDGE('',*,*,#2565,.F.);
#3359=ORIENTED_EDGE('',*,*,#2571,.T.);
#3360=ORIENTED_EDGE('',*,*,#2572,.T.);
#3361=ORIENTED_EDGE('',*,*,#2573,.T.);
#3362=ORIENTED_EDGE('',*,*,#2552,.F.);
#3363=ORIENTED_EDGE('',*,*,#2574,.T.);
#3364=ORIENTED_EDGE('',*,*,#2572,.F.);
#3365=ORIENTED_EDGE('',*,*,#2575,.T.);
#3366=ORIENTED_EDGE('',*,*,#2576,.T.);
#3367=ORIENTED_EDGE('',*,*,#2577,.T.);
#3368=ORIENTED_EDGE('',*,*,#2578,.T.);
#3369=ORIENTED_EDGE('',*,*,#2579,.T.);
#3370=ORIENTED_EDGE('',*,*,#2576,.F.);
#3371=ORIENTED_EDGE('',*,*,#2558,.F.);
#3372=ORIENTED_EDGE('',*,*,#2580,.T.);
#3373=ORIENTED_EDGE('',*,*,#2578,.F.);
#3374=ORIENTED_EDGE('',*,*,#2581,.T.);
#3375=ORIENTED_EDGE('',*,*,#2559,.F.);
#3376=ORIENTED_EDGE('',*,*,#2582,.T.);
#3377=ORIENTED_EDGE('',*,*,#2583,.T.);
#3378=ORIENTED_EDGE('',*,*,#2584,.T.);
#3379=ORIENTED_EDGE('',*,*,#2585,.T.);
#3380=ORIENTED_EDGE('',*,*,#2586,.T.);
#3381=ORIENTED_EDGE('',*,*,#2583,.F.);
#3382=ORIENTED_EDGE('',*,*,#2587,.T.);
#3383=ORIENTED_EDGE('',*,*,#2555,.F.);
#3384=ORIENTED_EDGE('',*,*,#2588,.T.);
#3385=ORIENTED_EDGE('',*,*,#2585,.F.);
#3386=ORIENTED_EDGE('',*,*,#2589,.T.);
#3387=ORIENTED_EDGE('',*,*,#2586,.F.);
#3388=ORIENTED_EDGE('',*,*,#2590,.T.);
#3389=ORIENTED_EDGE('',*,*,#2481,.F.);
#3390=ORIENTED_EDGE('',*,*,#2591,.F.);
#3391=ORIENTED_EDGE('',*,*,#2588,.F.);
#3392=ORIENTED_EDGE('',*,*,#2592,.T.);
#3393=ORIENTED_EDGE('',*,*,#2482,.F.);
#3394=ORIENTED_EDGE('',*,*,#2590,.F.);
#3395=ORIENTED_EDGE('',*,*,#2554,.F.);
#3396=ORIENTED_EDGE('',*,*,#2593,.T.);
#3397=ORIENTED_EDGE('',*,*,#2483,.F.);
#3398=ORIENTED_EDGE('',*,*,#2592,.F.);
#3399=ORIENTED_EDGE('',*,*,#2562,.F.);
#3400=ORIENTED_EDGE('',*,*,#2594,.T.);
#3401=ORIENTED_EDGE('',*,*,#2484,.F.);
#3402=ORIENTED_EDGE('',*,*,#2593,.F.);
#3403=ORIENTED_EDGE('',*,*,#2563,.F.);
#3404=ORIENTED_EDGE('',*,*,#2595,.T.);
#3405=ORIENTED_EDGE('',*,*,#2485,.F.);
#3406=ORIENTED_EDGE('',*,*,#2594,.F.);
#3407=ORIENTED_EDGE('',*,*,#2570,.F.);
#3408=ORIENTED_EDGE('',*,*,#2596,.T.);
#3409=ORIENTED_EDGE('',*,*,#2486,.F.);
#3410=ORIENTED_EDGE('',*,*,#2595,.F.);
#3411=ORIENTED_EDGE('',*,*,#2566,.F.);
#3412=ORIENTED_EDGE('',*,*,#2548,.T.);
#3413=ORIENTED_EDGE('',*,*,#2487,.F.);
#3414=ORIENTED_EDGE('',*,*,#2596,.F.);
#3415=ORIENTED_EDGE('',*,*,#2568,.F.);
#3416=ORIENTED_EDGE('',*,*,#2569,.F.);
#3417=ORIENTED_EDGE('',*,*,#2564,.F.);
#3418=ORIENTED_EDGE('',*,*,#2560,.F.);
#3419=ORIENTED_EDGE('',*,*,#2589,.F.);
#3420=ORIENTED_EDGE('',*,*,#2587,.F.);
#3421=ORIENTED_EDGE('',*,*,#2582,.F.);
#3422=ORIENTED_EDGE('',*,*,#2581,.F.);
#3423=ORIENTED_EDGE('',*,*,#2577,.F.);
#3424=ORIENTED_EDGE('',*,*,#2575,.F.);
#3425=ORIENTED_EDGE('',*,*,#2571,.F.);
#3426=ORIENTED_EDGE('',*,*,#2551,.F.);
#3427=ORIENTED_EDGE('',*,*,#2597,.F.);
#3428=ORIENTED_EDGE('',*,*,#2598,.T.);
#3429=ORIENTED_EDGE('',*,*,#2599,.T.);
#3430=ORIENTED_EDGE('',*,*,#2459,.F.);
#3431=ORIENTED_EDGE('',*,*,#2600,.F.);
#3432=ORIENTED_EDGE('',*,*,#2601,.T.);
#3433=ORIENTED_EDGE('',*,*,#2602,.T.);
#3434=ORIENTED_EDGE('',*,*,#2457,.F.);
#3435=ORIENTED_EDGE('',*,*,#2603,.F.);
#3436=ORIENTED_EDGE('',*,*,#2604,.T.);
#3437=ORIENTED_EDGE('',*,*,#2605,.T.);
#3438=ORIENTED_EDGE('',*,*,#2469,.F.);
#3439=ORIENTED_EDGE('',*,*,#2606,.F.);
#3440=ORIENTED_EDGE('',*,*,#2607,.T.);
#3441=ORIENTED_EDGE('',*,*,#2608,.T.);
#3442=ORIENTED_EDGE('',*,*,#2467,.F.);
#3443=ORIENTED_EDGE('',*,*,#2609,.F.);
#3444=ORIENTED_EDGE('',*,*,#2610,.F.);
#3445=ORIENTED_EDGE('',*,*,#2611,.F.);
#3446=ORIENTED_EDGE('',*,*,#2612,.F.);
#3447=ORIENTED_EDGE('',*,*,#2613,.F.);
#3448=ORIENTED_EDGE('',*,*,#2614,.F.);
#3449=ORIENTED_EDGE('',*,*,#2615,.F.);
#3450=ORIENTED_EDGE('',*,*,#2598,.F.);
#3451=ORIENTED_EDGE('',*,*,#2616,.F.);
#3452=ORIENTED_EDGE('',*,*,#2601,.F.);
#3453=ORIENTED_EDGE('',*,*,#2617,.F.);
#3454=ORIENTED_EDGE('',*,*,#2618,.F.);
#3455=ORIENTED_EDGE('',*,*,#2545,.F.);
#3456=ORIENTED_EDGE('',*,*,#2619,.F.);
#3457=ORIENTED_EDGE('',*,*,#2620,.F.);
#3458=ORIENTED_EDGE('',*,*,#2604,.F.);
#3459=ORIENTED_EDGE('',*,*,#2621,.F.);
#3460=ORIENTED_EDGE('',*,*,#2607,.F.);
#3461=ORIENTED_EDGE('',*,*,#2614,.T.);
#3462=ORIENTED_EDGE('',*,*,#2622,.T.);
#3463=ORIENTED_EDGE('',*,*,#2461,.F.);
#3464=ORIENTED_EDGE('',*,*,#2623,.F.);
#3465=ORIENTED_EDGE('',*,*,#2599,.F.);
#3466=ORIENTED_EDGE('',*,*,#2615,.T.);
#3467=ORIENTED_EDGE('',*,*,#2623,.T.);
#3468=ORIENTED_EDGE('',*,*,#2460,.F.);
#3469=ORIENTED_EDGE('',*,*,#2602,.F.);
#3470=ORIENTED_EDGE('',*,*,#2616,.T.);
#3471=ORIENTED_EDGE('',*,*,#2597,.T.);
#3472=ORIENTED_EDGE('',*,*,#2458,.F.);
#3473=ORIENTED_EDGE('',*,*,#2499,.T.);
#3474=ORIENTED_EDGE('',*,*,#2502,.T.);
#3475=ORIENTED_EDGE('',*,*,#2500,.T.);
#3476=ORIENTED_EDGE('',*,*,#2496,.T.);
#3477=ORIENTED_EDGE('',*,*,#2624,.F.);
#3478=ORIENTED_EDGE('',*,*,#2617,.T.);
#3479=ORIENTED_EDGE('',*,*,#2600,.T.);
#3480=ORIENTED_EDGE('',*,*,#2456,.F.);
#3481=ORIENTED_EDGE('',*,*,#2546,.T.);
#3482=ORIENTED_EDGE('',*,*,#2618,.T.);
#3483=ORIENTED_EDGE('',*,*,#2624,.T.);
#3484=ORIENTED_EDGE('',*,*,#2455,.F.);
#3485=ORIENTED_EDGE('',*,*,#2535,.T.);
#3486=ORIENTED_EDGE('',*,*,#2537,.T.);
#3487=ORIENTED_EDGE('',*,*,#2538,.T.);
#3488=ORIENTED_EDGE('',*,*,#2532,.T.);
#3489=ORIENTED_EDGE('',*,*,#2625,.F.);
#3490=ORIENTED_EDGE('',*,*,#2619,.T.);
#3491=ORIENTED_EDGE('',*,*,#2544,.F.);
#3492=ORIENTED_EDGE('',*,*,#2471,.F.);
#3493=ORIENTED_EDGE('',*,*,#2511,.T.);
#3494=ORIENTED_EDGE('',*,*,#2514,.T.);
#3495=ORIENTED_EDGE('',*,*,#2512,.T.);
#3496=ORIENTED_EDGE('',*,*,#2508,.T.);
#3497=ORIENTED_EDGE('',*,*,#2605,.F.);
#3498=ORIENTED_EDGE('',*,*,#2620,.T.);
#3499=ORIENTED_EDGE('',*,*,#2625,.T.);
#3500=ORIENTED_EDGE('',*,*,#2470,.F.);
#3501=ORIENTED_EDGE('',*,*,#2608,.F.);
#3502=ORIENTED_EDGE('',*,*,#2621,.T.);
#3503=ORIENTED_EDGE('',*,*,#2603,.T.);
#3504=ORIENTED_EDGE('',*,*,#2468,.F.);
#3505=ORIENTED_EDGE('',*,*,#2523,.T.);
#3506=ORIENTED_EDGE('',*,*,#2525,.T.);
#3507=ORIENTED_EDGE('',*,*,#2526,.T.);
#3508=ORIENTED_EDGE('',*,*,#2520,.T.);
#3509=ORIENTED_EDGE('',*,*,#2626,.F.);
#3510=ORIENTED_EDGE('',*,*,#2609,.T.);
#3511=ORIENTED_EDGE('',*,*,#2606,.T.);
#3512=ORIENTED_EDGE('',*,*,#2466,.F.);
#3513=ORIENTED_EDGE('',*,*,#2627,.F.);
#3514=ORIENTED_EDGE('',*,*,#2610,.T.);
#3515=ORIENTED_EDGE('',*,*,#2626,.T.);
#3516=ORIENTED_EDGE('',*,*,#2465,.F.);
#3517=ORIENTED_EDGE('',*,*,#2628,.F.);
#3518=ORIENTED_EDGE('',*,*,#2611,.T.);
#3519=ORIENTED_EDGE('',*,*,#2627,.T.);
#3520=ORIENTED_EDGE('',*,*,#2464,.F.);
#3521=ORIENTED_EDGE('',*,*,#2629,.F.);
#3522=ORIENTED_EDGE('',*,*,#2612,.T.);
#3523=ORIENTED_EDGE('',*,*,#2628,.T.);
#3524=ORIENTED_EDGE('',*,*,#2463,.F.);
#3525=ORIENTED_EDGE('',*,*,#2622,.F.);
#3526=ORIENTED_EDGE('',*,*,#2613,.T.);
#3527=ORIENTED_EDGE('',*,*,#2629,.T.);
#3528=ORIENTED_EDGE('',*,*,#2462,.F.);
#3529=ORIENTED_EDGE('',*,*,#2584,.F.);
#3530=ORIENTED_EDGE('',*,*,#2591,.T.);
#3531=ORIENTED_EDGE('',*,*,#2480,.F.);
#3532=ORIENTED_EDGE('',*,*,#2630,.F.);
#3533=ORIENTED_EDGE('',*,*,#2557,.F.);
#3534=ORIENTED_EDGE('',*,*,#2630,.T.);
#3535=ORIENTED_EDGE('',*,*,#2479,.F.);
#3536=ORIENTED_EDGE('',*,*,#2631,.F.);
#3537=ORIENTED_EDGE('',*,*,#2580,.F.);
#3538=ORIENTED_EDGE('',*,*,#2631,.T.);
#3539=ORIENTED_EDGE('',*,*,#2478,.F.);
#3540=ORIENTED_EDGE('',*,*,#2632,.F.);
#3541=ORIENTED_EDGE('',*,*,#2579,.F.);
#3542=ORIENTED_EDGE('',*,*,#2632,.T.);
#3543=ORIENTED_EDGE('',*,*,#2477,.F.);
#3544=ORIENTED_EDGE('',*,*,#2633,.F.);
#3545=ORIENTED_EDGE('',*,*,#2574,.F.);
#3546=ORIENTED_EDGE('',*,*,#2633,.T.);
#3547=ORIENTED_EDGE('',*,*,#2476,.F.);
#3548=ORIENTED_EDGE('',*,*,#2634,.F.);
#3549=ORIENTED_EDGE('',*,*,#2573,.F.);
#3550=ORIENTED_EDGE('',*,*,#2634,.T.);
#3551=ORIENTED_EDGE('',*,*,#2475,.F.);
#3552=ORIENTED_EDGE('',*,*,#2635,.F.);
#3553=ORIENTED_EDGE('',*,*,#2541,.T.);
#3554=ORIENTED_EDGE('',*,*,#2553,.F.);
#3555=ORIENTED_EDGE('',*,*,#2635,.T.);
#3556=ORIENTED_EDGE('',*,*,#2474,.F.);
#3557=ORIENTED_EDGE('',*,*,#2448,.F.);
#3558=ORIENTED_EDGE('',*,*,#2636,.T.);
#3559=ORIENTED_EDGE('',*,*,#2637,.F.);
#3560=ORIENTED_EDGE('',*,*,#2638,.F.);
#3561=ORIENTED_EDGE('',*,*,#2639,.F.);
#3562=ORIENTED_EDGE('',*,*,#2640,.F.);
#3563=ORIENTED_EDGE('',*,*,#2637,.T.);
#3564=ORIENTED_EDGE('',*,*,#2641,.T.);
#3565=ORIENTED_EDGE('',*,*,#2639,.T.);
#3566=ORIENTED_EDGE('',*,*,#2642,.F.);
#3567=ORIENTED_EDGE('',*,*,#2643,.F.);
#3568=ORIENTED_EDGE('',*,*,#2636,.F.);
#3569=ORIENTED_EDGE('',*,*,#2644,.F.);
#3570=ORIENTED_EDGE('',*,*,#2642,.T.);
#3571=ORIENTED_EDGE('',*,*,#2641,.F.);
#3572=ORIENTED_EDGE('',*,*,#2645,.F.);
#3573=ORIENTED_EDGE('',*,*,#2646,.F.);
#3574=ORIENTED_EDGE('',*,*,#2647,.T.);
#3575=ORIENTED_EDGE('',*,*,#2648,.T.);
#3576=ORIENTED_EDGE('',*,*,#2649,.F.);
#3577=ORIENTED_EDGE('',*,*,#2647,.F.);
#3578=ORIENTED_EDGE('',*,*,#2650,.F.);
#3579=ORIENTED_EDGE('',*,*,#2648,.F.);
#3580=ORIENTED_EDGE('',*,*,#2651,.F.);
#3581=ORIENTED_EDGE('',*,*,#2652,.T.);
#3582=ORIENTED_EDGE('',*,*,#2645,.T.);
#3583=ORIENTED_EDGE('',*,*,#2649,.T.);
#3584=ORIENTED_EDGE('',*,*,#2652,.F.);
#3585=ORIENTED_EDGE('',*,*,#2653,.F.);
#3586=ORIENTED_EDGE('',*,*,#2654,.T.);
#3587=ORIENTED_EDGE('',*,*,#2655,.F.);
#3588=ORIENTED_EDGE('',*,*,#2656,.F.);
#3589=ORIENTED_EDGE('',*,*,#2657,.F.);
#3590=ORIENTED_EDGE('',*,*,#2658,.F.);
#3591=ORIENTED_EDGE('',*,*,#2655,.T.);
#3592=ORIENTED_EDGE('',*,*,#2659,.T.);
#3593=ORIENTED_EDGE('',*,*,#2657,.T.);
#3594=ORIENTED_EDGE('',*,*,#2660,.F.);
#3595=ORIENTED_EDGE('',*,*,#2661,.F.);
#3596=ORIENTED_EDGE('',*,*,#2654,.F.);
#3597=ORIENTED_EDGE('',*,*,#2662,.F.);
#3598=ORIENTED_EDGE('',*,*,#2660,.T.);
#3599=ORIENTED_EDGE('',*,*,#2659,.F.);
#3600=ORIENTED_EDGE('',*,*,#2663,.F.);
#3601=ORIENTED_EDGE('',*,*,#2664,.T.);
#3602=ORIENTED_EDGE('',*,*,#2665,.F.);
#3603=ORIENTED_EDGE('',*,*,#2666,.T.);
#3604=ORIENTED_EDGE('',*,*,#2663,.T.);
#3605=ORIENTED_EDGE('',*,*,#2667,.F.);
#3606=ORIENTED_EDGE('',*,*,#2668,.F.);
#3607=ORIENTED_EDGE('',*,*,#2669,.T.);
#3608=ORIENTED_EDGE('',*,*,#2666,.F.);
#3609=ORIENTED_EDGE('',*,*,#2670,.F.);
#3610=ORIENTED_EDGE('',*,*,#2671,.F.);
#3611=ORIENTED_EDGE('',*,*,#2667,.T.);
#3612=ORIENTED_EDGE('',*,*,#2672,.F.);
#3613=ORIENTED_EDGE('',*,*,#2673,.F.);
#3614=ORIENTED_EDGE('',*,*,#2674,.F.);
#3615=ORIENTED_EDGE('',*,*,#2675,.F.);
#3616=ORIENTED_EDGE('',*,*,#2676,.F.);
#3617=ORIENTED_EDGE('',*,*,#2677,.F.);
#3618=ORIENTED_EDGE('',*,*,#2678,.F.);
#3619=ORIENTED_EDGE('',*,*,#2679,.F.);
#3620=ORIENTED_EDGE('',*,*,#2680,.F.);
#3621=ORIENTED_EDGE('',*,*,#2681,.F.);
#3622=ORIENTED_EDGE('',*,*,#2682,.F.);
#3623=ORIENTED_EDGE('',*,*,#2683,.F.);
#3624=ORIENTED_EDGE('',*,*,#2684,.F.);
#3625=ORIENTED_EDGE('',*,*,#2685,.F.);
#3626=ORIENTED_EDGE('',*,*,#2686,.F.);
#3627=ORIENTED_EDGE('',*,*,#2687,.F.);
#3628=ORIENTED_EDGE('',*,*,#2688,.F.);
#3629=ORIENTED_EDGE('',*,*,#2689,.F.);
#3630=ORIENTED_EDGE('',*,*,#2690,.F.);
#3631=ORIENTED_EDGE('',*,*,#2691,.F.);
#3632=ORIENTED_EDGE('',*,*,#2692,.F.);
#3633=ORIENTED_EDGE('',*,*,#2693,.F.);
#3634=ORIENTED_EDGE('',*,*,#2694,.F.);
#3635=ORIENTED_EDGE('',*,*,#2695,.F.);
#3636=ORIENTED_EDGE('',*,*,#2696,.F.);
#3637=ORIENTED_EDGE('',*,*,#2697,.F.);
#3638=ORIENTED_EDGE('',*,*,#2698,.F.);
#3639=ORIENTED_EDGE('',*,*,#2699,.F.);
#3640=ORIENTED_EDGE('',*,*,#2700,.F.);
#3641=ORIENTED_EDGE('',*,*,#2701,.F.);
#3642=ORIENTED_EDGE('',*,*,#2702,.F.);
#3643=ORIENTED_EDGE('',*,*,#2703,.F.);
#3644=ORIENTED_EDGE('',*,*,#2704,.F.);
#3645=ORIENTED_EDGE('',*,*,#2705,.F.);
#3646=ORIENTED_EDGE('',*,*,#2706,.F.);
#3647=ORIENTED_EDGE('',*,*,#2707,.F.);
#3648=ORIENTED_EDGE('',*,*,#2691,.T.);
#3649=ORIENTED_EDGE('',*,*,#2708,.F.);
#3650=ORIENTED_EDGE('',*,*,#2709,.T.);
#3651=ORIENTED_EDGE('',*,*,#2710,.T.);
#3652=ORIENTED_EDGE('',*,*,#2690,.T.);
#3653=ORIENTED_EDGE('',*,*,#2711,.T.);
#3654=ORIENTED_EDGE('',*,*,#2712,.T.);
#3655=ORIENTED_EDGE('',*,*,#2708,.T.);
#3656=ORIENTED_EDGE('',*,*,#2656,.T.);
#3657=ORIENTED_EDGE('',*,*,#2658,.T.);
#3658=ORIENTED_EDGE('',*,*,#2661,.T.);
#3659=ORIENTED_EDGE('',*,*,#2662,.T.);
#3660=ORIENTED_EDGE('',*,*,#2689,.T.);
#3661=ORIENTED_EDGE('',*,*,#2713,.T.);
#3662=ORIENTED_EDGE('',*,*,#2714,.T.);
#3663=ORIENTED_EDGE('',*,*,#2711,.F.);
#3664=ORIENTED_EDGE('',*,*,#2688,.T.);
#3665=ORIENTED_EDGE('',*,*,#2715,.T.);
#3666=ORIENTED_EDGE('',*,*,#2716,.T.);
#3667=ORIENTED_EDGE('',*,*,#2713,.F.);
#3668=ORIENTED_EDGE('',*,*,#2687,.T.);
#3669=ORIENTED_EDGE('',*,*,#2717,.T.);
#3670=ORIENTED_EDGE('',*,*,#2718,.T.);
#3671=ORIENTED_EDGE('',*,*,#2715,.F.);
#3672=ORIENTED_EDGE('',*,*,#2638,.T.);
#3673=ORIENTED_EDGE('',*,*,#2640,.T.);
#3674=ORIENTED_EDGE('',*,*,#2643,.T.);
#3675=ORIENTED_EDGE('',*,*,#2644,.T.);
#3676=ORIENTED_EDGE('',*,*,#2686,.T.);
#3677=ORIENTED_EDGE('',*,*,#2719,.T.);
#3678=ORIENTED_EDGE('',*,*,#2720,.T.);
#3679=ORIENTED_EDGE('',*,*,#2717,.F.);
#3680=ORIENTED_EDGE('',*,*,#2685,.T.);
#3681=ORIENTED_EDGE('',*,*,#2721,.T.);
#3682=ORIENTED_EDGE('',*,*,#2722,.T.);
#3683=ORIENTED_EDGE('',*,*,#2719,.F.);
#3684=ORIENTED_EDGE('',*,*,#2684,.T.);
#3685=ORIENTED_EDGE('',*,*,#2723,.T.);
#3686=ORIENTED_EDGE('',*,*,#2724,.T.);
#3687=ORIENTED_EDGE('',*,*,#2721,.F.);
#3688=ORIENTED_EDGE('',*,*,#2683,.T.);
#3689=ORIENTED_EDGE('',*,*,#2725,.T.);
#3690=ORIENTED_EDGE('',*,*,#2726,.T.);
#3691=ORIENTED_EDGE('',*,*,#2723,.F.);
#3692=ORIENTED_EDGE('',*,*,#2682,.T.);
#3693=ORIENTED_EDGE('',*,*,#2727,.T.);
#3694=ORIENTED_EDGE('',*,*,#2728,.T.);
#3695=ORIENTED_EDGE('',*,*,#2725,.F.);
#3696=ORIENTED_EDGE('',*,*,#2681,.T.);
#3697=ORIENTED_EDGE('',*,*,#2729,.T.);
#3698=ORIENTED_EDGE('',*,*,#2730,.T.);
#3699=ORIENTED_EDGE('',*,*,#2727,.F.);
#3700=ORIENTED_EDGE('',*,*,#2680,.T.);
#3701=ORIENTED_EDGE('',*,*,#2731,.T.);
#3702=ORIENTED_EDGE('',*,*,#2732,.T.);
#3703=ORIENTED_EDGE('',*,*,#2729,.F.);
#3704=ORIENTED_EDGE('',*,*,#2679,.T.);
#3705=ORIENTED_EDGE('',*,*,#2733,.T.);
#3706=ORIENTED_EDGE('',*,*,#2734,.T.);
#3707=ORIENTED_EDGE('',*,*,#2731,.F.);
#3708=ORIENTED_EDGE('',*,*,#2678,.T.);
#3709=ORIENTED_EDGE('',*,*,#2735,.T.);
#3710=ORIENTED_EDGE('',*,*,#2736,.T.);
#3711=ORIENTED_EDGE('',*,*,#2733,.F.);
#3712=ORIENTED_EDGE('',*,*,#2677,.T.);
#3713=ORIENTED_EDGE('',*,*,#2737,.T.);
#3714=ORIENTED_EDGE('',*,*,#2738,.T.);
#3715=ORIENTED_EDGE('',*,*,#2735,.F.);
#3716=ORIENTED_EDGE('',*,*,#2646,.T.);
#3717=ORIENTED_EDGE('',*,*,#2653,.T.);
#3718=ORIENTED_EDGE('',*,*,#2651,.T.);
#3719=ORIENTED_EDGE('',*,*,#2650,.T.);
#3720=ORIENTED_EDGE('',*,*,#2676,.T.);
#3721=ORIENTED_EDGE('',*,*,#2739,.T.);
#3722=ORIENTED_EDGE('',*,*,#2740,.T.);
#3723=ORIENTED_EDGE('',*,*,#2737,.F.);
#3724=ORIENTED_EDGE('',*,*,#2675,.T.);
#3725=ORIENTED_EDGE('',*,*,#2741,.T.);
#3726=ORIENTED_EDGE('',*,*,#2742,.T.);
#3727=ORIENTED_EDGE('',*,*,#2739,.F.);
#3728=ORIENTED_EDGE('',*,*,#2674,.T.);
#3729=ORIENTED_EDGE('',*,*,#2743,.F.);
#3730=ORIENTED_EDGE('',*,*,#2744,.T.);
#3731=ORIENTED_EDGE('',*,*,#2741,.F.);
#3732=ORIENTED_EDGE('',*,*,#2745,.T.);
#3733=ORIENTED_EDGE('',*,*,#2746,.T.);
#3734=ORIENTED_EDGE('',*,*,#2668,.T.);
#3735=ORIENTED_EDGE('',*,*,#2671,.T.);
#3736=ORIENTED_EDGE('',*,*,#2665,.T.);
#3737=ORIENTED_EDGE('',*,*,#2747,.F.);
#3738=ORIENTED_EDGE('',*,*,#2745,.F.);
#3739=ORIENTED_EDGE('',*,*,#2670,.T.);
#3740=ORIENTED_EDGE('',*,*,#2664,.F.);
#3741=ORIENTED_EDGE('',*,*,#2669,.F.);
#3742=ORIENTED_EDGE('',*,*,#2746,.F.);
#3743=ORIENTED_EDGE('',*,*,#2747,.T.);
#3744=ORIENTED_EDGE('',*,*,#2748,.F.);
#3745=ORIENTED_EDGE('',*,*,#2749,.F.);
#3746=ORIENTED_EDGE('',*,*,#2750,.F.);
#3747=ORIENTED_EDGE('',*,*,#2751,.F.);
#3748=ORIENTED_EDGE('',*,*,#2752,.F.);
#3749=ORIENTED_EDGE('',*,*,#2753,.F.);
#3750=ORIENTED_EDGE('',*,*,#2754,.F.);
#3751=ORIENTED_EDGE('',*,*,#2755,.F.);
#3752=ORIENTED_EDGE('',*,*,#2756,.F.);
#3753=ORIENTED_EDGE('',*,*,#2757,.F.);
#3754=ORIENTED_EDGE('',*,*,#2758,.F.);
#3755=ORIENTED_EDGE('',*,*,#2759,.F.);
#3756=ORIENTED_EDGE('',*,*,#2760,.F.);
#3757=ORIENTED_EDGE('',*,*,#2761,.F.);
#3758=ORIENTED_EDGE('',*,*,#2762,.F.);
#3759=ORIENTED_EDGE('',*,*,#2763,.F.);
#3760=ORIENTED_EDGE('',*,*,#2764,.F.);
#3761=ORIENTED_EDGE('',*,*,#2709,.F.);
#3762=ORIENTED_EDGE('',*,*,#2712,.F.);
#3763=ORIENTED_EDGE('',*,*,#2714,.F.);
#3764=ORIENTED_EDGE('',*,*,#2716,.F.);
#3765=ORIENTED_EDGE('',*,*,#2718,.F.);
#3766=ORIENTED_EDGE('',*,*,#2720,.F.);
#3767=ORIENTED_EDGE('',*,*,#2722,.F.);
#3768=ORIENTED_EDGE('',*,*,#2724,.F.);
#3769=ORIENTED_EDGE('',*,*,#2726,.F.);
#3770=ORIENTED_EDGE('',*,*,#2728,.F.);
#3771=ORIENTED_EDGE('',*,*,#2730,.F.);
#3772=ORIENTED_EDGE('',*,*,#2732,.F.);
#3773=ORIENTED_EDGE('',*,*,#2734,.F.);
#3774=ORIENTED_EDGE('',*,*,#2736,.F.);
#3775=ORIENTED_EDGE('',*,*,#2738,.F.);
#3776=ORIENTED_EDGE('',*,*,#2740,.F.);
#3777=ORIENTED_EDGE('',*,*,#2742,.F.);
#3778=ORIENTED_EDGE('',*,*,#2744,.F.);
#3779=ORIENTED_EDGE('',*,*,#2765,.F.);
#3780=ORIENTED_EDGE('',*,*,#2692,.T.);
#3781=ORIENTED_EDGE('',*,*,#2710,.F.);
#3782=ORIENTED_EDGE('',*,*,#2764,.T.);
#3783=ORIENTED_EDGE('',*,*,#2766,.T.);
#3784=ORIENTED_EDGE('',*,*,#2693,.T.);
#3785=ORIENTED_EDGE('',*,*,#2766,.F.);
#3786=ORIENTED_EDGE('',*,*,#2763,.T.);
#3787=ORIENTED_EDGE('',*,*,#2767,.T.);
#3788=ORIENTED_EDGE('',*,*,#2694,.T.);
#3789=ORIENTED_EDGE('',*,*,#2767,.F.);
#3790=ORIENTED_EDGE('',*,*,#2762,.T.);
#3791=ORIENTED_EDGE('',*,*,#2768,.T.);
#3792=ORIENTED_EDGE('',*,*,#2695,.T.);
#3793=ORIENTED_EDGE('',*,*,#2768,.F.);
#3794=ORIENTED_EDGE('',*,*,#2761,.T.);
#3795=ORIENTED_EDGE('',*,*,#2769,.T.);
#3796=ORIENTED_EDGE('',*,*,#2696,.T.);
#3797=ORIENTED_EDGE('',*,*,#2769,.F.);
#3798=ORIENTED_EDGE('',*,*,#2760,.T.);
#3799=ORIENTED_EDGE('',*,*,#2770,.T.);
#3800=ORIENTED_EDGE('',*,*,#2697,.T.);
#3801=ORIENTED_EDGE('',*,*,#2770,.F.);
#3802=ORIENTED_EDGE('',*,*,#2759,.T.);
#3803=ORIENTED_EDGE('',*,*,#2771,.T.);
#3804=ORIENTED_EDGE('',*,*,#2698,.T.);
#3805=ORIENTED_EDGE('',*,*,#2771,.F.);
#3806=ORIENTED_EDGE('',*,*,#2758,.T.);
#3807=ORIENTED_EDGE('',*,*,#2772,.T.);
#3808=ORIENTED_EDGE('',*,*,#2699,.T.);
#3809=ORIENTED_EDGE('',*,*,#2772,.F.);
#3810=ORIENTED_EDGE('',*,*,#2757,.T.);
#3811=ORIENTED_EDGE('',*,*,#2773,.T.);
#3812=ORIENTED_EDGE('',*,*,#2700,.T.);
#3813=ORIENTED_EDGE('',*,*,#2773,.F.);
#3814=ORIENTED_EDGE('',*,*,#2756,.T.);
#3815=ORIENTED_EDGE('',*,*,#2774,.T.);
#3816=ORIENTED_EDGE('',*,*,#2701,.T.);
#3817=ORIENTED_EDGE('',*,*,#2774,.F.);
#3818=ORIENTED_EDGE('',*,*,#2755,.T.);
#3819=ORIENTED_EDGE('',*,*,#2775,.T.);
#3820=ORIENTED_EDGE('',*,*,#2702,.T.);
#3821=ORIENTED_EDGE('',*,*,#2775,.F.);
#3822=ORIENTED_EDGE('',*,*,#2754,.T.);
#3823=ORIENTED_EDGE('',*,*,#2776,.T.);
#3824=ORIENTED_EDGE('',*,*,#2703,.T.);
#3825=ORIENTED_EDGE('',*,*,#2776,.F.);
#3826=ORIENTED_EDGE('',*,*,#2753,.T.);
#3827=ORIENTED_EDGE('',*,*,#2777,.T.);
#3828=ORIENTED_EDGE('',*,*,#2704,.T.);
#3829=ORIENTED_EDGE('',*,*,#2777,.F.);
#3830=ORIENTED_EDGE('',*,*,#2752,.T.);
#3831=ORIENTED_EDGE('',*,*,#2778,.T.);
#3832=ORIENTED_EDGE('',*,*,#2705,.T.);
#3833=ORIENTED_EDGE('',*,*,#2778,.F.);
#3834=ORIENTED_EDGE('',*,*,#2751,.T.);
#3835=ORIENTED_EDGE('',*,*,#2779,.T.);
#3836=ORIENTED_EDGE('',*,*,#2706,.T.);
#3837=ORIENTED_EDGE('',*,*,#2779,.F.);
#3838=ORIENTED_EDGE('',*,*,#2750,.T.);
#3839=ORIENTED_EDGE('',*,*,#2780,.T.);
#3840=ORIENTED_EDGE('',*,*,#2707,.T.);
#3841=ORIENTED_EDGE('',*,*,#2780,.F.);
#3842=ORIENTED_EDGE('',*,*,#2749,.T.);
#3843=ORIENTED_EDGE('',*,*,#2781,.F.);
#3844=ORIENTED_EDGE('',*,*,#2672,.T.);
#3845=ORIENTED_EDGE('',*,*,#2781,.T.);
#3846=ORIENTED_EDGE('',*,*,#2748,.T.);
#3847=ORIENTED_EDGE('',*,*,#2782,.T.);
#3848=ORIENTED_EDGE('',*,*,#2673,.T.);
#3849=ORIENTED_EDGE('',*,*,#2782,.F.);
#3850=ORIENTED_EDGE('',*,*,#2765,.T.);
#3851=ORIENTED_EDGE('',*,*,#2743,.T.);
#3852=ORIENTED_EDGE('',*,*,#2783,.T.);
#3853=ORIENTED_EDGE('',*,*,#2784,.T.);
#3854=ORIENTED_EDGE('',*,*,#2785,.F.);
#3855=ORIENTED_EDGE('',*,*,#2786,.F.);
#3856=ORIENTED_EDGE('',*,*,#2787,.T.);
#3857=ORIENTED_EDGE('',*,*,#2788,.T.);
#3858=ORIENTED_EDGE('',*,*,#2789,.F.);
#3859=ORIENTED_EDGE('',*,*,#2784,.F.);
#3860=ORIENTED_EDGE('',*,*,#2790,.T.);
#3861=ORIENTED_EDGE('',*,*,#2791,.T.);
#3862=ORIENTED_EDGE('',*,*,#2792,.F.);
#3863=ORIENTED_EDGE('',*,*,#2788,.F.);
#3864=ORIENTED_EDGE('',*,*,#2793,.T.);
#3865=ORIENTED_EDGE('',*,*,#2794,.T.);
#3866=ORIENTED_EDGE('',*,*,#2795,.F.);
#3867=ORIENTED_EDGE('',*,*,#2791,.F.);
#3868=ORIENTED_EDGE('',*,*,#2796,.T.);
#3869=ORIENTED_EDGE('',*,*,#2797,.T.);
#3870=ORIENTED_EDGE('',*,*,#2798,.F.);
#3871=ORIENTED_EDGE('',*,*,#2794,.F.);
#3872=ORIENTED_EDGE('',*,*,#2799,.T.);
#3873=ORIENTED_EDGE('',*,*,#2800,.T.);
#3874=ORIENTED_EDGE('',*,*,#2801,.F.);
#3875=ORIENTED_EDGE('',*,*,#2797,.F.);
#3876=ORIENTED_EDGE('',*,*,#2802,.T.);
#3877=ORIENTED_EDGE('',*,*,#2803,.T.);
#3878=ORIENTED_EDGE('',*,*,#2804,.F.);
#3879=ORIENTED_EDGE('',*,*,#2800,.F.);
#3880=ORIENTED_EDGE('',*,*,#2805,.T.);
#3881=ORIENTED_EDGE('',*,*,#2806,.T.);
#3882=ORIENTED_EDGE('',*,*,#2807,.F.);
#3883=ORIENTED_EDGE('',*,*,#2803,.F.);
#3884=ORIENTED_EDGE('',*,*,#2808,.T.);
#3885=ORIENTED_EDGE('',*,*,#2809,.T.);
#3886=ORIENTED_EDGE('',*,*,#2810,.F.);
#3887=ORIENTED_EDGE('',*,*,#2806,.F.);
#3888=ORIENTED_EDGE('',*,*,#2811,.T.);
#3889=ORIENTED_EDGE('',*,*,#2812,.T.);
#3890=ORIENTED_EDGE('',*,*,#2813,.F.);
#3891=ORIENTED_EDGE('',*,*,#2814,.T.);
#3892=ORIENTED_EDGE('',*,*,#2815,.T.);
#3893=ORIENTED_EDGE('',*,*,#2816,.T.);
#3894=ORIENTED_EDGE('',*,*,#2817,.F.);
#3895=ORIENTED_EDGE('',*,*,#2812,.F.);
#3896=ORIENTED_EDGE('',*,*,#2818,.T.);
#3897=ORIENTED_EDGE('',*,*,#2819,.T.);
#3898=ORIENTED_EDGE('',*,*,#2820,.F.);
#3899=ORIENTED_EDGE('',*,*,#2816,.F.);
#3900=ORIENTED_EDGE('',*,*,#2821,.T.);
#3901=ORIENTED_EDGE('',*,*,#2822,.T.);
#3902=ORIENTED_EDGE('',*,*,#2823,.F.);
#3903=ORIENTED_EDGE('',*,*,#2819,.F.);
#3904=ORIENTED_EDGE('',*,*,#2824,.T.);
#3905=ORIENTED_EDGE('',*,*,#2786,.T.);
#3906=ORIENTED_EDGE('',*,*,#2825,.F.);
#3907=ORIENTED_EDGE('',*,*,#2822,.F.);
#3908=ORIENTED_EDGE('',*,*,#2826,.F.);
#3909=ORIENTED_EDGE('',*,*,#2827,.T.);
#3910=ORIENTED_EDGE('',*,*,#2828,.F.);
#3911=ORIENTED_EDGE('',*,*,#2795,.T.);
#3912=ORIENTED_EDGE('',*,*,#2829,.T.);
#3913=ORIENTED_EDGE('',*,*,#2830,.T.);
#3914=ORIENTED_EDGE('',*,*,#2831,.F.);
#3915=ORIENTED_EDGE('',*,*,#2792,.T.);
#3916=ORIENTED_EDGE('',*,*,#2828,.T.);
#3917=ORIENTED_EDGE('',*,*,#2832,.T.);
#3918=ORIENTED_EDGE('',*,*,#2833,.T.);
#3919=ORIENTED_EDGE('',*,*,#2834,.F.);
#3920=ORIENTED_EDGE('',*,*,#2789,.T.);
#3921=ORIENTED_EDGE('',*,*,#2831,.T.);
#3922=ORIENTED_EDGE('',*,*,#2835,.T.);
#3923=ORIENTED_EDGE('',*,*,#2836,.T.);
#3924=ORIENTED_EDGE('',*,*,#2837,.T.);
#3925=ORIENTED_EDGE('',*,*,#2838,.T.);
#3926=ORIENTED_EDGE('',*,*,#2804,.T.);
#3927=ORIENTED_EDGE('',*,*,#2839,.F.);
#3928=ORIENTED_EDGE('',*,*,#2840,.T.);
#3929=ORIENTED_EDGE('',*,*,#2841,.T.);
#3930=ORIENTED_EDGE('',*,*,#2842,.F.);
#3931=ORIENTED_EDGE('',*,*,#2810,.T.);
#3932=ORIENTED_EDGE('',*,*,#2843,.F.);
#3933=ORIENTED_EDGE('',*,*,#2807,.T.);
#3934=ORIENTED_EDGE('',*,*,#2842,.T.);
#3935=ORIENTED_EDGE('',*,*,#2844,.T.);
#3936=ORIENTED_EDGE('',*,*,#2839,.T.);
#3937=ORIENTED_EDGE('',*,*,#2845,.T.);
#3938=ORIENTED_EDGE('',*,*,#2846,.F.);
#3939=ORIENTED_EDGE('',*,*,#2820,.T.);
#3940=ORIENTED_EDGE('',*,*,#2847,.F.);
#3941=ORIENTED_EDGE('',*,*,#2848,.T.);
#3942=ORIENTED_EDGE('',*,*,#2849,.T.);
#3943=ORIENTED_EDGE('',*,*,#2817,.T.);
#3944=ORIENTED_EDGE('',*,*,#2846,.T.);
#3945=ORIENTED_EDGE('',*,*,#2850,.T.);
#3946=ORIENTED_EDGE('',*,*,#2851,.T.);
#3947=ORIENTED_EDGE('',*,*,#2852,.T.);
#3948=ORIENTED_EDGE('',*,*,#2853,.T.);
#3949=ORIENTED_EDGE('',*,*,#2847,.T.);
#3950=ORIENTED_EDGE('',*,*,#2823,.T.);
#3951=ORIENTED_EDGE('',*,*,#2854,.F.);
#3952=ORIENTED_EDGE('',*,*,#2855,.T.);
#3953=ORIENTED_EDGE('',*,*,#2856,.T.);
#3954=ORIENTED_EDGE('',*,*,#2857,.F.);
#3955=ORIENTED_EDGE('',*,*,#2858,.T.);
#3956=ORIENTED_EDGE('',*,*,#2854,.T.);
#3957=ORIENTED_EDGE('',*,*,#2825,.T.);
#3958=ORIENTED_EDGE('',*,*,#2859,.T.);
#3959=ORIENTED_EDGE('',*,*,#2860,.T.);
#3960=ORIENTED_EDGE('',*,*,#2861,.T.);
#3961=ORIENTED_EDGE('',*,*,#2834,.T.);
#3962=ORIENTED_EDGE('',*,*,#2857,.T.);
#3963=ORIENTED_EDGE('',*,*,#2785,.T.);
#3964=ORIENTED_EDGE('',*,*,#2862,.T.);
#3965=ORIENTED_EDGE('',*,*,#2826,.T.);
#3966=ORIENTED_EDGE('',*,*,#2798,.T.);
#3967=ORIENTED_EDGE('',*,*,#2863,.F.);
#3968=ORIENTED_EDGE('',*,*,#2864,.F.);
#3969=ORIENTED_EDGE('',*,*,#2865,.F.);
#3970=ORIENTED_EDGE('',*,*,#2866,.F.);
#3971=ORIENTED_EDGE('',*,*,#2867,.F.);
#3972=ORIENTED_EDGE('',*,*,#2868,.F.);
#3973=ORIENTED_EDGE('',*,*,#2869,.F.);
#3974=ORIENTED_EDGE('',*,*,#2867,.T.);
#3975=ORIENTED_EDGE('',*,*,#2870,.F.);
#3976=ORIENTED_EDGE('',*,*,#2871,.F.);
#3977=ORIENTED_EDGE('',*,*,#2872,.F.);
#3978=ORIENTED_EDGE('',*,*,#2873,.T.);
#3979=ORIENTED_EDGE('',*,*,#2874,.F.);
#3980=ORIENTED_EDGE('',*,*,#2875,.F.);
#3981=ORIENTED_EDGE('',*,*,#2876,.F.);
#3982=ORIENTED_EDGE('',*,*,#2877,.F.);
#3983=ORIENTED_EDGE('',*,*,#2878,.F.);
#3984=ORIENTED_EDGE('',*,*,#2879,.F.);
#3985=ORIENTED_EDGE('',*,*,#2880,.F.);
#3986=ORIENTED_EDGE('',*,*,#2878,.T.);
#3987=ORIENTED_EDGE('',*,*,#2881,.F.);
#3988=ORIENTED_EDGE('',*,*,#2882,.T.);
#3989=ORIENTED_EDGE('',*,*,#2883,.F.);
#3990=ORIENTED_EDGE('',*,*,#2884,.F.);
#3991=ORIENTED_EDGE('',*,*,#2885,.F.);
#3992=ORIENTED_EDGE('',*,*,#2886,.F.);
#3993=ORIENTED_EDGE('',*,*,#2887,.F.);
#3994=ORIENTED_EDGE('',*,*,#2888,.T.);
#3995=ORIENTED_EDGE('',*,*,#2889,.F.);
#3996=ORIENTED_EDGE('',*,*,#2886,.T.);
#3997=ORIENTED_EDGE('',*,*,#2890,.F.);
#3998=ORIENTED_EDGE('',*,*,#2891,.T.);
#3999=ORIENTED_EDGE('',*,*,#2892,.F.);
#4000=ORIENTED_EDGE('',*,*,#2893,.F.);
#4001=ORIENTED_EDGE('',*,*,#2894,.F.);
#4002=ORIENTED_EDGE('',*,*,#2865,.T.);
#4003=ORIENTED_EDGE('',*,*,#2895,.F.);
#4004=ORIENTED_EDGE('',*,*,#2896,.T.);
#4005=ORIENTED_EDGE('',*,*,#2897,.F.);
#4006=ORIENTED_EDGE('',*,*,#2868,.T.);
#4007=ORIENTED_EDGE('',*,*,#2898,.F.);
#4008=ORIENTED_EDGE('',*,*,#2899,.F.);
#4009=ORIENTED_EDGE('',*,*,#2900,.F.);
#4010=ORIENTED_EDGE('',*,*,#2899,.T.);
#4011=ORIENTED_EDGE('',*,*,#2901,.F.);
#4012=ORIENTED_EDGE('',*,*,#2902,.F.);
#4013=ORIENTED_EDGE('',*,*,#2903,.F.);
#4014=ORIENTED_EDGE('',*,*,#2902,.T.);
#4015=ORIENTED_EDGE('',*,*,#2904,.F.);
#4016=ORIENTED_EDGE('',*,*,#2864,.T.);
#4017=ORIENTED_EDGE('',*,*,#2905,.T.);
#4018=ORIENTED_EDGE('',*,*,#2906,.T.);
#4019=ORIENTED_EDGE('',*,*,#2907,.T.);
#4020=ORIENTED_EDGE('',*,*,#2908,.T.);
#4021=ORIENTED_EDGE('',*,*,#2909,.T.);
#4022=ORIENTED_EDGE('',*,*,#2904,.T.);
#4023=ORIENTED_EDGE('',*,*,#2901,.T.);
#4024=ORIENTED_EDGE('',*,*,#2898,.T.);
#4025=ORIENTED_EDGE('',*,*,#2869,.T.);
#4026=ORIENTED_EDGE('',*,*,#2872,.T.);
#4027=ORIENTED_EDGE('',*,*,#2881,.T.);
#4028=ORIENTED_EDGE('',*,*,#2877,.T.);
#4029=ORIENTED_EDGE('',*,*,#2910,.T.);
#4030=ORIENTED_EDGE('',*,*,#2887,.T.);
#4031=ORIENTED_EDGE('',*,*,#2885,.T.);
#4032=ORIENTED_EDGE('',*,*,#2890,.T.);
#4033=ORIENTED_EDGE('',*,*,#2895,.T.);
#4034=ORIENTED_EDGE('',*,*,#2911,.T.);
#4035=ORIENTED_EDGE('',*,*,#2912,.T.);
#4036=ORIENTED_EDGE('',*,*,#2913,.T.);
#4037=ORIENTED_EDGE('',*,*,#2914,.F.);
#4038=ORIENTED_EDGE('',*,*,#2915,.T.);
#4039=ORIENTED_EDGE('',*,*,#2916,.F.);
#4040=ORIENTED_EDGE('',*,*,#2917,.T.);
#4041=ORIENTED_EDGE('',*,*,#2918,.F.);
#4042=ORIENTED_EDGE('',*,*,#2919,.T.);
#4043=ORIENTED_EDGE('',*,*,#2920,.F.);
#4044=ORIENTED_EDGE('',*,*,#2921,.T.);
#4045=ORIENTED_EDGE('',*,*,#2873,.F.);
#4046=ORIENTED_EDGE('',*,*,#2871,.T.);
#4047=ORIENTED_EDGE('',*,*,#2922,.T.);
#4048=ORIENTED_EDGE('',*,*,#2882,.F.);
#4049=ORIENTED_EDGE('',*,*,#2875,.T.);
#4050=ORIENTED_EDGE('',*,*,#2923,.T.);
#4051=ORIENTED_EDGE('',*,*,#2891,.F.);
#4052=ORIENTED_EDGE('',*,*,#2884,.T.);
#4053=ORIENTED_EDGE('',*,*,#2924,.T.);
#4054=ORIENTED_EDGE('',*,*,#2896,.F.);
#4055=ORIENTED_EDGE('',*,*,#2893,.T.);
#4056=ORIENTED_EDGE('',*,*,#2925,.T.);
#4057=ORIENTED_EDGE('',*,*,#2926,.F.);
#4058=ORIENTED_EDGE('',*,*,#2927,.T.);
#4059=ORIENTED_EDGE('',*,*,#2921,.F.);
#4060=ORIENTED_EDGE('',*,*,#2927,.F.);
#4061=ORIENTED_EDGE('',*,*,#2928,.F.);
#4062=ORIENTED_EDGE('',*,*,#2929,.T.);
#4063=ORIENTED_EDGE('',*,*,#2912,.F.);
#4064=ORIENTED_EDGE('',*,*,#2929,.F.);
#4065=ORIENTED_EDGE('',*,*,#2930,.F.);
#4066=ORIENTED_EDGE('',*,*,#2931,.T.);
#4067=ORIENTED_EDGE('',*,*,#2911,.F.);
#4068=ORIENTED_EDGE('',*,*,#2931,.F.);
#4069=ORIENTED_EDGE('',*,*,#2932,.F.);
#4070=ORIENTED_EDGE('',*,*,#2917,.F.);
#4071=ORIENTED_EDGE('',*,*,#2933,.F.);
#4072=ORIENTED_EDGE('',*,*,#2934,.F.);
#4073=ORIENTED_EDGE('',*,*,#2935,.T.);
#4074=ORIENTED_EDGE('',*,*,#2933,.T.);
#4075=ORIENTED_EDGE('',*,*,#2916,.T.);
#4076=ORIENTED_EDGE('',*,*,#2936,.T.);
#4077=ORIENTED_EDGE('',*,*,#2937,.F.);
#4078=ORIENTED_EDGE('',*,*,#2938,.F.);
#4079=ORIENTED_EDGE('',*,*,#2936,.F.);
#4080=ORIENTED_EDGE('',*,*,#2915,.F.);
#4081=ORIENTED_EDGE('',*,*,#2939,.T.);
#4082=ORIENTED_EDGE('',*,*,#2937,.T.);
#4083=ORIENTED_EDGE('',*,*,#2914,.T.);
#4084=ORIENTED_EDGE('',*,*,#2940,.T.);
#4085=ORIENTED_EDGE('',*,*,#2941,.F.);
#4086=ORIENTED_EDGE('',*,*,#2919,.F.);
#4087=ORIENTED_EDGE('',*,*,#2942,.F.);
#4088=ORIENTED_EDGE('',*,*,#2943,.F.);
#4089=ORIENTED_EDGE('',*,*,#2944,.T.);
#4090=ORIENTED_EDGE('',*,*,#2942,.T.);
#4091=ORIENTED_EDGE('',*,*,#2918,.T.);
#4092=ORIENTED_EDGE('',*,*,#2932,.T.);
#4093=ORIENTED_EDGE('',*,*,#2945,.F.);
#4094=ORIENTED_EDGE('',*,*,#2946,.F.);
#4095=ORIENTED_EDGE('',*,*,#2940,.F.);
#4096=ORIENTED_EDGE('',*,*,#2913,.F.);
#4097=ORIENTED_EDGE('',*,*,#2947,.T.);
#4098=ORIENTED_EDGE('',*,*,#2945,.T.);
#4099=ORIENTED_EDGE('',*,*,#2920,.T.);
#4100=ORIENTED_EDGE('',*,*,#2941,.T.);
#4101=ORIENTED_EDGE('',*,*,#2948,.T.);
#4102=ORIENTED_EDGE('',*,*,#2949,.T.);
#4103=ORIENTED_EDGE('',*,*,#2950,.F.);
#4104=ORIENTED_EDGE('',*,*,#2809,.F.);
#4105=ORIENTED_EDGE('',*,*,#2951,.T.);
#4106=ORIENTED_EDGE('',*,*,#2952,.F.);
#4107=ORIENTED_EDGE('',*,*,#2888,.F.);
#4108=ORIENTED_EDGE('',*,*,#2910,.F.);
#4109=ORIENTED_EDGE('',*,*,#2876,.T.);
#4110=ORIENTED_EDGE('',*,*,#2907,.F.);
#4111=ORIENTED_EDGE('',*,*,#2953,.T.);
#4112=ORIENTED_EDGE('',*,*,#2954,.T.);
#4113=ORIENTED_EDGE('',*,*,#2955,.T.);
#4114=ORIENTED_EDGE('',*,*,#2956,.T.);
#4115=ORIENTED_EDGE('',*,*,#2957,.T.);
#4116=ORIENTED_EDGE('',*,*,#2958,.T.);
#4117=ORIENTED_EDGE('',*,*,#2814,.F.);
#4118=ORIENTED_EDGE('',*,*,#2959,.F.);
#4119=ORIENTED_EDGE('',*,*,#2949,.F.);
#4120=ORIENTED_EDGE('',*,*,#2960,.F.);
#4121=ORIENTED_EDGE('',*,*,#2961,.T.);
#4122=ORIENTED_EDGE('',*,*,#2954,.F.);
#4123=ORIENTED_EDGE('',*,*,#2962,.F.);
#4124=ORIENTED_EDGE('',*,*,#2963,.T.);
#4125=ORIENTED_EDGE('',*,*,#2955,.F.);
#4126=ORIENTED_EDGE('',*,*,#2961,.F.);
#4127=ORIENTED_EDGE('',*,*,#2964,.T.);
#4128=ORIENTED_EDGE('',*,*,#2962,.T.);
#4129=ORIENTED_EDGE('',*,*,#2960,.T.);
#4130=ORIENTED_EDGE('',*,*,#2965,.T.);
#4131=ORIENTED_EDGE('',*,*,#2966,.F.);
#4132=ORIENTED_EDGE('',*,*,#2951,.F.);
#4133=ORIENTED_EDGE('',*,*,#2906,.F.);
#4134=ORIENTED_EDGE('',*,*,#2967,.T.);
#4135=ORIENTED_EDGE('',*,*,#2956,.F.);
#4136=ORIENTED_EDGE('',*,*,#2963,.F.);
#4137=ORIENTED_EDGE('',*,*,#2964,.F.);
#4138=ORIENTED_EDGE('',*,*,#2968,.F.);
#4139=ORIENTED_EDGE('',*,*,#2969,.F.);
#4140=ORIENTED_EDGE('',*,*,#2970,.T.);
#4141=ORIENTED_EDGE('',*,*,#2971,.T.);
#4142=ORIENTED_EDGE('',*,*,#2972,.T.);
#4143=ORIENTED_EDGE('',*,*,#2973,.T.);
#4144=ORIENTED_EDGE('',*,*,#2862,.F.);
#4145=ORIENTED_EDGE('',*,*,#2801,.T.);
#4146=ORIENTED_EDGE('',*,*,#2838,.F.);
#4147=ORIENTED_EDGE('',*,*,#2974,.T.);
#4148=ORIENTED_EDGE('',*,*,#2971,.F.);
#4149=ORIENTED_EDGE('',*,*,#2975,.T.);
#4150=ORIENTED_EDGE('',*,*,#2976,.F.);
#4151=ORIENTED_EDGE('',*,*,#2977,.F.);
#4152=ORIENTED_EDGE('',*,*,#2972,.F.);
#4153=ORIENTED_EDGE('',*,*,#2977,.T.);
#4154=ORIENTED_EDGE('',*,*,#2978,.F.);
#4155=ORIENTED_EDGE('',*,*,#2979,.F.);
#4156=ORIENTED_EDGE('',*,*,#2970,.F.);
#4157=ORIENTED_EDGE('',*,*,#2980,.T.);
#4158=ORIENTED_EDGE('',*,*,#2981,.F.);
#4159=ORIENTED_EDGE('',*,*,#2975,.F.);
#4160=ORIENTED_EDGE('',*,*,#2982,.F.);
#4161=ORIENTED_EDGE('',*,*,#2979,.T.);
#4162=ORIENTED_EDGE('',*,*,#2983,.F.);
#4163=ORIENTED_EDGE('',*,*,#2984,.F.);
#4164=ORIENTED_EDGE('',*,*,#2985,.F.);
#4165=ORIENTED_EDGE('',*,*,#2984,.T.);
#4166=ORIENTED_EDGE('',*,*,#2986,.F.);
#4167=ORIENTED_EDGE('',*,*,#2980,.F.);
#4168=ORIENTED_EDGE('',*,*,#2981,.T.);
#4169=ORIENTED_EDGE('',*,*,#2987,.T.);
#4170=ORIENTED_EDGE('',*,*,#2978,.T.);
#4171=ORIENTED_EDGE('',*,*,#2976,.T.);
#4172=ORIENTED_EDGE('',*,*,#2986,.T.);
#4173=ORIENTED_EDGE('',*,*,#2983,.T.);
#4174=ORIENTED_EDGE('',*,*,#2987,.F.);
#4175=ORIENTED_EDGE('',*,*,#2860,.F.);
#4176=ORIENTED_EDGE('',*,*,#2988,.T.);
#4177=ORIENTED_EDGE('',*,*,#2989,.F.);
#4178=ORIENTED_EDGE('',*,*,#2990,.F.);
#4179=ORIENTED_EDGE('',*,*,#2861,.F.);
#4180=ORIENTED_EDGE('',*,*,#2990,.T.);
#4181=ORIENTED_EDGE('',*,*,#2991,.F.);
#4182=ORIENTED_EDGE('',*,*,#2992,.F.);
#4183=ORIENTED_EDGE('',*,*,#2859,.F.);
#4184=ORIENTED_EDGE('',*,*,#2992,.T.);
#4185=ORIENTED_EDGE('',*,*,#2993,.F.);
#4186=ORIENTED_EDGE('',*,*,#2988,.F.);
#4187=ORIENTED_EDGE('',*,*,#2993,.T.);
#4188=ORIENTED_EDGE('',*,*,#2991,.T.);
#4189=ORIENTED_EDGE('',*,*,#2989,.T.);
#4190=ORIENTED_EDGE('',*,*,#2994,.F.);
#4191=ORIENTED_EDGE('',*,*,#2995,.T.);
#4192=ORIENTED_EDGE('',*,*,#2996,.F.);
#4193=ORIENTED_EDGE('',*,*,#2997,.F.);
#4194=ORIENTED_EDGE('',*,*,#2998,.F.);
#4195=ORIENTED_EDGE('',*,*,#2997,.T.);
#4196=ORIENTED_EDGE('',*,*,#2999,.F.);
#4197=ORIENTED_EDGE('',*,*,#2995,.F.);
#4198=ORIENTED_EDGE('',*,*,#2999,.T.);
#4199=ORIENTED_EDGE('',*,*,#2996,.T.);
#4200=ORIENTED_EDGE('',*,*,#3000,.F.);
#4201=ORIENTED_EDGE('',*,*,#3001,.T.);
#4202=ORIENTED_EDGE('',*,*,#3002,.F.);
#4203=ORIENTED_EDGE('',*,*,#3003,.F.);
#4204=ORIENTED_EDGE('',*,*,#3004,.F.);
#4205=ORIENTED_EDGE('',*,*,#3003,.T.);
#4206=ORIENTED_EDGE('',*,*,#3005,.F.);
#4207=ORIENTED_EDGE('',*,*,#3006,.F.);
#4208=ORIENTED_EDGE('',*,*,#3007,.F.);
#4209=ORIENTED_EDGE('',*,*,#3008,.T.);
#4210=ORIENTED_EDGE('',*,*,#3009,.F.);
#4211=ORIENTED_EDGE('',*,*,#3001,.F.);
#4212=ORIENTED_EDGE('',*,*,#2836,.F.);
#4213=ORIENTED_EDGE('',*,*,#3006,.T.);
#4214=ORIENTED_EDGE('',*,*,#3010,.F.);
#4215=ORIENTED_EDGE('',*,*,#3008,.F.);
#4216=ORIENTED_EDGE('',*,*,#3009,.T.);
#4217=ORIENTED_EDGE('',*,*,#3011,.F.);
#4218=ORIENTED_EDGE('',*,*,#3005,.T.);
#4219=ORIENTED_EDGE('',*,*,#3002,.T.);
#4220=ORIENTED_EDGE('',*,*,#3010,.T.);
#4221=ORIENTED_EDGE('',*,*,#3011,.T.);
#4222=ORIENTED_EDGE('',*,*,#3012,.F.);
#4223=ORIENTED_EDGE('',*,*,#3013,.T.);
#4224=ORIENTED_EDGE('',*,*,#3014,.F.);
#4225=ORIENTED_EDGE('',*,*,#3015,.F.);
#4226=ORIENTED_EDGE('',*,*,#3016,.F.);
#4227=ORIENTED_EDGE('',*,*,#3015,.T.);
#4228=ORIENTED_EDGE('',*,*,#3017,.F.);
#4229=ORIENTED_EDGE('',*,*,#3018,.F.);
#4230=ORIENTED_EDGE('',*,*,#2852,.F.);
#4231=ORIENTED_EDGE('',*,*,#3019,.T.);
#4232=ORIENTED_EDGE('',*,*,#3020,.F.);
#4233=ORIENTED_EDGE('',*,*,#3013,.F.);
#4234=ORIENTED_EDGE('',*,*,#2856,.F.);
#4235=ORIENTED_EDGE('',*,*,#3018,.T.);
#4236=ORIENTED_EDGE('',*,*,#3021,.F.);
#4237=ORIENTED_EDGE('',*,*,#3019,.F.);
#4238=ORIENTED_EDGE('',*,*,#3017,.T.);
#4239=ORIENTED_EDGE('',*,*,#3014,.T.);
#4240=ORIENTED_EDGE('',*,*,#3022,.F.);
#4241=ORIENTED_EDGE('',*,*,#3021,.T.);
#4242=ORIENTED_EDGE('',*,*,#3022,.T.);
#4243=ORIENTED_EDGE('',*,*,#3020,.T.);
#4244=ORIENTED_EDGE('',*,*,#3023,.F.);
#4245=ORIENTED_EDGE('',*,*,#3024,.T.);
#4246=ORIENTED_EDGE('',*,*,#3025,.F.);
#4247=ORIENTED_EDGE('',*,*,#3026,.F.);
#4248=ORIENTED_EDGE('',*,*,#3027,.F.);
#4249=ORIENTED_EDGE('',*,*,#3026,.T.);
#4250=ORIENTED_EDGE('',*,*,#3028,.F.);
#4251=ORIENTED_EDGE('',*,*,#3029,.F.);
#4252=ORIENTED_EDGE('',*,*,#3030,.F.);
#4253=ORIENTED_EDGE('',*,*,#3029,.T.);
#4254=ORIENTED_EDGE('',*,*,#3031,.F.);
#4255=ORIENTED_EDGE('',*,*,#3032,.F.);
#4256=ORIENTED_EDGE('',*,*,#2829,.F.);
#4257=ORIENTED_EDGE('',*,*,#3033,.T.);
#4258=ORIENTED_EDGE('',*,*,#3034,.F.);
#4259=ORIENTED_EDGE('',*,*,#3024,.F.);
#4260=ORIENTED_EDGE('',*,*,#2833,.F.);
#4261=ORIENTED_EDGE('',*,*,#3032,.T.);
#4262=ORIENTED_EDGE('',*,*,#3035,.F.);
#4263=ORIENTED_EDGE('',*,*,#3033,.F.);
#4264=ORIENTED_EDGE('',*,*,#3031,.T.);
#4265=ORIENTED_EDGE('',*,*,#3028,.T.);
#4266=ORIENTED_EDGE('',*,*,#3025,.T.);
#4267=ORIENTED_EDGE('',*,*,#3036,.F.);
#4268=ORIENTED_EDGE('',*,*,#3035,.T.);
#4269=ORIENTED_EDGE('',*,*,#3036,.T.);
#4270=ORIENTED_EDGE('',*,*,#3034,.T.);
#4271=ORIENTED_EDGE('',*,*,#3037,.T.);
#4272=ORIENTED_EDGE('',*,*,#3038,.F.);
#4273=ORIENTED_EDGE('',*,*,#3039,.F.);
#4274=ORIENTED_EDGE('',*,*,#3040,.T.);
#4275=ORIENTED_EDGE('',*,*,#2850,.F.);
#4276=ORIENTED_EDGE('',*,*,#2845,.F.);
#4277=ORIENTED_EDGE('',*,*,#2853,.F.);
#4278=ORIENTED_EDGE('',*,*,#3012,.T.);
#4279=ORIENTED_EDGE('',*,*,#3016,.T.);
#4280=ORIENTED_EDGE('',*,*,#2855,.F.);
#4281=ORIENTED_EDGE('',*,*,#2858,.F.);
#4282=ORIENTED_EDGE('',*,*,#2835,.F.);
#4283=ORIENTED_EDGE('',*,*,#2830,.F.);
#4284=ORIENTED_EDGE('',*,*,#3023,.T.);
#4285=ORIENTED_EDGE('',*,*,#3027,.T.);
#4286=ORIENTED_EDGE('',*,*,#3030,.T.);
#4287=ORIENTED_EDGE('',*,*,#2832,.F.);
#4288=ORIENTED_EDGE('',*,*,#2827,.F.);
#4289=ORIENTED_EDGE('',*,*,#2973,.F.);
#4290=ORIENTED_EDGE('',*,*,#2982,.T.);
#4291=ORIENTED_EDGE('',*,*,#2985,.T.);
#4292=ORIENTED_EDGE('',*,*,#2974,.F.);
#4293=ORIENTED_EDGE('',*,*,#2837,.F.);
#4294=ORIENTED_EDGE('',*,*,#3007,.T.);
#4295=ORIENTED_EDGE('',*,*,#3000,.T.);
#4296=ORIENTED_EDGE('',*,*,#3004,.T.);
#4297=ORIENTED_EDGE('',*,*,#2840,.F.);
#4298=ORIENTED_EDGE('',*,*,#2844,.F.);
#4299=ORIENTED_EDGE('',*,*,#2841,.F.);
#4300=ORIENTED_EDGE('',*,*,#3041,.F.);
#4301=ORIENTED_EDGE('',*,*,#2926,.T.);
#4302=ORIENTED_EDGE('',*,*,#2946,.T.);
#4303=ORIENTED_EDGE('',*,*,#2947,.F.);
#4304=ORIENTED_EDGE('',*,*,#2943,.T.);
#4305=ORIENTED_EDGE('',*,*,#2944,.F.);
#4306=ORIENTED_EDGE('',*,*,#2934,.T.);
#4307=ORIENTED_EDGE('',*,*,#2935,.F.);
#4308=ORIENTED_EDGE('',*,*,#2938,.T.);
#4309=ORIENTED_EDGE('',*,*,#2939,.F.);
#4310=ORIENTED_EDGE('',*,*,#2928,.T.);
#4311=ORIENTED_EDGE('',*,*,#2930,.T.);
#4312=ORIENTED_EDGE('',*,*,#2998,.T.);
#4313=ORIENTED_EDGE('',*,*,#2994,.T.);
#4314=ORIENTED_EDGE('',*,*,#3042,.T.);
#4315=ORIENTED_EDGE('',*,*,#3041,.T.);
#4316=ORIENTED_EDGE('',*,*,#2843,.T.);
#4317=ORIENTED_EDGE('',*,*,#2950,.T.);
#4318=ORIENTED_EDGE('',*,*,#2959,.T.);
#4319=ORIENTED_EDGE('',*,*,#2813,.T.);
#4320=ORIENTED_EDGE('',*,*,#2849,.F.);
#4321=ORIENTED_EDGE('',*,*,#3043,.T.);
#4322=ORIENTED_EDGE('',*,*,#3044,.F.);
#4323=ORIENTED_EDGE('',*,*,#3038,.T.);
#4324=ORIENTED_EDGE('',*,*,#3045,.T.);
#4325=ORIENTED_EDGE('',*,*,#3039,.T.);
#4326=ORIENTED_EDGE('',*,*,#3044,.T.);
#4327=ORIENTED_EDGE('',*,*,#3046,.T.);
#4328=ORIENTED_EDGE('',*,*,#2848,.F.);
#4329=ORIENTED_EDGE('',*,*,#3047,.T.);
#4330=ORIENTED_EDGE('',*,*,#3048,.F.);
#4331=ORIENTED_EDGE('',*,*,#3049,.F.);
#4332=ORIENTED_EDGE('',*,*,#3042,.F.);
#4333=ORIENTED_EDGE('',*,*,#3049,.T.);
#4334=ORIENTED_EDGE('',*,*,#3050,.F.);
#4335=ORIENTED_EDGE('',*,*,#3051,.F.);
#4336=ORIENTED_EDGE('',*,*,#3043,.F.);
#4337=ORIENTED_EDGE('',*,*,#3052,.T.);
#4338=ORIENTED_EDGE('',*,*,#3053,.F.);
#4339=ORIENTED_EDGE('',*,*,#3054,.F.);
#4340=ORIENTED_EDGE('',*,*,#3046,.F.);
#4341=ORIENTED_EDGE('',*,*,#3054,.T.);
#4342=ORIENTED_EDGE('',*,*,#3055,.F.);
#4343=ORIENTED_EDGE('',*,*,#3056,.F.);
#4344=ORIENTED_EDGE('',*,*,#3040,.F.);
#4345=ORIENTED_EDGE('',*,*,#3051,.T.);
#4346=ORIENTED_EDGE('',*,*,#3057,.F.);
#4347=ORIENTED_EDGE('',*,*,#3058,.F.);
#4348=ORIENTED_EDGE('',*,*,#3037,.F.);
#4349=ORIENTED_EDGE('',*,*,#3059,.T.);
#4350=ORIENTED_EDGE('',*,*,#3060,.F.);
#4351=ORIENTED_EDGE('',*,*,#3052,.F.);
#4352=ORIENTED_EDGE('',*,*,#2851,.F.);
#4353=ORIENTED_EDGE('',*,*,#3058,.T.);
#4354=ORIENTED_EDGE('',*,*,#3061,.F.);
#4355=ORIENTED_EDGE('',*,*,#3047,.F.);
#4356=ORIENTED_EDGE('',*,*,#3045,.F.);
#4357=ORIENTED_EDGE('',*,*,#3056,.T.);
#4358=ORIENTED_EDGE('',*,*,#3062,.F.);
#4359=ORIENTED_EDGE('',*,*,#3059,.F.);
#4360=ORIENTED_EDGE('',*,*,#3053,.T.);
#4361=ORIENTED_EDGE('',*,*,#3063,.T.);
#4362=ORIENTED_EDGE('',*,*,#3050,.T.);
#4363=ORIENTED_EDGE('',*,*,#3064,.F.);
#4364=ORIENTED_EDGE('',*,*,#3060,.T.);
#4365=ORIENTED_EDGE('',*,*,#3065,.F.);
#4366=ORIENTED_EDGE('',*,*,#3057,.T.);
#4367=ORIENTED_EDGE('',*,*,#3063,.F.);
#4368=ORIENTED_EDGE('',*,*,#3062,.T.);
#4369=ORIENTED_EDGE('',*,*,#3055,.T.);
#4370=ORIENTED_EDGE('',*,*,#3064,.T.);
#4371=ORIENTED_EDGE('',*,*,#3048,.T.);
#4372=ORIENTED_EDGE('',*,*,#3061,.T.);
#4373=ORIENTED_EDGE('',*,*,#3065,.T.);
#4374=ORIENTED_EDGE('',*,*,#2908,.F.);
#4375=ORIENTED_EDGE('',*,*,#2879,.T.);
#4376=ORIENTED_EDGE('',*,*,#3066,.F.);
#4377=ORIENTED_EDGE('',*,*,#3067,.T.);
#4378=ORIENTED_EDGE('',*,*,#3066,.T.);
#4379=ORIENTED_EDGE('',*,*,#2880,.T.);
#4380=ORIENTED_EDGE('',*,*,#3068,.F.);
#4381=ORIENTED_EDGE('',*,*,#3069,.T.);
#4382=ORIENTED_EDGE('',*,*,#3068,.T.);
#4383=ORIENTED_EDGE('',*,*,#2923,.F.);
#4384=ORIENTED_EDGE('',*,*,#3070,.F.);
#4385=ORIENTED_EDGE('',*,*,#3071,.T.);
#4386=ORIENTED_EDGE('',*,*,#3070,.T.);
#4387=ORIENTED_EDGE('',*,*,#2874,.T.);
#4388=ORIENTED_EDGE('',*,*,#3072,.F.);
#4389=ORIENTED_EDGE('',*,*,#3073,.T.);
#4390=ORIENTED_EDGE('',*,*,#3072,.T.);
#4391=ORIENTED_EDGE('',*,*,#2922,.F.);
#4392=ORIENTED_EDGE('',*,*,#3074,.F.);
#4393=ORIENTED_EDGE('',*,*,#3075,.T.);
#4394=ORIENTED_EDGE('',*,*,#3074,.T.);
#4395=ORIENTED_EDGE('',*,*,#2870,.T.);
#4396=ORIENTED_EDGE('',*,*,#3076,.F.);
#4397=ORIENTED_EDGE('',*,*,#3077,.T.);
#4398=ORIENTED_EDGE('',*,*,#3076,.T.);
#4399=ORIENTED_EDGE('',*,*,#2866,.T.);
#4400=ORIENTED_EDGE('',*,*,#3078,.F.);
#4401=ORIENTED_EDGE('',*,*,#3079,.T.);
#4402=ORIENTED_EDGE('',*,*,#3078,.T.);
#4403=ORIENTED_EDGE('',*,*,#2897,.T.);
#4404=ORIENTED_EDGE('',*,*,#3080,.F.);
#4405=ORIENTED_EDGE('',*,*,#3081,.T.);
#4406=ORIENTED_EDGE('',*,*,#3080,.T.);
#4407=ORIENTED_EDGE('',*,*,#2900,.T.);
#4408=ORIENTED_EDGE('',*,*,#3082,.F.);
#4409=ORIENTED_EDGE('',*,*,#3083,.T.);
#4410=ORIENTED_EDGE('',*,*,#3082,.T.);
#4411=ORIENTED_EDGE('',*,*,#2903,.T.);
#4412=ORIENTED_EDGE('',*,*,#3084,.F.);
#4413=ORIENTED_EDGE('',*,*,#3085,.T.);
#4414=ORIENTED_EDGE('',*,*,#3084,.T.);
#4415=ORIENTED_EDGE('',*,*,#2863,.T.);
#4416=ORIENTED_EDGE('',*,*,#3086,.F.);
#4417=ORIENTED_EDGE('',*,*,#3087,.T.);
#4418=ORIENTED_EDGE('',*,*,#3086,.T.);
#4419=ORIENTED_EDGE('',*,*,#2894,.T.);
#4420=ORIENTED_EDGE('',*,*,#3088,.F.);
#4421=ORIENTED_EDGE('',*,*,#3089,.T.);
#4422=ORIENTED_EDGE('',*,*,#3088,.T.);
#4423=ORIENTED_EDGE('',*,*,#2925,.F.);
#4424=ORIENTED_EDGE('',*,*,#3090,.F.);
#4425=ORIENTED_EDGE('',*,*,#3091,.T.);
#4426=ORIENTED_EDGE('',*,*,#3090,.T.);
#4427=ORIENTED_EDGE('',*,*,#2892,.T.);
#4428=ORIENTED_EDGE('',*,*,#3092,.F.);
#4429=ORIENTED_EDGE('',*,*,#3093,.T.);
#4430=ORIENTED_EDGE('',*,*,#3092,.T.);
#4431=ORIENTED_EDGE('',*,*,#2924,.F.);
#4432=ORIENTED_EDGE('',*,*,#3094,.F.);
#4433=ORIENTED_EDGE('',*,*,#3095,.T.);
#4434=ORIENTED_EDGE('',*,*,#3094,.T.);
#4435=ORIENTED_EDGE('',*,*,#2883,.T.);
#4436=ORIENTED_EDGE('',*,*,#3096,.F.);
#4437=ORIENTED_EDGE('',*,*,#3097,.T.);
#4438=ORIENTED_EDGE('',*,*,#3096,.T.);
#4439=ORIENTED_EDGE('',*,*,#2889,.T.);
#4440=ORIENTED_EDGE('',*,*,#3098,.T.);
#4441=ORIENTED_EDGE('',*,*,#3099,.T.);
#4442=ORIENTED_EDGE('',*,*,#3100,.T.);
#4443=ORIENTED_EDGE('',*,*,#3101,.T.);
#4444=ORIENTED_EDGE('',*,*,#3098,.F.);
#4445=ORIENTED_EDGE('',*,*,#2952,.T.);
#4446=ORIENTED_EDGE('',*,*,#2969,.T.);
#4447=ORIENTED_EDGE('',*,*,#2811,.F.);
#4448=ORIENTED_EDGE('',*,*,#2958,.F.);
#4449=ORIENTED_EDGE('',*,*,#2953,.F.);
#4450=ORIENTED_EDGE('',*,*,#3102,.F.);
#4451=ORIENTED_EDGE('',*,*,#2909,.F.);
#4452=ORIENTED_EDGE('',*,*,#3067,.F.);
#4453=ORIENTED_EDGE('',*,*,#3069,.F.);
#4454=ORIENTED_EDGE('',*,*,#3071,.F.);
#4455=ORIENTED_EDGE('',*,*,#3073,.F.);
#4456=ORIENTED_EDGE('',*,*,#3075,.F.);
#4457=ORIENTED_EDGE('',*,*,#3077,.F.);
#4458=ORIENTED_EDGE('',*,*,#3079,.F.);
#4459=ORIENTED_EDGE('',*,*,#3081,.F.);
#4460=ORIENTED_EDGE('',*,*,#3083,.F.);
#4461=ORIENTED_EDGE('',*,*,#3085,.F.);
#4462=ORIENTED_EDGE('',*,*,#3087,.F.);
#4463=ORIENTED_EDGE('',*,*,#3089,.F.);
#4464=ORIENTED_EDGE('',*,*,#3091,.F.);
#4465=ORIENTED_EDGE('',*,*,#3093,.F.);
#4466=ORIENTED_EDGE('',*,*,#3095,.F.);
#4467=ORIENTED_EDGE('',*,*,#3097,.F.);
#4468=ORIENTED_EDGE('',*,*,#3099,.F.);
#4469=ORIENTED_EDGE('',*,*,#3101,.F.);
#4470=ORIENTED_EDGE('',*,*,#3103,.F.);
#4471=ORIENTED_EDGE('',*,*,#2965,.F.);
#4472=ORIENTED_EDGE('',*,*,#2948,.F.);
#4473=ORIENTED_EDGE('',*,*,#2808,.F.);
#4474=ORIENTED_EDGE('',*,*,#2805,.F.);
#4475=ORIENTED_EDGE('',*,*,#2802,.F.);
#4476=ORIENTED_EDGE('',*,*,#2799,.F.);
#4477=ORIENTED_EDGE('',*,*,#2796,.F.);
#4478=ORIENTED_EDGE('',*,*,#2793,.F.);
#4479=ORIENTED_EDGE('',*,*,#2790,.F.);
#4480=ORIENTED_EDGE('',*,*,#2787,.F.);
#4481=ORIENTED_EDGE('',*,*,#2783,.F.);
#4482=ORIENTED_EDGE('',*,*,#2824,.F.);
#4483=ORIENTED_EDGE('',*,*,#2821,.F.);
#4484=ORIENTED_EDGE('',*,*,#2818,.F.);
#4485=ORIENTED_EDGE('',*,*,#2815,.F.);
#4486=ORIENTED_EDGE('',*,*,#2967,.F.);
#4487=ORIENTED_EDGE('',*,*,#2905,.F.);
#4488=ORIENTED_EDGE('',*,*,#3102,.T.);
#4489=ORIENTED_EDGE('',*,*,#2957,.F.);
#4490=ORIENTED_EDGE('',*,*,#2968,.T.);
#4491=ORIENTED_EDGE('',*,*,#2966,.T.);
#4492=ORIENTED_EDGE('',*,*,#3103,.T.);
#4493=ORIENTED_EDGE('',*,*,#3100,.F.);
#4494=ORIENTED_EDGE('',*,*,#3104,.F.);
#4495=ORIENTED_EDGE('',*,*,#3105,.T.);
#4496=ORIENTED_EDGE('',*,*,#3106,.F.);
#4497=ORIENTED_EDGE('',*,*,#3107,.F.);
#4498=ORIENTED_EDGE('',*,*,#3108,.F.);
#4499=ORIENTED_EDGE('',*,*,#3109,.F.);
#4500=ORIENTED_EDGE('',*,*,#3106,.T.);
#4501=ORIENTED_EDGE('',*,*,#3110,.T.);
#4502=ORIENTED_EDGE('',*,*,#3111,.F.);
#4503=ORIENTED_EDGE('',*,*,#3112,.F.);
#4504=ORIENTED_EDGE('',*,*,#3110,.F.);
#4505=ORIENTED_EDGE('',*,*,#3105,.F.);
#4506=ORIENTED_EDGE('',*,*,#3111,.T.);
#4507=ORIENTED_EDGE('',*,*,#3104,.T.);
#4508=ORIENTED_EDGE('',*,*,#3113,.T.);
#4509=ORIENTED_EDGE('',*,*,#3114,.T.);
#4510=ORIENTED_EDGE('',*,*,#3115,.F.);
#4511=ORIENTED_EDGE('',*,*,#3116,.F.);
#4512=ORIENTED_EDGE('',*,*,#3107,.T.);
#4513=ORIENTED_EDGE('',*,*,#3109,.T.);
#4514=ORIENTED_EDGE('',*,*,#3117,.F.);
#4515=ORIENTED_EDGE('',*,*,#3118,.F.);
#4516=ORIENTED_EDGE('',*,*,#3119,.F.);
#4517=ORIENTED_EDGE('',*,*,#3120,.F.);
#4518=ORIENTED_EDGE('',*,*,#3121,.F.);
#4519=ORIENTED_EDGE('',*,*,#3122,.F.);
#4520=ORIENTED_EDGE('',*,*,#3123,.F.);
#4521=ORIENTED_EDGE('',*,*,#3124,.F.);
#4522=ORIENTED_EDGE('',*,*,#3125,.F.);
#4523=ORIENTED_EDGE('',*,*,#3126,.F.);
#4524=ORIENTED_EDGE('',*,*,#3113,.F.);
#4525=ORIENTED_EDGE('',*,*,#3126,.T.);
#4526=ORIENTED_EDGE('',*,*,#3127,.T.);
#4527=ORIENTED_EDGE('',*,*,#3128,.F.);
#4528=ORIENTED_EDGE('',*,*,#3114,.F.);
#4529=ORIENTED_EDGE('',*,*,#3125,.T.);
#4530=ORIENTED_EDGE('',*,*,#3129,.T.);
#4531=ORIENTED_EDGE('',*,*,#3130,.F.);
#4532=ORIENTED_EDGE('',*,*,#3127,.F.);
#4533=ORIENTED_EDGE('',*,*,#3124,.T.);
#4534=ORIENTED_EDGE('',*,*,#3131,.T.);
#4535=ORIENTED_EDGE('',*,*,#3132,.F.);
#4536=ORIENTED_EDGE('',*,*,#3129,.F.);
#4537=ORIENTED_EDGE('',*,*,#3123,.T.);
#4538=ORIENTED_EDGE('',*,*,#3133,.T.);
#4539=ORIENTED_EDGE('',*,*,#3134,.F.);
#4540=ORIENTED_EDGE('',*,*,#3131,.F.);
#4541=ORIENTED_EDGE('',*,*,#3122,.T.);
#4542=ORIENTED_EDGE('',*,*,#3135,.T.);
#4543=ORIENTED_EDGE('',*,*,#3136,.F.);
#4544=ORIENTED_EDGE('',*,*,#3133,.F.);
#4545=ORIENTED_EDGE('',*,*,#3121,.T.);
#4546=ORIENTED_EDGE('',*,*,#3137,.T.);
#4547=ORIENTED_EDGE('',*,*,#3138,.F.);
#4548=ORIENTED_EDGE('',*,*,#3135,.F.);
#4549=ORIENTED_EDGE('',*,*,#3112,.T.);
#4550=ORIENTED_EDGE('',*,*,#3116,.T.);
#4551=ORIENTED_EDGE('',*,*,#3139,.F.);
#4552=ORIENTED_EDGE('',*,*,#3140,.F.);
#4553=ORIENTED_EDGE('',*,*,#3117,.T.);
#4554=ORIENTED_EDGE('',*,*,#3108,.T.);
#4555=ORIENTED_EDGE('',*,*,#3118,.T.);
#4556=ORIENTED_EDGE('',*,*,#3140,.T.);
#4557=ORIENTED_EDGE('',*,*,#3141,.F.);
#4558=ORIENTED_EDGE('',*,*,#3142,.F.);
#4559=ORIENTED_EDGE('',*,*,#3119,.T.);
#4560=ORIENTED_EDGE('',*,*,#3142,.T.);
#4561=ORIENTED_EDGE('',*,*,#3143,.F.);
#4562=ORIENTED_EDGE('',*,*,#3144,.F.);
#4563=ORIENTED_EDGE('',*,*,#3120,.T.);
#4564=ORIENTED_EDGE('',*,*,#3144,.T.);
#4565=ORIENTED_EDGE('',*,*,#3145,.F.);
#4566=ORIENTED_EDGE('',*,*,#3137,.F.);
#4567=ORIENTED_EDGE('',*,*,#3138,.T.);
#4568=ORIENTED_EDGE('',*,*,#3145,.T.);
#4569=ORIENTED_EDGE('',*,*,#3143,.T.);
#4570=ORIENTED_EDGE('',*,*,#3141,.T.);
#4571=ORIENTED_EDGE('',*,*,#3139,.T.);
#4572=ORIENTED_EDGE('',*,*,#3115,.T.);
#4573=ORIENTED_EDGE('',*,*,#3128,.T.);
#4574=ORIENTED_EDGE('',*,*,#3130,.T.);
#4575=ORIENTED_EDGE('',*,*,#3132,.T.);
#4576=ORIENTED_EDGE('',*,*,#3134,.T.);
#4577=ORIENTED_EDGE('',*,*,#3136,.T.);
#4578=ORIENTED_EDGE('',*,*,#3146,.F.);
#4579=ORIENTED_EDGE('',*,*,#3147,.F.);
#4580=ORIENTED_EDGE('',*,*,#3148,.F.);
#4581=ORIENTED_EDGE('',*,*,#3149,.F.);
#4582=ORIENTED_EDGE('',*,*,#3150,.F.);
#4583=ORIENTED_EDGE('',*,*,#3151,.F.);
#4584=ORIENTED_EDGE('',*,*,#3152,.F.);
#4585=ORIENTED_EDGE('',*,*,#3147,.T.);
#4586=ORIENTED_EDGE('',*,*,#3149,.T.);
#4587=ORIENTED_EDGE('',*,*,#3153,.T.);
#4588=ORIENTED_EDGE('',*,*,#3154,.F.);
#4589=ORIENTED_EDGE('',*,*,#3155,.F.);
#4590=ORIENTED_EDGE('',*,*,#3148,.T.);
#4591=ORIENTED_EDGE('',*,*,#3152,.T.);
#4592=ORIENTED_EDGE('',*,*,#3156,.T.);
#4593=ORIENTED_EDGE('',*,*,#3157,.T.);
#4594=ORIENTED_EDGE('',*,*,#3158,.F.);
#4595=ORIENTED_EDGE('',*,*,#3153,.F.);
#4596=ORIENTED_EDGE('',*,*,#3151,.T.);
#4597=ORIENTED_EDGE('',*,*,#3159,.F.);
#4598=ORIENTED_EDGE('',*,*,#3160,.F.);
#4599=ORIENTED_EDGE('',*,*,#3156,.F.);
#4600=ORIENTED_EDGE('',*,*,#3160,.T.);
#4601=ORIENTED_EDGE('',*,*,#3161,.T.);
#4602=ORIENTED_EDGE('',*,*,#3162,.F.);
#4603=ORIENTED_EDGE('',*,*,#3157,.F.);
#4604=ORIENTED_EDGE('',*,*,#3146,.T.);
#4605=ORIENTED_EDGE('',*,*,#3155,.T.);
#4606=ORIENTED_EDGE('',*,*,#3163,.F.);
#4607=ORIENTED_EDGE('',*,*,#3161,.F.);
#4608=ORIENTED_EDGE('',*,*,#3159,.T.);
#4609=ORIENTED_EDGE('',*,*,#3150,.T.);
#4610=ORIENTED_EDGE('',*,*,#3163,.T.);
#4611=ORIENTED_EDGE('',*,*,#3154,.T.);
#4612=ORIENTED_EDGE('',*,*,#3158,.T.);
#4613=ORIENTED_EDGE('',*,*,#3162,.T.);
#4614=PLANE('',#5067);
#4615=PLANE('',#5068);
#4616=PLANE('',#5069);
#4617=PLANE('',#5070);
#4618=PLANE('',#5071);
#4619=PLANE('',#5089);
#4620=PLANE('',#5090);
#4621=PLANE('',#5091);
#4622=PLANE('',#5092);
#4623=PLANE('',#5096);
#4624=PLANE('',#5097);
#4625=PLANE('',#5098);
#4626=PLANE('',#5099);
#4627=PLANE('',#5103);
#4628=PLANE('',#5104);
#4629=PLANE('',#5105);
#4630=PLANE('',#5106);
#4631=PLANE('',#5110);
#4632=PLANE('',#5111);
#4633=PLANE('',#5112);
#4634=PLANE('',#5113);
#4635=PLANE('',#5118);
#4636=PLANE('',#5120);
#4637=PLANE('',#5122);
#4638=PLANE('',#5157);
#4639=PLANE('',#5159);
#4640=PLANE('',#5160);
#4641=PLANE('',#5162);
#4642=PLANE('',#5163);
#4643=PLANE('',#5172);
#4644=PLANE('',#5179);
#4645=PLANE('',#5180);
#4646=PLANE('',#5182);
#4647=PLANE('',#5183);
#4648=PLANE('',#5185);
#4649=PLANE('',#5186);
#4650=PLANE('',#5188);
#4651=PLANE('',#5190);
#4652=PLANE('',#5191);
#4653=PLANE('',#5193);
#4654=PLANE('',#5194);
#4655=PLANE('',#5196);
#4656=PLANE('',#5197);
#4657=PLANE('',#5199);
#4658=PLANE('',#5200);
#4659=PLANE('',#5201);
#4660=PLANE('',#5202);
#4661=PLANE('',#5203);
#4662=PLANE('',#5204);
#4663=PLANE('',#5205);
#4664=PLANE('',#5206);
#4665=PLANE('',#5207);
#4666=PLANE('',#5208);
#4667=PLANE('',#5209);
#4668=PLANE('',#5210);
#4669=PLANE('',#5214);
#4670=PLANE('',#5215);
#4671=PLANE('',#5216);
#4672=PLANE('',#5235);
#4673=PLANE('',#5236);
#4674=PLANE('',#5241);
#4675=PLANE('',#5244);
#4676=PLANE('',#5247);
#4677=PLANE('',#5250);
#4678=PLANE('',#5253);
#4679=PLANE('',#5256);
#4680=PLANE('',#5261);
#4681=PLANE('',#5262);
#4682=PLANE('',#5263);
#4683=PLANE('',#5264);
#4684=PLANE('',#5274);
#4685=PLANE('',#5277);
#4686=PLANE('',#5279);
#4687=PLANE('',#5281);
#4688=PLANE('',#5283);
#4689=PLANE('',#5285);
#4690=PLANE('',#5287);
#4691=PLANE('',#5290);
#4692=PLANE('',#5291);
#4693=PLANE('',#5295);
#4694=PLANE('',#5299);
#4695=PLANE('',#5303);
#4696=PLANE('',#5304);
#4697=PLANE('',#5308);
#4698=PLANE('',#5309);
#4699=PLANE('',#5311);
#4700=PLANE('',#5315);
#4701=PLANE('',#5316);
#4702=PLANE('',#5376);
#4703=PLANE('',#5378);
#4704=PLANE('',#5396);
#4705=PLANE('',#5399);
#4706=PLANE('',#5402);
#4707=PLANE('',#5405);
#4708=PLANE('',#5408);
#4709=PLANE('',#5411);
#4710=PLANE('',#5416);
#4711=PLANE('',#5417);
#4712=PLANE('',#5423);
#4713=PLANE('',#5425);
#4714=PLANE('',#5426);
#4715=PLANE('',#5428);
#4716=PLANE('',#5430);
#4717=PLANE('',#5431);
#4718=PLANE('',#5434);
#4719=PLANE('',#5435);
#4720=PLANE('',#5442);
#4721=PLANE('',#5444);
#4722=PLANE('',#5449);
#4723=PLANE('',#5452);
#4724=PLANE('',#5455);
#4725=PLANE('',#5458);
#4726=PLANE('',#5461);
#4727=PLANE('',#5464);
#4728=PLANE('',#5469);
#4729=PLANE('',#5470);
#4730=PLANE('',#5471);
#4731=PLANE('',#5472);
#4732=PLANE('',#5473);
#4733=PLANE('',#5477);
#4734=PLANE('',#5478);
#4735=PLANE('',#5484);
#4736=PLANE('',#5490);
#4737=PLANE('',#5493);
#4738=PLANE('',#5496);
#4739=PLANE('',#5501);
#4740=PLANE('',#5504);
#4741=PLANE('',#5505);
#4742=PLANE('',#5506);
#4743=PLANE('',#5513);
#4744=PLANE('',#5514);
#4745=PLANE('',#5518);
#4746=PLANE('',#5519);
#4747=ADVANCED_FACE('',(#482),#4614,.T.);
#4748=ADVANCED_FACE('',(#483),#4615,.T.);
#4749=ADVANCED_FACE('',(#484),#4616,.T.);
#4750=ADVANCED_FACE('',(#485),#4617,.T.);
#4751=ADVANCED_FACE('',(#486),#4618,.T.);
#4752=ADVANCED_FACE('',(#487),#211,.T.);
#4753=ADVANCED_FACE('',(#488),#4619,.F.);
#4754=ADVANCED_FACE('',(#489),#4620,.F.);
#4755=ADVANCED_FACE('',(#490),#4621,.F.);
#4756=ADVANCED_FACE('',(#491),#4622,.F.);
#4757=ADVANCED_FACE('',(#492),#212,.T.);
#4758=ADVANCED_FACE('',(#493),#4623,.F.);
#4759=ADVANCED_FACE('',(#494),#4624,.F.);
#4760=ADVANCED_FACE('',(#495),#4625,.F.);
#4761=ADVANCED_FACE('',(#496),#4626,.F.);
#4762=ADVANCED_FACE('',(#497),#213,.T.);
#4763=ADVANCED_FACE('',(#498),#4627,.T.);
#4764=ADVANCED_FACE('',(#499),#4628,.T.);
#4765=ADVANCED_FACE('',(#500),#4629,.T.);
#4766=ADVANCED_FACE('',(#501),#4630,.T.);
#4767=ADVANCED_FACE('',(#502),#214,.T.);
#4768=ADVANCED_FACE('',(#503),#4631,.T.);
#4769=ADVANCED_FACE('',(#504),#4632,.T.);
#4770=ADVANCED_FACE('',(#505),#4633,.T.);
#4771=ADVANCED_FACE('',(#506),#4634,.T.);
#4772=ADVANCED_FACE('',(#507),#215,.T.);
#4773=ADVANCED_FACE('',(#508),#4635,.F.);
#4774=ADVANCED_FACE('',(#509),#4636,.F.);
#4775=ADVANCED_FACE('',(#510),#4637,.T.);
#4776=ADVANCED_FACE('',(#511),#216,.F.);
#4777=ADVANCED_FACE('',(#512),#217,.T.);
#4778=ADVANCED_FACE('',(#513),#62,.F.);
#4779=ADVANCED_FACE('',(#514),#63,.F.);
#4780=ADVANCED_FACE('',(#515),#218,.T.);
#4781=ADVANCED_FACE('',(#516),#219,.T.);
#4782=ADVANCED_FACE('',(#517),#220,.T.);
#4783=ADVANCED_FACE('',(#518),#52,.T.);
#4784=ADVANCED_FACE('',(#519),#221,.T.);
#4785=ADVANCED_FACE('',(#520),#53,.T.);
#4786=ADVANCED_FACE('',(#521),#222,.T.);
#4787=ADVANCED_FACE('',(#522),#223,.T.);
#4788=ADVANCED_FACE('',(#523),#224,.T.);
#4789=ADVANCED_FACE('',(#524),#54,.T.);
#4790=ADVANCED_FACE('',(#525),#225,.T.);
#4791=ADVANCED_FACE('',(#526),#226,.F.);
#4792=ADVANCED_FACE('',(#527),#4638,.T.);
#4793=ADVANCED_FACE('',(#528),#227,.T.);
#4794=ADVANCED_FACE('',(#529),#4639,.T.);
#4795=ADVANCED_FACE('',(#530),#4640,.T.);
#4796=ADVANCED_FACE('',(#531),#228,.T.);
#4797=ADVANCED_FACE('',(#532),#4641,.T.);
#4798=ADVANCED_FACE('',(#533),#4642,.F.);
#4799=ADVANCED_FACE('',(#534),#229,.T.);
#4800=ADVANCED_FACE('',(#535),#230,.T.);
#4801=ADVANCED_FACE('',(#536),#231,.T.);
#4802=ADVANCED_FACE('',(#537),#232,.T.);
#4803=ADVANCED_FACE('',(#538),#4643,.T.);
#4804=ADVANCED_FACE('',(#539),#233,.F.);
#4805=ADVANCED_FACE('',(#540),#4644,.F.);
#4806=ADVANCED_FACE('',(#541,#34),#4645,.F.);
#4807=ADVANCED_FACE('',(#542),#234,.F.);
#4808=ADVANCED_FACE('',(#543,#35),#4646,.F.);
#4809=ADVANCED_FACE('',(#544,#36),#4647,.F.);
#4810=ADVANCED_FACE('',(#545),#235,.F.);
#4811=ADVANCED_FACE('',(#546,#37),#4648,.F.);
#4812=ADVANCED_FACE('',(#547),#4649,.F.);
#4813=ADVANCED_FACE('',(#548),#236,.F.);
#4814=ADVANCED_FACE('',(#549),#4650,.F.);
#4815=ADVANCED_FACE('',(#550),#237,.T.);
#4816=ADVANCED_FACE('',(#551),#4651,.F.);
#4817=ADVANCED_FACE('',(#552),#4652,.T.);
#4818=ADVANCED_FACE('',(#553),#238,.T.);
#4819=ADVANCED_FACE('',(#554),#4653,.T.);
#4820=ADVANCED_FACE('',(#555),#4654,.T.);
#4821=ADVANCED_FACE('',(#556),#239,.T.);
#4822=ADVANCED_FACE('',(#557),#4655,.T.);
#4823=ADVANCED_FACE('',(#558),#4656,.T.);
#4824=ADVANCED_FACE('',(#559),#4657,.T.);
#4825=ADVANCED_FACE('',(#560),#4658,.T.);
#4826=ADVANCED_FACE('',(#561),#4659,.T.);
#4827=ADVANCED_FACE('',(#562),#4660,.T.);
#4828=ADVANCED_FACE('',(#563),#4661,.F.);
#4829=ADVANCED_FACE('',(#564),#4662,.F.);
#4830=ADVANCED_FACE('',(#565),#4663,.F.);
#4831=ADVANCED_FACE('',(#566),#4664,.F.);
#4832=ADVANCED_FACE('',(#567),#4665,.T.);
#4833=ADVANCED_FACE('',(#568),#4666,.T.);
#4834=ADVANCED_FACE('',(#569),#4667,.T.);
#4835=ADVANCED_FACE('',(#570),#4668,.T.);
#4836=ADVANCED_FACE('',(#571),#240,.F.);
#4837=ADVANCED_FACE('',(#572),#4669,.F.);
#4838=ADVANCED_FACE('',(#573),#4670,.F.);
#4839=ADVANCED_FACE('',(#574),#4671,.T.);
#4840=ADVANCED_FACE('',(#575),#4672,.T.);
#4841=ADVANCED_FACE('',(#576,#38),#4673,.T.);
#4842=ADVANCED_FACE('',(#577),#241,.T.);
#4843=ADVANCED_FACE('',(#578),#242,.F.);
#4844=ADVANCED_FACE('',(#579,#39),#4674,.T.);
#4845=ADVANCED_FACE('',(#580),#243,.F.);
#4846=ADVANCED_FACE('',(#581),#4675,.T.);
#4847=ADVANCED_FACE('',(#582),#244,.T.);
#4848=ADVANCED_FACE('',(#583),#4676,.T.);
#4849=ADVANCED_FACE('',(#584),#245,.F.);
#4850=ADVANCED_FACE('',(#585),#4677,.T.);
#4851=ADVANCED_FACE('',(#586),#246,.T.);
#4852=ADVANCED_FACE('',(#587),#4678,.T.);
#4853=ADVANCED_FACE('',(#588),#247,.F.);
#4854=ADVANCED_FACE('',(#589,#40),#4679,.T.);
#4855=ADVANCED_FACE('',(#590),#248,.F.);
#4856=ADVANCED_FACE('',(#591),#249,.T.);
#4857=ADVANCED_FACE('',(#592,#41),#4680,.T.);
#4858=ADVANCED_FACE('',(#593),#4681,.F.);
#4859=ADVANCED_FACE('',(#594),#4682,.F.);
#4860=ADVANCED_FACE('',(#595),#4683,.F.);
#4861=ADVANCED_FACE('',(#596),#4684,.T.);
#4862=ADVANCED_FACE('',(#597),#250,.F.);
#4863=ADVANCED_FACE('',(#598),#251,.T.);
#4864=ADVANCED_FACE('',(#599),#4685,.T.);
#4865=ADVANCED_FACE('',(#600),#252,.T.);
#4866=ADVANCED_FACE('',(#601),#4686,.T.);
#4867=ADVANCED_FACE('',(#602),#253,.F.);
#4868=ADVANCED_FACE('',(#603),#4687,.T.);
#4869=ADVANCED_FACE('',(#604),#254,.T.);
#4870=ADVANCED_FACE('',(#605),#4688,.T.);
#4871=ADVANCED_FACE('',(#606),#255,.F.);
#4872=ADVANCED_FACE('',(#607),#4689,.T.);
#4873=ADVANCED_FACE('',(#608),#256,.T.);
#4874=ADVANCED_FACE('',(#609),#4690,.T.);
#4875=ADVANCED_FACE('',(#610),#257,.T.);
#4876=ADVANCED_FACE('',(#611),#258,.F.);
#4877=ADVANCED_FACE('',(#612),#4691,.T.);
#4878=ADVANCED_FACE('',(#613),#4692,.T.);
#4879=ADVANCED_FACE('',(#614),#259,.T.);
#4880=ADVANCED_FACE('',(#615),#4693,.T.);
#4881=ADVANCED_FACE('',(#616),#260,.F.);
#4882=ADVANCED_FACE('',(#617),#4694,.T.);
#4883=ADVANCED_FACE('',(#618),#261,.T.);
#4884=ADVANCED_FACE('',(#619),#4695,.T.);
#4885=ADVANCED_FACE('',(#620),#4696,.T.);
#4886=ADVANCED_FACE('',(#621),#262,.T.);
#4887=ADVANCED_FACE('',(#622),#4697,.T.);
#4888=ADVANCED_FACE('',(#623),#4698,.T.);
#4889=ADVANCED_FACE('',(#624),#4699,.T.);
#4890=ADVANCED_FACE('',(#625),#263,.T.);
#4891=ADVANCED_FACE('',(#626),#4700,.T.);
#4892=ADVANCED_FACE('',(#627),#4701,.T.);
#4893=ADVANCED_FACE('',(#628),#264,.T.);
#4894=ADVANCED_FACE('',(#629),#55,.T.);
#4895=ADVANCED_FACE('',(#630),#265,.T.);
#4896=ADVANCED_FACE('',(#631),#266,.T.);
#4897=ADVANCED_FACE('',(#632),#267,.T.);
#4898=ADVANCED_FACE('',(#633),#56,.T.);
#4899=ADVANCED_FACE('',(#634),#57,.T.);
#4900=ADVANCED_FACE('',(#635),#268,.T.);
#4901=ADVANCED_FACE('',(#636),#269,.T.);
#4902=ADVANCED_FACE('',(#637,#42),#270,.T.);
#4903=ADVANCED_FACE('',(#638),#64,.F.);
#4904=ADVANCED_FACE('',(#639),#65,.F.);
#4905=ADVANCED_FACE('',(#640),#66,.T.);
#4906=ADVANCED_FACE('',(#641),#67,.T.);
#4907=ADVANCED_FACE('',(#642),#271,.F.);
#4908=ADVANCED_FACE('',(#643),#272,.F.);
#4909=ADVANCED_FACE('',(#644),#273,.F.);
#4910=ADVANCED_FACE('',(#645),#58,.F.);
#4911=ADVANCED_FACE('',(#646),#59,.F.);
#4912=ADVANCED_FACE('',(#647),#274,.F.);
#4913=ADVANCED_FACE('',(#648),#275,.F.);
#4914=ADVANCED_FACE('',(#649),#276,.F.);
#4915=ADVANCED_FACE('',(#650),#277,.F.);
#4916=ADVANCED_FACE('',(#651),#60,.F.);
#4917=ADVANCED_FACE('',(#652),#278,.F.);
#4918=ADVANCED_FACE('',(#653),#4702,.F.);
#4919=ADVANCED_FACE('',(#654,#43,#44,#45,#46),#4703,.F.);
#4920=ADVANCED_FACE('',(#655),#68,.F.);
#4921=ADVANCED_FACE('',(#656),#69,.F.);
#4922=ADVANCED_FACE('',(#657),#70,.F.);
#4923=ADVANCED_FACE('',(#658),#71,.F.);
#4924=ADVANCED_FACE('',(#659),#279,.F.);
#4925=ADVANCED_FACE('',(#660),#280,.F.);
#4926=ADVANCED_FACE('',(#661),#281,.F.);
#4927=ADVANCED_FACE('',(#662),#4704,.F.);
#4928=ADVANCED_FACE('',(#663),#282,.F.);
#4929=ADVANCED_FACE('',(#664),#4705,.F.);
#4930=ADVANCED_FACE('',(#665),#283,.F.);
#4931=ADVANCED_FACE('',(#666),#4706,.F.);
#4932=ADVANCED_FACE('',(#667),#284,.F.);
#4933=ADVANCED_FACE('',(#668),#4707,.F.);
#4934=ADVANCED_FACE('',(#669),#285,.F.);
#4935=ADVANCED_FACE('',(#670),#4708,.T.);
#4936=ADVANCED_FACE('',(#671),#286,.F.);
#4937=ADVANCED_FACE('',(#672),#4709,.T.);
#4938=ADVANCED_FACE('',(#673),#287,.T.);
#4939=ADVANCED_FACE('',(#674),#4710,.T.);
#4940=ADVANCED_FACE('',(#675),#4711,.F.);
#4941=ADVANCED_FACE('',(#676),#288,.F.);
#4942=ADVANCED_FACE('',(#677),#289,.T.);
#4943=ADVANCED_FACE('',(#678),#72,.T.);
#4944=ADVANCED_FACE('',(#679),#73,.T.);
#4945=ADVANCED_FACE('',(#680),#74,.T.);
#4946=ADVANCED_FACE('',(#681),#75,.T.);
#4947=ADVANCED_FACE('',(#682),#76,.T.);
#4948=ADVANCED_FACE('',(#683),#290,.T.);
#4949=ADVANCED_FACE('',(#684),#4712,.T.);
#4950=ADVANCED_FACE('',(#685),#77,.T.);
#4951=ADVANCED_FACE('',(#686),#78,.T.);
#4952=ADVANCED_FACE('',(#687),#79,.T.);
#4953=ADVANCED_FACE('',(#688),#291,.T.);
#4954=ADVANCED_FACE('',(#689),#80,.T.);
#4955=ADVANCED_FACE('',(#690),#81,.T.);
#4956=ADVANCED_FACE('',(#691),#4713,.T.);
#4957=ADVANCED_FACE('',(#692),#82,.T.);
#4958=ADVANCED_FACE('',(#693),#83,.T.);
#4959=ADVANCED_FACE('',(#694),#84,.T.);
#4960=ADVANCED_FACE('',(#695),#85,.T.);
#4961=ADVANCED_FACE('',(#696),#4714,.T.);
#4962=ADVANCED_FACE('',(#697),#292,.T.);
#4963=ADVANCED_FACE('',(#698),#86,.T.);
#4964=ADVANCED_FACE('',(#699),#87,.T.);
#4965=ADVANCED_FACE('',(#700),#88,.T.);
#4966=ADVANCED_FACE('',(#701),#89,.T.);
#4967=ADVANCED_FACE('',(#702),#4715,.T.);
#4968=ADVANCED_FACE('',(#703),#293,.T.);
#4969=ADVANCED_FACE('',(#704),#90,.T.);
#4970=ADVANCED_FACE('',(#705),#4716,.F.);
#4971=ADVANCED_FACE('',(#706),#91,.T.);
#4972=ADVANCED_FACE('',(#707),#92,.T.);
#4973=ADVANCED_FACE('',(#708),#93,.T.);
#4974=ADVANCED_FACE('',(#709),#4717,.T.);
#4975=ADVANCED_FACE('',(#710),#61,.T.);
#4976=ADVANCED_FACE('',(#711),#4718,.T.);
#4977=ADVANCED_FACE('',(#712,#47,#48,#49,#50,#51),#4719,.T.);
#4978=ADVANCED_FACE('',(#713),#294,.T.);
#4979=ADVANCED_FACE('',(#714),#295,.T.);
#4980=ADVANCED_FACE('',(#715),#296,.T.);
#4981=ADVANCED_FACE('',(#716),#94,.F.);
#4982=ADVANCED_FACE('',(#717),#95,.F.);
#4983=ADVANCED_FACE('',(#718),#96,.F.);
#4984=ADVANCED_FACE('',(#719),#97,.F.);
#4985=ADVANCED_FACE('',(#720),#98,.T.);
#4986=ADVANCED_FACE('',(#721),#99,.T.);
#4987=ADVANCED_FACE('',(#722),#100,.T.);
#4988=ADVANCED_FACE('',(#723),#101,.T.);
#4989=ADVANCED_FACE('',(#724),#297,.T.);
#4990=ADVANCED_FACE('',(#725),#4720,.T.);
#4991=ADVANCED_FACE('',(#726),#298,.T.);
#4992=ADVANCED_FACE('',(#727),#4721,.F.);
#4993=ADVANCED_FACE('',(#728),#299,.F.);
#4994=ADVANCED_FACE('',(#729),#300,.T.);
#4995=ADVANCED_FACE('',(#730),#4722,.F.);
#4996=ADVANCED_FACE('',(#731),#301,.T.);
#4997=ADVANCED_FACE('',(#732),#4723,.F.);
#4998=ADVANCED_FACE('',(#733),#302,.F.);
#4999=ADVANCED_FACE('',(#734),#4724,.F.);
#5000=ADVANCED_FACE('',(#735),#303,.T.);
#5001=ADVANCED_FACE('',(#736),#4725,.F.);
#5002=ADVANCED_FACE('',(#737),#304,.F.);
#5003=ADVANCED_FACE('',(#738),#4726,.F.);
#5004=ADVANCED_FACE('',(#739),#305,.T.);
#5005=ADVANCED_FACE('',(#740),#4727,.F.);
#5006=ADVANCED_FACE('',(#741),#306,.T.);
#5007=ADVANCED_FACE('',(#742),#307,.F.);
#5008=ADVANCED_FACE('',(#743),#4728,.F.);
#5009=ADVANCED_FACE('',(#744),#4729,.F.);
#5010=ADVANCED_FACE('',(#745),#4730,.F.);
#5011=ADVANCED_FACE('',(#746),#4731,.F.);
#5012=ADVANCED_FACE('',(#747),#4732,.F.);
#5013=ADVANCED_FACE('',(#748),#308,.F.);
#5014=ADVANCED_FACE('',(#749),#4733,.F.);
#5015=ADVANCED_FACE('',(#750),#4734,.F.);
#5016=ADVANCED_FACE('',(#751),#309,.F.);
#5017=ADVANCED_FACE('',(#752),#4735,.T.);
#5018=ADVANCED_FACE('',(#753),#4736,.T.);
#5019=ADVANCED_FACE('',(#754),#310,.T.);
#5020=ADVANCED_FACE('',(#755),#4737,.T.);
#5021=ADVANCED_FACE('',(#756),#311,.F.);
#5022=ADVANCED_FACE('',(#757),#4738,.T.);
#5023=ADVANCED_FACE('',(#758),#312,.T.);
#5024=ADVANCED_FACE('',(#759),#313,.T.);
#5025=ADVANCED_FACE('',(#760),#4739,.T.);
#5026=ADVANCED_FACE('',(#761),#314,.F.);
#5027=ADVANCED_FACE('',(#762),#4740,.T.);
#5028=ADVANCED_FACE('',(#763),#4741,.F.);
#5029=ADVANCED_FACE('',(#764),#4742,.F.);
#5030=ADVANCED_FACE('',(#765),#315,.F.);
#5031=ADVANCED_FACE('',(#766),#316,.F.);
#5032=ADVANCED_FACE('',(#767),#4743,.T.);
#5033=ADVANCED_FACE('',(#768),#4744,.T.);
#5034=ADVANCED_FACE('',(#769),#317,.T.);
#5035=ADVANCED_FACE('',(#770),#4745,.T.);
#5036=ADVANCED_FACE('',(#771),#4746,.F.);
#5037=CLOSED_SHELL('',(#4747,#4748,#4749,#4750,#4751,#4752,#4753,#4754,
#4755,#4756,#4757,#4758,#4759,#4760,#4761,#4762,#4763,#4764,#4765,#4766,
#4767,#4768,#4769,#4770,#4771,#4772,#4773,#4774,#4775,#4776,#4777,#4778,
#4779,#4780,#4781,#4782,#4783,#4784,#4785,#4786,#4787,#4788,#4789,#4790,
#4791,#4792,#4793,#4794,#4795,#4796,#4797,#4798,#4799,#4800,#4801,#4802,
#4803,#4804,#4805,#4806,#4807,#4808,#4809,#4810,#4811,#4812,#4813,#4814,
#4815,#4816,#4817,#4818,#4819,#4820,#4821,#4822,#4823));
#5038=CLOSED_SHELL('',(#4824,#4825,#4826,#4827,#4828,#4829,#4830,#4831,
#4832,#4833,#4834,#4835,#4836,#4837,#4838,#4839,#4840,#4841,#4842,#4843,
#4844,#4845,#4846,#4847,#4848,#4849,#4850,#4851,#4852,#4853,#4854,#4855,
#4856,#4857,#4858,#4859,#4860,#4861,#4862,#4863,#4864,#4865,#4866,#4867,
#4868,#4869,#4870,#4871,#4872,#4873,#4874,#4875,#4876,#4877,#4878));
#5039=CLOSED_SHELL('',(#4879,#4880,#4881,#4882,#4883,#4884,#4885,#4886,
#4887,#4888,#4889,#4890,#4891,#4892,#4893,#4894,#4895,#4896,#4897,#4898,
#4899,#4900,#4901,#4902,#4903,#4904,#4905,#4906,#4907,#4908,#4909,#4910,
#4911,#4912,#4913,#4914,#4915,#4916,#4917,#4918,#4919,#4920,#4921,#4922,
#4923,#4924,#4925,#4926,#4927,#4928,#4929,#4930,#4931,#4932,#4933,#4934,
#4935,#4936,#4937,#4938,#4939,#4940,#4941,#4942,#4943,#4944,#4945,#4946,
#4947,#4948,#4949,#4950,#4951,#4952,#4953,#4954,#4955,#4956,#4957,#4958,
#4959,#4960,#4961,#4962,#4963,#4964,#4965,#4966,#4967,#4968,#4969,#4970,
#4971,#4972,#4973,#4974,#4975,#4976,#4977,#4978,#4979,#4980,#4981,#4982,
#4983,#4984,#4985,#4986,#4987,#4988,#4989,#4990,#4991,#4992,#4993,#4994,
#4995,#4996,#4997,#4998,#4999,#5000,#5001,#5002,#5003,#5004,#5005,#5006,
#5007,#5008,#5009,#5010,#5011,#5012));
#5040=CLOSED_SHELL('',(#5013,#5014,#5015,#5016,#5017,#5018,#5019,#5020,
#5021,#5022,#5023,#5024,#5025,#5026,#5027,#5028));
#5041=CLOSED_SHELL('',(#5029,#5030,#5031,#5032,#5033,#5034,#5035,#5036));
#5042=DERIVED_UNIT_ELEMENT(#5046,1.);
#5043=DERIVED_UNIT_ELEMENT(#10118,-3.);
#5044=DERIVED_UNIT_ELEMENT(#5046,1.);
#5045=DERIVED_UNIT_ELEMENT(#10118,-3.);
#5046=(
MASS_UNIT()
NAMED_UNIT(*)
SI_UNIT(.KILO.,.GRAM.)
);
#5047=DERIVED_UNIT((#5042,#5043));
#5048=DERIVED_UNIT((#5044,#5045));
#5049=MEASURE_REPRESENTATION_ITEM('density measure',
POSITIVE_RATIO_MEASURE(7850.),#5047);
#5050=MEASURE_REPRESENTATION_ITEM('density measure',
POSITIVE_RATIO_MEASURE(7850.),#5048);
#5051=PROPERTY_DEFINITION_REPRESENTATION(#5061,#5055);
#5052=PROPERTY_DEFINITION_REPRESENTATION(#5062,#5056);
#5053=PROPERTY_DEFINITION_REPRESENTATION(#5063,#5057);
#5054=PROPERTY_DEFINITION_REPRESENTATION(#5064,#5058);
#5055=REPRESENTATION('material name',(#5059),#10112);
#5056=REPRESENTATION('density',(#5049),#10112);
#5057=REPRESENTATION('material name',(#5060),#10113);
#5058=REPRESENTATION('density',(#5050),#10113);
#5059=DESCRIPTIVE_REPRESENTATION_ITEM('Steel','Steel');
#5060=DESCRIPTIVE_REPRESENTATION_ITEM('Steel','Steel');
#5061=PROPERTY_DEFINITION('material property','material name',#10135);
#5062=PROPERTY_DEFINITION('material property','density of part',#10135);
#5063=PROPERTY_DEFINITION('material property','material name',#10136);
#5064=PROPERTY_DEFINITION('material property','density of part',#10136);
#5065=AXIS2_PLACEMENT_3D('',#6888,#5522,#5523);
#5066=AXIS2_PLACEMENT_3D('',#6889,#5524,#5525);
#5067=AXIS2_PLACEMENT_3D('',#6890,#5526,#5527);
#5068=AXIS2_PLACEMENT_3D('',#6899,#5532,#5533);
#5069=AXIS2_PLACEMENT_3D('',#6908,#5538,#5539);
#5070=AXIS2_PLACEMENT_3D('',#6917,#5544,#5545);
#5071=AXIS2_PLACEMENT_3D('',#6926,#5550,#5551);
#5072=AXIS2_PLACEMENT_3D('',#6931,#5553,#5554);
#5073=AXIS2_PLACEMENT_3D('',#6933,#5555,#5556);
#5074=AXIS2_PLACEMENT_3D('',#6937,#5558,#5559);
#5075=AXIS2_PLACEMENT_3D('',#6941,#5561,#5562);
#5076=AXIS2_PLACEMENT_3D('',#6945,#5564,#5565);
#5077=AXIS2_PLACEMENT_3D('',#6949,#5567,#5568);
#5078=AXIS2_PLACEMENT_3D('',#6953,#5570,#5571);
#5079=AXIS2_PLACEMENT_3D('',#6957,#5573,#5574);
#5080=AXIS2_PLACEMENT_3D('',#6959,#5575,#5576);
#5081=AXIS2_PLACEMENT_3D('',#6969,#5582,#5583);
#5082=AXIS2_PLACEMENT_3D('',#6975,#5586,#5587);
#5083=AXIS2_PLACEMENT_3D('',#6979,#5589,#5590);
#5084=AXIS2_PLACEMENT_3D('',#6983,#5592,#5593);
#5085=AXIS2_PLACEMENT_3D('',#6989,#5596,#5597);
#5086=AXIS2_PLACEMENT_3D('',#6995,#5602,#5603);
#5087=AXIS2_PLACEMENT_3D('',#6998,#5604,#5605);
#5088=AXIS2_PLACEMENT_3D('',#7002,#5607,#5608);
#5089=AXIS2_PLACEMENT_3D('',#7004,#5610,#5611);
#5090=AXIS2_PLACEMENT_3D('',#7010,#5615,#5616);
#5091=AXIS2_PLACEMENT_3D('',#7014,#5619,#5620);
#5092=AXIS2_PLACEMENT_3D('',#7018,#5623,#5624);
#5093=AXIS2_PLACEMENT_3D('',#7020,#5626,#5627);
#5094=AXIS2_PLACEMENT_3D('',#7023,#5628,#5629);
#5095=AXIS2_PLACEMENT_3D('',#7027,#5631,#5632);
#5096=AXIS2_PLACEMENT_3D('',#7029,#5634,#5635);
#5097=AXIS2_PLACEMENT_3D('',#7035,#5639,#5640);
#5098=AXIS2_PLACEMENT_3D('',#7039,#5643,#5644);
#5099=AXIS2_PLACEMENT_3D('',#7043,#5647,#5648);
#5100=AXIS2_PLACEMENT_3D('',#7045,#5650,#5651);
#5101=AXIS2_PLACEMENT_3D('',#7048,#5652,#5653);
#5102=AXIS2_PLACEMENT_3D('',#7052,#5655,#5656);
#5103=AXIS2_PLACEMENT_3D('',#7054,#5658,#5659);
#5104=AXIS2_PLACEMENT_3D('',#7060,#5663,#5664);
#5105=AXIS2_PLACEMENT_3D('',#7064,#5667,#5668);
#5106=AXIS2_PLACEMENT_3D('',#7068,#5671,#5672);
#5107=AXIS2_PLACEMENT_3D('',#7070,#5674,#5675);
#5108=AXIS2_PLACEMENT_3D('',#7073,#5676,#5677);
#5109=AXIS2_PLACEMENT_3D('',#7077,#5679,#5680);
#5110=AXIS2_PLACEMENT_3D('',#7079,#5682,#5683);
#5111=AXIS2_PLACEMENT_3D('',#7085,#5687,#5688);
#5112=AXIS2_PLACEMENT_3D('',#7089,#5691,#5692);
#5113=AXIS2_PLACEMENT_3D('',#7093,#5695,#5696);
#5114=AXIS2_PLACEMENT_3D('',#7095,#5698,#5699);
#5115=AXIS2_PLACEMENT_3D('',#7097,#5700,#5701);
#5116=AXIS2_PLACEMENT_3D('',#7113,#5702,#5703);
#5117=AXIS2_PLACEMENT_3D('',#7114,#5704,#5705);
#5118=AXIS2_PLACEMENT_3D('',#7115,#5706,#5707);
#5119=AXIS2_PLACEMENT_3D('',#7116,#5708,#5709);
#5120=AXIS2_PLACEMENT_3D('',#7117,#5710,#5711);
#5121=AXIS2_PLACEMENT_3D('',#7123,#5715,#5716);
#5122=AXIS2_PLACEMENT_3D('',#7124,#5717,#5718);
#5123=AXIS2_PLACEMENT_3D('',#7128,#5721,#5722);
#5124=AXIS2_PLACEMENT_3D('',#7129,#5723,#5724);
#5125=AXIS2_PLACEMENT_3D('',#7131,#5725,#5726);
#5126=AXIS2_PLACEMENT_3D('',#7135,#5728,#5729);
#5127=AXIS2_PLACEMENT_3D('',#7202,#5731,#5732);
#5128=AXIS2_PLACEMENT_3D('',#7204,#5733,#5734);
#5129=AXIS2_PLACEMENT_3D('',#7205,#5735,#5736);
#5130=AXIS2_PLACEMENT_3D('',#7271,#5737,#5738);
#5131=AXIS2_PLACEMENT_3D('',#7273,#5739,#5740);
#5132=AXIS2_PLACEMENT_3D('',#7274,#5741,#5742);
#5133=AXIS2_PLACEMENT_3D('',#7275,#5743,#5744);
#5134=AXIS2_PLACEMENT_3D('',#7279,#5746,#5747);
#5135=AXIS2_PLACEMENT_3D('',#7281,#5749,#5750);
#5136=AXIS2_PLACEMENT_3D('',#7298,#5753,#5754);
#5137=AXIS2_PLACEMENT_3D('',#7302,#5756,#5757);
#5138=AXIS2_PLACEMENT_3D('',#7304,#5759,#5760);
#5139=AXIS2_PLACEMENT_3D('',#7305,#5761,#5762);
#5140=AXIS2_PLACEMENT_3D('',#7306,#5763,#5764);
#5141=AXIS2_PLACEMENT_3D('',#7307,#5765,#5766);
#5142=AXIS2_PLACEMENT_3D('',#7311,#5768,#5769);
#5143=AXIS2_PLACEMENT_3D('',#7313,#5771,#5772);
#5144=AXIS2_PLACEMENT_3D('',#7315,#5773,#5774);
#5145=AXIS2_PLACEMENT_3D('',#7317,#5775,#5776);
#5146=AXIS2_PLACEMENT_3D('',#7330,#5777,#5778);
#5147=AXIS2_PLACEMENT_3D('',#7334,#5780,#5781);
#5148=AXIS2_PLACEMENT_3D('',#7336,#5783,#5784);
#5149=AXIS2_PLACEMENT_3D('',#7339,#5787,#5788);
#5150=AXIS2_PLACEMENT_3D('',#7343,#5790,#5791);
#5151=AXIS2_PLACEMENT_3D('',#7345,#5793,#5794);
#5152=AXIS2_PLACEMENT_3D('',#7348,#5795,#5796);
#5153=AXIS2_PLACEMENT_3D('',#7349,#5797,#5798);
#5154=AXIS2_PLACEMENT_3D('',#7350,#5799,#5800);
#5155=AXIS2_PLACEMENT_3D('',#7351,#5801,#5802);
#5156=AXIS2_PLACEMENT_3D('',#7354,#5805,#5806);
#5157=AXIS2_PLACEMENT_3D('',#7357,#5809,#5810);
#5158=AXIS2_PLACEMENT_3D('',#7359,#5812,#5813);
#5159=AXIS2_PLACEMENT_3D('',#7361,#5815,#5816);
#5160=AXIS2_PLACEMENT_3D('',#7363,#5818,#5819);
#5161=AXIS2_PLACEMENT_3D('',#7365,#5821,#5822);
#5162=AXIS2_PLACEMENT_3D('',#7367,#5824,#5825);
#5163=AXIS2_PLACEMENT_3D('',#7368,#5826,#5827);
#5164=AXIS2_PLACEMENT_3D('',#7369,#5828,#5829);
#5165=AXIS2_PLACEMENT_3D('',#7373,#5831,#5832);
#5166=AXIS2_PLACEMENT_3D('',#7375,#5834,#5835);
#5167=AXIS2_PLACEMENT_3D('',#7379,#5837,#5838);
#5168=AXIS2_PLACEMENT_3D('',#7381,#5840,#5841);
#5169=AXIS2_PLACEMENT_3D('',#7385,#5843,#5844);
#5170=AXIS2_PLACEMENT_3D('',#7387,#5846,#5847);
#5171=AXIS2_PLACEMENT_3D('',#7391,#5849,#5850);
#5172=AXIS2_PLACEMENT_3D('',#7393,#5852,#5853);
#5173=AXIS2_PLACEMENT_3D('',#7397,#5855,#5856);
#5174=AXIS2_PLACEMENT_3D('',#7401,#5858,#5859);
#5175=AXIS2_PLACEMENT_3D('',#7405,#5861,#5862);
#5176=AXIS2_PLACEMENT_3D('',#7409,#5865,#5866);
#5177=AXIS2_PLACEMENT_3D('',#7413,#5869,#5870);
#5178=AXIS2_PLACEMENT_3D('',#7415,#5872,#5873);
#5179=AXIS2_PLACEMENT_3D('',#7418,#5876,#5877);
#5180=AXIS2_PLACEMENT_3D('',#7419,#5878,#5879);
#5181=AXIS2_PLACEMENT_3D('',#7420,#5880,#5881);
#5182=AXIS2_PLACEMENT_3D('',#7422,#5883,#5884);
#5183=AXIS2_PLACEMENT_3D('',#7423,#5885,#5886);
#5184=AXIS2_PLACEMENT_3D('',#7425,#5888,#5889);
#5185=AXIS2_PLACEMENT_3D('',#7426,#5890,#5891);
#5186=AXIS2_PLACEMENT_3D('',#7427,#5892,#5893);
#5187=AXIS2_PLACEMENT_3D('',#7429,#5895,#5896);
#5188=AXIS2_PLACEMENT_3D('',#7431,#5898,#5899);
#5189=AXIS2_PLACEMENT_3D('',#7433,#5901,#5902);
#5190=AXIS2_PLACEMENT_3D('',#7435,#5904,#5905);
#5191=AXIS2_PLACEMENT_3D('',#7436,#5906,#5907);
#5192=AXIS2_PLACEMENT_3D('',#7438,#5909,#5910);
#5193=AXIS2_PLACEMENT_3D('',#7440,#5912,#5913);
#5194=AXIS2_PLACEMENT_3D('',#7442,#5915,#5916);
#5195=AXIS2_PLACEMENT_3D('',#7444,#5918,#5919);
#5196=AXIS2_PLACEMENT_3D('',#7446,#5921,#5922);
#5197=AXIS2_PLACEMENT_3D('',#7448,#5924,#5925);
#5198=AXIS2_PLACEMENT_3D('',#7449,#5926,#5927);
#5199=AXIS2_PLACEMENT_3D('',#7450,#5928,#5929);
#5200=AXIS2_PLACEMENT_3D('',#7457,#5933,#5934);
#5201=AXIS2_PLACEMENT_3D('',#7463,#5938,#5939);
#5202=AXIS2_PLACEMENT_3D('',#7467,#5942,#5943);
#5203=AXIS2_PLACEMENT_3D('',#7469,#5945,#5946);
#5204=AXIS2_PLACEMENT_3D('',#7476,#5950,#5951);
#5205=AXIS2_PLACEMENT_3D('',#7482,#5955,#5956);
#5206=AXIS2_PLACEMENT_3D('',#7486,#5959,#5960);
#5207=AXIS2_PLACEMENT_3D('',#7488,#5962,#5963);
#5208=AXIS2_PLACEMENT_3D('',#7495,#5967,#5968);
#5209=AXIS2_PLACEMENT_3D('',#7501,#5972,#5973);
#5210=AXIS2_PLACEMENT_3D('',#7505,#5976,#5977);
#5211=AXIS2_PLACEMENT_3D('',#7507,#5979,#5980);
#5212=AXIS2_PLACEMENT_3D('',#7510,#5981,#5982);
#5213=AXIS2_PLACEMENT_3D('',#7514,#5984,#5985);
#5214=AXIS2_PLACEMENT_3D('',#7516,#5987,#5988);
#5215=AXIS2_PLACEMENT_3D('',#7522,#5992,#5993);
#5216=AXIS2_PLACEMENT_3D('',#7526,#5996,#5997);
#5217=AXIS2_PLACEMENT_3D('',#7535,#6001,#6002);
#5218=AXIS2_PLACEMENT_3D('',#7537,#6003,#6004);
#5219=AXIS2_PLACEMENT_3D('',#7541,#6006,#6007);
#5220=AXIS2_PLACEMENT_3D('',#7545,#6009,#6010);
#5221=AXIS2_PLACEMENT_3D('',#7549,#6012,#6013);
#5222=AXIS2_PLACEMENT_3D('',#7553,#6015,#6016);
#5223=AXIS2_PLACEMENT_3D('',#7557,#6018,#6019);
#5224=AXIS2_PLACEMENT_3D('',#7561,#6021,#6022);
#5225=AXIS2_PLACEMENT_3D('',#7563,#6023,#6024);
#5226=AXIS2_PLACEMENT_3D('',#7571,#6028,#6029);
#5227=AXIS2_PLACEMENT_3D('',#7573,#6030,#6031);
#5228=AXIS2_PLACEMENT_3D('',#7577,#6033,#6034);
#5229=AXIS2_PLACEMENT_3D('',#7581,#6036,#6037);
#5230=AXIS2_PLACEMENT_3D('',#7585,#6039,#6040);
#5231=AXIS2_PLACEMENT_3D('',#7589,#6042,#6043);
#5232=AXIS2_PLACEMENT_3D('',#7593,#6045,#6046);
#5233=AXIS2_PLACEMENT_3D('',#7597,#6048,#6049);
#5234=AXIS2_PLACEMENT_3D('',#7598,#6050,#6051);
#5235=AXIS2_PLACEMENT_3D('',#7599,#6052,#6053);
#5236=AXIS2_PLACEMENT_3D('',#7605,#6057,#6058);
#5237=AXIS2_PLACEMENT_3D('',#7609,#6061,#6062);
#5238=AXIS2_PLACEMENT_3D('',#7612,#6064,#6065);
#5239=AXIS2_PLACEMENT_3D('',#7613,#6066,#6067);
#5240=AXIS2_PLACEMENT_3D('',#7616,#6069,#6070);
#5241=AXIS2_PLACEMENT_3D('',#7617,#6071,#6072);
#5242=AXIS2_PLACEMENT_3D('',#7621,#6075,#6076);
#5243=AXIS2_PLACEMENT_3D('',#7624,#6078,#6079);
#5244=AXIS2_PLACEMENT_3D('',#7625,#6080,#6081);
#5245=AXIS2_PLACEMENT_3D('',#7629,#6084,#6085);
#5246=AXIS2_PLACEMENT_3D('',#7632,#6087,#6088);
#5247=AXIS2_PLACEMENT_3D('',#7633,#6089,#6090);
#5248=AXIS2_PLACEMENT_3D('',#7637,#6093,#6094);
#5249=AXIS2_PLACEMENT_3D('',#7640,#6096,#6097);
#5250=AXIS2_PLACEMENT_3D('',#7641,#6098,#6099);
#5251=AXIS2_PLACEMENT_3D('',#7645,#6102,#6103);
#5252=AXIS2_PLACEMENT_3D('',#7648,#6105,#6106);
#5253=AXIS2_PLACEMENT_3D('',#7649,#6107,#6108);
#5254=AXIS2_PLACEMENT_3D('',#7653,#6111,#6112);
#5255=AXIS2_PLACEMENT_3D('',#7656,#6114,#6115);
#5256=AXIS2_PLACEMENT_3D('',#7657,#6116,#6117);
#5257=AXIS2_PLACEMENT_3D('',#7661,#6120,#6121);
#5258=AXIS2_PLACEMENT_3D('',#7664,#6123,#6124);
#5259=AXIS2_PLACEMENT_3D('',#7665,#6125,#6126);
#5260=AXIS2_PLACEMENT_3D('',#7668,#6128,#6129);
#5261=AXIS2_PLACEMENT_3D('',#7669,#6130,#6131);
#5262=AXIS2_PLACEMENT_3D('',#7676,#6136,#6137);
#5263=AXIS2_PLACEMENT_3D('',#7678,#6139,#6140);
#5264=AXIS2_PLACEMENT_3D('',#7679,#6141,#6142);
#5265=AXIS2_PLACEMENT_3D('',#7684,#6144,#6145);
#5266=AXIS2_PLACEMENT_3D('',#7686,#6146,#6147);
#5267=AXIS2_PLACEMENT_3D('',#7690,#6149,#6150);
#5268=AXIS2_PLACEMENT_3D('',#7694,#6152,#6153);
#5269=AXIS2_PLACEMENT_3D('',#7698,#6155,#6156);
#5270=AXIS2_PLACEMENT_3D('',#7702,#6158,#6159);
#5271=AXIS2_PLACEMENT_3D('',#7706,#6161,#6162);
#5272=AXIS2_PLACEMENT_3D('',#7710,#6164,#6165);
#5273=AXIS2_PLACEMENT_3D('',#7712,#6166,#6167);
#5274=AXIS2_PLACEMENT_3D('',#7715,#6170,#6171);
#5275=AXIS2_PLACEMENT_3D('',#7717,#6173,#6174);
#5276=AXIS2_PLACEMENT_3D('',#7719,#6176,#6177);
#5277=AXIS2_PLACEMENT_3D('',#7721,#6179,#6180);
#5278=AXIS2_PLACEMENT_3D('',#7723,#6182,#6183);
#5279=AXIS2_PLACEMENT_3D('',#7725,#6185,#6186);
#5280=AXIS2_PLACEMENT_3D('',#7727,#6188,#6189);
#5281=AXIS2_PLACEMENT_3D('',#7729,#6191,#6192);
#5282=AXIS2_PLACEMENT_3D('',#7731,#6194,#6195);
#5283=AXIS2_PLACEMENT_3D('',#7733,#6197,#6198);
#5284=AXIS2_PLACEMENT_3D('',#7735,#6200,#6201);
#5285=AXIS2_PLACEMENT_3D('',#7737,#6203,#6204);
#5286=AXIS2_PLACEMENT_3D('',#7739,#6206,#6207);
#5287=AXIS2_PLACEMENT_3D('',#7741,#6209,#6210);
#5288=AXIS2_PLACEMENT_3D('',#7743,#6212,#6213);
#5289=AXIS2_PLACEMENT_3D('',#7745,#6215,#6216);
#5290=AXIS2_PLACEMENT_3D('',#7747,#6218,#6219);
#5291=AXIS2_PLACEMENT_3D('',#7749,#6221,#6222);
#5292=AXIS2_PLACEMENT_3D('',#7750,#6223,#6224);
#5293=AXIS2_PLACEMENT_3D('',#7753,#6225,#6226);
#5294=AXIS2_PLACEMENT_3D('',#7757,#6228,#6229);
#5295=AXIS2_PLACEMENT_3D('',#7759,#6231,#6232);
#5296=AXIS2_PLACEMENT_3D('',#7765,#6236,#6237);
#5297=AXIS2_PLACEMENT_3D('',#7767,#6238,#6239);
#5298=AXIS2_PLACEMENT_3D('',#7770,#6241,#6242);
#5299=AXIS2_PLACEMENT_3D('',#7771,#6243,#6244);
#5300=AXIS2_PLACEMENT_3D('',#7777,#6248,#6249);
#5301=AXIS2_PLACEMENT_3D('',#7779,#6250,#6251);
#5302=AXIS2_PLACEMENT_3D('',#7782,#6253,#6254);
#5303=AXIS2_PLACEMENT_3D('',#7783,#6255,#6256);
#5304=AXIS2_PLACEMENT_3D('',#7789,#6260,#6261);
#5305=AXIS2_PLACEMENT_3D('',#7795,#6265,#6266);
#5306=AXIS2_PLACEMENT_3D('',#7797,#6267,#6268);
#5307=AXIS2_PLACEMENT_3D('',#7800,#6270,#6271);
#5308=AXIS2_PLACEMENT_3D('',#7801,#6272,#6273);
#5309=AXIS2_PLACEMENT_3D('',#7807,#6277,#6278);
#5310=AXIS2_PLACEMENT_3D('',#7815,#6282,#6283);
#5311=AXIS2_PLACEMENT_3D('',#7816,#6284,#6285);
#5312=AXIS2_PLACEMENT_3D('',#7822,#6289,#6290);
#5313=AXIS2_PLACEMENT_3D('',#7824,#6291,#6292);
#5314=AXIS2_PLACEMENT_3D('',#7827,#6294,#6295);
#5315=AXIS2_PLACEMENT_3D('',#7828,#6296,#6297);
#5316=AXIS2_PLACEMENT_3D('',#7834,#6301,#6302);
#5317=AXIS2_PLACEMENT_3D('',#7837,#6305,#6306);
#5318=AXIS2_PLACEMENT_3D('',#7839,#6307,#6308);
#5319=AXIS2_PLACEMENT_3D('',#7842,#6310,#6311);
#5320=AXIS2_PLACEMENT_3D('',#7843,#6312,#6313);
#5321=AXIS2_PLACEMENT_3D('',#7855,#6314,#6315);
#5322=AXIS2_PLACEMENT_3D('',#7856,#6316,#6317);
#5323=AXIS2_PLACEMENT_3D('',#7858,#6318,#6319);
#5324=AXIS2_PLACEMENT_3D('',#7865,#6320,#6321);
#5325=AXIS2_PLACEMENT_3D('',#7867,#6322,#6323);
#5326=AXIS2_PLACEMENT_3D('',#7869,#6325,#6326);
#5327=AXIS2_PLACEMENT_3D('',#7878,#6328,#6329);
#5328=AXIS2_PLACEMENT_3D('',#7895,#6331,#6332);
#5329=AXIS2_PLACEMENT_3D('',#7899,#6334,#6335);
#5330=AXIS2_PLACEMENT_3D('',#7900,#6336,#6337);
#5331=AXIS2_PLACEMENT_3D('',#7901,#6338,#6339);
#5332=AXIS2_PLACEMENT_3D('',#7902,#6340,#6341);
#5333=AXIS2_PLACEMENT_3D('',#7903,#6342,#6343);
#5334=AXIS2_PLACEMENT_3D('',#7906,#6344,#6345);
#5335=AXIS2_PLACEMENT_3D('',#7907,#6346,#6347);
#5336=AXIS2_PLACEMENT_3D('',#7922,#6348,#6349);
#5337=AXIS2_PLACEMENT_3D('',#7935,#6350,#6351);
#5338=AXIS2_PLACEMENT_3D('',#7948,#6353,#6354);
#5339=AXIS2_PLACEMENT_3D('',#7957,#6356,#6357);
#5340=AXIS2_PLACEMENT_3D('',#7968,#6359,#6360);
#5341=AXIS2_PLACEMENT_3D('',#7969,#6361,#6362);
#5342=AXIS2_PLACEMENT_3D('',#8127,#6364,#6365);
#5343=AXIS2_PLACEMENT_3D('',#8179,#6366,#6367);
#5344=AXIS2_PLACEMENT_3D('',#8181,#6368,#6369);
#5345=AXIS2_PLACEMENT_3D('',#8182,#6370,#6371);
#5346=AXIS2_PLACEMENT_3D('',#8241,#6372,#6373);
#5347=AXIS2_PLACEMENT_3D('',#8243,#6374,#6375);
#5348=AXIS2_PLACEMENT_3D('',#8244,#6376,#6377);
#5349=AXIS2_PLACEMENT_3D('',#8245,#6378,#6379);
#5350=AXIS2_PLACEMENT_3D('',#8250,#6382,#6383);
#5351=AXIS2_PLACEMENT_3D('',#8251,#6384,#6385);
#5352=AXIS2_PLACEMENT_3D('',#8255,#6387,#6388);
#5353=AXIS2_PLACEMENT_3D('',#8271,#6390,#6391);
#5354=AXIS2_PLACEMENT_3D('',#8274,#6392,#6393);
#5355=AXIS2_PLACEMENT_3D('',#8278,#6395,#6396);
#5356=AXIS2_PLACEMENT_3D('',#8280,#6398,#6399);
#5357=AXIS2_PLACEMENT_3D('',#8282,#6400,#6401);
#5358=AXIS2_PLACEMENT_3D('',#8283,#6402,#6403);
#5359=AXIS2_PLACEMENT_3D('',#8297,#6404,#6405);
#5360=AXIS2_PLACEMENT_3D('',#8300,#6406,#6407);
#5361=AXIS2_PLACEMENT_3D('',#8316,#6408,#6409);
#5362=AXIS2_PLACEMENT_3D('',#8317,#6410,#6411);
#5363=AXIS2_PLACEMENT_3D('',#8318,#6412,#6413);
#5364=AXIS2_PLACEMENT_3D('',#8322,#6415,#6416);
#5365=AXIS2_PLACEMENT_3D('',#8324,#6418,#6419);
#5366=AXIS2_PLACEMENT_3D('',#8355,#6422,#6423);
#5367=AXIS2_PLACEMENT_3D('',#8356,#6424,#6425);
#5368=AXIS2_PLACEMENT_3D('',#8360,#6428,#6429);
#5369=AXIS2_PLACEMENT_3D('',#8361,#6430,#6431);
#5370=AXIS2_PLACEMENT_3D('',#8366,#6434,#6435);
#5371=AXIS2_PLACEMENT_3D('',#8367,#6436,#6437);
#5372=AXIS2_PLACEMENT_3D('',#8369,#6438,#6439);
#5373=AXIS2_PLACEMENT_3D('',#8371,#6440,#6441);
#5374=AXIS2_PLACEMENT_3D('',#8372,#6442,#6443);
#5375=AXIS2_PLACEMENT_3D('',#8373,#6444,#6445);
#5376=AXIS2_PLACEMENT_3D('',#8376,#6448,#6449);
#5377=AXIS2_PLACEMENT_3D('',#8381,#6451,#6452);
#5378=AXIS2_PLACEMENT_3D('',#8386,#6456,#6457);
#5379=AXIS2_PLACEMENT_3D('',#8389,#6459,#6460);
#5380=AXIS2_PLACEMENT_3D('',#8391,#6461,#6462);
#5381=AXIS2_PLACEMENT_3D('',#8396,#6464,#6465);
#5382=AXIS2_PLACEMENT_3D('',#8400,#6467,#6468);
#5383=AXIS2_PLACEMENT_3D('',#8404,#6470,#6471);
#5384=AXIS2_PLACEMENT_3D('',#8407,#6473,#6474);
#5385=AXIS2_PLACEMENT_3D('',#8409,#6475,#6476);
#5386=AXIS2_PLACEMENT_3D('',#8434,#6477,#6478);
#5387=AXIS2_PLACEMENT_3D('',#8467,#6479,#6480);
#5388=AXIS2_PLACEMENT_3D('',#8500,#6481,#6482);
#5389=AXIS2_PLACEMENT_3D('',#8525,#6483,#6484);
#5390=AXIS2_PLACEMENT_3D('',#8526,#6485,#6486);
#5391=AXIS2_PLACEMENT_3D('',#8528,#6487,#6488);
#5392=AXIS2_PLACEMENT_3D('',#8530,#6490,#6491);
#5393=AXIS2_PLACEMENT_3D('',#8532,#6492,#6493);
#5394=AXIS2_PLACEMENT_3D('',#8534,#6495,#6496);
#5395=AXIS2_PLACEMENT_3D('',#8536,#6497,#6498);
#5396=AXIS2_PLACEMENT_3D('',#8538,#6500,#6501);
#5397=AXIS2_PLACEMENT_3D('',#8544,#6505,#6506);
#5398=AXIS2_PLACEMENT_3D('',#8546,#6507,#6508);
#5399=AXIS2_PLACEMENT_3D('',#8548,#6510,#6511);
#5400=AXIS2_PLACEMENT_3D('',#8552,#6514,#6515);
#5401=AXIS2_PLACEMENT_3D('',#8554,#6516,#6517);
#5402=AXIS2_PLACEMENT_3D('',#8556,#6519,#6520);
#5403=AXIS2_PLACEMENT_3D('',#8562,#6524,#6525);
#5404=AXIS2_PLACEMENT_3D('',#8563,#6526,#6527);
#5405=AXIS2_PLACEMENT_3D('',#8564,#6528,#6529);
#5406=AXIS2_PLACEMENT_3D('',#8568,#6532,#6533);
#5407=AXIS2_PLACEMENT_3D('',#8569,#6534,#6535);
#5408=AXIS2_PLACEMENT_3D('',#8570,#6536,#6537);
#5409=AXIS2_PLACEMENT_3D('',#8574,#6539,#6540);
#5410=AXIS2_PLACEMENT_3D('',#8576,#6542,#6543);
#5411=AXIS2_PLACEMENT_3D('',#8601,#6545,#6546);
#5412=AXIS2_PLACEMENT_3D('',#8606,#6548,#6549);
#5413=AXIS2_PLACEMENT_3D('',#8610,#6551,#6552);
#5414=AXIS2_PLACEMENT_3D('',#8612,#6554,#6555);
#5415=AXIS2_PLACEMENT_3D('',#8633,#6557,#6558);
#5416=AXIS2_PLACEMENT_3D('',#8635,#6560,#6561);
#5417=AXIS2_PLACEMENT_3D('',#8639,#6564,#6565);
#5418=AXIS2_PLACEMENT_3D('',#8641,#6566,#6567);
#5419=AXIS2_PLACEMENT_3D('',#8645,#6570,#6571);
#5420=AXIS2_PLACEMENT_3D('',#8649,#6574,#6575);
#5421=AXIS2_PLACEMENT_3D('',#8650,#6576,#6577);
#5422=AXIS2_PLACEMENT_3D('',#8820,#6585,#6586);
#5423=AXIS2_PLACEMENT_3D('',#8822,#6588,#6589);
#5424=AXIS2_PLACEMENT_3D('',#8929,#6593,#6594);
#5425=AXIS2_PLACEMENT_3D('',#8988,#6597,#6598);
#5426=AXIS2_PLACEMENT_3D('',#9087,#6603,#6604);
#5427=AXIS2_PLACEMENT_3D('',#9089,#6606,#6607);
#5428=AXIS2_PLACEMENT_3D('',#9207,#6612,#6613);
#5429=AXIS2_PLACEMENT_3D('',#9209,#6615,#6616);
#5430=AXIS2_PLACEMENT_3D('',#9239,#6619,#6620);
#5431=AXIS2_PLACEMENT_3D('',#9347,#6626,#6627);
#5432=AXIS2_PLACEMENT_3D('',#9348,#6628,#6629);
#5433=AXIS2_PLACEMENT_3D('',#9349,#6630,#6631);
#5434=AXIS2_PLACEMENT_3D('',#9350,#6632,#6633);
#5435=AXIS2_PLACEMENT_3D('',#9363,#6636,#6637);
#5436=AXIS2_PLACEMENT_3D('',#9373,#6639,#6640);
#5437=AXIS2_PLACEMENT_3D('',#9386,#6641,#6642);
#5438=AXIS2_PLACEMENT_3D('',#9398,#6643,#6644);
#5439=AXIS2_PLACEMENT_3D('',#9399,#6645,#6646);
#5440=AXIS2_PLACEMENT_3D('',#9898,#6655,#6656);
#5441=AXIS2_PLACEMENT_3D('',#9900,#6658,#6659);
#5442=AXIS2_PLACEMENT_3D('',#9901,#6660,#6661);
#5443=AXIS2_PLACEMENT_3D('',#9903,#6663,#6664);
#5444=AXIS2_PLACEMENT_3D('',#9904,#6665,#6666);
#5445=AXIS2_PLACEMENT_3D('',#9908,#6669,#6670);
#5446=AXIS2_PLACEMENT_3D('',#9911,#6672,#6673);
#5447=AXIS2_PLACEMENT_3D('',#9912,#6674,#6675);
#5448=AXIS2_PLACEMENT_3D('',#9915,#6677,#6678);
#5449=AXIS2_PLACEMENT_3D('',#9916,#6679,#6680);
#5450=AXIS2_PLACEMENT_3D('',#9920,#6683,#6684);
#5451=AXIS2_PLACEMENT_3D('',#9923,#6686,#6687);
#5452=AXIS2_PLACEMENT_3D('',#9924,#6688,#6689);
#5453=AXIS2_PLACEMENT_3D('',#9928,#6692,#6693);
#5454=AXIS2_PLACEMENT_3D('',#9931,#6695,#6696);
#5455=AXIS2_PLACEMENT_3D('',#9932,#6697,#6698);
#5456=AXIS2_PLACEMENT_3D('',#9936,#6701,#6702);
#5457=AXIS2_PLACEMENT_3D('',#9939,#6704,#6705);
#5458=AXIS2_PLACEMENT_3D('',#9940,#6706,#6707);
#5459=AXIS2_PLACEMENT_3D('',#9944,#6710,#6711);
#5460=AXIS2_PLACEMENT_3D('',#9947,#6713,#6714);
#5461=AXIS2_PLACEMENT_3D('',#9948,#6715,#6716);
#5462=AXIS2_PLACEMENT_3D('',#9952,#6719,#6720);
#5463=AXIS2_PLACEMENT_3D('',#9955,#6722,#6723);
#5464=AXIS2_PLACEMENT_3D('',#9956,#6724,#6725);
#5465=AXIS2_PLACEMENT_3D('',#9960,#6728,#6729);
#5466=AXIS2_PLACEMENT_3D('',#9963,#6731,#6732);
#5467=AXIS2_PLACEMENT_3D('',#9964,#6733,#6734);
#5468=AXIS2_PLACEMENT_3D('',#9967,#6736,#6737);
#5469=AXIS2_PLACEMENT_3D('',#9968,#6738,#6739);
#5470=AXIS2_PLACEMENT_3D('',#9972,#6742,#6743);
#5471=AXIS2_PLACEMENT_3D('',#9976,#6746,#6747);
#5472=AXIS2_PLACEMENT_3D('',#9979,#6750,#6751);
#5473=AXIS2_PLACEMENT_3D('',#9980,#6752,#6753);
#5474=AXIS2_PLACEMENT_3D('',#9981,#6754,#6755);
#5475=AXIS2_PLACEMENT_3D('',#9986,#6757,#6758);
#5476=AXIS2_PLACEMENT_3D('',#9989,#6760,#6761);
#5477=AXIS2_PLACEMENT_3D('',#9990,#6762,#6763);
#5478=AXIS2_PLACEMENT_3D('',#9996,#6767,#6768);
#5479=AXIS2_PLACEMENT_3D('',#9998,#6769,#6770);
#5480=AXIS2_PLACEMENT_3D('',#9999,#6771,#6772);
#5481=AXIS2_PLACEMENT_3D('',#10000,#6773,#6774);
#5482=AXIS2_PLACEMENT_3D('',#10002,#6775,#6776);
#5483=AXIS2_PLACEMENT_3D('',#10006,#6778,#6779);
#5484=AXIS2_PLACEMENT_3D('',#10008,#6781,#6782);
#5485=AXIS2_PLACEMENT_3D('',#10010,#6783,#6784);
#5486=AXIS2_PLACEMENT_3D('',#10014,#6786,#6787);
#5487=AXIS2_PLACEMENT_3D('',#10018,#6789,#6790);
#5488=AXIS2_PLACEMENT_3D('',#10022,#6792,#6793);
#5489=AXIS2_PLACEMENT_3D('',#10026,#6795,#6796);
#5490=AXIS2_PLACEMENT_3D('',#10028,#6798,#6799);
#5491=AXIS2_PLACEMENT_3D('',#10032,#6802,#6803);
#5492=AXIS2_PLACEMENT_3D('',#10035,#6805,#6806);
#5493=AXIS2_PLACEMENT_3D('',#10036,#6807,#6808);
#5494=AXIS2_PLACEMENT_3D('',#10040,#6811,#6812);
#5495=AXIS2_PLACEMENT_3D('',#10043,#6814,#6815);
#5496=AXIS2_PLACEMENT_3D('',#10044,#6816,#6817);
#5497=AXIS2_PLACEMENT_3D('',#10048,#6820,#6821);
#5498=AXIS2_PLACEMENT_3D('',#10051,#6823,#6824);
#5499=AXIS2_PLACEMENT_3D('',#10052,#6825,#6826);
#5500=AXIS2_PLACEMENT_3D('',#10054,#6827,#6828);
#5501=AXIS2_PLACEMENT_3D('',#10056,#6830,#6831);
#5502=AXIS2_PLACEMENT_3D('',#10060,#6834,#6835);
#5503=AXIS2_PLACEMENT_3D('',#10062,#6836,#6837);
#5504=AXIS2_PLACEMENT_3D('',#10064,#6839,#6840);
#5505=AXIS2_PLACEMENT_3D('',#10066,#6842,#6843);
#5506=AXIS2_PLACEMENT_3D('',#10067,#6844,#6845);
#5507=AXIS2_PLACEMENT_3D('',#10072,#6847,#6848);
#5508=AXIS2_PLACEMENT_3D('',#10075,#6850,#6851);
#5509=AXIS2_PLACEMENT_3D('',#10076,#6852,#6853);
#5510=AXIS2_PLACEMENT_3D('',#10080,#6855,#6856);
#5511=AXIS2_PLACEMENT_3D('',#10082,#6858,#6859);
#5512=AXIS2_PLACEMENT_3D('',#10086,#6861,#6862);
#5513=AXIS2_PLACEMENT_3D('',#10088,#6864,#6865);
#5514=AXIS2_PLACEMENT_3D('',#10094,#6869,#6870);
#5515=AXIS2_PLACEMENT_3D('',#10097,#6872,#6873);
#5516=AXIS2_PLACEMENT_3D('',#10098,#6874,#6875);
#5517=AXIS2_PLACEMENT_3D('',#10101,#6877,#6878);
#5518=AXIS2_PLACEMENT_3D('',#10102,#6879,#6880);
#5519=AXIS2_PLACEMENT_3D('',#10104,#6882,#6883);
#5520=AXIS2_PLACEMENT_3D('',#10105,#6884,#6885);
#5521=AXIS2_PLACEMENT_3D('',#10106,#6886,#6887);
#5522=DIRECTION('axis',(0.,0.,1.));
#5523=DIRECTION('refdir',(1.,0.,0.));
#5524=DIRECTION('axis',(0.,0.,1.));
#5525=DIRECTION('refdir',(1.,0.,0.));
#5526=DIRECTION('center_axis',(-1.,0.,0.));
#5527=DIRECTION('ref_axis',(0.,-1.,0.));
#5528=DIRECTION('',(0.,-1.,0.));
#5529=DIRECTION('',(0.,0.,1.));
#5530=DIRECTION('',(0.,-1.,0.));
#5531=DIRECTION('',(0.,0.,1.));
#5532=DIRECTION('center_axis',(1.,0.,0.));
#5533=DIRECTION('ref_axis',(0.,1.,0.));
#5534=DIRECTION('',(0.,1.,0.));
#5535=DIRECTION('',(0.,0.,1.));
#5536=DIRECTION('',(0.,1.,0.));
#5537=DIRECTION('',(0.,0.,1.));
#5538=DIRECTION('center_axis',(-1.,0.,0.));
#5539=DIRECTION('ref_axis',(0.,-1.,0.));
#5540=DIRECTION('',(0.,1.,0.));
#5541=DIRECTION('',(0.,0.,1.));
#5542=DIRECTION('',(0.,-1.,0.));
#5543=DIRECTION('',(0.,0.,1.));
#5544=DIRECTION('center_axis',(1.,0.,0.));
#5545=DIRECTION('ref_axis',(0.,1.,0.));
#5546=DIRECTION('',(0.,1.,0.));
#5547=DIRECTION('',(0.,0.,1.));
#5548=DIRECTION('',(0.,1.,0.));
#5549=DIRECTION('',(0.,0.,1.));
#5550=DIRECTION('center_axis',(0.,0.,1.));
#5551=DIRECTION('ref_axis',(1.,0.,0.));
#5552=DIRECTION('',(0.561944867237533,-0.827174689038169,0.));
#5553=DIRECTION('center_axis',(0.,0.,-1.));
#5554=DIRECTION('ref_axis',(1.,0.,0.));
#5555=DIRECTION('center_axis',(0.,0.,1.));
#5556=DIRECTION('ref_axis',(0.,1.,0.));
#5557=DIRECTION('',(-0.48564293117863,-0.874157276121539,0.));
#5558=DIRECTION('center_axis',(0.,0.,1.));
#5559=DIRECTION('ref_axis',(0.,1.,0.));
#5560=DIRECTION('',(0.340341543505949,-0.940301884377559,0.));
#5561=DIRECTION('center_axis',(0.,0.,-1.));
#5562=DIRECTION('ref_axis',(1.,0.,0.));
#5563=DIRECTION('',(-0.947162409448146,0.320754376631687,0.));
#5564=DIRECTION('center_axis',(0.,0.,1.));
#5565=DIRECTION('ref_axis',(-1.,0.,0.));
#5566=DIRECTION('',(-0.947162409448146,-0.320754376631688,0.));
#5567=DIRECTION('center_axis',(0.,0.,-1.));
#5568=DIRECTION('ref_axis',(1.,0.,0.));
#5569=DIRECTION('',(0.340341543505951,0.940301884377558,0.));
#5570=DIRECTION('center_axis',(0.,0.,1.));
#5571=DIRECTION('ref_axis',(0.,1.,0.));
#5572=DIRECTION('',(-0.485642931178631,0.874157276121538,0.));
#5573=DIRECTION('center_axis',(0.,0.,1.));
#5574=DIRECTION('ref_axis',(0.,1.,0.));
#5575=DIRECTION('center_axis',(0.,0.,-1.));
#5576=DIRECTION('ref_axis',(1.,0.,0.));
#5577=DIRECTION('',(0.561944867237533,0.827174689038169,0.));
#5578=DIRECTION('',(1.,0.,0.));
#5579=DIRECTION('',(-1.,0.,-4.30394906982158E-16));
#5580=DIRECTION('',(-1.,0.,0.));
#5581=DIRECTION('',(-0.561944867237533,-0.827174689038169,0.));
#5582=DIRECTION('center_axis',(0.,0.,1.));
#5583=DIRECTION('ref_axis',(-0.82717468903817,0.561944867237532,0.));
#5584=DIRECTION('',(0.485642931178631,-0.874157276121538,0.));
#5585=DIRECTION('',(-0.340341543505951,-0.940301884377558,0.));
#5586=DIRECTION('center_axis',(0.,0.,1.));
#5587=DIRECTION('ref_axis',(-0.940301884377558,0.340341543505951,0.));
#5588=DIRECTION('',(0.947162409448146,0.320754376631688,0.));
#5589=DIRECTION('center_axis',(0.,0.,-1.));
#5590=DIRECTION('ref_axis',(0.320754376631682,0.947162409448148,0.));
#5591=DIRECTION('',(0.947162409448146,-0.320754376631687,0.));
#5592=DIRECTION('center_axis',(0.,0.,1.));
#5593=DIRECTION('ref_axis',(-0.320754376631691,-0.947162409448145,0.));
#5594=DIRECTION('',(-0.340341543505949,0.940301884377559,0.));
#5595=DIRECTION('',(0.485642931178631,0.874157276121539,0.));
#5596=DIRECTION('center_axis',(0.,0.,1.));
#5597=DIRECTION('ref_axis',(0.851397453678016,-0.524521091921565,0.));
#5598=DIRECTION('',(-0.561944867237533,0.827174689038169,0.));
#5599=DIRECTION('',(-1.,0.,0.));
#5600=DIRECTION('',(-1.,0.,0.));
#5601=DIRECTION('',(1.,0.,0.));
#5602=DIRECTION('center_axis',(-0.485642931178984,-0.874157276121342,4.04426492295329E-13));
#5603=DIRECTION('ref_axis',(-0.874157276121351,0.485642931178968,-1.21682165517422E-12));
#5604=DIRECTION('center_axis',(0.961523947640823,0.274721127897378,1.71575929551302E-12));
#5605=DIRECTION('ref_axis',(-0.274721127897378,0.961523947640823,-1.14639555906209E-12));
#5606=DIRECTION('',(0.485642931178984,0.874157276121342,-4.04441154826625E-13));
#5607=DIRECTION('center_axis',(0.274721127897378,-0.961523947640823,0.));
#5608=DIRECTION('ref_axis',(-0.961523947640823,-0.274721127897378,-5.7445012867436E-13));
#5609=DIRECTION('',(-0.485642931178984,-0.874157276121342,4.04441154826136E-13));
#5610=DIRECTION('center_axis',(0.618122537769105,-0.343401409871724,0.707106781186543));
#5611=DIRECTION('ref_axis',(0.485642931178631,0.874157276121538,0.));
#5612=DIRECTION('',(-0.785081015728858,-0.224308861636817,0.577350269189631));
#5613=DIRECTION('',(0.485642931178631,0.874157276121539,4.71027737605135E-16));
#5614=DIRECTION('',(-0.224308861637679,0.785081015728269,0.577350269190097));
#5615=DIRECTION('center_axis',(0.274721127897378,-0.961523947640823,0.));
#5616=DIRECTION('ref_axis',(0.,0.,1.));
#5617=DIRECTION('',(-0.785081015727804,-0.224308861636515,-0.577350269191182));
#5618=DIRECTION('',(0.,0.,1.));
#5619=DIRECTION('center_axis',(0.961523947640823,0.274721127897378,1.71575929551302E-12));
#5620=DIRECTION('ref_axis',(2.12109897988687E-12,-1.17838832215937E-12,
-1.));
#5621=DIRECTION('',(1.17838832215937E-12,2.12109897988687E-12,-1.));
#5622=DIRECTION('',(-0.224308861635533,0.785081015727971,-0.577350269191337));
#5623=DIRECTION('center_axis',(0.618122537770323,-0.343401409873055,-0.707106781184833));
#5624=DIRECTION('ref_axis',(-0.485642931179338,-0.874157276121146,0.));
#5625=DIRECTION('',(-0.485642931178631,-0.874157276121539,8.09382662453449E-13));
#5626=DIRECTION('center_axis',(0.561944867237533,0.827174689038169,1.08246744900953E-15));
#5627=DIRECTION('ref_axis',(0.827174689038174,-0.561944867237525,1.57009245829121E-14));
#5628=DIRECTION('center_axis',(-0.982255858121397,-0.187545805568128,0.));
#5629=DIRECTION('ref_axis',(0.187545805568128,-0.982255858121397,1.03368101698673E-14));
#5630=DIRECTION('',(-0.561944867237533,-0.827174689038169,-1.09076608504408E-15));
#5631=DIRECTION('center_axis',(-0.187545805568128,0.982255858121397,0.));
#5632=DIRECTION('ref_axis',(0.982255858121397,0.187545805568128,1.1867650317084E-14));
#5633=DIRECTION('',(0.561944867237533,0.827174689038169,1.0907660850441E-15));
#5634=DIRECTION('center_axis',(-0.58490083184478,0.397355026276644,0.707106781186528));
#5635=DIRECTION('ref_axis',(-0.561944867237533,-0.827174689038169,-1.11022302462516E-15));
#5636=DIRECTION('',(0.802008549752334,0.15313050901371,0.577350269189648));
#5637=DIRECTION('',(-0.561944867237533,-0.827174689038169,-9.42055475210292E-16));
#5638=DIRECTION('',(0.15313050901371,-0.802008549752336,0.577350269189646));
#5639=DIRECTION('center_axis',(-0.187545805568128,0.982255858121397,0.));
#5640=DIRECTION('ref_axis',(0.,0.,1.));
#5641=DIRECTION('',(0.802008549752352,0.153130509013713,-0.577350269189623));
#5642=DIRECTION('',(0.,0.,1.));
#5643=DIRECTION('center_axis',(-0.982255858121397,-0.187545805568128,0.));
#5644=DIRECTION('ref_axis',(0.,0.,-1.));
#5645=DIRECTION('',(0.,0.,-1.));
#5646=DIRECTION('',(0.153130509013713,-0.802008549752352,-0.577350269189623));
#5647=DIRECTION('center_axis',(-0.584900831844761,0.397355026276633,-0.70710678118655));
#5648=DIRECTION('ref_axis',(0.561944867237533,0.827174689038169,1.11022302462516E-15));
#5649=DIRECTION('',(0.561944867237533,0.827174689038169,1.17756934401283E-15));
#5650=DIRECTION('center_axis',(0.485642931178985,-0.874157276121342,4.04426492295329E-13));
#5651=DIRECTION('ref_axis',(0.874157276121342,0.485642931178984,-1.20112073089162E-12));
#5652=DIRECTION('center_axis',(-0.961523947640823,0.274721127897378,1.71575929551302E-12));
#5653=DIRECTION('ref_axis',(0.274721127897378,0.961523947640823,-1.13529332903095E-12));
#5654=DIRECTION('',(-0.485642931178985,0.874157276121342,-4.04441154826136E-13));
#5655=DIRECTION('center_axis',(-0.274721127897378,-0.961523947640823,0.));
#5656=DIRECTION('ref_axis',(0.961523947640823,-0.274721127897378,-5.63347898643235E-13));
#5657=DIRECTION('',(0.485642931178985,-0.874157276121342,4.04401902515158E-13));
#5658=DIRECTION('center_axis',(0.618122537770322,0.343401409873055,0.707106781184833));
#5659=DIRECTION('ref_axis',(0.485642931179338,-0.874157276121146,0.));
#5660=DIRECTION('',(0.785081015727804,-0.224308861636515,-0.577350269191182));
#5661=DIRECTION('',(-0.485642931178631,0.874157276121538,-8.08833130092909E-13));
#5662=DIRECTION('',(0.224308861635533,0.785081015727971,-0.577350269191337));
#5663=DIRECTION('center_axis',(0.274721127897378,0.961523947640823,0.));
#5664=DIRECTION('ref_axis',(0.,0.,1.));
#5665=DIRECTION('',(0.785081015728858,-0.224308861636817,0.577350269189631));
#5666=DIRECTION('',(0.,0.,-1.));
#5667=DIRECTION('center_axis',(0.618122537769105,0.343401409871724,-0.707106781186543));
#5668=DIRECTION('ref_axis',(-0.485642931178631,0.874157276121538,0.));
#5669=DIRECTION('',(0.224308861637679,0.785081015728269,0.577350269190097));
#5670=DIRECTION('',(0.485642931178631,-0.874157276121538,0.));
#5671=DIRECTION('center_axis',(0.961523947640823,-0.274721127897378,-1.71575929551302E-12));
#5672=DIRECTION('ref_axis',(-2.12109897988687E-12,-1.17838832215937E-12,
-1.));
#5673=DIRECTION('',(1.17838832215937E-12,-2.12109897988687E-12,1.));
#5674=DIRECTION('center_axis',(-0.561944867237533,0.827174689038169,1.08246744900953E-15));
#5675=DIRECTION('ref_axis',(-0.827174689038171,-0.56194486723753,7.8504622934188E-15));
#5676=DIRECTION('center_axis',(0.982255858121397,-0.187545805568128,0.));
#5677=DIRECTION('ref_axis',(-0.187545805568128,-0.982255858121397,4.78569504951738E-15));
#5678=DIRECTION('',(0.561944867237533,-0.827174689038169,-1.0907660850441E-15));
#5679=DIRECTION('center_axis',(0.187545805568128,0.982255858121397,0.));
#5680=DIRECTION('ref_axis',(-0.982255858121397,0.187545805568128,6.31653519673407E-15));
#5681=DIRECTION('',(-0.561944867237533,0.827174689038169,1.09076608504408E-15));
#5682=DIRECTION('center_axis',(-0.584900831844761,-0.397355026276633,0.70710678118655));
#5683=DIRECTION('ref_axis',(-0.561944867237533,0.827174689038169,1.11022302462516E-15));
#5684=DIRECTION('',(-0.802008549752352,0.153130509013713,-0.577350269189623));
#5685=DIRECTION('',(0.561944867237533,-0.827174689038169,-1.17756934401283E-15));
#5686=DIRECTION('',(-0.153130509013713,-0.802008549752352,-0.577350269189623));
#5687=DIRECTION('center_axis',(-0.187545805568128,-0.982255858121397,0.));
#5688=DIRECTION('ref_axis',(0.,0.,1.));
#5689=DIRECTION('',(-0.802008549752334,0.15313050901371,0.577350269189648));
#5690=DIRECTION('',(0.,0.,-1.));
#5691=DIRECTION('center_axis',(-0.58490083184478,-0.397355026276644,-0.707106781186528));
#5692=DIRECTION('ref_axis',(0.561944867237533,-0.827174689038169,-1.11022302462516E-15));
#5693=DIRECTION('',(-0.15313050901371,-0.802008549752336,0.577350269189646));
#5694=DIRECTION('',(-0.561944867237533,0.827174689038169,1.09906472107867E-15));
#5695=DIRECTION('center_axis',(-0.982255858121397,0.187545805568128,0.));
#5696=DIRECTION('ref_axis',(0.,0.,-1.));
#5697=DIRECTION('',(0.,0.,1.));
#5698=DIRECTION('center_axis',(0.,1.,0.));
#5699=DIRECTION('ref_axis',(1.,0.,0.));
#5700=DIRECTION('center_axis',(0.,-1.,0.));
#5701=DIRECTION('ref_axis',(1.,0.,0.));
#5702=DIRECTION('center_axis',(0.,-1.,0.));
#5703=DIRECTION('ref_axis',(1.,0.,0.));
#5704=DIRECTION('center_axis',(0.,1.,0.));
#5705=DIRECTION('ref_axis',(1.,0.,0.));
#5706=DIRECTION('center_axis',(0.,-1.,0.));
#5707=DIRECTION('ref_axis',(1.,0.,0.));
#5708=DIRECTION('center_axis',(0.,-1.,0.));
#5709=DIRECTION('ref_axis',(-1.,0.,1.74838271594513E-16));
#5710=DIRECTION('center_axis',(0.,1.,0.));
#5711=DIRECTION('ref_axis',(-1.,0.,0.));
#5712=DIRECTION('',(0.,0.,-1.));
#5713=DIRECTION('',(1.,0.,0.));
#5714=DIRECTION('',(0.,0.,-1.));
#5715=DIRECTION('center_axis',(0.,1.,0.));
#5716=DIRECTION('ref_axis',(-1.,0.,0.));
#5717=DIRECTION('center_axis',(0.,1.,0.));
#5718=DIRECTION('ref_axis',(-1.,0.,0.));
#5719=DIRECTION('',(0.,0.,1.));
#5720=DIRECTION('',(1.,0.,0.));
#5721=DIRECTION('center_axis',(0.,-1.,0.));
#5722=DIRECTION('ref_axis',(-1.,0.,0.));
#5723=DIRECTION('center_axis',(1.,0.,0.));
#5724=DIRECTION('ref_axis',(0.,0.707106781186548,-0.707106781186547));
#5725=DIRECTION('center_axis',(0.883726447278096,-0.468003810220852,0.));
#5726=DIRECTION('ref_axis',(0.468003810220851,0.883726447278096,0.));
#5727=DIRECTION('',(-1.,0.,0.));
#5728=DIRECTION('center_axis',(0.883726447278098,0.468003810220848,0.));
#5729=DIRECTION('ref_axis',(-0.468003810220848,0.883726447278098,0.));
#5730=DIRECTION('',(1.,0.,0.));
#5731=DIRECTION('center_axis',(-3.60074586861581E-16,3.52677994619175E-16,
-1.));
#5732=DIRECTION('ref_axis',(0.940301884377558,0.340341543505951,-2.18547839493142E-16));
#5733=DIRECTION('center_axis',(0.96125083666157,0.275675223800458,-3.21323864338018E-16));
#5734=DIRECTION('ref_axis',(0.275675223800458,-0.961250836661569,0.));
#5735=DIRECTION('center_axis',(-0.255667234768954,-0.966764844760915,0.));
#5736=DIRECTION('ref_axis',(0.966764844760915,-0.255667234768954,0.));
#5737=DIRECTION('center_axis',(0.,0.,-1.));
#5738=DIRECTION('ref_axis',(0.320754376631687,-0.947162409448146,0.));
#5739=DIRECTION('center_axis',(0.255667234768955,-0.966764844760915,5.96005565738035E-16));
#5740=DIRECTION('ref_axis',(-0.966764844760915,-0.255667234768955,0.));
#5741=DIRECTION('center_axis',(-0.961250836661569,0.275675223800459,-3.84746511969927E-15));
#5742=DIRECTION('ref_axis',(-0.275675223800459,-0.961250836661569,0.));
#5743=DIRECTION('center_axis',(0.340341543505949,-0.940301884377559,0.));
#5744=DIRECTION('ref_axis',(0.664893838805862,0.240657813332553,-0.707106781186547));
#5745=DIRECTION('',(-0.340341543505949,0.940301884377559,0.));
#5746=DIRECTION('center_axis',(-0.0798241856534612,-0.996808958318876,0.));
#5747=DIRECTION('ref_axis',(-0.996808958318876,0.0798241856534612,0.));
#5748=DIRECTION('',(0.340341543505949,-0.940301884377559,0.));
#5749=DIRECTION('center_axis',(-0.485642931178631,-0.874157276121539,0.));
#5750=DIRECTION('ref_axis',(0.6181225377691,-0.343401409871721,-0.707106781186548));
#5751=DIRECTION('',(-0.485642931178631,-0.874157276121539,0.));
#5752=DIRECTION('',(0.485642931178631,0.874157276121539,0.));
#5753=DIRECTION('center_axis',(0.561944867237533,-0.827174689038169,0.));
#5754=DIRECTION('ref_axis',(0.584900831844765,0.397355026276633,-0.707106781186546));
#5755=DIRECTION('',(0.561944867237533,-0.827174689038169,0.));
#5756=DIRECTION('center_axis',(-0.561944867237533,0.827174689038169,0.));
#5757=DIRECTION('ref_axis',(0.827174689038169,0.561944867237533,0.));
#5758=DIRECTION('',(-0.561944867237533,0.827174689038169,0.));
#5759=DIRECTION('center_axis',(0.,0.,1.));
#5760=DIRECTION('ref_axis',(1.,0.,0.));
#5761=DIRECTION('center_axis',(0.,0.,1.));
#5762=DIRECTION('ref_axis',(0.999751558977817,0.0222894666025084,0.));
#5763=DIRECTION('center_axis',(0.,0.,-1.));
#5764=DIRECTION('ref_axis',(0.999751558977817,0.0222894666025084,0.));
#5765=DIRECTION('center_axis',(-0.561944867237533,-0.827174689038169,0.));
#5766=DIRECTION('ref_axis',(-0.584900831844763,0.397355026276633,-0.707106781186548));
#5767=DIRECTION('',(-0.561944867237533,-0.827174689038169,0.));
#5768=DIRECTION('center_axis',(0.561944867237533,0.827174689038169,0.));
#5769=DIRECTION('ref_axis',(0.,0.,-1.));
#5770=DIRECTION('',(0.561944867237533,0.827174689038169,0.));
#5771=DIRECTION('center_axis',(0.,0.,1.));
#5772=DIRECTION('ref_axis',(-0.999806720031989,0.0196601774884118,0.));
#5773=DIRECTION('center_axis',(0.,0.,-1.));
#5774=DIRECTION('ref_axis',(-0.999751558977817,0.0222894666025081,0.));
#5775=DIRECTION('center_axis',(0.,0.,1.));
#5776=DIRECTION('ref_axis',(-0.999751558977817,0.0222894666025081,0.));
#5777=DIRECTION('center_axis',(0.485642931178631,-0.874157276121538,0.));
#5778=DIRECTION('ref_axis',(-0.6181225377691,-0.343401409871722,-0.707106781186548));
#5779=DIRECTION('',(0.485642931178631,-0.874157276121538,0.));
#5780=DIRECTION('center_axis',(-0.0798241856534545,0.996808958318876,1.16186903588266E-15));
#5781=DIRECTION('ref_axis',(-0.996808958318876,-0.0798241856534545,-2.55230452880194E-15));
#5782=DIRECTION('',(-0.485642931178631,0.874157276121538,0.));
#5783=DIRECTION('center_axis',(-0.340341543505951,-0.940301884377558,0.));
#5784=DIRECTION('ref_axis',(-0.66489383880586,0.240657813332554,-0.707106781186548));
#5785=DIRECTION('',(0.340341543505951,0.940301884377558,0.));
#5786=DIRECTION('',(-0.340341543505951,-0.940301884377558,0.));
#5787=DIRECTION('center_axis',(0.947162409448146,0.320754376631688,0.));
#5788=DIRECTION('ref_axis',(0.22680759481153,-0.669744962605774,-0.707106781186547));
#5789=DIRECTION('',(0.947162409448146,0.320754376631688,0.));
#5790=DIRECTION('center_axis',(-0.947162409448146,-0.320754376631687,0.));
#5791=DIRECTION('ref_axis',(0.,0.,-1.));
#5792=DIRECTION('',(-0.947162409448146,-0.320754376631688,0.));
#5793=DIRECTION('center_axis',(0.,0.,1.));
#5794=DIRECTION('ref_axis',(1.,0.,0.));
#5795=DIRECTION('center_axis',(-0.947162409448148,0.320754376631681,0.));
#5796=DIRECTION('ref_axis',(0.,0.,-1.));
#5797=DIRECTION('center_axis',(0.,0.,1.));
#5798=DIRECTION('ref_axis',(0.,1.,0.));
#5799=DIRECTION('center_axis',(0.,0.,-1.));
#5800=DIRECTION('ref_axis',(0.,1.,0.));
#5801=DIRECTION('center_axis',(-0.947162409448146,0.320754376631687,0.));
#5802=DIRECTION('ref_axis',(-0.22680759481153,-0.669744962605774,-0.707106781186547));
#5803=DIRECTION('',(-0.947162409448146,0.320754376631687,0.));
#5804=DIRECTION('',(0.947162409448146,-0.320754376631687,0.));
#5805=DIRECTION('center_axis',(0.,0.,1.));
#5806=DIRECTION('ref_axis',(0.320754376631682,0.947162409448148,0.));
#5807=DIRECTION('',(0.,0.,1.));
#5808=DIRECTION('',(0.,0.,1.));
#5809=DIRECTION('center_axis',(-0.320754376631687,-0.947162409448146,0.));
#5810=DIRECTION('ref_axis',(0.947162409448146,-0.320754376631687,0.));
#5811=DIRECTION('',(0.,0.,1.));
#5812=DIRECTION('center_axis',(0.,0.,1.));
#5813=DIRECTION('ref_axis',(-0.320754376631691,-0.947162409448145,0.));
#5814=DIRECTION('',(0.,0.,1.));
#5815=DIRECTION('center_axis',(0.940301884377559,0.340341543505949,0.));
#5816=DIRECTION('ref_axis',(-0.340341543505949,0.940301884377559,0.));
#5817=DIRECTION('',(0.,0.,1.));
#5818=DIRECTION('center_axis',(0.874157276121539,-0.485642931178631,0.));
#5819=DIRECTION('ref_axis',(0.485642931178631,0.874157276121539,0.));
#5820=DIRECTION('',(0.,0.,1.));
#5821=DIRECTION('center_axis',(0.,0.,1.));
#5822=DIRECTION('ref_axis',(0.851397453678016,-0.524521091921565,0.));
#5823=DIRECTION('',(0.,0.,1.));
#5824=DIRECTION('center_axis',(0.827174689038169,0.561944867237533,0.));
#5825=DIRECTION('ref_axis',(-0.561944867237533,0.827174689038169,0.));
#5826=DIRECTION('center_axis',(0.,0.,1.));
#5827=DIRECTION('ref_axis',(1.,0.,0.));
#5828=DIRECTION('center_axis',(0.,0.,1.));
#5829=DIRECTION('ref_axis',(0.,1.,0.));
#5830=DIRECTION('',(0.,0.,1.));
#5831=DIRECTION('center_axis',(0.,0.,1.));
#5832=DIRECTION('ref_axis',(0.,1.,0.));
#5833=DIRECTION('',(0.,0.,1.));
#5834=DIRECTION('center_axis',(0.,0.,1.));
#5835=DIRECTION('ref_axis',(0.,1.,0.));
#5836=DIRECTION('',(0.,0.,1.));
#5837=DIRECTION('center_axis',(0.,0.,1.));
#5838=DIRECTION('ref_axis',(0.,1.,0.));
#5839=DIRECTION('',(0.,0.,1.));
#5840=DIRECTION('center_axis',(0.,0.,1.));
#5841=DIRECTION('ref_axis',(0.,1.,0.));
#5842=DIRECTION('',(0.,0.,1.));
#5843=DIRECTION('center_axis',(0.,0.,1.));
#5844=DIRECTION('ref_axis',(0.,1.,0.));
#5845=DIRECTION('',(0.,0.,1.));
#5846=DIRECTION('center_axis',(0.,0.,1.));
#5847=DIRECTION('ref_axis',(0.,1.,0.));
#5848=DIRECTION('',(0.,0.,1.));
#5849=DIRECTION('center_axis',(0.,0.,1.));
#5850=DIRECTION('ref_axis',(0.,1.,0.));
#5851=DIRECTION('',(0.,0.,1.));
#5852=DIRECTION('center_axis',(0.,0.,1.));
#5853=DIRECTION('ref_axis',(1.,0.,0.));
#5854=DIRECTION('',(0.340341543505951,0.940301884377558,0.));
#5855=DIRECTION('center_axis',(0.,0.,-1.));
#5856=DIRECTION('ref_axis',(-0.940301884377558,0.340341543505951,0.));
#5857=DIRECTION('',(-0.947162409448146,-0.320754376631688,0.));
#5858=DIRECTION('center_axis',(0.,0.,1.));
#5859=DIRECTION('ref_axis',(0.320754376631682,0.947162409448148,0.));
#5860=DIRECTION('',(-0.947162409448146,0.320754376631687,0.));
#5861=DIRECTION('center_axis',(0.,0.,-1.));
#5862=DIRECTION('ref_axis',(-0.320754376631691,-0.947162409448145,0.));
#5863=DIRECTION('',(0.340341543505949,-0.940301884377559,0.));
#5864=DIRECTION('',(-0.485642931178631,-0.874157276121539,0.));
#5865=DIRECTION('center_axis',(0.,0.,-1.));
#5866=DIRECTION('ref_axis',(0.851397453678016,-0.524521091921565,0.));
#5867=DIRECTION('',(0.561944867237533,-0.827174689038169,0.));
#5868=DIRECTION('',(0.561944867237533,0.827174689038169,0.));
#5869=DIRECTION('center_axis',(0.,0.,-1.));
#5870=DIRECTION('ref_axis',(-0.82717468903817,0.561944867237532,0.));
#5871=DIRECTION('',(-0.485642931178631,0.874157276121538,0.));
#5872=DIRECTION('center_axis',(0.,0.,1.));
#5873=DIRECTION('ref_axis',(-0.320754376631691,-0.947162409448145,0.));
#5874=DIRECTION('',(0.,0.,1.));
#5875=DIRECTION('',(0.,0.,1.));
#5876=DIRECTION('center_axis',(0.940301884377559,0.340341543505949,0.));
#5877=DIRECTION('ref_axis',(-0.340341543505949,0.940301884377559,0.));
#5878=DIRECTION('center_axis',(0.874157276121539,-0.485642931178631,0.));
#5879=DIRECTION('ref_axis',(0.485642931178631,0.874157276121539,0.));
#5880=DIRECTION('center_axis',(0.,0.,1.));
#5881=DIRECTION('ref_axis',(0.851397453678016,-0.524521091921565,0.));
#5882=DIRECTION('',(0.,0.,1.));
#5883=DIRECTION('center_axis',(0.827174689038169,0.561944867237533,0.));
#5884=DIRECTION('ref_axis',(-0.561944867237533,0.827174689038169,0.));
#5885=DIRECTION('center_axis',(-0.827174689038169,0.561944867237533,0.));
#5886=DIRECTION('ref_axis',(-0.561944867237533,-0.827174689038169,0.));
#5887=DIRECTION('',(0.,0.,1.));
#5888=DIRECTION('center_axis',(0.,0.,1.));
#5889=DIRECTION('ref_axis',(-0.82717468903817,0.561944867237532,0.));
#5890=DIRECTION('center_axis',(-0.874157276121538,-0.485642931178631,0.));
#5891=DIRECTION('ref_axis',(0.485642931178631,-0.874157276121538,0.));
#5892=DIRECTION('center_axis',(-0.940301884377558,0.340341543505951,0.));
#5893=DIRECTION('ref_axis',(-0.340341543505951,-0.940301884377558,0.));
#5894=DIRECTION('',(0.,0.,1.));
#5895=DIRECTION('center_axis',(0.,0.,1.));
#5896=DIRECTION('ref_axis',(-0.940301884377558,0.340341543505951,0.));
#5897=DIRECTION('',(0.,0.,1.));
#5898=DIRECTION('center_axis',(0.320754376631688,-0.947162409448146,0.));
#5899=DIRECTION('ref_axis',(0.947162409448146,0.320754376631688,0.));
#5900=DIRECTION('',(0.,0.,1.));
#5901=DIRECTION('center_axis',(0.,0.,1.));
#5902=DIRECTION('ref_axis',(0.320754376631682,0.947162409448148,0.));
#5903=DIRECTION('',(0.,0.,1.));
#5904=DIRECTION('center_axis',(-0.320754376631687,-0.947162409448146,0.));
#5905=DIRECTION('ref_axis',(0.947162409448146,-0.320754376631687,0.));
#5906=DIRECTION('center_axis',(0.320754376631688,-0.947162409448146,0.));
#5907=DIRECTION('ref_axis',(0.947162409448146,0.320754376631688,0.));
#5908=DIRECTION('',(0.,0.,1.));
#5909=DIRECTION('center_axis',(0.,0.,1.));
#5910=DIRECTION('ref_axis',(-0.940301884377558,0.340341543505951,0.));
#5911=DIRECTION('',(0.,0.,1.));
#5912=DIRECTION('center_axis',(-0.940301884377558,0.340341543505951,0.));
#5913=DIRECTION('ref_axis',(-0.340341543505951,-0.940301884377558,0.));
#5914=DIRECTION('',(0.,0.,1.));
#5915=DIRECTION('center_axis',(-0.874157276121538,-0.485642931178631,0.));
#5916=DIRECTION('ref_axis',(0.485642931178631,-0.874157276121538,0.));
#5917=DIRECTION('',(0.,0.,1.));
#5918=DIRECTION('center_axis',(0.,0.,1.));
#5919=DIRECTION('ref_axis',(-0.82717468903817,0.561944867237532,0.));
#5920=DIRECTION('',(0.,0.,1.));
#5921=DIRECTION('center_axis',(-0.827174689038169,0.561944867237533,0.));
#5922=DIRECTION('ref_axis',(-0.561944867237533,-0.827174689038169,0.));
#5923=DIRECTION('',(0.,0.,1.));
#5924=DIRECTION('center_axis',(0.,1.,0.));
#5925=DIRECTION('ref_axis',(-1.,0.,0.));
#5926=DIRECTION('axis',(0.,0.,1.));
#5927=DIRECTION('refdir',(1.,0.,0.));
#5928=DIRECTION('center_axis',(-0.27472112789738,-0.961523947640823,0.));
#5929=DIRECTION('ref_axis',(0.,0.,-1.));
#5930=DIRECTION('',(0.785081015728861,-0.224308861636819,0.577350269189626));
#5931=DIRECTION('',(0.785081015728862,-0.224308861636819,-0.577350269189625));
#5932=DIRECTION('',(0.,0.,1.));
#5933=DIRECTION('center_axis',(-0.6181225377691,-0.343401409871721,-0.707106781186548));
#5934=DIRECTION('ref_axis',(-0.485642931178631,0.874157276121539,0.));
#5935=DIRECTION('',(0.224308861636819,0.785081015728862,-0.577350269189625));
#5936=DIRECTION('',(0.485642931178631,-0.874157276121539,0.));
#5937=DIRECTION('',(-0.485642931178631,0.874157276121539,0.));
#5938=DIRECTION('center_axis',(-0.961523947640823,0.27472112789738,0.));
#5939=DIRECTION('ref_axis',(0.,0.,1.));
#5940=DIRECTION('',(0.224308861636819,0.785081015728861,0.577350269189626));
#5941=DIRECTION('',(0.,0.,-1.));
#5942=DIRECTION('center_axis',(-0.618122537769101,-0.343401409871722,0.707106781186547));
#5943=DIRECTION('ref_axis',(0.485642931178631,-0.874157276121539,0.));
#5944=DIRECTION('',(-0.485642931178631,0.874157276121539,0.));
#5945=DIRECTION('center_axis',(-0.27472112789738,0.961523947640823,0.));
#5946=DIRECTION('ref_axis',(0.,0.,-1.));
#5947=DIRECTION('',(-0.785081015728861,-0.224308861636819,0.577350269189626));
#5948=DIRECTION('',(0.,0.,-1.));
#5949=DIRECTION('',(-0.785081015728862,-0.224308861636819,-0.577350269189625));
#5950=DIRECTION('center_axis',(-0.6181225377691,0.343401409871721,0.707106781186548));
#5951=DIRECTION('ref_axis',(0.485642931178631,0.874157276121539,0.));
#5952=DIRECTION('',(-0.224308861636819,0.785081015728862,-0.577350269189625));
#5953=DIRECTION('',(0.485642931178631,0.874157276121539,0.));
#5954=DIRECTION('',(0.485642931178631,0.874157276121539,0.));
#5955=DIRECTION('center_axis',(-0.961523947640823,-0.27472112789738,0.));
#5956=DIRECTION('ref_axis',(0.,0.,1.));
#5957=DIRECTION('',(0.,0.,1.));
#5958=DIRECTION('',(-0.224308861636819,0.785081015728861,0.577350269189626));
#5959=DIRECTION('center_axis',(-0.618122537769101,0.343401409871722,-0.707106781186547));
#5960=DIRECTION('ref_axis',(-0.485642931178631,-0.874157276121539,0.));
#5961=DIRECTION('',(-0.485642931178631,-0.874157276121539,0.));
#5962=DIRECTION('center_axis',(-0.187545805568128,0.982255858121397,0.));
#5963=DIRECTION('ref_axis',(0.,0.,1.));
#5964=DIRECTION('',(0.80200854975235,0.153130509013713,-0.577350269189627));
#5965=DIRECTION('',(0.80200854975235,0.153130509013713,0.577350269189627));
#5966=DIRECTION('',(0.,0.,-1.));
#5967=DIRECTION('center_axis',(-0.584900831844763,0.397355026276634,0.707106781186547));
#5968=DIRECTION('ref_axis',(-0.561944867237533,-0.827174689038169,3.70074341541719E-16));
#5969=DIRECTION('',(0.153130509013713,-0.80200854975235,0.577350269189626));
#5970=DIRECTION('',(0.561944867237533,0.827174689038169,-6.2803698347351E-16));
#5971=DIRECTION('',(-0.561944867237533,-0.827174689038169,3.33066907387547E-16));
#5972=DIRECTION('center_axis',(-0.982255858121397,-0.187545805568128,0.));
#5973=DIRECTION('ref_axis',(0.,0.,-1.));
#5974=DIRECTION('',(0.153130509013713,-0.80200854975235,-0.577350269189626));
#5975=DIRECTION('',(0.,0.,1.));
#5976=DIRECTION('center_axis',(-0.584900831844763,0.397355026276634,-0.707106781186547));
#5977=DIRECTION('ref_axis',(0.561944867237533,0.827174689038169,-3.70074341541719E-16));
#5978=DIRECTION('',(-0.561944867237533,-0.827174689038169,0.));
#5979=DIRECTION('center_axis',(-0.561944867237533,0.827174689038169,-3.33066907387547E-16));
#5980=DIRECTION('ref_axis',(-0.827174689038227,-0.561944867237447,0.));
#5981=DIRECTION('center_axis',(0.982255858121397,-0.187545805568128,0.));
#5982=DIRECTION('ref_axis',(-0.187545805568128,-0.982255858121397,2.35513868802591E-16));
#5983=DIRECTION('',(0.561944867237533,-0.827174689038169,2.84290388095057E-16));
#5984=DIRECTION('center_axis',(0.187545805568128,0.982255858121397,0.));
#5985=DIRECTION('ref_axis',(-0.982255858121397,0.187545805568128,-2.35513868802542E-16));
#5986=DIRECTION('',(-0.561944867237533,0.827174689038169,-4.0204732249634E-16));
#5987=DIRECTION('center_axis',(-0.982255858121397,0.187545805568128,0.));
#5988=DIRECTION('ref_axis',(0.,0.,-1.));
#5989=DIRECTION('',(-0.153130509013713,-0.80200854975235,0.577350269189626));
#5990=DIRECTION('',(0.,0.,-1.));
#5991=DIRECTION('',(-0.153130509013713,-0.80200854975235,-0.577350269189626));
#5992=DIRECTION('center_axis',(-0.584900831844763,-0.397355026276634,-0.707106781186547));
#5993=DIRECTION('ref_axis',(0.561944867237533,-0.827174689038169,3.70074341541719E-16));
#5994=DIRECTION('',(-0.80200854975235,0.153130509013713,0.577350269189627));
#5995=DIRECTION('',(0.561944867237533,-0.827174689038169,3.92523114670944E-16));
#5996=DIRECTION('center_axis',(0.,0.,-1.));
#5997=DIRECTION('ref_axis',(1.,0.,0.));
#5998=DIRECTION('',(0.561944867237533,-0.827174689038169,0.));
#5999=DIRECTION('',(-0.827174689038169,-0.561944867237533,0.));
#6000=DIRECTION('',(-0.561944867237533,0.827174689038169,0.));
#6001=DIRECTION('center_axis',(0.,0.,1.));
#6002=DIRECTION('ref_axis',(0.82717468903817,0.561944867237531,0.));
#6003=DIRECTION('center_axis',(0.,0.,-1.));
#6004=DIRECTION('ref_axis',(-0.874157276121539,0.48564293117863,0.));
#6005=DIRECTION('',(0.485642931178631,0.874157276121539,0.));
#6006=DIRECTION('center_axis',(0.,0.,-1.));
#6007=DIRECTION('ref_axis',(-0.940301884377559,-0.34034154350595,0.));
#6008=DIRECTION('',(-0.340341543505955,0.940301884377557,0.));
#6009=DIRECTION('center_axis',(0.,0.,1.));
#6010=DIRECTION('ref_axis',(0.940301884377559,0.34034154350595,0.));
#6011=DIRECTION('',(0.947162409448146,-0.320754376631687,0.));
#6012=DIRECTION('center_axis',(0.,0.,-1.));
#6013=DIRECTION('ref_axis',(-0.320754376631682,0.947162409448148,0.));
#6014=DIRECTION('',(0.947162409448146,0.320754376631687,0.));
#6015=DIRECTION('center_axis',(0.,0.,1.));
#6016=DIRECTION('ref_axis',(0.320754376631699,-0.947162409448142,0.));
#6017=DIRECTION('',(-0.340341543505952,-0.940301884377558,0.));
#6018=DIRECTION('center_axis',(0.,0.,-1.));
#6019=DIRECTION('ref_axis',(0.874157276121538,0.485642931178631,0.));
#6020=DIRECTION('',(0.485642931178631,-0.874157276121539,0.));
#6021=DIRECTION('center_axis',(0.,0.,-1.));
#6022=DIRECTION('ref_axis',(0.851397453678013,0.524521091921569,0.));
#6023=DIRECTION('center_axis',(0.,0.,1.));
#6024=DIRECTION('ref_axis',(-0.851397453678016,-0.524521091921565,0.));
#6025=DIRECTION('',(-0.561944867237533,-0.827174689038169,0.));
#6026=DIRECTION('',(-0.827174689038169,0.561944867237533,0.));
#6027=DIRECTION('',(0.561944867237533,0.827174689038169,0.));
#6028=DIRECTION('center_axis',(0.,0.,-1.));
#6029=DIRECTION('ref_axis',(-0.851397453678016,-0.524521091921565,0.));
#6030=DIRECTION('center_axis',(0.,0.,1.));
#6031=DIRECTION('ref_axis',(0.851397453678015,0.524521091921567,0.));
#6032=DIRECTION('',(-0.485642931178631,0.874157276121539,0.));
#6033=DIRECTION('center_axis',(0.,0.,1.));
#6034=DIRECTION('ref_axis',(0.874157276121539,0.48564293117863,0.));
#6035=DIRECTION('',(0.340341543505952,0.940301884377558,0.));
#6036=DIRECTION('center_axis',(0.,0.,-1.));
#6037=DIRECTION('ref_axis',(0.320754376631713,-0.947162409448137,0.));
#6038=DIRECTION('',(-0.947162409448146,-0.320754376631687,0.));
#6039=DIRECTION('center_axis',(0.,0.,1.));
#6040=DIRECTION('ref_axis',(-0.320754376631683,0.947162409448148,0.));
#6041=DIRECTION('',(-0.947162409448146,0.320754376631688,0.));
#6042=DIRECTION('center_axis',(0.,0.,-1.));
#6043=DIRECTION('ref_axis',(0.940301884377712,0.340341543505527,0.));
#6044=DIRECTION('',(0.340341543505955,-0.940301884377557,0.));
#6045=DIRECTION('center_axis',(0.,0.,1.));
#6046=DIRECTION('ref_axis',(-0.940301884377558,-0.340341543505952,0.));
#6047=DIRECTION('',(-0.485642931178631,-0.874157276121539,0.));
#6048=DIRECTION('center_axis',(0.,0.,1.));
#6049=DIRECTION('ref_axis',(-0.874157276121539,0.48564293117863,0.));
#6050=DIRECTION('center_axis',(0.,0.,-1.));
#6051=DIRECTION('ref_axis',(0.82717468903817,0.561944867237532,0.));
#6052=DIRECTION('center_axis',(0.561944867237533,0.827174689038169,0.));
#6053=DIRECTION('ref_axis',(-0.827174689038169,0.561944867237533,0.));
#6054=DIRECTION('',(0.,0.,-1.));
#6055=DIRECTION('',(0.827174689038169,-0.561944867237533,0.));
#6056=DIRECTION('',(0.,0.,-1.));
#6057=DIRECTION('center_axis',(-0.827174689038169,0.561944867237533,0.));
#6058=DIRECTION('ref_axis',(0.561944867237533,0.827174689038169,0.));
#6059=DIRECTION('',(0.,0.,1.));
#6060=DIRECTION('',(0.561944867237533,0.827174689038169,0.));
#6061=DIRECTION('center_axis',(0.,0.,-1.));
#6062=DIRECTION('ref_axis',(-0.851397453678016,-0.524521091921565,0.));
#6063=DIRECTION('',(0.,0.,1.));
#6064=DIRECTION('center_axis',(0.,0.,-1.));
#6065=DIRECTION('ref_axis',(-0.82717468903817,0.561944867237532,0.));
#6066=DIRECTION('center_axis',(0.,0.,-1.));
#6067=DIRECTION('ref_axis',(0.851397453678013,0.524521091921569,0.));
#6068=DIRECTION('',(0.,0.,1.));
#6069=DIRECTION('center_axis',(0.,0.,1.));
#6070=DIRECTION('ref_axis',(0.,1.,0.));
#6071=DIRECTION('center_axis',(-0.874157276121539,-0.48564293117863,0.));
#6072=DIRECTION('ref_axis',(-0.485642931178631,0.874157276121539,0.));
#6073=DIRECTION('',(0.,0.,1.));
#6074=DIRECTION('',(-0.485642931178631,0.874157276121538,0.));
#6075=DIRECTION('center_axis',(0.,0.,-1.));
#6076=DIRECTION('ref_axis',(0.874157276121538,0.485642931178631,0.));
#6077=DIRECTION('',(0.,0.,1.));
#6078=DIRECTION('center_axis',(0.,0.,1.));
#6079=DIRECTION('ref_axis',(0.,1.,0.));
#6080=DIRECTION('center_axis',(-0.940301884377558,0.340341543505952,0.));
#6081=DIRECTION('ref_axis',(0.340341543505952,0.940301884377558,0.));
#6082=DIRECTION('',(0.,0.,1.));
#6083=DIRECTION('',(0.340341543505951,0.940301884377558,0.));
#6084=DIRECTION('center_axis',(0.,0.,-1.));
#6085=DIRECTION('ref_axis',(0.320754376631699,-0.947162409448142,0.));
#6086=DIRECTION('',(0.,0.,1.));
#6087=DIRECTION('center_axis',(0.,0.,-1.));
#6088=DIRECTION('ref_axis',(-0.940301884377558,0.340341543505951,0.));
#6089=DIRECTION('center_axis',(0.320754376631687,-0.947162409448146,0.));
#6090=DIRECTION('ref_axis',(-0.947162409448146,-0.320754376631687,0.));
#6091=DIRECTION('',(0.,0.,1.));
#6092=DIRECTION('',(-0.947162409448146,-0.320754376631688,0.));
#6093=DIRECTION('center_axis',(0.,0.,-1.));
#6094=DIRECTION('ref_axis',(-0.320754376631682,0.947162409448148,0.));
#6095=DIRECTION('',(0.,0.,1.));
#6096=DIRECTION('center_axis',(0.,0.,1.));
#6097=DIRECTION('ref_axis',(0.320754376631682,0.947162409448148,0.));
#6098=DIRECTION('center_axis',(-0.320754376631687,-0.947162409448146,0.));
#6099=DIRECTION('ref_axis',(-0.947162409448146,0.320754376631687,0.));
#6100=DIRECTION('',(0.,0.,1.));
#6101=DIRECTION('',(-0.947162409448146,0.320754376631687,0.));
#6102=DIRECTION('center_axis',(0.,0.,-1.));
#6103=DIRECTION('ref_axis',(0.940301884377559,0.34034154350595,0.));
#6104=DIRECTION('',(0.,0.,1.));
#6105=DIRECTION('center_axis',(0.,0.,-1.));
#6106=DIRECTION('ref_axis',(-0.320754376631672,-0.947162409448151,0.));
#6107=DIRECTION('center_axis',(0.940301884377557,0.340341543505955,0.));
#6108=DIRECTION('ref_axis',(0.340341543505955,-0.940301884377557,0.));
#6109=DIRECTION('',(0.,0.,1.));
#6110=DIRECTION('',(0.34034154350595,-0.940301884377558,0.));
#6111=DIRECTION('center_axis',(0.,0.,-1.));
#6112=DIRECTION('ref_axis',(-0.940301884377559,-0.34034154350595,0.));
#6113=DIRECTION('',(0.,0.,1.));
#6114=DIRECTION('center_axis',(0.,0.,1.));
#6115=DIRECTION('ref_axis',(0.,1.,0.));
#6116=DIRECTION('center_axis',(0.874157276121539,-0.48564293117863,0.));
#6117=DIRECTION('ref_axis',(-0.485642931178631,-0.874157276121539,0.));
#6118=DIRECTION('',(0.,0.,1.));
#6119=DIRECTION('',(-0.485642931178631,-0.874157276121539,0.));
#6120=DIRECTION('center_axis',(0.,0.,-1.));
#6121=DIRECTION('ref_axis',(-0.874157276121539,0.48564293117863,0.));
#6122=DIRECTION('',(0.,0.,1.));
#6123=DIRECTION('center_axis',(0.,0.,1.));
#6124=DIRECTION('ref_axis',(0.,1.,0.));
#6125=DIRECTION('center_axis',(0.,0.,-1.));
#6126=DIRECTION('ref_axis',(0.82717468903817,0.561944867237531,0.));
#6127=DIRECTION('',(0.,0.,1.));
#6128=DIRECTION('center_axis',(0.,0.,-1.));
#6129=DIRECTION('ref_axis',(0.851397453678016,-0.524521091921565,0.));
#6130=DIRECTION('center_axis',(0.827174689038169,0.561944867237533,0.));
#6131=DIRECTION('ref_axis',(0.561944867237533,-0.827174689038169,0.));
#6132=DIRECTION('',(0.,0.,-1.));
#6133=DIRECTION('',(0.561944867237533,-0.827174689038169,0.));
#6134=DIRECTION('',(0.,0.,1.));
#6135=DIRECTION('',(-0.561944867237533,0.827174689038169,-3.14018491736755E-16));
#6136=DIRECTION('center_axis',(-0.187545805568128,-0.982255858121397,0.));
#6137=DIRECTION('ref_axis',(0.,0.,1.));
#6138=DIRECTION('',(-0.80200854975235,0.153130509013713,-0.577350269189627));
#6139=DIRECTION('center_axis',(-0.584900831844763,-0.397355026276634,0.707106781186547));
#6140=DIRECTION('ref_axis',(-0.561944867237533,0.827174689038169,-3.70074341541719E-16));
#6141=DIRECTION('center_axis',(0.,0.,-1.));
#6142=DIRECTION('ref_axis',(1.,0.,0.));
#6143=DIRECTION('',(-0.561944867237533,0.827174689038169,0.));
#6144=DIRECTION('center_axis',(0.,0.,1.));
#6145=DIRECTION('ref_axis',(0.82717468903817,0.561944867237532,0.));
#6146=DIRECTION('center_axis',(0.,0.,-1.));
#6147=DIRECTION('ref_axis',(-0.874157276121539,0.48564293117863,0.));
#6148=DIRECTION('',(0.485642931178631,0.874157276121539,0.));
#6149=DIRECTION('center_axis',(0.,0.,-1.));
#6150=DIRECTION('ref_axis',(-0.940301884377558,-0.340341543505952,0.));
#6151=DIRECTION('',(-0.340341543505955,0.940301884377557,0.));
#6152=DIRECTION('center_axis',(0.,0.,1.));
#6153=DIRECTION('ref_axis',(0.940301884377712,0.340341543505527,0.));
#6154=DIRECTION('',(0.947162409448146,-0.320754376631688,0.));
#6155=DIRECTION('center_axis',(0.,0.,-1.));
#6156=DIRECTION('ref_axis',(-0.320754376631683,0.947162409448148,0.));
#6157=DIRECTION('',(0.947162409448146,0.320754376631687,0.));
#6158=DIRECTION('center_axis',(0.,0.,1.));
#6159=DIRECTION('ref_axis',(0.320754376631713,-0.947162409448137,0.));
#6160=DIRECTION('',(-0.340341543505952,-0.940301884377558,0.));
#6161=DIRECTION('center_axis',(0.,0.,-1.));
#6162=DIRECTION('ref_axis',(0.874157276121539,0.48564293117863,0.));
#6163=DIRECTION('',(0.485642931178631,-0.874157276121539,0.));
#6164=DIRECTION('center_axis',(0.,0.,-1.));
#6165=DIRECTION('ref_axis',(0.851397453678015,0.524521091921567,0.));
#6166=DIRECTION('center_axis',(0.,0.,1.));
#6167=DIRECTION('ref_axis',(-0.851397453678016,-0.524521091921565,0.));
#6168=DIRECTION('',(-0.561944867237533,-0.827174689038169,0.));
#6169=DIRECTION('',(0.827174689038169,0.561944867237533,0.));
#6170=DIRECTION('center_axis',(0.827174689038169,-0.561944867237533,0.));
#6171=DIRECTION('ref_axis',(0.561944867237533,0.827174689038169,0.));
#6172=DIRECTION('',(0.,0.,-1.));
#6173=DIRECTION('center_axis',(0.,0.,1.));
#6174=DIRECTION('ref_axis',(-0.851397453678016,-0.524521091921565,0.));
#6175=DIRECTION('',(0.,0.,-1.));
#6176=DIRECTION('center_axis',(0.,0.,1.));
#6177=DIRECTION('ref_axis',(0.851397453678015,0.524521091921567,0.));
#6178=DIRECTION('',(0.,0.,-1.));
#6179=DIRECTION('center_axis',(0.874157276121539,0.485642931178631,0.));
#6180=DIRECTION('ref_axis',(-0.485642931178631,0.874157276121539,0.));
#6181=DIRECTION('',(0.,0.,-1.));
#6182=DIRECTION('center_axis',(0.,0.,1.));
#6183=DIRECTION('ref_axis',(0.874157276121539,0.48564293117863,0.));
#6184=DIRECTION('',(0.,0.,-1.));
#6185=DIRECTION('center_axis',(0.940301884377558,-0.340341543505952,0.));
#6186=DIRECTION('ref_axis',(0.340341543505952,0.940301884377558,0.));
#6187=DIRECTION('',(0.,0.,-1.));
#6188=DIRECTION('center_axis',(0.,0.,1.));
#6189=DIRECTION('ref_axis',(0.320754376631713,-0.947162409448137,0.));
#6190=DIRECTION('',(0.,0.,-1.));
#6191=DIRECTION('center_axis',(-0.320754376631687,0.947162409448146,0.));
#6192=DIRECTION('ref_axis',(-0.947162409448146,-0.320754376631687,0.));
#6193=DIRECTION('',(0.,0.,-1.));
#6194=DIRECTION('center_axis',(0.,0.,1.));
#6195=DIRECTION('ref_axis',(-0.320754376631683,0.947162409448148,0.));
#6196=DIRECTION('',(0.,0.,-1.));
#6197=DIRECTION('center_axis',(0.320754376631688,0.947162409448146,0.));
#6198=DIRECTION('ref_axis',(-0.947162409448146,0.320754376631688,0.));
#6199=DIRECTION('',(0.,0.,-1.));
#6200=DIRECTION('center_axis',(0.,0.,1.));
#6201=DIRECTION('ref_axis',(0.940301884377712,0.340341543505527,0.));
#6202=DIRECTION('',(0.,0.,-1.));
#6203=DIRECTION('center_axis',(-0.940301884377557,-0.340341543505955,0.));
#6204=DIRECTION('ref_axis',(0.340341543505955,-0.940301884377557,0.));
#6205=DIRECTION('',(0.,0.,-1.));
#6206=DIRECTION('center_axis',(0.,0.,1.));
#6207=DIRECTION('ref_axis',(-0.940301884377558,-0.340341543505952,0.));
#6208=DIRECTION('',(0.,0.,-1.));
#6209=DIRECTION('center_axis',(-0.874157276121539,0.485642931178631,0.));
#6210=DIRECTION('ref_axis',(-0.485642931178631,-0.874157276121539,0.));
#6211=DIRECTION('',(0.,0.,-1.));
#6212=DIRECTION('center_axis',(0.,0.,1.));
#6213=DIRECTION('ref_axis',(-0.874157276121539,0.48564293117863,0.));
#6214=DIRECTION('',(0.,0.,-1.));
#6215=DIRECTION('center_axis',(0.,0.,1.));
#6216=DIRECTION('ref_axis',(0.82717468903817,0.561944867237532,0.));
#6217=DIRECTION('',(0.,0.,1.));
#6218=DIRECTION('center_axis',(-0.827174689038169,-0.561944867237533,0.));
#6219=DIRECTION('ref_axis',(0.561944867237533,-0.827174689038169,0.));
#6220=DIRECTION('',(0.,0.,-1.));
#6221=DIRECTION('center_axis',(-0.561944867237533,0.827174689038169,0.));
#6222=DIRECTION('ref_axis',(-0.827174689038169,-0.561944867237533,0.));
#6223=DIRECTION('center_axis',(0.,0.,1.));
#6224=DIRECTION('ref_axis',(-0.940301884377558,0.340341543505951,0.));
#6225=DIRECTION('center_axis',(0.,0.,1.));
#6226=DIRECTION('ref_axis',(-0.940301884377558,0.340341543505951,0.));
#6227=DIRECTION('',(0.,0.,1.));
#6228=DIRECTION('center_axis',(0.,0.,1.));
#6229=DIRECTION('ref_axis',(-0.940301884377558,0.340341543505951,0.));
#6230=DIRECTION('',(0.,0.,1.));
#6231=DIRECTION('center_axis',(0.320754376631688,-0.947162409448146,0.));
#6232=DIRECTION('ref_axis',(0.947162409448146,0.320754376631688,0.));
#6233=DIRECTION('',(0.947162409448146,0.320754376631688,0.));
#6234=DIRECTION('',(0.,0.,1.));
#6235=DIRECTION('',(0.947162409448146,0.320754376631688,0.));
#6236=DIRECTION('center_axis',(0.,0.,1.));
#6237=DIRECTION('ref_axis',(0.320754376631682,0.947162409448148,0.));
#6238=DIRECTION('center_axis',(0.,0.,-1.));
#6239=DIRECTION('ref_axis',(0.320754376631682,0.947162409448148,0.));
#6240=DIRECTION('',(0.,0.,1.));
#6241=DIRECTION('center_axis',(0.,0.,-1.));
#6242=DIRECTION('ref_axis',(5.46369598732844E-16,1.,0.));
#6243=DIRECTION('center_axis',(-0.320754376631687,-0.947162409448146,0.));
#6244=DIRECTION('ref_axis',(0.947162409448146,-0.320754376631687,0.));
#6245=DIRECTION('',(0.947162409448146,-0.320754376631687,0.));
#6246=DIRECTION('',(0.,0.,1.));
#6247=DIRECTION('',(0.947162409448146,-0.320754376631687,0.));
#6248=DIRECTION('center_axis',(0.,0.,1.));
#6249=DIRECTION('ref_axis',(-0.320754376631672,-0.947162409448151,0.));
#6250=DIRECTION('center_axis',(0.,0.,1.));
#6251=DIRECTION('ref_axis',(-0.320754376631672,-0.947162409448151,0.));
#6252=DIRECTION('',(0.,0.,1.));
#6253=DIRECTION('center_axis',(0.,0.,1.));
#6254=DIRECTION('ref_axis',(-0.320754376631686,-0.947162409448146,0.));
#6255=DIRECTION('center_axis',(0.940301884377558,0.34034154350595,0.));
#6256=DIRECTION('ref_axis',(-0.34034154350595,0.940301884377558,0.));
#6257=DIRECTION('',(-0.34034154350595,0.940301884377558,0.));
#6258=DIRECTION('',(0.,0.,1.));
#6259=DIRECTION('',(-0.34034154350595,0.940301884377558,0.));
#6260=DIRECTION('center_axis',(0.874157276121539,-0.485642931178631,0.));
#6261=DIRECTION('ref_axis',(0.485642931178631,0.874157276121539,0.));
#6262=DIRECTION('',(0.485642931178631,0.874157276121539,0.));
#6263=DIRECTION('',(0.,0.,1.));
#6264=DIRECTION('',(0.485642931178631,0.874157276121539,0.));
#6265=DIRECTION('center_axis',(0.,0.,1.));
#6266=DIRECTION('ref_axis',(0.851397453678016,-0.524521091921565,0.));
#6267=DIRECTION('center_axis',(0.,0.,1.));
#6268=DIRECTION('ref_axis',(0.851397453678016,-0.524521091921565,0.));
#6269=DIRECTION('',(0.,0.,1.));
#6270=DIRECTION('center_axis',(0.,0.,1.));
#6271=DIRECTION('ref_axis',(0.999751558977817,0.0222894666025085,0.));
#6272=DIRECTION('center_axis',(0.827174689038169,0.561944867237533,0.));
#6273=DIRECTION('ref_axis',(-0.561944867237533,0.827174689038169,0.));
#6274=DIRECTION('',(-0.561944867237533,0.827174689038169,0.));
#6275=DIRECTION('',(0.,0.,1.));
#6276=DIRECTION('',(-0.561944867237533,0.827174689038169,0.));
#6277=DIRECTION('center_axis',(0.,1.,0.));
#6278=DIRECTION('ref_axis',(-1.,0.,0.));
#6279=DIRECTION('',(-1.,0.,0.));
#6280=DIRECTION('',(0.,0.,1.));
#6281=DIRECTION('',(-1.,0.,0.));
#6282=DIRECTION('center_axis',(0.,-1.,0.));
#6283=DIRECTION('ref_axis',(-1.,0.,0.));
#6284=DIRECTION('center_axis',(-0.827174689038169,0.561944867237533,0.));
#6285=DIRECTION('ref_axis',(-0.561944867237533,-0.827174689038169,0.));
#6286=DIRECTION('',(-0.561944867237533,-0.827174689038169,0.));
#6287=DIRECTION('',(0.,0.,1.));
#6288=DIRECTION('',(-0.561944867237533,-0.827174689038169,0.));
#6289=DIRECTION('center_axis',(0.,0.,1.));
#6290=DIRECTION('ref_axis',(-0.82717468903817,0.561944867237532,0.));
#6291=DIRECTION('center_axis',(0.,0.,1.));
#6292=DIRECTION('ref_axis',(-0.82717468903817,0.561944867237532,0.));
#6293=DIRECTION('',(0.,0.,1.));
#6294=DIRECTION('center_axis',(0.,0.,1.));
#6295=DIRECTION('ref_axis',(-0.999751558977817,0.022289466602508,0.));
#6296=DIRECTION('center_axis',(-0.874157276121538,-0.485642931178631,0.));
#6297=DIRECTION('ref_axis',(0.485642931178631,-0.874157276121538,0.));
#6298=DIRECTION('',(0.485642931178631,-0.874157276121538,0.));
#6299=DIRECTION('',(0.,0.,1.));
#6300=DIRECTION('',(0.485642931178631,-0.874157276121538,0.));
#6301=DIRECTION('center_axis',(-0.940301884377558,0.340341543505951,0.));
#6302=DIRECTION('ref_axis',(-0.340341543505951,-0.940301884377558,0.));
#6303=DIRECTION('',(-0.340341543505951,-0.940301884377558,0.));
#6304=DIRECTION('',(-0.340341543505951,-0.940301884377558,0.));
#6305=DIRECTION('center_axis',(0.947162409448146,-0.320754376631687,0.));
#6306=DIRECTION('ref_axis',(-0.22680759481153,-0.669744962605774,0.707106781186547));
#6307=DIRECTION('center_axis',(0.842811349713876,0.538209093934202,0.));
#6308=DIRECTION('ref_axis',(0.538209093934202,-0.842811349713876,0.));
#6309=DIRECTION('',(-0.947162409448146,0.320754376631687,0.));
#6310=DIRECTION('center_axis',(-0.947162409448148,0.320754376631682,0.));
#6311=DIRECTION('ref_axis',(-0.320754376631682,-0.947162409448148,0.));
#6312=DIRECTION('center_axis',(0.,0.,-1.));
#6313=DIRECTION('ref_axis',(-1.,0.,0.));
#6314=DIRECTION('center_axis',(0.,0.,1.));
#6315=DIRECTION('ref_axis',(5.46369598732844E-16,1.,0.));
#6316=DIRECTION('center_axis',(-0.947162409448146,-0.320754376631688,0.));
#6317=DIRECTION('ref_axis',(0.320754376631688,-0.947162409448146,0.));
#6318=DIRECTION('center_axis',(0.,0.,1.));
#6319=DIRECTION('ref_axis',(5.46369598732844E-16,1.,0.));
#6320=DIRECTION('center_axis',(0.947162409448146,0.320754376631688,0.));
#6321=DIRECTION('ref_axis',(0.226807594811531,-0.669744962605773,0.707106781186548));
#6322=DIRECTION('center_axis',(-0.842811349713871,0.53820909393421,1.47355679664212E-16));
#6323=DIRECTION('ref_axis',(-0.53820909393421,-0.842811349713871,0.));
#6324=DIRECTION('',(-0.947162409448146,-0.320754376631688,0.));
#6325=DIRECTION('center_axis',(0.485642931178631,0.874157276121539,0.));
#6326=DIRECTION('ref_axis',(0.618122537769101,-0.343401409871721,0.707106781186548));
#6327=DIRECTION('',(-0.485642931178631,-0.874157276121539,0.));
#6328=DIRECTION('center_axis',(0.0798241856534565,0.996808958318876,0.));
#6329=DIRECTION('ref_axis',(-0.996808958318876,0.0798241856534565,0.));
#6330=DIRECTION('',(-0.485642931178631,-0.874157276121539,0.));
#6331=DIRECTION('center_axis',(-0.561944867237533,0.827174689038169,0.));
#6332=DIRECTION('ref_axis',(0.584900831844763,0.397355026276633,0.707106781186548));
#6333=DIRECTION('',(0.561944867237533,-0.827174689038169,0.));
#6334=DIRECTION('center_axis',(0.561944867237532,-0.82717468903817,0.));
#6335=DIRECTION('ref_axis',(0.82717468903817,0.561944867237532,0.));
#6336=DIRECTION('center_axis',(-0.883726447278096,0.468003810220851,0.));
#6337=DIRECTION('ref_axis',(0.468003810220851,0.883726447278096,0.));
#6338=DIRECTION('center_axis',(0.,0.,1.));
#6339=DIRECTION('ref_axis',(1.,0.,0.));
#6340=DIRECTION('center_axis',(0.,0.,-1.));
#6341=DIRECTION('ref_axis',(0.999751558977817,0.0222894666025085,0.));
#6342=DIRECTION('center_axis',(0.,0.,1.));
#6343=DIRECTION('ref_axis',(-0.999850495481623,0.0172912314527572,0.));
#6344=DIRECTION('center_axis',(0.,0.,-1.));
#6345=DIRECTION('ref_axis',(-0.999751558977817,0.022289466602508,0.));
#6346=DIRECTION('center_axis',(0.561944867237532,0.827174689038169,0.));
#6347=DIRECTION('ref_axis',(-0.827174689038169,0.561944867237532,0.));
#6348=DIRECTION('center_axis',(-0.561944867237533,-0.827174689038169,0.));
#6349=DIRECTION('ref_axis',(-0.584900831844763,0.397355026276633,0.707106781186548));
#6350=DIRECTION('center_axis',(-0.883726447278096,-0.46800381022085,-1.54509204604462E-16));
#6351=DIRECTION('ref_axis',(-0.46800381022085,0.883726447278096,-2.91758031611817E-16));
#6352=DIRECTION('',(0.561944867237533,0.827174689038169,0.));
#6353=DIRECTION('center_axis',(0.485642931178631,-0.874157276121538,0.));
#6354=DIRECTION('ref_axis',(-0.618122537769101,-0.343401409871722,0.707106781186548));
#6355=DIRECTION('',(-0.485642931178631,0.874157276121538,0.));
#6356=DIRECTION('center_axis',(0.0798241856534542,-0.996808958318876,-6.97816132554472E-18));
#6357=DIRECTION('ref_axis',(0.996808958318876,0.0798241856534542,-1.53290880502448E-17));
#6358=DIRECTION('',(-0.485642931178631,0.874157276121538,0.));
#6359=DIRECTION('center_axis',(-0.340341543505951,-0.940301884377558,0.));
#6360=DIRECTION('ref_axis',(-0.66489383880586,0.240657813332554,0.707106781186548));
#6361=DIRECTION('center_axis',(0.520602512717747,-0.853799170620333,9.10212435113312E-17));
#6362=DIRECTION('ref_axis',(-0.853799170620333,-0.520602512717747,0.));
#6363=DIRECTION('',(0.340341543505951,0.940301884377558,0.));
#6364=DIRECTION('center_axis',(-0.520602512717739,-0.853799170620338,2.73063730533989E-16));
#6365=DIRECTION('ref_axis',(0.853799170620338,-0.520602512717739,0.));
#6366=DIRECTION('center_axis',(0.,0.,1.));
#6367=DIRECTION('ref_axis',(-0.320754376631686,-0.947162409448147,0.));
#6368=DIRECTION('center_axis',(0.781442162382881,0.623977681371992,0.));
#6369=DIRECTION('ref_axis',(0.623977681371992,-0.781442162382881,0.));
#6370=DIRECTION('center_axis',(-0.607626209593616,-0.794223135784205,2.71545164727703E-16));
#6371=DIRECTION('ref_axis',(0.794223135784205,-0.607626209593615,0.));
#6372=DIRECTION('center_axis',(0.,0.,1.));
#6373=DIRECTION('ref_axis',(-0.940301884377558,0.340341543505951,0.));
#6374=DIRECTION('center_axis',(0.607626209593623,-0.7942231357842,9.05150549092357E-17));
#6375=DIRECTION('ref_axis',(-0.794223135784199,-0.607626209593622,0.));
#6376=DIRECTION('center_axis',(-0.781442162382876,0.623977681371999,1.46536203214291E-16));
#6377=DIRECTION('ref_axis',(-0.623977681371999,-0.781442162382875,0.));
#6378=DIRECTION('center_axis',(-0.340341543505951,-0.940301884377558,0.));
#6379=DIRECTION('ref_axis',(-0.66489383880586,0.240657813332554,0.707106781186548));
#6380=DIRECTION('',(0.340341543505951,0.940301884377558,0.));
#6381=DIRECTION('',(-0.340341543505951,-0.940301884377558,0.));
#6382=DIRECTION('center_axis',(0.169237080240634,-0.98557537036577,-8.32981720440818E-18));
#6383=DIRECTION('ref_axis',(0.98557537036577,0.169237080240634,-1.82983017175874E-17));
#6384=DIRECTION('center_axis',(0.485642931178631,-0.874157276121538,0.));
#6385=DIRECTION('ref_axis',(-0.618122537769101,-0.343401409871722,0.707106781186548));
#6386=DIRECTION('',(-0.485642931178631,0.874157276121538,0.));
#6387=DIRECTION('center_axis',(-0.0102369499075099,-0.999947601055471,-5.56983678096469E-18));
#6388=DIRECTION('ref_axis',(0.999947601055471,-0.0102369499075099,-1.82983017175874E-17));
#6389=DIRECTION('',(0.485642931178631,-0.874157276121538,0.));
#6390=DIRECTION('center_axis',(-0.561944867237533,-0.827174689038169,0.));
#6391=DIRECTION('ref_axis',(-0.584900831844763,0.397355026276633,0.707106781186548));
#6392=DIRECTION('center_axis',(-0.883726447278097,-0.46800381022085,0.));
#6393=DIRECTION('ref_axis',(-0.46800381022085,0.883726447278097,-9.65682528777886E-17));
#6394=DIRECTION('',(0.561944867237533,0.827174689038169,0.));
#6395=DIRECTION('center_axis',(0.561944867237532,0.827174689038169,0.));
#6396=DIRECTION('ref_axis',(-0.827174689038169,0.561944867237532,0.));
#6397=DIRECTION('',(-0.561944867237533,-0.827174689038169,0.));
#6398=DIRECTION('center_axis',(0.,0.,1.));
#6399=DIRECTION('ref_axis',(-0.999850495481623,0.0172912314527571,0.));
#6400=DIRECTION('center_axis',(0.,0.,1.));
#6401=DIRECTION('ref_axis',(-0.999751558977817,0.022289466602508,0.));
#6402=DIRECTION('center_axis',(0.,0.,-1.));
#6403=DIRECTION('ref_axis',(-0.999751558977817,0.022289466602508,0.));
#6404=DIRECTION('center_axis',(0.,0.,1.));
#6405=DIRECTION('ref_axis',(1.,0.,0.));
#6406=DIRECTION('center_axis',(0.,0.,1.));
#6407=DIRECTION('ref_axis',(0.999751558977817,0.0222894666025085,0.));
#6408=DIRECTION('center_axis',(0.,0.,-1.));
#6409=DIRECTION('ref_axis',(0.999751558977817,0.0222894666025085,0.));
#6410=DIRECTION('center_axis',(0.561944867237532,-0.82717468903817,0.));
#6411=DIRECTION('ref_axis',(0.82717468903817,0.561944867237532,0.));
#6412=DIRECTION('center_axis',(-0.561944867237533,0.827174689038169,0.));
#6413=DIRECTION('ref_axis',(0.584900831844763,0.397355026276633,0.707106781186548));
#6414=DIRECTION('',(0.561944867237533,-0.827174689038169,0.));
#6415=DIRECTION('center_axis',(-0.883726447278096,0.468003810220851,0.));
#6416=DIRECTION('ref_axis',(0.468003810220851,0.883726447278096,1.93136505755577E-16));
#6417=DIRECTION('',(-0.561944867237533,0.827174689038169,0.));
#6418=DIRECTION('center_axis',(0.485642931178631,0.874157276121539,0.));
#6419=DIRECTION('ref_axis',(0.618122537769101,-0.343401409871722,0.707106781186548));
#6420=DIRECTION('',(-0.485642931178631,-0.874157276121539,0.));
#6421=DIRECTION('',(0.485642931178631,0.874157276121539,0.));
#6422=DIRECTION('center_axis',(-0.0102369499075073,0.999947601055471,0.));
#6423=DIRECTION('ref_axis',(-0.999947601055471,-0.0102369499075073,0.));
#6424=DIRECTION('center_axis',(-0.34034154350595,0.940301884377558,0.));
#6425=DIRECTION('ref_axis',(0.66489383880586,0.240657813332554,0.707106781186547));
#6426=DIRECTION('',(-0.34034154350595,0.940301884377558,0.));
#6427=DIRECTION('',(0.34034154350595,-0.940301884377558,0.));
#6428=DIRECTION('center_axis',(0.169237080240637,0.98557537036577,0.));
#6429=DIRECTION('ref_axis',(-0.98557537036577,0.169237080240637,0.));
#6430=DIRECTION('center_axis',(0.947162409448146,0.320754376631688,0.));
#6431=DIRECTION('ref_axis',(0.226807594811531,-0.669744962605773,0.707106781186548));
#6432=DIRECTION('',(0.947162409448146,0.320754376631688,0.));
#6433=DIRECTION('',(-0.947162409448146,-0.320754376631688,0.));
#6434=DIRECTION('center_axis',(-0.947162409448146,-0.320754376631688,0.));
#6435=DIRECTION('ref_axis',(0.320754376631688,-0.947162409448146,0.));
#6436=DIRECTION('center_axis',(0.,0.,-1.));
#6437=DIRECTION('ref_axis',(-1.,0.,0.));
#6438=DIRECTION('center_axis',(0.,0.,-1.));
#6439=DIRECTION('ref_axis',(5.46369598732844E-16,1.,0.));
#6440=DIRECTION('center_axis',(0.,0.,1.));
#6441=DIRECTION('ref_axis',(5.46369598732844E-16,1.,0.));
#6442=DIRECTION('center_axis',(-0.947162409448148,0.320754376631682,0.));
#6443=DIRECTION('ref_axis',(-0.320754376631682,-0.947162409448148,0.));
#6444=DIRECTION('center_axis',(0.947162409448146,-0.320754376631687,0.));
#6445=DIRECTION('ref_axis',(-0.22680759481153,-0.669744962605774,0.707106781186547));
#6446=DIRECTION('',(0.947162409448146,-0.320754376631687,0.));
#6447=DIRECTION('',(-0.947162409448146,0.320754376631687,0.));
#6448=DIRECTION('center_axis',(0.,1.,0.));
#6449=DIRECTION('ref_axis',(-1.,0.,0.));
#6450=DIRECTION('',(0.,0.,-1.));
#6451=DIRECTION('center_axis',(0.,1.,0.));
#6452=DIRECTION('ref_axis',(1.,0.,0.));
#6453=DIRECTION('',(-1.,0.,0.));
#6454=DIRECTION('',(0.,0.,-1.));
#6455=DIRECTION('',(1.,0.,0.));
#6456=DIRECTION('center_axis',(0.,0.,1.));
#6457=DIRECTION('ref_axis',(1.,0.,0.));
#6458=DIRECTION('',(1.,0.,0.));
#6459=DIRECTION('center_axis',(0.,0.,1.));
#6460=DIRECTION('ref_axis',(1.,0.,0.));
#6461=DIRECTION('center_axis',(0.,0.,1.));
#6462=DIRECTION('ref_axis',(1.,0.,0.));
#6463=DIRECTION('',(1.36223684003087E-16,1.,0.));
#6464=DIRECTION('center_axis',(0.,0.,-1.));
#6465=DIRECTION('ref_axis',(0.707106781186547,0.707106781186547,0.));
#6466=DIRECTION('',(-1.,0.,0.));
#6467=DIRECTION('center_axis',(0.,0.,-1.));
#6468=DIRECTION('ref_axis',(-0.707106781186547,0.707106781186547,0.));
#6469=DIRECTION('',(0.,-1.,0.));
#6470=DIRECTION('center_axis',(0.,0.,-1.));
#6471=DIRECTION('ref_axis',(-0.707106781186547,-0.707106781186547,0.));
#6472=DIRECTION('',(1.,0.,0.));
#6473=DIRECTION('center_axis',(0.,0.,-1.));
#6474=DIRECTION('ref_axis',(0.707106781186547,-0.707106781186548,0.));
#6475=DIRECTION('center_axis',(0.,0.,1.));
#6476=DIRECTION('ref_axis',(1.,0.,0.));
#6477=DIRECTION('center_axis',(7.4982300459814E-17,2.50431177310543E-18,
1.));
#6478=DIRECTION('ref_axis',(-0.940301884377558,0.340341543505951,6.96536770830486E-17));
#6479=DIRECTION('center_axis',(-1.0696965765341E-14,-5.61329376155192E-15,
1.));
#6480=DIRECTION('ref_axis',(-0.874157276121538,-0.485642931178631,-1.20768868921227E-14));
#6481=DIRECTION('center_axis',(6.48361092658056E-16,2.89322423067842E-16,
1.));
#6482=DIRECTION('ref_axis',(0.851397453678016,-0.524521091921565,-4.00257270088027E-16));
#6483=DIRECTION('center_axis',(-6.70637012915575E-17,5.37044264884379E-18,
1.));
#6484=DIRECTION('ref_axis',(0.874157276121539,-0.48564293117863,6.12323399573676E-17));
#6485=DIRECTION('center_axis',(0.,0.,-1.));
#6486=DIRECTION('ref_axis',(1.,0.,0.));
#6487=DIRECTION('center_axis',(0.,0.,-1.));
#6488=DIRECTION('ref_axis',(1.,0.,0.));
#6489=DIRECTION('',(0.,0.,-1.));
#6490=DIRECTION('center_axis',(0.,0.,-1.));
#6491=DIRECTION('ref_axis',(1.,0.,0.));
#6492=DIRECTION('center_axis',(0.,0.,-1.));
#6493=DIRECTION('ref_axis',(1.,0.,0.));
#6494=DIRECTION('',(0.,0.,-1.));
#6495=DIRECTION('center_axis',(0.,0.,-1.));
#6496=DIRECTION('ref_axis',(1.,0.,0.));
#6497=DIRECTION('center_axis',(0.,0.,-1.));
#6498=DIRECTION('ref_axis',(1.,0.,0.));
#6499=DIRECTION('',(0.,0.,-1.));
#6500=DIRECTION('center_axis',(-1.,0.,0.));
#6501=DIRECTION('ref_axis',(0.,1.,0.));
#6502=DIRECTION('',(0.,0.,1.));
#6503=DIRECTION('',(0.,0.,-1.));
#6504=DIRECTION('',(0.,1.,0.));
#6505=DIRECTION('center_axis',(0.,0.,-1.));
#6506=DIRECTION('ref_axis',(-0.707106781186547,0.707106781186547,0.));
#6507=DIRECTION('center_axis',(0.,0.,1.));
#6508=DIRECTION('ref_axis',(-0.707106781186547,0.707106781186547,0.));
#6509=DIRECTION('',(0.,0.,1.));
#6510=DIRECTION('center_axis',(0.,1.,0.));
#6511=DIRECTION('ref_axis',(1.,0.,0.));
#6512=DIRECTION('',(0.,0.,-1.));
#6513=DIRECTION('',(1.,0.,0.));
#6514=DIRECTION('center_axis',(0.,0.,-1.));
#6515=DIRECTION('ref_axis',(0.707106781186547,0.707106781186547,0.));
#6516=DIRECTION('center_axis',(0.,0.,1.));
#6517=DIRECTION('ref_axis',(0.707106781186547,0.707106781186547,0.));
#6518=DIRECTION('',(0.,0.,1.));
#6519=DIRECTION('center_axis',(0.,-1.,0.));
#6520=DIRECTION('ref_axis',(-1.,0.,0.));
#6521=DIRECTION('',(0.,0.,1.));
#6522=DIRECTION('',(0.,0.,-1.));
#6523=DIRECTION('',(-1.,0.,0.));
#6524=DIRECTION('center_axis',(0.,0.,-1.));
#6525=DIRECTION('ref_axis',(-0.707106781186547,-0.707106781186547,0.));
#6526=DIRECTION('center_axis',(0.,0.,1.));
#6527=DIRECTION('ref_axis',(-0.707106781186547,-0.707106781186547,0.));
#6528=DIRECTION('center_axis',(1.,-1.36223684003087E-16,0.));
#6529=DIRECTION('ref_axis',(-1.36223684003087E-16,-1.,0.));
#6530=DIRECTION('',(0.,0.,-1.));
#6531=DIRECTION('',(-1.36223684003087E-16,-1.,0.));
#6532=DIRECTION('center_axis',(0.,0.,-1.));
#6533=DIRECTION('ref_axis',(0.707106781186547,-0.707106781186548,0.));
#6534=DIRECTION('center_axis',(0.,0.,1.));
#6535=DIRECTION('ref_axis',(0.707106781186547,-0.707106781186548,0.));
#6536=DIRECTION('center_axis',(0.,1.,0.));
#6537=DIRECTION('ref_axis',(-1.,0.,0.));
#6538=DIRECTION('',(-1.,0.,0.));
#6539=DIRECTION('center_axis',(0.,-1.,0.));
#6540=DIRECTION('ref_axis',(-1.,0.,0.));
#6541=DIRECTION('',(-1.,0.,0.));
#6542=DIRECTION('center_axis',(-1.,0.,0.));
#6543=DIRECTION('ref_axis',(0.,0.707106781186547,0.707106781186548));
#6544=DIRECTION('',(-1.,0.,0.));
#6545=DIRECTION('center_axis',(0.,1.,0.));
#6546=DIRECTION('ref_axis',(-1.,0.,0.));
#6547=DIRECTION('',(-1.,0.,0.));
#6548=DIRECTION('center_axis',(0.,1.,0.));
#6549=DIRECTION('ref_axis',(-1.,0.,0.));
#6550=DIRECTION('',(-0.999999982390252,0.,0.000187668576931464));
#6551=DIRECTION('center_axis',(0.,-1.,0.));
#6552=DIRECTION('ref_axis',(-1.,0.,0.));
#6553=DIRECTION('',(0.,0.,1.));
#6554=DIRECTION('center_axis',(0.,1.,0.));
#6555=DIRECTION('ref_axis',(0.0448649360605891,0.,0.998993061793864));
#6556=DIRECTION('',(0.,-1.,0.));
#6557=DIRECTION('center_axis',(0.,-1.,0.));
#6558=DIRECTION('ref_axis',(-1.,0.,0.));
#6559=DIRECTION('',(0.,1.,0.));
#6560=DIRECTION('center_axis',(-0.000187668576931464,0.,-0.999999982390252));
#6561=DIRECTION('ref_axis',(-0.999999982390252,0.,0.000187668576931464));
#6562=DIRECTION('',(0.999999982390252,0.,-0.000187668576931464));
#6563=DIRECTION('',(0.,1.,0.));
#6564=DIRECTION('center_axis',(0.,1.,0.));
#6565=DIRECTION('ref_axis',(-1.,0.,0.));
#6566=DIRECTION('center_axis',(0.,1.,0.));
#6567=DIRECTION('ref_axis',(-1.,0.,0.));
#6568=DIRECTION('',(-1.,0.,0.));
#6569=DIRECTION('',(0.,0.,1.));
#6570=DIRECTION('center_axis',(0.,1.,0.));
#6571=DIRECTION('ref_axis',(1.,0.,0.));
#6572=DIRECTION('',(0.,1.,0.));
#6573=DIRECTION('',(0.,1.,0.));
#6574=DIRECTION('center_axis',(0.,1.,0.));
#6575=DIRECTION('ref_axis',(1.,0.,0.));
#6576=DIRECTION('center_axis',(-0.34034154350595,0.940301884377558,0.));
#6577=DIRECTION('ref_axis',(0.664893838805861,0.240657813332554,0.707106781186548));
#6578=DIRECTION('',(0.34034154350595,-0.940301884377558,0.));
#6579=DIRECTION('',(0.34034154350595,-0.940301884377558,0.));
#6580=DIRECTION('',(0.369385896000904,0.13369894082207,0.919607880054682));
#6581=DIRECTION('',(0.354074246126515,0.12815690093206,0.926394752237636));
#6582=DIRECTION('',(-2.18547839493141E-17,0.,1.));
#6583=DIRECTION('',(0.,0.,1.));
#6584=DIRECTION('',(0.,0.,1.));
#6585=DIRECTION('center_axis',(-0.34034154350595,0.940301884377558,0.));
#6586=DIRECTION('ref_axis',(0.664893838805861,0.240657813332554,0.707106781186547));
#6587=DIRECTION('',(0.34034154350595,-0.940301884377558,0.));
#6588=DIRECTION('center_axis',(0.,0.,1.));
#6589=DIRECTION('ref_axis',(1.,0.,0.));
#6590=DIRECTION('',(-0.477831599450843,0.172950779738859,0.861257795525805));
#6591=DIRECTION('',(-0.0737795800892643,0.0267044622413187,0.996916970092421));
#6592=DIRECTION('',(-0.454571864137105,0.164531936439978,0.875382009311494));
#6593=DIRECTION('center_axis',(-0.340341543505951,-0.940301884377558,0.));
#6594=DIRECTION('ref_axis',(-0.66489383880586,0.240657813332554,0.707106781186548));
#6595=DIRECTION('',(0.,0.,1.));
#6596=DIRECTION('',(0.,0.,1.));
#6597=DIRECTION('center_axis',(0.,0.,1.));
#6598=DIRECTION('ref_axis',(1.,0.,0.));
#6599=DIRECTION('',(0.,0.,1.));
#6600=DIRECTION('',(0.,0.,1.));
#6601=DIRECTION('',(0.,-2.18547839493141E-17,1.));
#6602=DIRECTION('',(1.91229359556498E-17,-2.18547839493141E-17,1.));
#6603=DIRECTION('center_axis',(0.,0.,1.));
#6604=DIRECTION('ref_axis',(1.,0.,0.));
#6605=DIRECTION('',(-0.485642931178631,-0.874157276121539,0.));
#6606=DIRECTION('center_axis',(0.485642931178631,0.874157276121539,0.));
#6607=DIRECTION('ref_axis',(0.618122537769101,-0.343401409871722,0.707106781186548));
#6608=DIRECTION('',(0.,0.,1.));
#6609=DIRECTION('',(0.,0.,1.));
#6610=DIRECTION('',(0.,0.,1.));
#6611=DIRECTION('',(-0.0104467251210144,-0.00580373617834132,0.999928588740525));
#6612=DIRECTION('center_axis',(0.,0.,1.));
#6613=DIRECTION('ref_axis',(1.,0.,0.));
#6614=DIRECTION('',(-0.485642931178631,0.874157276121538,0.));
#6615=DIRECTION('center_axis',(0.485642931178631,-0.874157276121538,0.));
#6616=DIRECTION('ref_axis',(-0.618122537769101,-0.343401409871722,0.707106781186548));
#6617=DIRECTION('',(1.09273919746571E-17,-1.74838271594513E-16,1.));
#6618=DIRECTION('',(0.,0.,1.));
#6619=DIRECTION('center_axis',(0.00165354178737162,-0.999998632898844,0.));
#6620=DIRECTION('ref_axis',(0.,0.,-1.));
#6621=DIRECTION('',(0.999998632898844,0.00165354178737162,0.));
#6622=DIRECTION('',(-0.999998632898844,-0.00165354178737162,0.));
#6623=DIRECTION('',(0.,0.,1.));
#6624=DIRECTION('',(1.70740499604016E-19,-1.74838271594513E-16,1.));
#6625=DIRECTION('',(0.0306134699633867,-0.4511719483262,0.891911816549339));
#6626=DIRECTION('center_axis',(0.,0.,1.));
#6627=DIRECTION('ref_axis',(1.,0.,0.));
#6628=DIRECTION('center_axis',(0.,0.,1.));
#6629=DIRECTION('ref_axis',(5.46369598732844E-16,1.,0.));
#6630=DIRECTION('center_axis',(0.,0.,-1.));
#6631=DIRECTION('ref_axis',(-1.,0.,0.));
#6632=DIRECTION('center_axis',(0.,0.,1.));
#6633=DIRECTION('ref_axis',(1.,0.,0.));
#6634=DIRECTION('',(1.,0.,0.));
#6635=DIRECTION('',(0.561944867237533,0.827174689038169,0.));
#6636=DIRECTION('center_axis',(0.,0.,1.));
#6637=DIRECTION('ref_axis',(1.,0.,0.));
#6638=DIRECTION('',(1.,0.,0.));
#6639=DIRECTION('center_axis',(-1.,0.,0.));
#6640=DIRECTION('ref_axis',(0.,0.707106781186547,0.707106781186548));
#6641=DIRECTION('center_axis',(-1.,0.,0.));
#6642=DIRECTION('ref_axis',(0.,0.707106781186547,0.707106781186548));
#6643=DIRECTION('center_axis',(-0.883726447278096,-0.46800381022085,-1.54509204604462E-16));
#6644=DIRECTION('ref_axis',(-0.46800381022085,0.883726447278096,-2.91758031611817E-16));
#6645=DIRECTION('center_axis',(-0.561944867237533,-0.827174689038169,0.));
#6646=DIRECTION('ref_axis',(-0.584900831844763,0.397355026276633,0.707106781186548));
#6647=DIRECTION('',(-0.559818351719969,0.380315129927644,0.736181917073257));
#6648=DIRECTION('',(-0.262500246202812,0.495676327671285,0.827888035261877));
#6649=DIRECTION('',(0.,-2.21314267841155E-15,1.));
#6650=DIRECTION('',(-5.53285669602889E-16,0.,1.));
#6651=DIRECTION('',(-0.209322209963279,0.395260826744028,0.894400967831384));
#6652=DIRECTION('',(-0.48771090018751,0.331328606506142,0.807687707191949));
#6653=DIRECTION('',(0.,-4.37095678986282E-17,1.));
#6654=DIRECTION('',(4.37095678986282E-17,-4.37095678986282E-17,1.));
#6655=DIRECTION('center_axis',(-1.,0.,0.));
#6656=DIRECTION('ref_axis',(0.,0.707106781186547,0.707106781186548));
#6657=DIRECTION('',(1.,0.,0.));
#6658=DIRECTION('center_axis',(-0.883726447278097,-0.46800381022085,0.));
#6659=DIRECTION('ref_axis',(-0.46800381022085,0.883726447278097,-6.67138189138436E-17));
#6660=DIRECTION('center_axis',(0.,0.,1.));
#6661=DIRECTION('ref_axis',(1.,0.,0.));
#6662=DIRECTION('',(0.561944867237533,0.827174689038169,0.));
#6663=DIRECTION('center_axis',(-0.561944867237533,-0.827174689038169,0.));
#6664=DIRECTION('ref_axis',(-0.584900831844763,0.397355026276633,0.707106781186548));
#6665=DIRECTION('center_axis',(-0.827174689038169,0.561944867237533,0.));
#6666=DIRECTION('ref_axis',(-0.561944867237533,-0.827174689038169,0.));
#6667=DIRECTION('',(0.,0.,1.));
#6668=DIRECTION('',(0.561944867237533,0.827174689038169,0.));
#6669=DIRECTION('center_axis',(0.,0.,1.));
#6670=DIRECTION('ref_axis',(-0.82717468903817,0.561944867237532,0.));
#6671=DIRECTION('',(0.,0.,1.));
#6672=DIRECTION('center_axis',(0.,0.,-1.));
#6673=DIRECTION('ref_axis',(-0.82717468903817,0.561944867237532,0.));
#6674=DIRECTION('center_axis',(0.,0.,1.));
#6675=DIRECTION('ref_axis',(0.,1.,0.));
#6676=DIRECTION('',(0.,0.,1.));
#6677=DIRECTION('center_axis',(0.,0.,1.));
#6678=DIRECTION('ref_axis',(0.,1.,0.));
#6679=DIRECTION('center_axis',(-0.874157276121538,-0.485642931178631,0.));
#6680=DIRECTION('ref_axis',(0.485642931178631,-0.874157276121538,0.));
#6681=DIRECTION('',(0.,0.,1.));
#6682=DIRECTION('',(-0.485642931178631,0.874157276121538,0.));
#6683=DIRECTION('center_axis',(0.,0.,1.));
#6684=DIRECTION('ref_axis',(0.,1.,0.));
#6685=DIRECTION('',(0.,0.,1.));
#6686=DIRECTION('center_axis',(0.,0.,1.));
#6687=DIRECTION('ref_axis',(0.,1.,0.));
#6688=DIRECTION('center_axis',(-0.940301884377558,0.340341543505951,0.));
#6689=DIRECTION('ref_axis',(-0.340341543505951,-0.940301884377558,0.));
#6690=DIRECTION('',(0.,0.,1.));
#6691=DIRECTION('',(0.340341543505951,0.940301884377558,0.));
#6692=DIRECTION('center_axis',(0.,0.,1.));
#6693=DIRECTION('ref_axis',(-0.940301884377558,0.340341543505951,0.));
#6694=DIRECTION('',(0.,0.,1.));
#6695=DIRECTION('center_axis',(0.,0.,-1.));
#6696=DIRECTION('ref_axis',(-0.940301884377558,0.340341543505951,0.));
#6697=DIRECTION('center_axis',(0.320754376631688,-0.947162409448146,0.));
#6698=DIRECTION('ref_axis',(0.947162409448146,0.320754376631688,0.));
#6699=DIRECTION('',(0.,0.,1.));
#6700=DIRECTION('',(-0.947162409448146,-0.320754376631688,0.));
#6701=DIRECTION('center_axis',(0.,0.,1.));
#6702=DIRECTION('ref_axis',(0.320754376631682,0.947162409448148,0.));
#6703=DIRECTION('',(0.,0.,1.));
#6704=DIRECTION('center_axis',(0.,0.,1.));
#6705=DIRECTION('ref_axis',(0.320754376631682,0.947162409448148,0.));
#6706=DIRECTION('center_axis',(-0.320754376631687,-0.947162409448146,0.));
#6707=DIRECTION('ref_axis',(0.947162409448146,-0.320754376631687,0.));
#6708=DIRECTION('',(0.,0.,1.));
#6709=DIRECTION('',(-0.947162409448146,0.320754376631687,0.));
#6710=DIRECTION('center_axis',(0.,0.,1.));
#6711=DIRECTION('ref_axis',(-0.320754376631672,-0.947162409448151,0.));
#6712=DIRECTION('',(0.,0.,1.));
#6713=DIRECTION('center_axis',(0.,0.,-1.));
#6714=DIRECTION('ref_axis',(-0.320754376631672,-0.947162409448151,0.));
#6715=DIRECTION('center_axis',(0.940301884377558,0.34034154350595,0.));
#6716=DIRECTION('ref_axis',(-0.34034154350595,0.940301884377558,0.));
#6717=DIRECTION('',(0.,0.,1.));
#6718=DIRECTION('',(0.34034154350595,-0.940301884377558,0.));
#6719=DIRECTION('center_axis',(0.,0.,1.));
#6720=DIRECTION('ref_axis',(0.,1.,0.));
#6721=DIRECTION('',(0.,0.,1.));
#6722=DIRECTION('center_axis',(0.,0.,1.));
#6723=DIRECTION('ref_axis',(0.,1.,0.));
#6724=DIRECTION('center_axis',(0.874157276121539,-0.485642931178631,0.));
#6725=DIRECTION('ref_axis',(0.485642931178631,0.874157276121539,0.));
#6726=DIRECTION('',(0.,0.,1.));
#6727=DIRECTION('',(-0.485642931178631,-0.874157276121539,0.));
#6728=DIRECTION('center_axis',(0.,0.,1.));
#6729=DIRECTION('ref_axis',(0.,1.,0.));
#6730=DIRECTION('',(0.,0.,1.));
#6731=DIRECTION('center_axis',(0.,0.,1.));
#6732=DIRECTION('ref_axis',(0.,1.,0.));
#6733=DIRECTION('center_axis',(0.,0.,1.));
#6734=DIRECTION('ref_axis',(0.851397453678016,-0.524521091921565,0.));
#6735=DIRECTION('',(0.,0.,1.));
#6736=DIRECTION('center_axis',(0.,0.,-1.));
#6737=DIRECTION('ref_axis',(0.851397453678016,-0.524521091921565,0.));
#6738=DIRECTION('center_axis',(0.827174689038169,0.561944867237533,0.));
#6739=DIRECTION('ref_axis',(-0.561944867237533,0.827174689038169,0.));
#6740=DIRECTION('',(0.,0.,-1.));
#6741=DIRECTION('',(0.561944867237533,-0.827174689038169,0.));
#6742=DIRECTION('center_axis',(0.,1.,0.));
#6743=DIRECTION('ref_axis',(-1.,0.,0.));
#6744=DIRECTION('',(0.,0.,1.));
#6745=DIRECTION('',(1.,0.,0.));
#6746=DIRECTION('center_axis',(0.,0.,1.));
#6747=DIRECTION('ref_axis',(1.,0.,0.));
#6748=DIRECTION('',(0.,1.,0.));
#6749=DIRECTION('',(0.,-1.,0.));
#6750=DIRECTION('center_axis',(1.,0.,0.));
#6751=DIRECTION('ref_axis',(0.,1.,0.));
#6752=DIRECTION('center_axis',(-1.,0.,0.));
#6753=DIRECTION('ref_axis',(0.,-1.,0.));
#6754=DIRECTION('center_axis',(0.,0.,1.));
#6755=DIRECTION('ref_axis',(-0.82717468903817,0.561944867237532,0.));
#6756=DIRECTION('',(0.,0.,-1.));
#6757=DIRECTION('center_axis',(0.,0.,1.));
#6758=DIRECTION('ref_axis',(-0.82717468903817,0.561944867237532,0.));
#6759=DIRECTION('',(0.,0.,1.));
#6760=DIRECTION('center_axis',(0.,0.,1.));
#6761=DIRECTION('ref_axis',(-0.82717468903817,0.561944867237532,0.));
#6762=DIRECTION('center_axis',(-0.874157276121538,-0.485642931178631,0.));
#6763=DIRECTION('ref_axis',(0.485642931178631,-0.874157276121538,0.));
#6764=DIRECTION('',(0.,0.,1.));
#6765=DIRECTION('',(0.485642931178631,-0.874157276121538,0.));
#6766=DIRECTION('',(0.485642931178631,-0.874157276121538,0.));
#6767=DIRECTION('center_axis',(0.,0.,1.));
#6768=DIRECTION('ref_axis',(1.,0.,0.));
#6769=DIRECTION('center_axis',(0.,0.,-1.));
#6770=DIRECTION('ref_axis',(-0.857479825611603,-0.514517588299074,0.));
#6771=DIRECTION('center_axis',(0.,0.,1.));
#6772=DIRECTION('ref_axis',(-1.,0.,0.));
#6773=DIRECTION('center_axis',(0.,0.,1.));
#6774=DIRECTION('ref_axis',(-0.857479825611603,-0.514517588299074,0.));
#6775=DIRECTION('center_axis',(0.,0.,-1.));
#6776=DIRECTION('ref_axis',(-0.857479825611603,-0.514517588299074,0.));
#6777=DIRECTION('',(0.,0.,1.));
#6778=DIRECTION('center_axis',(0.,0.,-1.));
#6779=DIRECTION('ref_axis',(-0.857479825611603,-0.514517588299074,0.));
#6780=DIRECTION('',(0.,0.,1.));
#6781=DIRECTION('center_axis',(0.,0.,-1.));
#6782=DIRECTION('ref_axis',(-1.,0.,0.));
#6783=DIRECTION('center_axis',(0.,0.,1.));
#6784=DIRECTION('ref_axis',(-1.,0.,0.));
#6785=DIRECTION('',(0.184288535050185,-0.982872186934322,0.));
#6786=DIRECTION('center_axis',(0.,0.,-1.));
#6787=DIRECTION('ref_axis',(0.462713892351791,0.886507672738739,0.));
#6788=DIRECTION('',(0.886507672738737,-0.462713892351794,0.));
#6789=DIRECTION('center_axis',(0.,0.,1.));
#6790=DIRECTION('ref_axis',(-1.,0.,0.));
#6791=DIRECTION('',(0.306025727287408,0.952023242488445,0.));
#6792=DIRECTION('center_axis',(0.,0.,-1.));
#6793=DIRECTION('ref_axis',(-0.537472254256289,0.843281433392591,0.));
#6794=DIRECTION('',(0.843281433392589,0.537472254256292,0.));
#6795=DIRECTION('center_axis',(0.,0.,1.));
#6796=DIRECTION('ref_axis',(-1.,0.,0.));
#6797=DIRECTION('',(-0.182205803083075,-0.983260415822203,0.));
#6798=DIRECTION('center_axis',(-0.983260415822203,0.182205803083075,0.));
#6799=DIRECTION('ref_axis',(-0.182205803083075,-0.983260415822203,0.));
#6800=DIRECTION('',(0.,0.,1.));
#6801=DIRECTION('',(-0.182205803083075,-0.983260415822203,0.));
#6802=DIRECTION('center_axis',(0.,0.,1.));
#6803=DIRECTION('ref_axis',(-1.,0.,0.));
#6804=DIRECTION('',(0.,0.,1.));
#6805=DIRECTION('center_axis',(0.,0.,1.));
#6806=DIRECTION('ref_axis',(-1.,0.,0.));
#6807=DIRECTION('center_axis',(0.537472254256292,-0.843281433392589,0.));
#6808=DIRECTION('ref_axis',(0.843281433392589,0.537472254256292,0.));
#6809=DIRECTION('',(0.,0.,1.));
#6810=DIRECTION('',(0.843281433392589,0.537472254256292,0.));
#6811=DIRECTION('center_axis',(0.,0.,1.));
#6812=DIRECTION('ref_axis',(-0.537472254256289,0.843281433392591,0.));
#6813=DIRECTION('',(0.,0.,1.));
#6814=DIRECTION('center_axis',(0.,0.,-1.));
#6815=DIRECTION('ref_axis',(-0.537472254256289,0.843281433392591,0.));
#6816=DIRECTION('center_axis',(0.952023242488445,-0.306025727287408,0.));
#6817=DIRECTION('ref_axis',(0.306025727287408,0.952023242488445,0.));
#6818=DIRECTION('',(0.,0.,1.));
#6819=DIRECTION('',(0.306025727287408,0.952023242488445,0.));
#6820=DIRECTION('center_axis',(0.,0.,1.));
#6821=DIRECTION('ref_axis',(-1.,0.,0.));
#6822=DIRECTION('',(0.,0.,1.));
#6823=DIRECTION('center_axis',(0.,0.,1.));
#6824=DIRECTION('ref_axis',(-1.,0.,0.));
#6825=DIRECTION('center_axis',(0.,0.,1.));
#6826=DIRECTION('ref_axis',(0.427022491567017,-0.904241003104757,0.));
#6827=DIRECTION('center_axis',(0.,0.,1.));
#6828=DIRECTION('ref_axis',(-1.,0.,0.));
#6829=DIRECTION('',(0.,0.,1.));
#6830=DIRECTION('center_axis',(-0.982872186934322,-0.184288535050185,0.));
#6831=DIRECTION('ref_axis',(0.184288535050185,-0.982872186934322,0.));
#6832=DIRECTION('',(0.184288535050185,-0.982872186934322,0.));
#6833=DIRECTION('',(0.,0.,1.));
#6834=DIRECTION('center_axis',(0.,0.,1.));
#6835=DIRECTION('ref_axis',(0.462713892351791,0.886507672738739,0.));
#6836=DIRECTION('center_axis',(0.,0.,-1.));
#6837=DIRECTION('ref_axis',(0.462713892351791,0.886507672738739,0.));
#6838=DIRECTION('',(0.,0.,1.));
#6839=DIRECTION('center_axis',(-0.462713892351794,-0.886507672738737,0.));
#6840=DIRECTION('ref_axis',(0.886507672738737,-0.462713892351794,0.));
#6841=DIRECTION('',(0.886507672738737,-0.462713892351794,0.));
#6842=DIRECTION('center_axis',(0.,0.,-1.));
#6843=DIRECTION('ref_axis',(-1.,0.,0.));
#6844=DIRECTION('center_axis',(0.,0.,1.));
#6845=DIRECTION('ref_axis',(1.,0.,0.));
#6846=DIRECTION('',(-0.446917816920362,0.894575019167838,0.));
#6847=DIRECTION('center_axis',(0.,0.,1.));
#6848=DIRECTION('ref_axis',(0.851397453678016,-0.524521091921565,0.));
#6849=DIRECTION('',(0.898249012538856,-0.439486872924517,0.));
#6850=DIRECTION('center_axis',(0.,0.,-1.));
#6851=DIRECTION('ref_axis',(0.999969726869075,0.00778108895902347,0.));
#6852=DIRECTION('center_axis',(0.,0.,1.));
#6853=DIRECTION('ref_axis',(0.851397453678016,-0.524521091921565,0.));
#6854=DIRECTION('',(0.,0.,1.));
#6855=DIRECTION('center_axis',(0.,0.,1.));
#6856=DIRECTION('ref_axis',(0.851397453678016,-0.524521091921565,0.));
#6857=DIRECTION('',(0.,0.,-1.));
#6858=DIRECTION('center_axis',(0.,0.,1.));
#6859=DIRECTION('ref_axis',(0.999969726869075,0.00778108895902347,0.));
#6860=DIRECTION('',(0.,0.,1.));
#6861=DIRECTION('center_axis',(0.,0.,-1.));
#6862=DIRECTION('ref_axis',(0.999969726869075,0.00778108895902347,0.));
#6863=DIRECTION('',(0.,0.,1.));
#6864=DIRECTION('center_axis',(-0.439486872924517,-0.898249012538856,0.));
#6865=DIRECTION('ref_axis',(0.898249012538856,-0.439486872924517,0.));
#6866=DIRECTION('',(0.898249012538856,-0.439486872924517,0.));
#6867=DIRECTION('',(0.,0.,1.));
#6868=DIRECTION('',(0.898249012538856,-0.439486872924517,0.));
#6869=DIRECTION('center_axis',(0.,0.,-1.));
#6870=DIRECTION('ref_axis',(-1.,0.,0.));
#6871=DIRECTION('',(-0.446917816920362,0.894575019167838,0.));
#6872=DIRECTION('center_axis',(0.,0.,1.));
#6873=DIRECTION('ref_axis',(0.894575019167838,0.446917816920362,0.));
#6874=DIRECTION('center_axis',(0.,0.,1.));
#6875=DIRECTION('ref_axis',(0.894575019167838,0.446917816920362,0.));
#6876=DIRECTION('',(0.,0.,1.));
#6877=DIRECTION('center_axis',(0.,0.,1.));
#6878=DIRECTION('ref_axis',(0.894575019167838,0.446917816920362,0.));
#6879=DIRECTION('center_axis',(0.894575019167838,0.446917816920362,0.));
#6880=DIRECTION('ref_axis',(-0.446917816920362,0.894575019167838,0.));
#6881=DIRECTION('',(-0.446917816920362,0.894575019167838,0.));
#6882=DIRECTION('center_axis',(0.,0.,-1.));
#6883=DIRECTION('ref_axis',(-1.,0.,0.));
#6884=DIRECTION('',(0.,0.,1.));
#6885=DIRECTION('',(1.,0.,0.));
#6886=DIRECTION('',(0.,0.,1.));
#6887=DIRECTION('',(1.,0.,0.));
#6888=CARTESIAN_POINT('',(0.,0.,0.));
#6889=CARTESIAN_POINT('',(0.,0.,0.));
#6890=CARTESIAN_POINT('Origin',(5.64423791766852,2.41462495819468,0.74));
#6891=CARTESIAN_POINT('',(5.64423791766852,2.41462495819468,0.74));
#6892=CARTESIAN_POINT('',(5.64423791766852,2.11462495819468,0.74));
#6893=CARTESIAN_POINT('',(5.64423791766852,2.21462495819468,0.74));
#6894=CARTESIAN_POINT('',(5.64423791766852,2.11462495819468,0.79));
#6895=CARTESIAN_POINT('',(5.64423791766852,2.11462495819468,0.74));
#6896=CARTESIAN_POINT('',(5.64423791766852,2.41462495819468,0.79));
#6897=CARTESIAN_POINT('',(5.64423791766852,2.21462495819468,0.79));
#6898=CARTESIAN_POINT('',(5.64423791766852,2.41462495819468,0.74));
#6899=CARTESIAN_POINT('Origin',(5.70457924217278,2.21462495819468,0.74));
#6900=CARTESIAN_POINT('',(5.70457924217278,2.21462495819468,0.74));
#6901=CARTESIAN_POINT('',(5.70457924217278,2.41462495819468,0.74));
#6902=CARTESIAN_POINT('',(5.70457924217278,2.11462495819468,0.74));
#6903=CARTESIAN_POINT('',(5.70457924217278,2.41462495819468,0.79));
#6904=CARTESIAN_POINT('',(5.70457924217278,2.41462495819468,0.74));
#6905=CARTESIAN_POINT('',(5.70457924217278,2.21462495819468,0.79));
#6906=CARTESIAN_POINT('',(5.70457924217278,2.11462495819468,0.79));
#6907=CARTESIAN_POINT('',(5.70457924217278,2.21462495819468,0.74));
#6908=CARTESIAN_POINT('Origin',(4.58389659316427,2.41462495819468,0.74));
#6909=CARTESIAN_POINT('',(4.58389659316427,2.21462495819468,0.74));
#6910=CARTESIAN_POINT('',(4.58389659316427,2.41462495819468,0.74));
#6911=CARTESIAN_POINT('',(4.58389659316427,2.11462495819468,0.74));
#6912=CARTESIAN_POINT('',(4.58389659316427,2.21462495819468,0.79));
#6913=CARTESIAN_POINT('',(4.58389659316427,2.21462495819468,0.74));
#6914=CARTESIAN_POINT('',(4.58389659316427,2.41462495819468,0.79));
#6915=CARTESIAN_POINT('',(4.58389659316427,2.11462495819468,0.79));
#6916=CARTESIAN_POINT('',(4.58389659316427,2.41462495819468,0.74));
#6917=CARTESIAN_POINT('Origin',(4.64423791766852,2.11462495819468,0.74));
#6918=CARTESIAN_POINT('',(4.64423791766852,2.11462495819468,0.74));
#6919=CARTESIAN_POINT('',(4.64423791766852,2.41462495819468,0.74));
#6920=CARTESIAN_POINT('',(4.64423791766852,2.11462495819468,0.74));
#6921=CARTESIAN_POINT('',(4.64423791766852,2.41462495819468,0.79));
#6922=CARTESIAN_POINT('',(4.64423791766852,2.41462495819468,0.74));
#6923=CARTESIAN_POINT('',(4.64423791766852,2.11462495819468,0.79));
#6924=CARTESIAN_POINT('',(4.64423791766852,2.11462495819468,0.79));
#6925=CARTESIAN_POINT('',(4.64423791766852,2.11462495819468,0.74));
#6926=CARTESIAN_POINT('Origin',(5.14423791766852,-0.601774451062744,0.79));
#6927=CARTESIAN_POINT('',(5.66923266232795,2.11462495819468,0.79));
#6928=CARTESIAN_POINT('',(6.41517744757947,1.01660506024043,0.79));
#6929=CARTESIAN_POINT('',(5.63947318870223,2.15843047147093,0.79));
#6930=CARTESIAN_POINT('',(6.44943490798281,-0.519948059474207,0.79));
#6931=CARTESIAN_POINT('Origin',(5.245331454453,0.22186489228362,0.79));
#6932=CARTESIAN_POINT('',(6.44715892573846,-0.5238358755485,0.79));
#6933=CARTESIAN_POINT('Origin',(6.53457465335061,-0.572400168666363,0.79));
#6934=CARTESIAN_POINT('',(5.71258445749077,-1.84606991839434,0.79));
#6935=CARTESIAN_POINT('',(6.44715892573846,-0.5238358755485,0.79));
#6936=CARTESIAN_POINT('',(5.70596999666517,-1.9286683658628,0.79));
#6937=CARTESIAN_POINT('Origin',(5.80000018510293,-1.8946342115122,0.79));
#6938=CARTESIAN_POINT('',(6.16038688215538,-3.18413970596957,0.79));
#6939=CARTESIAN_POINT('',(6.07088363525066,-2.93685848706381,0.79));
#6940=CARTESIAN_POINT('',(6.03428125605445,-3.31289010126498,0.79));
#6941=CARTESIAN_POINT('Origin',(6.06635669371763,-3.21817386032017,0.79));
#6942=CARTESIAN_POINT('',(5.24046423065803,-3.0440657870811,0.79));
#6943=CARTESIAN_POINT('',(6.03428125605445,-3.31289010126498,0.79));
#6944=CARTESIAN_POINT('',(5.04801160467902,-3.0440657870811,0.79));
#6945=CARTESIAN_POINT('Origin',(5.14423791766852,-3.32821450991555,0.79));
#6946=CARTESIAN_POINT('',(4.25419457928259,-3.31289010126498,0.79));
#6947=CARTESIAN_POINT('',(4.25419457928259,-3.31289010126498,0.79));
#6948=CARTESIAN_POINT('',(4.12808895318167,-3.18413970596957,0.79));
#6949=CARTESIAN_POINT('Origin',(4.22211914161942,-3.21817386032017,0.79));
#6950=CARTESIAN_POINT('',(4.58250583867188,-1.9286683658628,0.79));
#6951=CARTESIAN_POINT('',(4.58250583867188,-1.9286683658628,0.79));
#6952=CARTESIAN_POINT('',(4.57589137784628,-1.84606991839434,0.79));
#6953=CARTESIAN_POINT('Origin',(4.48847565023412,-1.8946342115122,0.79));
#6954=CARTESIAN_POINT('',(3.84131690959859,-0.523835875548502,0.79));
#6955=CARTESIAN_POINT('',(3.84131690959859,-0.523835875548502,0.79));
#6956=CARTESIAN_POINT('',(3.83904092735424,-0.519948059474208,0.79));
#6957=CARTESIAN_POINT('Origin',(3.75390118198644,-0.572400168666365,0.79));
#6958=CARTESIAN_POINT('',(3.87329838775758,1.01660506024043,0.79));
#6959=CARTESIAN_POINT('Origin',(5.04314438088405,0.22186489228362,0.79));
#6960=CARTESIAN_POINT('',(4.6192431730091,2.11462495819468,0.79));
#6961=CARTESIAN_POINT('',(4.64900264663482,2.15843047147093,0.79));
#6962=CARTESIAN_POINT('',(4.566285177731,2.11462495819468,0.79));
#6963=CARTESIAN_POINT('',(5.14423791766852,2.41462495819468,0.79));
#6964=CARTESIAN_POINT('',(4.566285177731,2.21462495819468,0.79));
#6965=CARTESIAN_POINT('',(4.566285177731,2.21462495819468,0.79));
#6966=CARTESIAN_POINT('',(3.79058091885376,1.07279954696418,0.79));
#6967=CARTESIAN_POINT('',(4.566285177731,2.21462495819468,0.79));
#6968=CARTESIAN_POINT('',(3.75390118198644,-0.572400168666365,0.79));
#6969=CARTESIAN_POINT('Origin',(5.04314438088405,0.22186489228362,0.79));
#6970=CARTESIAN_POINT('',(4.48847565023412,-1.8946342115122,0.79));
#6971=CARTESIAN_POINT('',(3.75390118198644,-0.572400168666365,0.79));
#6972=CARTESIAN_POINT('',(4.03405876474391,-3.15010555161898,0.79));
#6973=CARTESIAN_POINT('',(4.48847565023412,-1.8946342115122,0.79));
#6974=CARTESIAN_POINT('',(4.28627001694576,-3.4076063422098,0.79));
#6975=CARTESIAN_POINT('Origin',(4.22211914161942,-3.21817386032017,0.79));
#6976=CARTESIAN_POINT('',(5.08008704234219,-3.13878202802591,0.79));
#6977=CARTESIAN_POINT('',(4.28627001694576,-3.4076063422098,0.79));
#6978=CARTESIAN_POINT('',(5.20838879299486,-3.13878202802591,0.79));
#6979=CARTESIAN_POINT('Origin',(5.14423791766852,-3.32821450991555,0.79));
#6980=CARTESIAN_POINT('',(6.00220581839129,-3.4076063422098,0.79));
#6981=CARTESIAN_POINT('',(6.00220581839129,-3.4076063422098,0.79));
#6982=CARTESIAN_POINT('',(6.25441707059314,-3.15010555161898,0.79));
#6983=CARTESIAN_POINT('Origin',(6.06635669371763,-3.21817386032017,0.79));
#6984=CARTESIAN_POINT('',(5.80000018510293,-1.8946342115122,0.79));
#6985=CARTESIAN_POINT('',(6.16491382368841,-2.90282433271321,0.79));
#6986=CARTESIAN_POINT('',(6.53457465335061,-0.572400168666363,0.79));
#6987=CARTESIAN_POINT('',(6.53457465335061,-0.572400168666363,0.79));
#6988=CARTESIAN_POINT('',(6.49789491648329,1.07279954696418,0.79));
#6989=CARTESIAN_POINT('Origin',(5.245331454453,0.22186489228362,0.79));
#6990=CARTESIAN_POINT('',(5.72219065760605,2.21462495819468,0.79));
#6991=CARTESIAN_POINT('',(5.72219065760605,2.21462495819468,0.79));
#6992=CARTESIAN_POINT('',(4.566285177731,2.21462495819468,0.79));
#6993=CARTESIAN_POINT('',(5.14423791766852,2.41462495819468,0.79));
#6994=CARTESIAN_POINT('',(4.566285177731,2.11462495819468,0.79));
#6995=CARTESIAN_POINT('Origin',(6.06482283390104,-1.176831846934,0.660629921259822));
#6996=CARTESIAN_POINT('',(6.01144112360532,-1.24998944549425,0.649494381395869));
#6997=CARTESIAN_POINT('',(6.01144112360528,-1.24998944549426,0.671765461123821));
#6998=CARTESIAN_POINT('Origin',(6.01576744058114,-1.26513155490972,0.660629921259863));
#6999=CARTESIAN_POINT('',(6.09873611780542,-1.09285845593416,0.671765461123748));
#7000=CARTESIAN_POINT('',(6.05508862070537,-1.17142395071417,0.671765461123784));
#7001=CARTESIAN_POINT('',(6.09873611780546,-1.09285845593415,0.649494381395796));
#7002=CARTESIAN_POINT('Origin',(6.11387822722091,-1.0885321389583,0.660629921259781));
#7003=CARTESIAN_POINT('',(6.05508862070539,-1.17142395071419,0.649494381395832));
#7004=CARTESIAN_POINT('Origin',(6.13712944962222,-1.08188893255793,0.621259842519685));
#7005=CARTESIAN_POINT('',(6.13712944962222,-1.08188893255793,0.621259842519685));
#7006=CARTESIAN_POINT('',(6.11928430254479,-1.08698754600862,0.634383202099738));
#7007=CARTESIAN_POINT('',(6.02241064698159,-1.28838277731105,0.621259842519685));
#7008=CARTESIAN_POINT('',(5.92485695355646,-1.46397942547611,0.621259842519777));
#7009=CARTESIAN_POINT('',(6.00711480662948,-1.23484733607889,0.660629921259811));
#7010=CARTESIAN_POINT('Origin',(6.13712944962222,-1.08188893255793,0.7));
#7011=CARTESIAN_POINT('',(6.13712944962222,-1.08188893255793,0.7));
#7012=CARTESIAN_POINT('',(6.08359400839003,-1.09718477290998,0.660629921259757));
#7013=CARTESIAN_POINT('',(6.13712944962209,-1.08188893255797,0.35));
#7014=CARTESIAN_POINT('Origin',(6.02241064698159,-1.28838277731105,0.621259842519685));
#7015=CARTESIAN_POINT('',(6.02241064698143,-1.28838277731096,0.7));
#7016=CARTESIAN_POINT('',(6.02241064698193,-1.28838277731027,0.310629921260616));
#7017=CARTESIAN_POINT('',(6.01731203353076,-1.27053763023354,0.686876640419901));
#7018=CARTESIAN_POINT('Origin',(6.02241064698143,-1.28838277731096,0.7));
#7019=CARTESIAN_POINT('',(5.86749755223628,-1.56722634785242,0.700000000000357));
#7020=CARTESIAN_POINT('Origin',(4.26029266636044,1.55582677168746,0.660175815710669));
#7021=CARTESIAN_POINT('',(4.32000888989674,1.62391211421984,0.64904027584668));
#7022=CARTESIAN_POINT('',(4.32000888989674,1.62391211421984,0.671311355574658));
#7023=CARTESIAN_POINT('Origin',(4.31705541264296,1.63938071041459,0.660175815710669));
#7024=CARTESIAN_POINT('',(4.21899851627269,1.47522631021411,0.671311355574658));
#7025=CARTESIAN_POINT('',(4.26950370308471,1.54956921221697,0.671311355574658));
#7026=CARTESIAN_POINT('',(4.21899851627269,1.47522631021411,0.649040275846679));
#7027=CARTESIAN_POINT('Origin',(4.20352992007793,1.47227283296033,0.660175815710668));
#7028=CARTESIAN_POINT('',(4.26950370308471,1.54956921221697,0.64904027584668));
#7029=CARTESIAN_POINT('Origin',(4.17977736615737,1.46773766849936,0.62080573697051));
#7030=CARTESIAN_POINT('',(4.17977736615737,1.46773766849936,0.62080573697051));
#7031=CARTESIAN_POINT('',(4.19800728159406,1.4712183748222,0.633929096550564));
#7032=CARTESIAN_POINT('',(4.31252024818199,1.66313326433515,0.62080573697051));
#7033=CARTESIAN_POINT('',(4.41439000639609,1.81308406998514,0.620805736970509));
#7034=CARTESIAN_POINT('',(4.32296236715052,1.60844351802508,0.660175815710668));
#7035=CARTESIAN_POINT('Origin',(4.17977736615737,1.46773766849936,0.699545894450825));
#7036=CARTESIAN_POINT('',(4.17977736615737,1.46773766849936,0.699545894450825));
#7037=CARTESIAN_POINT('',(4.23446711246744,1.47817978746789,0.660175815710668));
#7038=CARTESIAN_POINT('',(4.17977736615737,1.46773766849936,0.349772947225412));
#7039=CARTESIAN_POINT('Origin',(4.31252024818199,1.66313326433515,0.62080573697051));
#7040=CARTESIAN_POINT('',(4.31252024818199,1.66313326433515,0.699545894450825));
#7041=CARTESIAN_POINT('',(4.31252024818199,1.66313326433515,0.310402868485255));
#7042=CARTESIAN_POINT('',(4.31600095450483,1.64490334889846,0.686422534870773));
#7043=CARTESIAN_POINT('Origin',(4.31252024818199,1.66313326433515,0.699545894450825));
#7044=CARTESIAN_POINT('',(4.4807614474084,1.91078186790304,0.699545894450827));
#7045=CARTESIAN_POINT('Origin',(4.22365300144088,-1.17683184693129,0.660629921259821));
#7046=CARTESIAN_POINT('',(4.27703471173285,-1.24998944549047,0.671765461121037));
#7047=CARTESIAN_POINT('',(4.27703471173282,-1.24998944549046,0.649494381398652));
#7048=CARTESIAN_POINT('Origin',(4.27270839475807,-1.26513155490215,0.660629921259862));
#7049=CARTESIAN_POINT('',(4.18973971753538,-1.09285845593523,0.64949438139858));
#7050=CARTESIAN_POINT('',(4.2333872146341,-1.17142395071284,0.649494381398616));
#7051=CARTESIAN_POINT('',(4.18973971753542,-1.09285845593524,0.671765461120964));
#7052=CARTESIAN_POINT('Origin',(4.17459760812371,-1.08853213896046,0.660629921259781));
#7053=CARTESIAN_POINT('',(4.23338721463412,-1.17142395071282,0.671765461121));
#7054=CARTESIAN_POINT('Origin',(4.26606518835562,-1.28838277731096,0.7));
#7055=CARTESIAN_POINT('',(4.15134638571483,-1.08188893255793,0.7));
#7056=CARTESIAN_POINT('',(4.20488182694702,-1.09718477290998,0.660629921259757));
#7057=CARTESIAN_POINT('',(4.26606518835562,-1.28838277731096,0.7));
#7058=CARTESIAN_POINT('',(4.05369104897693,-0.906109326429506,0.699999999999747));
#7059=CARTESIAN_POINT('',(4.27116380180629,-1.27053763023354,0.686876640419901));
#7060=CARTESIAN_POINT('Origin',(4.15134638571483,-1.08188893255793,0.7));
#7061=CARTESIAN_POINT('',(4.15134638571483,-1.08188893255793,0.621259842519685));
#7062=CARTESIAN_POINT('',(4.16919153279227,-1.08698754600862,0.634383202099738));
#7063=CARTESIAN_POINT('',(4.15134638571496,-1.08188893255797,0.35));
#7064=CARTESIAN_POINT('Origin',(4.15134638571483,-1.08188893255793,0.621259842519685));
#7065=CARTESIAN_POINT('',(4.26606518835546,-1.28838277731105,0.621259842519685));
#7066=CARTESIAN_POINT('',(4.28136102870757,-1.23484733607889,0.660629921259811));
#7067=CARTESIAN_POINT('',(3.99633164765675,-0.802862404053194,0.621259842519775));
#7068=CARTESIAN_POINT('Origin',(4.26606518835546,-1.28838277731105,0.621259842519685));
#7069=CARTESIAN_POINT('',(4.26606518835513,-1.28838277731027,0.310629921258781));
#7070=CARTESIAN_POINT('Origin',(6.028183168972,1.55582677168433,0.660175815710669));
#7071=CARTESIAN_POINT('',(5.96846694543958,1.62391211421597,0.671311355571874));
#7072=CARTESIAN_POINT('',(5.96846694543958,1.62391211421597,0.649040275849463));
#7073=CARTESIAN_POINT('Origin',(5.97142042269262,1.63938071040686,0.660175815710669));
#7074=CARTESIAN_POINT('',(6.0694773190605,1.47522631021485,0.649040275849463));
#7075=CARTESIAN_POINT('',(6.01897213225004,1.54956921221541,0.649040275849463));
#7076=CARTESIAN_POINT('',(6.0694773190605,1.47522631021485,0.671311355571874));
#7077=CARTESIAN_POINT('Origin',(6.08494591525139,1.47227283296181,0.660175815710669));
#7078=CARTESIAN_POINT('',(6.01897213225004,1.54956921221541,0.671311355571874));
#7079=CARTESIAN_POINT('Origin',(5.97595558715506,1.66313326433515,0.699545894450825));
#7080=CARTESIAN_POINT('',(6.10869846917968,1.46773766849936,0.699545894450825));
#7081=CARTESIAN_POINT('',(6.05400872286961,1.47817978746789,0.660175815710668));
#7082=CARTESIAN_POINT('',(5.97595558715506,1.66313326433515,0.699545894450825));
#7083=CARTESIAN_POINT('',(6.19556651736727,1.33986916228779,0.699545894450825));
#7084=CARTESIAN_POINT('',(5.97247488083222,1.64490334889846,0.686422534870773));
#7085=CARTESIAN_POINT('Origin',(6.10869846917968,1.46773766849936,0.699545894450825));
#7086=CARTESIAN_POINT('',(6.10869846917968,1.46773766849936,0.62080573697051));
#7087=CARTESIAN_POINT('',(6.09046855374299,1.4712183748222,0.633929096550564));
#7088=CARTESIAN_POINT('',(6.10869846917968,1.46773766849936,0.349772947225412));
#7089=CARTESIAN_POINT('Origin',(6.10869846917968,1.46773766849936,0.62080573697051));
#7090=CARTESIAN_POINT('',(5.97595558715506,1.66313326433515,0.62080573697051));
#7091=CARTESIAN_POINT('',(5.96551346818653,1.60844351802508,0.660175815710668));
#7092=CARTESIAN_POINT('',(6.26193795837958,1.24217136436989,0.620805736970509));
#7093=CARTESIAN_POINT('Origin',(5.97595558715506,1.66313326433515,0.62080573697051));
#7094=CARTESIAN_POINT('',(5.97595558715506,1.66313326433515,0.310402868485255));
#7095=CARTESIAN_POINT('Origin',(5.14423791766852,2.11462495819468,0.74));
#7096=CARTESIAN_POINT('',(5.4911995869451,2.21462495819468,0.3));
#7097=CARTESIAN_POINT('Origin',(5.14423791766852,2.21462495819468,0.74));
#7098=CARTESIAN_POINT('',(4.79727624839195,2.21462495819468,0.3));
#7099=CARTESIAN_POINT('Ctrl Pts',(4.79727624839195,2.21462495819468,0.3));
#7100=CARTESIAN_POINT('Ctrl Pts',(4.83972279155204,2.21462495819468,0.266528810295805));
#7101=CARTESIAN_POINT('Ctrl Pts',(4.88860990850762,2.20895741409058,0.238247580221244));
#7102=CARTESIAN_POINT('Ctrl Pts',(4.97348016988512,2.19954675845638,0.205147885167912));
#7103=CARTESIAN_POINT('Ctrl Pts',(5.00760221454257,2.19590235608692,0.195452971288283));
#7104=CARTESIAN_POINT('Ctrl Pts',(5.07623917968355,2.19082977392415,0.182705685640961));
#7105=CARTESIAN_POINT('Ctrl Pts',(5.11075721290517,2.18943028131736,0.179658675495741));
#7106=CARTESIAN_POINT('Ctrl Pts',(5.17771862243188,2.18943028131736,0.179658675495741));
#7107=CARTESIAN_POINT('Ctrl Pts',(5.2122366556535,2.19082977392415,0.182705685640961));
#7108=CARTESIAN_POINT('Ctrl Pts',(5.28087362079448,2.19590235608692,0.195452971288283));
#7109=CARTESIAN_POINT('Ctrl Pts',(5.31499566545193,2.19954675845638,0.205147885167912));
#7110=CARTESIAN_POINT('Ctrl Pts',(5.39986592682943,2.20895741409058,0.238247580221244));
#7111=CARTESIAN_POINT('Ctrl Pts',(5.44875304378501,2.21462495819468,0.266528810295806));
#7112=CARTESIAN_POINT('Ctrl Pts',(5.4911995869451,2.21462495819468,0.3));
#7113=CARTESIAN_POINT('Origin',(5.14423791766852,2.21462495819468,0.74));
#7114=CARTESIAN_POINT('Origin',(5.14423791766852,2.41462495819468,0.74));
#7115=CARTESIAN_POINT('Origin',(5.14423791766852,2.41462495819468,0.45982933774787));
#7116=CARTESIAN_POINT('Origin',(5.14423791766852,2.41462495819468,0.74));
#7117=CARTESIAN_POINT('Origin',(5.72219065760605,2.11462495819468,0.));
#7118=CARTESIAN_POINT('',(4.6192431730091,2.11462495819468,0.1));
#7119=CARTESIAN_POINT('',(4.6192431730091,2.11462495819468,0.));
#7120=CARTESIAN_POINT('',(5.66923266232795,2.11462495819468,0.1));
#7121=CARTESIAN_POINT('',(5.43321428763729,2.11462495819468,0.1));
#7122=CARTESIAN_POINT('',(5.66923266232795,2.11462495819468,0.));
#7123=CARTESIAN_POINT('Origin',(5.14423791766852,2.11462495819468,0.74));
#7124=CARTESIAN_POINT('Origin',(5.72219065760605,2.21462495819468,0.));
#7125=CARTESIAN_POINT('',(5.72219065760605,2.21462495819468,0.3));
#7126=CARTESIAN_POINT('',(5.72219065760605,2.21462495819468,0.));
#7127=CARTESIAN_POINT('',(5.43321428763729,2.21462495819468,0.3));
#7128=CARTESIAN_POINT('Origin',(5.14423791766852,2.21462495819468,0.74));
#7129=CARTESIAN_POINT('Origin',(5.43321428763729,1.91462495819468,0.3));
#7130=CARTESIAN_POINT('',(5.56331667177175,1.91462495819468,0.));
#7131=CARTESIAN_POINT('Origin',(5.56331667177175,1.91462495819468,0.3));
#7132=CARTESIAN_POINT('',(4.7251591635653,1.91462495819468,0.));
#7133=CARTESIAN_POINT('',(5.43321428763729,1.91462495819468,0.));
#7134=CARTESIAN_POINT('',(4.566285177731,2.21462495819468,0.3));
#7135=CARTESIAN_POINT('Origin',(4.7251591635653,1.91462495819468,0.3));
#7136=CARTESIAN_POINT('',(5.43321428763729,2.21462495819468,0.3));
#7137=CARTESIAN_POINT('Ctrl Pts',(5.90159890535574,-3.05680049902906,4.37095678986282E-17));
#7138=CARTESIAN_POINT('Ctrl Pts',(5.98077111649594,-3.07773810386901,2.10452437600953E-16));
#7139=CARTESIAN_POINT('Ctrl Pts',(6.08593840549471,-3.10555027568325,0.0314081921800941));
#7140=CARTESIAN_POINT('Ctrl Pts',(6.17973090952367,-3.13035431182202,0.111460002200873));
#7141=CARTESIAN_POINT('Ctrl Pts',(6.22216306533481,-3.14157577069106,0.168733710214136));
#7142=CARTESIAN_POINT('Ctrl Pts',(6.2440769703471,-3.14737104503088,0.222037097351574));
#7143=CARTESIAN_POINT('Ctrl Pts',(6.25293344814481,-3.149713198038,0.266341355355248));
#7144=CARTESIAN_POINT('Ctrl Pts',(6.25441707059314,-3.15010555161898,0.288780026237179));
#7145=CARTESIAN_POINT('Ctrl Pts',(6.25441707059314,-3.15010555161898,0.299999999999999));
#7146=CARTESIAN_POINT('Ctrl Pts',(5.90159890535574,-3.05680049902906,4.37095678986282E-17));
#7147=CARTESIAN_POINT('Ctrl Pts',(5.975381014339,-3.08324125075346,2.10452437600953E-16));
#7148=CARTESIAN_POINT('Ctrl Pts',(6.07341344036548,-3.11814964560168,0.0240789093714819));
#7149=CARTESIAN_POINT('Ctrl Pts',(6.17130962730999,-3.15232081451596,0.0925031953685559));
#7150=CARTESIAN_POINT('Ctrl Pts',(6.22069395611364,-3.17009744999488,0.145541627274738));
#7151=CARTESIAN_POINT('Ctrl Pts',(6.25180356348388,-3.18261043353124,0.202225427807719));
#7152=CARTESIAN_POINT('Ctrl Pts',(6.26638112102099,-3.18910601739237,0.256402618709846));
#7153=CARTESIAN_POINT('Ctrl Pts',(6.26896814488478,-3.19030752765517,0.285455523064904));
#7154=CARTESIAN_POINT('Ctrl Pts',(6.26896814488478,-3.19030752765517,0.299999999999999));
#7155=CARTESIAN_POINT('Ctrl Pts',(5.90159890535574,-3.05680049902906,4.37095678986282E-17));
#7156=CARTESIAN_POINT('Ctrl Pts',(5.96460081002513,-3.09424754452235,2.10452437600954E-16));
#7157=CARTESIAN_POINT('Ctrl Pts',(6.04801625305014,-3.14339207090962,0.0138329436299254));
#7158=CARTESIAN_POINT('Ctrl Pts',(6.14488814675711,-3.19962985935906,0.0634713197907016));
#7159=CARTESIAN_POINT('Ctrl Pts',(6.20086043262693,-3.23314143366411,0.108496676892175));
#7160=CARTESIAN_POINT('Ctrl Pts',(6.24413254158755,-3.26132854259278,0.169470914497697));
#7161=CARTESIAN_POINT('Ctrl Pts',(6.26706272775217,-3.27725461151016,0.239735156775286));
#7162=CARTESIAN_POINT('Ctrl Pts',(6.27131007736222,-3.28026220736671,0.279878865413013));
#7163=CARTESIAN_POINT('Ctrl Pts',(6.27131007736222,-3.28026220736671,0.3));
#7164=CARTESIAN_POINT('Ctrl Pts',(5.90159890535574,-3.05680049902906,4.37095678986282E-17));
#7165=CARTESIAN_POINT('Ctrl Pts',(5.94843050355431,-3.11075698517569,2.10452437600953E-16));
#7166=CARTESIAN_POINT('Ctrl Pts',(6.00998912796839,-3.1819721779808,0.0108080015859903));
#7167=CARTESIAN_POINT('Ctrl Pts',(6.08418723606366,-3.26803592469045,0.0543311099662364));
#7168=CARTESIAN_POINT('Ctrl Pts',(6.12943379217591,-3.31991659090673,0.0965092432656948));
#7169=CARTESIAN_POINT('Ctrl Pts',(6.16782882138082,-3.36268910263817,0.158639141915196));
#7170=CARTESIAN_POINT('Ctrl Pts',(6.18941277872181,-3.38622810543097,0.234174545642281));
#7171=CARTESIAN_POINT('Ctrl Pts',(6.19348234162841,-3.39064616362383,0.278018556171458));
#7172=CARTESIAN_POINT('Ctrl Pts',(6.19348234162841,-3.39064616362383,0.3));
#7173=CARTESIAN_POINT('Ctrl Pts',(5.90159890535574,-3.05680049902906,4.37095678986282E-17));
#7174=CARTESIAN_POINT('Ctrl Pts',(5.93495524816196,-3.12451485238681,2.10452437600954E-16));
#7175=CARTESIAN_POINT('Ctrl Pts',(5.97882579737628,-3.21440659289918,0.0184094749041604));
#7176=CARTESIAN_POINT('Ctrl Pts',(6.02563608888261,-3.31206518644317,0.0768070890072172));
#7177=CARTESIAN_POINT('Ctrl Pts',(6.05204095644837,-3.36523808475287,0.125719962312867));
#7178=CARTESIAN_POINT('Ctrl Pts',(6.07288993996257,-3.40294560675606,0.184846734362261));
#7179=CARTESIAN_POINT('Ctrl Pts',(6.08436395103224,-3.42195262953772,0.247589739330728));
#7180=CARTESIAN_POINT('Ctrl Pts',(6.08651563522102,-3.42541738779632,0.282507187317851));
#7181=CARTESIAN_POINT('Ctrl Pts',(6.08651563522102,-3.42541738779632,0.3));
#7182=CARTESIAN_POINT('Ctrl Pts',(5.90159890535574,-3.05680049902906,4.37095678986282E-17));
#7183=CARTESIAN_POINT('Ctrl Pts',(5.92687009492655,-3.13276957271348,2.10452437600953E-16));
#7184=CARTESIAN_POINT('Ctrl Pts',(5.96030645995135,-3.23377096963376,0.0277373844282803));
#7185=CARTESIAN_POINT('Ctrl Pts',(5.99178283602319,-3.32896623365365,0.101995553842239));
#7186=CARTESIAN_POINT('Ctrl Pts',(6.00723698872979,-3.37454912863589,0.157166020610148));
#7187=CARTESIAN_POINT('Ctrl Pts',(6.01694749942762,-3.40084108492871,0.212160667892705));
#7188=CARTESIAN_POINT('Ctrl Pts',(6.02161598045407,-3.41244071346075,0.261387025463182));
#7189=CARTESIAN_POINT('Ctrl Pts',(6.02245346498205,-3.41446316126817,0.28712337317377));
#7190=CARTESIAN_POINT('Ctrl Pts',(6.02245346498205,-3.41446316126817,0.3));
#7191=CARTESIAN_POINT('Ctrl Pts',(5.90159890535574,-3.05680049902906,4.37095678986282E-17));
#7192=CARTESIAN_POINT('Ctrl Pts',(5.92417504384809,-3.1355211461557,2.10452437600953E-16));
#7193=CARTESIAN_POINT('Ctrl Pts',(5.95416373870841,-3.24008860647176,0.0314081921800942));
#7194=CARTESIAN_POINT('Ctrl Pts',(5.98090888741661,-3.33334615866659,0.111460002200873));
#7195=CARTESIAN_POINT('Ctrl Pts',(5.99300851444893,-3.37553629983261,0.168733710214136));
#7196=CARTESIAN_POINT('Ctrl Pts',(5.99925731497301,-3.39732521741867,0.222037097351575));
#7197=CARTESIAN_POINT('Ctrl Pts',(6.00178276003051,-3.40613118170156,0.266341355355248));
#7198=CARTESIAN_POINT('Ctrl Pts',(6.00220581839129,-3.4076063422098,0.28878002623718));
#7199=CARTESIAN_POINT('Ctrl Pts',(6.00220581839129,-3.4076063422098,0.3));
#7200=CARTESIAN_POINT('',(6.25441707059314,-3.15010555161898,0.3));
#7201=CARTESIAN_POINT('',(6.00220581839129,-3.4076063422098,0.3));
#7202=CARTESIAN_POINT('Origin',(6.06635669371763,-3.21817386032017,0.3));
#7203=CARTESIAN_POINT('',(5.90159890535574,-3.05680049902906,0.));
#7204=CARTESIAN_POINT('Origin',(5.90159890535574,-3.05680049902906,0.3));
#7205=CARTESIAN_POINT('Origin',(5.90159890535574,-3.05680049902906,0.3));
#7206=CARTESIAN_POINT('Ctrl Pts',(4.38687692998131,-3.05680049902906,-4.37095678986282E-17));
#7207=CARTESIAN_POINT('Ctrl Pts',(4.36430079148896,-3.1355211461557,-1.9083562940068E-16));
#7208=CARTESIAN_POINT('Ctrl Pts',(4.33431150212652,-3.24009067943883,0.0314031306196131));
#7209=CARTESIAN_POINT('Ctrl Pts',(4.3075666435936,-3.33334721982264,0.111457405296909));
#7210=CARTESIAN_POINT('Ctrl Pts',(4.29546706047774,-3.3755372078565,0.168731481182305));
#7211=CARTESIAN_POINT('Ctrl Pts',(4.28921843906373,-3.39732550090436,0.222036409912351));
#7212=CARTESIAN_POINT('Ctrl Pts',(4.28669301558282,-3.40613138995193,0.266340847676821));
#7213=CARTESIAN_POINT('Ctrl Pts',(4.28627001694576,-3.4076063422098,0.288780026237179));
#7214=CARTESIAN_POINT('Ctrl Pts',(4.28627001694576,-3.4076063422098,0.3));
#7215=CARTESIAN_POINT('Ctrl Pts',(4.38687692998131,-3.05680049902906,-4.37095678986282E-17));
#7216=CARTESIAN_POINT('Ctrl Pts',(4.35891068933203,-3.13001799927125,-1.81214022504606E-16));
#7217=CARTESIAN_POINT('Ctrl Pts',(4.32197483065564,-3.22731009732044,0.0240803495616002));
#7218=CARTESIAN_POINT('Ctrl Pts',(4.28578015622345,-3.32447457410184,0.0925045646785551));
#7219=CARTESIAN_POINT('Ctrl Pts',(4.26698233868204,-3.37347851080448,0.14554266636747));
#7220=CARTESIAN_POINT('Ctrl Pts',(4.25382656388069,-3.40431979379846,0.202225779892175));
#7221=CARTESIAN_POINT('Ctrl Pts',(4.24702970407128,-3.41875910543644,0.256402863709765));
#7222=CARTESIAN_POINT('Ctrl Pts',(4.24577472376423,-3.42131998032655,0.285455523064904));
#7223=CARTESIAN_POINT('Ctrl Pts',(4.24577472376423,-3.42131998032655,0.3));
#7224=CARTESIAN_POINT('Ctrl Pts',(4.38687692998131,-3.05680049902906,-4.37095678986282E-17));
#7225=CARTESIAN_POINT('Ctrl Pts',(4.34813048501815,-3.11901170550236,-1.61970808712457E-16));
#7226=CARTESIAN_POINT('Ctrl Pts',(4.2972583026702,-3.20139683799695,0.0138426919948758));
#7227=CARTESIAN_POINT('Ctrl Pts',(4.23902486276718,-3.2970788070915,0.0634774876855143));
#7228=CARTESIAN_POINT('Ctrl Pts',(4.20435993350224,-3.35234286691095,0.108501655463656));
#7229=CARTESIAN_POINT('Ctrl Pts',(4.17528375290718,-3.39501826104945,0.169472444039808));
#7230=CARTESIAN_POINT('Ctrl Pts',(4.15888555407715,-3.41761275526638,0.239736304477179));
#7231=CARTESIAN_POINT('Ctrl Pts',(4.15579138318956,-3.42179599909228,0.279878865413013));
#7232=CARTESIAN_POINT('Ctrl Pts',(4.15579138318956,-3.42179599909228,0.3));
#7233=CARTESIAN_POINT('Ctrl Pts',(4.38687692998131,-3.05680049902906,-4.37095678986282E-17));
#7234=CARTESIAN_POINT('Ctrl Pts',(4.33196017854733,-3.10250226484902,-1.33105988024235E-16));
#7235=CARTESIAN_POINT('Ctrl Pts',(4.25947774521022,-3.16257884362355,0.0108197291216282));
#7236=CARTESIAN_POINT('Ctrl Pts',(4.17189493190369,-3.23497200093106,0.0543380943325233));
#7237=CARTESIAN_POINT('Ctrl Pts',(4.11908700252408,-3.27913114174205,0.0965147200068978));
#7238=CARTESIAN_POINT('Ctrl Pts',(4.07552899873586,-3.31662709376015,0.158640510784096));
#7239=CARTESIAN_POINT('Ctrl Pts',(4.05154716159474,-3.33771762988682,0.234175677236302));
#7240=CARTESIAN_POINT('Ctrl Pts',(4.04704617320257,-3.34169365737354,0.278018556171459));
#7241=CARTESIAN_POINT('Ctrl Pts',(4.04704617320257,-3.34169365737354,0.3));
#7242=CARTESIAN_POINT('Ctrl Pts',(4.38687692998131,-3.05680049902906,-4.37095678986282E-17));
#7243=CARTESIAN_POINT('Ctrl Pts',(4.31848492315498,-3.0887443976379,-1.0905197078405E-16));
#7244=CARTESIAN_POINT('Ctrl Pts',(4.22769710481411,-3.1307448830978,0.0184153873809889));
#7245=CARTESIAN_POINT('Ctrl Pts',(4.12908963529045,-3.17551665553147,0.0768109216687229));
#7246=CARTESIAN_POINT('Ctrl Pts',(4.07538099451361,-3.20081193450371,0.125723026765019));
#7247=CARTESIAN_POINT('Ctrl Pts',(4.03725097253527,-3.22087228730672,0.184847658431729));
#7248=CARTESIAN_POINT('Ctrl Pts',(4.01801018196435,-3.23194926921432,0.247590438576508));
#7249=CARTESIAN_POINT('Ctrl Pts',(4.01450219259081,-3.23402810078526,0.28250718731785));
#7250=CARTESIAN_POINT('Ctrl Pts',(4.01450219259081,-3.23402810078526,0.3));
#7251=CARTESIAN_POINT('Ctrl Pts',(4.38687692998131,-3.05680049902906,-4.37095678986282E-17));
#7252=CARTESIAN_POINT('Ctrl Pts',(4.31039976991958,-3.08048967731123,-9.46195604399387E-17));
#7253=CARTESIAN_POINT('Ctrl Pts',(4.20872662797126,-3.11182474757963,0.0277348706874302));
#7254=CARTESIAN_POINT('Ctrl Pts',(4.11289913121968,-3.14131799644304,0.101994021859805));
#7255=CARTESIAN_POINT('Ctrl Pts',(4.06700503487623,-3.15582262039674,0.157164557573467));
#7256=CARTESIAN_POINT('Ctrl Pts',(4.04051697106332,-3.1649847274808,0.212159946842731));
#7257=CARTESIAN_POINT('Ctrl Pts',(4.02882277281342,-3.16941141588463,0.261386584555259));
#7258=CARTESIAN_POINT('Ctrl Pts',(4.02678322759809,-3.17020653963707,0.28712337317377));
#7259=CARTESIAN_POINT('Ctrl Pts',(4.02678322759809,-3.17020653963707,0.3));
#7260=CARTESIAN_POINT('Ctrl Pts',(4.38687692998131,-3.05680049902906,-4.37095678986282E-17));
#7261=CARTESIAN_POINT('Ctrl Pts',(4.30770471884111,-3.07773810386901,-8.98087569919016E-17));
#7262=CARTESIAN_POINT('Ctrl Pts',(4.20253534498414,-3.10555082703753,0.0314031306196139));
#7263=CARTESIAN_POINT('Ctrl Pts',(4.10874385857023,-3.1303545940614,0.111457405296909));
#7264=CARTESIAN_POINT('Ctrl Pts',(4.06631185676967,-3.14157601220134,0.168731481182306));
#7265=CARTESIAN_POINT('Ctrl Pts',(4.0443985798781,-3.14737112043056,0.222036409912352));
#7266=CARTESIAN_POINT('Ctrl Pts',(4.03554217774729,-3.14971325342708,0.266340847676821));
#7267=CARTESIAN_POINT('Ctrl Pts',(4.03405876474391,-3.15010555161898,0.288780026237179));
#7268=CARTESIAN_POINT('Ctrl Pts',(4.03405876474391,-3.15010555161898,0.3));
#7269=CARTESIAN_POINT('',(4.28627001694576,-3.4076063422098,0.3));
#7270=CARTESIAN_POINT('',(4.03405876474391,-3.15010555161898,0.3));
#7271=CARTESIAN_POINT('Origin',(4.22211914161942,-3.21817386032017,0.3));
#7272=CARTESIAN_POINT('',(4.38687692998131,-3.05680049902906,0.));
#7273=CARTESIAN_POINT('Origin',(4.38687692998131,-3.05680049902906,0.3));
#7274=CARTESIAN_POINT('Origin',(4.38687692998131,-3.05680049902906,0.3));
#7275=CARTESIAN_POINT('Origin',(5.50026587170124,-1.9479902024051,0.3));
#7276=CARTESIAN_POINT('',(5.47143017779184,-1.86832241621294,0.));
#7277=CARTESIAN_POINT('',(5.50026587170124,-1.9479902024051,0.));
#7278=CARTESIAN_POINT('',(5.80000018510293,-1.8946342115122,0.3));
#7279=CARTESIAN_POINT('Origin',(5.47143017779184,-1.86832241621294,0.3));
#7280=CARTESIAN_POINT('',(5.78235643701451,-1.84588773935331,0.3));
#7281=CARTESIAN_POINT('Origin',(5.73485032554178,-1.39416615026306,0.3));
#7282=CARTESIAN_POINT('',(6.53457465335061,-0.572400168666363,0.3));
#7283=CARTESIAN_POINT('',(5.99709750837824,-1.53985902961664,0.3));
#7284=CARTESIAN_POINT('',(6.27579116009831,-0.420472648061302,0.));
#7285=CARTESIAN_POINT('',(5.73485032554178,-1.39416615026306,0.));
#7286=CARTESIAN_POINT('Ctrl Pts',(6.27579116009899,-0.420472648061727,0.));
#7287=CARTESIAN_POINT('Ctrl Pts',(6.27611578186603,-0.420663834270861,1.00989248261882E-15));
#7288=CARTESIAN_POINT('Ctrl Pts',(6.2764404044637,-0.420855018410307,7.09208264554734E-7));
#7289=CARTESIAN_POINT('Ctrl Pts',(6.31126526983574,-0.441364597707088,0.000152874190107393));
#7290=CARTESIAN_POINT('Ctrl Pts',(6.34540679767163,-0.461442060677391,0.00831262088560203));
#7291=CARTESIAN_POINT('Ctrl Pts',(6.40816409744804,-0.498307030211043,0.0393103562639161));
#7292=CARTESIAN_POINT('Ctrl Pts',(6.43629384057274,-0.514810655498981,0.0614926279330347));
#7293=CARTESIAN_POINT('Ctrl Pts',(6.48363737320217,-0.542568961959284,0.117103045607907));
#7294=CARTESIAN_POINT('Ctrl Pts',(6.50240061491351,-0.5535599424766,0.149996509071033));
#7295=CARTESIAN_POINT('Ctrl Pts',(6.52799102606414,-0.568546733215306,0.222263625193082));
#7296=CARTESIAN_POINT('Ctrl Pts',(6.53457465335062,-0.572400168666349,0.260944855128744));
#7297=CARTESIAN_POINT('Ctrl Pts',(6.53457465335062,-0.572400168666349,0.3));
#7298=CARTESIAN_POINT('Origin',(6.42520547422369,0.645937149623045,0.3));
#7299=CARTESIAN_POINT('',(6.49789491648329,1.07279954696418,0.3));
#7300=CARTESIAN_POINT('',(6.67335788093514,0.814520609794305,0.3));
#7301=CARTESIAN_POINT('',(6.24974250977184,0.904216086792922,0.));
#7302=CARTESIAN_POINT('Origin',(6.24974250977184,0.904216086792922,0.3));
#7303=CARTESIAN_POINT('',(6.42520547422369,0.645937149623045,0.));
#7304=CARTESIAN_POINT('Origin',(5.245331454453,0.22186489228362,0.3));
#7305=CARTESIAN_POINT('Origin',(5.245331454453,0.22186489228362,0.));
#7306=CARTESIAN_POINT('Origin',(5.245331454453,0.22186489228362,0.3));
#7307=CARTESIAN_POINT('Origin',(4.25112249055198,1.21684985523829,0.3));
#7308=CARTESIAN_POINT('',(4.03873332556521,0.904216086792923,0.));
#7309=CARTESIAN_POINT('',(4.25112249055198,1.21684985523829,0.));
#7310=CARTESIAN_POINT('',(3.79058091885376,1.07279954696418,0.3));
#7311=CARTESIAN_POINT('Origin',(4.03873332556521,0.904216086792923,0.3));
#7312=CARTESIAN_POINT('',(4.00297008384053,1.38543331540955,0.3));
#7313=CARTESIAN_POINT('Origin',(5.04314438088405,0.22186489228362,0.3));
#7314=CARTESIAN_POINT('',(3.75390118198644,-0.572400168666365,0.3));
#7315=CARTESIAN_POINT('Origin',(5.04314438088405,0.22186489228362,0.3));
#7316=CARTESIAN_POINT('',(4.01268467523876,-0.420472648061331,0.));
#7317=CARTESIAN_POINT('Origin',(5.04314438088405,0.22186489228362,0.));
#7318=CARTESIAN_POINT('Ctrl Pts',(4.01268467523919,-0.42047264806109,0.));
#7319=CARTESIAN_POINT('Ctrl Pts',(4.01236005347178,-0.420663834270443,-6.20733871798683E-16));
#7320=CARTESIAN_POINT('Ctrl Pts',(4.0120354308737,-0.420855018410092,7.09208262986478E-7));
#7321=CARTESIAN_POINT('Ctrl Pts',(3.97721056550075,-0.441364597707848,0.00015287419011415));
#7322=CARTESIAN_POINT('Ctrl Pts',(3.9430690376653,-0.461442060677488,0.00831262088567061));
#7323=CARTESIAN_POINT('Ctrl Pts',(3.88031173788903,-0.498307030211037,0.0393103562639074));
#7324=CARTESIAN_POINT('Ctrl Pts',(3.85218199476432,-0.514810655498977,0.0614926279330253));
#7325=CARTESIAN_POINT('Ctrl Pts',(3.80483846213488,-0.542568961959283,0.117103045607905));
#7326=CARTESIAN_POINT('Ctrl Pts',(3.78607522042353,-0.553559942476601,0.149996509071035));
#7327=CARTESIAN_POINT('Ctrl Pts',(3.7604848092729,-0.568546733215305,0.222263625193091));
#7328=CARTESIAN_POINT('Ctrl Pts',(3.75390118198643,-0.572400168666346,0.260944855128748));
#7329=CARTESIAN_POINT('Ctrl Pts',(3.75390118198643,-0.572400168666346,0.3));
#7330=CARTESIAN_POINT('Origin',(4.18633827567143,-0.733049128840137,0.3));
#7331=CARTESIAN_POINT('',(4.81704565754521,-1.86832241621294,0.));
#7332=CARTESIAN_POINT('',(4.18633827567143,-0.733049128840137,0.));
#7333=CARTESIAN_POINT('',(4.48847565023412,-1.8946342115122,0.3));
#7334=CARTESIAN_POINT('Origin',(4.81704565754521,-1.86832241621294,0.3));
#7335=CARTESIAN_POINT('',(3.92409109283497,-0.878742008193726,0.3));
#7336=CARTESIAN_POINT('Origin',(5.01541840638092,-1.32025453235171,0.3));
#7337=CARTESIAN_POINT('',(4.73332784106765,-1.21815206929993,0.3));
#7338=CARTESIAN_POINT('',(5.01541840638092,-1.32025453235171,0.));
#7339=CARTESIAN_POINT('Origin',(5.00110730645409,-2.84879279142951,0.3));
#7340=CARTESIAN_POINT('',(4.98386072935268,-2.85463330519147,0.));
#7341=CARTESIAN_POINT('',(5.00110730645409,-2.84879279142951,0.));
#7342=CARTESIAN_POINT('',(5.08008704234219,-3.13878202802591,0.3));
#7343=CARTESIAN_POINT('Origin',(4.98386072935268,-2.85463330519147,0.3));
#7344=CARTESIAN_POINT('',(5.0973336194436,-3.13294151426395,0.3));
#7345=CARTESIAN_POINT('Origin',(5.14423791766852,-3.32821450991555,0.3));
#7346=CARTESIAN_POINT('',(5.30461510598437,-2.85463330519147,0.));
#7347=CARTESIAN_POINT('',(5.20838879299486,-3.13878202802591,0.3));
#7348=CARTESIAN_POINT('Origin',(5.30461510598437,-2.85463330519147,0.3));
#7349=CARTESIAN_POINT('Origin',(5.14423791766852,-3.32821450991555,0.3));
#7350=CARTESIAN_POINT('Origin',(5.14423791766852,-3.32821450991555,0.));
#7351=CARTESIAN_POINT('Origin',(4.89046001618475,-2.71438063433757,0.3));
#7352=CARTESIAN_POINT('',(4.79423370319524,-2.99852935717201,0.3));
#7353=CARTESIAN_POINT('',(4.89046001618475,-2.71438063433757,0.));
#7354=CARTESIAN_POINT('Origin',(5.14423791766852,-3.32821450991555,0.));
#7355=CARTESIAN_POINT('',(5.20838879299486,-3.13878202802591,0.));
#7356=CARTESIAN_POINT('',(5.08008704234219,-3.13878202802591,0.));
#7357=CARTESIAN_POINT('Origin',(5.20838879299486,-3.13878202802591,0.));
#7358=CARTESIAN_POINT('',(6.00220581839129,-3.4076063422098,0.));
#7359=CARTESIAN_POINT('Origin',(6.06635669371763,-3.21817386032017,0.));
#7360=CARTESIAN_POINT('',(6.25441707059314,-3.15010555161898,0.));
#7361=CARTESIAN_POINT('Origin',(6.25441707059314,-3.15010555161898,0.));
#7362=CARTESIAN_POINT('',(5.80000018510293,-1.8946342115122,0.));
#7363=CARTESIAN_POINT('Origin',(5.80000018510293,-1.8946342115122,0.));
#7364=CARTESIAN_POINT('',(6.53457465335061,-0.572400168666363,0.));
#7365=CARTESIAN_POINT('Origin',(5.245331454453,0.22186489228362,0.));
#7366=CARTESIAN_POINT('',(6.49789491648329,1.07279954696418,0.));
#7367=CARTESIAN_POINT('Origin',(6.49789491648329,1.07279954696418,0.));
#7368=CARTESIAN_POINT('Origin',(5.14423791766852,-0.601774451062744,0.));
#7369=CARTESIAN_POINT('Origin',(5.80000018510293,-1.8946342115122,0.));
#7370=CARTESIAN_POINT('',(5.71258445749077,-1.84606991839434,0.1));
#7371=CARTESIAN_POINT('',(5.71258445749077,-1.84606991839434,0.));
#7372=CARTESIAN_POINT('',(5.70596999666517,-1.9286683658628,0.1));
#7373=CARTESIAN_POINT('Origin',(5.80000018510293,-1.8946342115122,0.1));
#7374=CARTESIAN_POINT('',(5.70596999666517,-1.9286683658628,0.74));
#7375=CARTESIAN_POINT('Origin',(6.53457465335061,-0.572400168666363,0.));
#7376=CARTESIAN_POINT('',(6.44943490798281,-0.519948059474207,0.1));
#7377=CARTESIAN_POINT('',(6.44943490798281,-0.519948059474207,0.));
#7378=CARTESIAN_POINT('',(6.44715892573846,-0.5238358755485,0.1));
#7379=CARTESIAN_POINT('Origin',(6.53457465335061,-0.572400168666363,0.1));
#7380=CARTESIAN_POINT('',(6.44715892573846,-0.5238358755485,0.74));
#7381=CARTESIAN_POINT('Origin',(3.75390118198644,-0.572400168666365,0.));
#7382=CARTESIAN_POINT('',(3.84131690959859,-0.523835875548502,0.1));
#7383=CARTESIAN_POINT('',(3.84131690959859,-0.523835875548502,0.));
#7384=CARTESIAN_POINT('',(3.83904092735424,-0.519948059474208,0.1));
#7385=CARTESIAN_POINT('Origin',(3.75390118198644,-0.572400168666365,0.1));
#7386=CARTESIAN_POINT('',(3.83904092735424,-0.519948059474208,0.74));
#7387=CARTESIAN_POINT('Origin',(4.48847565023412,-1.8946342115122,0.));
#7388=CARTESIAN_POINT('',(4.58250583867188,-1.9286683658628,0.1));
#7389=CARTESIAN_POINT('',(4.58250583867188,-1.9286683658628,0.));
#7390=CARTESIAN_POINT('',(4.57589137784628,-1.84606991839434,0.1));
#7391=CARTESIAN_POINT('Origin',(4.48847565023412,-1.8946342115122,0.1));
#7392=CARTESIAN_POINT('',(4.57589137784628,-1.84606991839434,0.74));
#7393=CARTESIAN_POINT('Origin',(5.14423791766852,-0.601774451062744,0.1));
#7394=CARTESIAN_POINT('',(4.12808895318167,-3.18413970596957,0.1));
#7395=CARTESIAN_POINT('',(4.8273580295054,-1.25218622365052,0.1));
#7396=CARTESIAN_POINT('',(4.25419457928259,-3.31289010126498,0.1));
#7397=CARTESIAN_POINT('Origin',(4.22211914161942,-3.21817386032017,0.1));
#7398=CARTESIAN_POINT('',(5.04801160467902,-3.0440657870811,0.1));
#7399=CARTESIAN_POINT('',(5.06525818178043,-3.03822527331914,0.1));
#7400=CARTESIAN_POINT('',(5.24046423065803,-3.0440657870811,0.1));
#7401=CARTESIAN_POINT('Origin',(5.14423791766852,-3.32821450991555,0.1));
#7402=CARTESIAN_POINT('',(6.03428125605446,-3.31289010126498,0.1));
#7403=CARTESIAN_POINT('',(4.82630914085841,-2.9038131162272,0.1));
#7404=CARTESIAN_POINT('',(6.16038688215538,-3.18413970596957,0.1));
#7405=CARTESIAN_POINT('Origin',(6.06635669371763,-3.21817386032017,0.1));
#7406=CARTESIAN_POINT('',(5.68832624857675,-1.87992189370391,0.1));
#7407=CARTESIAN_POINT('',(5.90968178076608,-1.49129473649878,0.1));
#7408=CARTESIAN_POINT('',(6.41517744757947,1.01660506024043,0.1));
#7409=CARTESIAN_POINT('Origin',(5.245331454453,0.22186489228362,0.1));
#7410=CARTESIAN_POINT('',(6.59064041203133,0.758326123070552,0.1));
#7411=CARTESIAN_POINT('',(3.87329838775758,1.01660506024043,0.1));
#7412=CARTESIAN_POINT('',(4.08568755274434,1.3292388286858,0.1));
#7413=CARTESIAN_POINT('Origin',(5.04314438088405,0.22186489228362,0.1));
#7414=CARTESIAN_POINT('',(4.01150682044712,-0.830177715075863,0.1));
#7415=CARTESIAN_POINT('Origin',(6.06635669371763,-3.21817386032017,0.));
#7416=CARTESIAN_POINT('',(6.03428125605445,-3.31289010126498,0.74));
#7417=CARTESIAN_POINT('',(6.16038688215538,-3.18413970596957,0.));
#7418=CARTESIAN_POINT('Origin',(6.16038688215538,-3.18413970596957,0.));
#7419=CARTESIAN_POINT('Origin',(5.71258445749077,-1.84606991839434,0.));
#7420=CARTESIAN_POINT('Origin',(5.245331454453,0.22186489228362,0.));
#7421=CARTESIAN_POINT('',(6.41517744757947,1.01660506024043,0.));
#7422=CARTESIAN_POINT('Origin',(6.41517744757947,1.01660506024043,0.));
#7423=CARTESIAN_POINT('Origin',(4.64900264663482,2.15843047147093,0.));
#7424=CARTESIAN_POINT('',(3.87329838775758,1.01660506024043,0.));
#7425=CARTESIAN_POINT('Origin',(5.04314438088405,0.22186489228362,0.));
#7426=CARTESIAN_POINT('Origin',(3.84131690959859,-0.523835875548502,0.));
#7427=CARTESIAN_POINT('Origin',(4.58250583867188,-1.9286683658628,0.));
#7428=CARTESIAN_POINT('',(4.12808895318167,-3.18413970596957,0.));
#7429=CARTESIAN_POINT('Origin',(4.22211914161942,-3.21817386032017,0.));
#7430=CARTESIAN_POINT('',(4.25419457928259,-3.31289010126498,0.));
#7431=CARTESIAN_POINT('Origin',(4.25419457928259,-3.31289010126498,0.));
#7432=CARTESIAN_POINT('',(5.04801160467902,-3.0440657870811,0.));
#7433=CARTESIAN_POINT('Origin',(5.14423791766852,-3.32821450991555,0.));
#7434=CARTESIAN_POINT('',(5.24046423065803,-3.0440657870811,0.));
#7435=CARTESIAN_POINT('Origin',(5.24046423065803,-3.0440657870811,0.));
#7436=CARTESIAN_POINT('Origin',(4.28627001694576,-3.4076063422098,0.));
#7437=CARTESIAN_POINT('',(4.28627001694576,-3.4076063422098,0.));
#7438=CARTESIAN_POINT('Origin',(4.22211914161942,-3.21817386032017,0.));
#7439=CARTESIAN_POINT('',(4.03405876474391,-3.15010555161898,0.));
#7440=CARTESIAN_POINT('Origin',(4.48847565023412,-1.8946342115122,0.));
#7441=CARTESIAN_POINT('',(4.48847565023412,-1.8946342115122,0.));
#7442=CARTESIAN_POINT('Origin',(3.75390118198644,-0.572400168666365,0.));
#7443=CARTESIAN_POINT('',(3.75390118198644,-0.572400168666365,0.));
#7444=CARTESIAN_POINT('Origin',(5.04314438088405,0.22186489228362,0.));
#7445=CARTESIAN_POINT('',(3.79058091885376,1.07279954696418,0.));
#7446=CARTESIAN_POINT('Origin',(4.566285177731,2.21462495819468,0.));
#7447=CARTESIAN_POINT('',(4.566285177731,2.21462495819468,0.));
#7448=CARTESIAN_POINT('Origin',(5.72219065760605,2.21462495819468,0.));
#7449=CARTESIAN_POINT('',(0.,0.,0.));
#7450=CARTESIAN_POINT('Origin',(-0.960200536185708,-0.167676730325084,-0.08));
#7451=CARTESIAN_POINT('',(-0.960200536185708,-0.167676730325084,-0.08));
#7452=CARTESIAN_POINT('',(-0.906665094953417,-0.182972570677167,-0.0406299212598425));
#7453=CARTESIAN_POINT('',(-0.906665094953416,-0.182972570677168,-0.040629921259841));
#7454=CARTESIAN_POINT('',(-0.960200536185708,-0.167676730325084,-0.00125984251968496));
#7455=CARTESIAN_POINT('',(-0.942355389108278,-0.172775343775779,-0.0143832020997374));
#7456=CARTESIAN_POINT('',(-0.960200536185708,-0.167676730325084,-0.04));
#7457=CARTESIAN_POINT('Origin',(-0.960200536185708,-0.167676730325084,-0.00125984251968496));
#7458=CARTESIAN_POINT('',(-0.845481733545082,-0.374170575078211,-0.00125984251968497));
#7459=CARTESIAN_POINT('',(-0.830185893192999,-0.320635133845921,-0.0406299212598425));
#7460=CARTESIAN_POINT('',(-0.830185893192998,-0.320635133845919,-0.040629921259844));
#7461=CARTESIAN_POINT('',(-0.747826396807234,-0.549950181206338,-0.00125984251968495));
#7462=CARTESIAN_POINT('',(-0.868425494073208,-0.251803852261544,-0.0406299212598424));
#7463=CARTESIAN_POINT('Origin',(-0.845481733545082,-0.374170575078211,-0.00125984251968497));
#7464=CARTESIAN_POINT('',(-0.845481733545082,-0.374170575078211,-0.08));
#7465=CARTESIAN_POINT('',(-0.840383120094388,-0.356325428000781,-0.0668766404199474));
#7466=CARTESIAN_POINT('',(-0.845481733545082,-0.374170575078212,-0.000629921259842483));
#7467=CARTESIAN_POINT('Origin',(-0.845481733545082,-0.374170575078211,-0.08));
#7468=CARTESIAN_POINT('',(-0.690466995486921,-0.653197103582902,-0.0800000000000001));
#7469=CARTESIAN_POINT('Origin',(1.02598910097268,-0.167676730325084,-0.08));
#7470=CARTESIAN_POINT('',(1.02598910097268,-0.167676730325084,-0.08));
#7471=CARTESIAN_POINT('',(0.972453659740394,-0.182972570677167,-0.0406299212598425));
#7472=CARTESIAN_POINT('',(0.972453659740392,-0.182972570677168,-0.040629921259841));
#7473=CARTESIAN_POINT('',(1.02598910097268,-0.167676730325084,-0.00125984251968496));
#7474=CARTESIAN_POINT('',(1.02598910097268,-0.167676730325084,-0.04));
#7475=CARTESIAN_POINT('',(1.00814395389525,-0.172775343775779,-0.0143832020997374));
#7476=CARTESIAN_POINT('Origin',(1.02598910097268,-0.167676730325084,-0.00125984251968496));
#7477=CARTESIAN_POINT('',(0.911270298332059,-0.374170575078211,-0.00125984251968497));
#7478=CARTESIAN_POINT('',(0.895974457979975,-0.320635133845921,-0.0406299212598425));
#7479=CARTESIAN_POINT('',(0.895974457979975,-0.320635133845919,-0.040629921259844));
#7480=CARTESIAN_POINT('',(0.934214058860185,-0.251803852261544,-0.0406299212598424));
#7481=CARTESIAN_POINT('',(1.18090219571805,0.111166840216582,-0.00125984251968504));
#7482=CARTESIAN_POINT('Origin',(0.911270298332059,-0.374170575078211,-0.00125984251968497));
#7483=CARTESIAN_POINT('',(0.911270298332059,-0.374170575078211,-0.08));
#7484=CARTESIAN_POINT('',(0.911270298332059,-0.374170575078211,-0.000629921259842483));
#7485=CARTESIAN_POINT('',(0.906171684881364,-0.356325428000781,-0.0668766404199474));
#7486=CARTESIAN_POINT('Origin',(0.911270298332059,-0.374170575078211,-0.08));
#7487=CARTESIAN_POINT('',(1.12354279439774,0.00791991784001829,-0.0800000000000001));
#7488=CARTESIAN_POINT('Origin',(-0.931322322690349,2.38194304040671,-0.0015748031496063));
#7489=CARTESIAN_POINT('',(-0.931322322690349,2.38194304040671,-0.0015748031496063));
#7490=CARTESIAN_POINT('',(-0.876632576380282,2.39238515937524,-0.0409448818897639));
#7491=CARTESIAN_POINT('',(-0.876632576380282,2.39238515937524,-0.0409448818897637));
#7492=CARTESIAN_POINT('',(-0.931322322690349,2.38194304040671,-0.0803149606299213));
#7493=CARTESIAN_POINT('',(-0.91309240725366,2.38542374672955,-0.0671916010498689));
#7494=CARTESIAN_POINT('',(-0.931322322690348,2.38194304040671,-0.00078740157480315));
#7495=CARTESIAN_POINT('Origin',(-0.931322322690349,2.38194304040671,-0.0803149606299213));
#7496=CARTESIAN_POINT('',(-0.798579440665735,2.5773386362425,-0.0803149606299214));
#7497=CARTESIAN_POINT('',(-0.788137321697206,2.52264888993243,-0.0409448818897639));
#7498=CARTESIAN_POINT('',(-0.788137321697206,2.52264888993243,-0.0409448818897639));
#7499=CARTESIAN_POINT('',(-1.0846837851039,2.15619719347694,-0.0803149606299209));
#7500=CARTESIAN_POINT('',(-0.832384949038744,2.45751702465383,-0.0409448818897639));
#7501=CARTESIAN_POINT('Origin',(-0.798579440665735,2.5773386362425,-0.0803149606299214));
#7502=CARTESIAN_POINT('',(-0.798579440665735,2.5773386362425,-0.00157480314960639));
#7503=CARTESIAN_POINT('',(-0.795098734342892,2.55910872080581,-0.0146981627296589));
#7504=CARTESIAN_POINT('',(-0.798579440665735,2.5773386362425,-0.0401574803149607));
#7505=CARTESIAN_POINT('Origin',(-0.798579440665735,2.5773386362425,-0.00157480314960639));
#7506=CARTESIAN_POINT('',(-1.0183123440916,2.25389499139484,-0.00157480314960684));
#7507=CARTESIAN_POINT('Origin',(0.900015721170114,2.45876853654762,-0.0409448818897639));
#7508=CARTESIAN_POINT('',(0.854221234209487,2.52419574955152,-0.0398313279036434));
#7509=CARTESIAN_POINT('',(0.854221234209487,2.52419574955152,-0.0420584358758844));
#7510=CARTESIAN_POINT('Origin',(0.854516581934791,2.52574260917061,-0.0409448818897639));
#7511=CARTESIAN_POINT('',(0.943968000786347,2.39208981164993,-0.0398313279036433));
#7512=CARTESIAN_POINT('',(0.899094617497917,2.45814278060073,-0.0398313279036433));
#7513=CARTESIAN_POINT('',(0.943968000786347,2.39208981164993,-0.0420584358758845));
#7514=CARTESIAN_POINT('Origin',(0.945514860405436,2.39179446392463,-0.0409448818897638));
#7515=CARTESIAN_POINT('',(0.899094617497917,2.45814278060073,-0.0420584358758844));
#7516=CARTESIAN_POINT('Origin',(0.864368005452711,2.5773386362425,-0.0803149606299214));
#7517=CARTESIAN_POINT('',(0.864368005452711,2.5773386362425,-0.0803149606299214));
#7518=CARTESIAN_POINT('',(0.853925886484182,2.52264888993243,-0.0409448818897639));
#7519=CARTESIAN_POINT('',(0.864368005452711,2.5773386362425,-0.00157480314960639));
#7520=CARTESIAN_POINT('',(0.864368005452711,2.5773386362425,-0.0401574803149607));
#7521=CARTESIAN_POINT('',(0.860887299129868,2.55910872080581,-0.0146981627296589));
#7522=CARTESIAN_POINT('Origin',(0.997110887477325,2.38194304040671,-0.0803149606299213));
#7523=CARTESIAN_POINT('',(0.997110887477325,2.38194304040671,-0.0803149606299213));
#7524=CARTESIAN_POINT('',(0.978880972040636,2.38542374672955,-0.0671916010498689));
#7525=CARTESIAN_POINT('',(0.77749995726512,2.70520714245407,-0.0803149606299213));
#7526=CARTESIAN_POINT('Origin',(0.0328942823934887,0.312071835244005,-0.1));
#7527=CARTESIAN_POINT('',(0.475402573367415,2.97243369901138,-0.1));
#7528=CARTESIAN_POINT('',(1.22134735861894,1.87441380105713,-0.1));
#7529=CARTESIAN_POINT('',(1.02383793044503,2.16514481286438,-0.1));
#7530=CARTESIAN_POINT('',(0.557889027052915,3.02847124450143,-0.1));
#7531=CARTESIAN_POINT('',(-0.253043702354413,2.47756042601972,-0.1));
#7532=CARTESIAN_POINT('',(1.30383381230444,1.93045134654718,-0.1));
#7533=CARTESIAN_POINT('',(1.10632438413053,2.22118235835443,-0.1));
#7534=CARTESIAN_POINT('',(1.33809127270778,0.393898226832541,-0.1));
#7535=CARTESIAN_POINT('Origin',(0.133987819177959,1.13571117859037,-0.1));
#7536=CARTESIAN_POINT('',(1.33581529046342,0.390010410758248,-0.1));
#7537=CARTESIAN_POINT('Origin',(1.42323101807558,0.341446117640385,-0.1));
#7538=CARTESIAN_POINT('',(0.601240822215737,-0.932223632087592,-0.1));
#7539=CARTESIAN_POINT('',(1.16562537961489,0.0836685712308865,-0.1));
#7540=CARTESIAN_POINT('',(0.594626361390136,-1.01482207955605,-0.1));
#7541=CARTESIAN_POINT('Origin',(0.688656549827891,-0.980787925205455,-0.1));
#7542=CARTESIAN_POINT('',(1.04904324688035,-2.27029341966282,-0.1));
#7543=CARTESIAN_POINT('',(0.349774170556607,-0.338339937343775,-0.1));
#7544=CARTESIAN_POINT('',(0.922937620779418,-2.39904381495823,-0.1));
#7545=CARTESIAN_POINT('Origin',(0.955013058442586,-2.30432757401341,-0.1));
#7546=CARTESIAN_POINT('',(0.129120595382994,-2.13021950077435,-0.1));
#7547=CARTESIAN_POINT('',(0.111874018281584,-2.12437898701239,-0.1));
#7548=CARTESIAN_POINT('',(-0.063332030596018,-2.13021950077435,-0.1));
#7549=CARTESIAN_POINT('Origin',(0.0328942823934876,-2.4143682236088,-0.1));
#7550=CARTESIAN_POINT('',(-0.857149055992444,-2.39904381495823,-0.1));
#7551=CARTESIAN_POINT('',(0.350823059203604,-1.98996682992045,-0.1));
#7552=CARTESIAN_POINT('',(-0.983254682093369,-2.27029341966282,-0.1));
#7553=CARTESIAN_POINT('Origin',(-0.889224493655614,-2.30432757401342,-0.1));
#7554=CARTESIAN_POINT('',(-0.528837796603159,-1.01482207955605,-0.1));
#7555=CARTESIAN_POINT('',(-0.511194048514737,-0.966075607397161,-0.1));
#7556=CARTESIAN_POINT('',(-0.535452257428761,-0.932223632087592,-0.1));
#7557=CARTESIAN_POINT('Origin',(-0.622867985040915,-0.980787925205455,-0.1));
#7558=CARTESIAN_POINT('',(-1.27002672567645,0.390010410758247,-0.1));
#7559=CARTESIAN_POINT('',(-0.73254958070407,-0.577448450192034,-0.1));
#7560=CARTESIAN_POINT('',(-1.2723027079208,0.393898226832541,-0.1));
#7561=CARTESIAN_POINT('Origin',(-1.3574424532886,0.341446117640384,-0.1));
#7562=CARTESIAN_POINT('',(-1.23804524751746,1.93045134654718,-0.1));
#7563=CARTESIAN_POINT('Origin',(-0.0681992543909822,1.13571117859037,-0.1));
#7564=CARTESIAN_POINT('',(-0.492100462265938,3.02847124450143,-0.1));
#7565=CARTESIAN_POINT('',(-1.41350821196931,1.6721724093773,-0.1));
#7566=CARTESIAN_POINT('',(-0.409614008580438,2.97243369901138,-0.1));
#7567=CARTESIAN_POINT('',(0.36007549398414,2.44954165327469,-0.1));
#7568=CARTESIAN_POINT('',(-1.15555879383196,1.87441380105713,-0.1));
#7569=CARTESIAN_POINT('',(-1.33102175828381,1.61613486388725,-0.1));
#7570=CARTESIAN_POINT('',(-1.18740074275982,0.446203846587619,-0.1));
#7571=CARTESIAN_POINT('Origin',(-0.0681992543909822,1.13571117859037,-0.1));
#7572=CARTESIAN_POINT('',(-1.18285513468581,0.438439072419713,-0.1));
#7573=CARTESIAN_POINT('Origin',(-1.3574424532886,0.341446117640384,-0.1));
#7574=CARTESIAN_POINT('',(-0.448280666438125,-0.883794970426128,-0.1));
#7575=CARTESIAN_POINT('',(-0.645377989713434,-0.529019788530569,-0.1));
#7576=CARTESIAN_POINT('',(-0.435070217802741,-1.04876118255048,-0.1));
#7577=CARTESIAN_POINT('Origin',(-0.622867985040915,-0.980787925205455,-0.1));
#7578=CARTESIAN_POINT('',(-0.889487103292951,-2.30423252265726,-0.1));
#7579=CARTESIAN_POINT('',(-0.417426469714319,-1.0000147103916,-0.1));
#7580=CARTESIAN_POINT('',(-0.889134912647725,-2.30459209967372,-0.1));
#7581=CARTESIAN_POINT('Origin',(-0.889224493655614,-2.30432757401342,-0.1));
#7582=CARTESIAN_POINT('',(-0.0953178872512983,-2.03576778548984,-0.1));
#7583=CARTESIAN_POINT('',(0.318837202548323,-1.89551511463594,-0.1));
#7584=CARTESIAN_POINT('',(0.161106452038273,-2.03576778548984,-0.1));
#7585=CARTESIAN_POINT('Origin',(0.0328942823934876,-2.4143682236088,-0.1));
#7586=CARTESIAN_POINT('',(0.954923477434698,-2.30459209967372,-0.1));
#7587=CARTESIAN_POINT('',(0.143859874936864,-2.02992727172788,-0.1));
#7588=CARTESIAN_POINT('',(0.955275668079929,-2.30423252265725,-0.1));
#7589=CARTESIAN_POINT('Origin',(0.955013058442586,-2.30432757401341,-0.1));
#7590=CARTESIAN_POINT('',(0.500858782589718,-1.04876118255048,-0.1));
#7591=CARTESIAN_POINT('',(0.256006591756189,-0.372279040338209,-0.1));
#7592=CARTESIAN_POINT('',(0.514069231225102,-0.883794970426128,-0.1));
#7593=CARTESIAN_POINT('Origin',(0.688656549827891,-0.980787925205455,-0.1));
#7594=CARTESIAN_POINT('',(1.24864369947279,0.438439072419712,-0.1));
#7595=CARTESIAN_POINT('',(1.07845378862425,0.132097232892351,-0.1));
#7596=CARTESIAN_POINT('',(1.25318930754679,0.44620384658762,-0.1));
#7597=CARTESIAN_POINT('Origin',(1.42323101807558,0.341446117640385,-0.1));
#7598=CARTESIAN_POINT('Origin',(0.133987819177959,1.13571117859037,-0.1));
#7599=CARTESIAN_POINT('Origin',(-0.409614008580439,2.97243369901138,0.));
#7600=CARTESIAN_POINT('',(-0.492100462265938,3.02847124450143,0.05));
#7601=CARTESIAN_POINT('',(-0.492100462265938,3.02847124450143,0.));
#7602=CARTESIAN_POINT('',(-0.409614008580438,2.97243369901138,0.05));
#7603=CARTESIAN_POINT('',(0.36007549398414,2.44954165327469,0.05));
#7604=CARTESIAN_POINT('',(-0.409614008580439,2.97243369901138,0.));
#7605=CARTESIAN_POINT('Origin',(-1.23804524751746,1.93045134654718,0.));
#7606=CARTESIAN_POINT('',(-1.23804524751746,1.93045134654718,0.05));
#7607=CARTESIAN_POINT('',(-1.23804524751746,1.93045134654718,0.));
#7608=CARTESIAN_POINT('',(-1.02565608253069,2.24308511499255,0.05));
#7609=CARTESIAN_POINT('Origin',(-0.0681992543909822,1.13571117859037,0.));
#7610=CARTESIAN_POINT('',(-1.2723027079208,0.393898226832541,0.05));
#7611=CARTESIAN_POINT('',(-1.2723027079208,0.393898226832541,0.));
#7612=CARTESIAN_POINT('Origin',(-0.0681992543909822,1.13571117859037,0.05));
#7613=CARTESIAN_POINT('Origin',(-1.3574424532886,0.341446117640384,0.));
#7614=CARTESIAN_POINT('',(-1.27002672567645,0.390010410758247,0.05));
#7615=CARTESIAN_POINT('',(-1.27002672567645,0.390010410758247,0.));
#7616=CARTESIAN_POINT('Origin',(-1.3574424532886,0.341446117640384,0.05));
#7617=CARTESIAN_POINT('Origin',(-0.535452257428761,-0.932223632087592,0.));
#7618=CARTESIAN_POINT('',(-0.535452257428761,-0.932223632087591,0.05));
#7619=CARTESIAN_POINT('',(-0.535452257428761,-0.932223632087592,0.));
#7620=CARTESIAN_POINT('',(-1.09983681482791,0.083668571230885,0.05));
#7621=CARTESIAN_POINT('Origin',(-0.622867985040915,-0.980787925205455,0.));
#7622=CARTESIAN_POINT('',(-0.528837796603159,-1.01482207955605,0.05));
#7623=CARTESIAN_POINT('',(-0.528837796603159,-1.01482207955605,0.));
#7624=CARTESIAN_POINT('Origin',(-0.622867985040915,-0.980787925205455,0.05));
#7625=CARTESIAN_POINT('Origin',(-0.983254682093369,-2.27029341966282,0.));
#7626=CARTESIAN_POINT('',(-0.983254682093369,-2.27029341966282,0.05));
#7627=CARTESIAN_POINT('',(-0.983254682093369,-2.27029341966282,0.));
#7628=CARTESIAN_POINT('',(-0.283985605769633,-0.338339937343774,0.05));
#7629=CARTESIAN_POINT('Origin',(-0.889224493655614,-2.30432757401342,0.));
#7630=CARTESIAN_POINT('',(-0.857149055992444,-2.39904381495823,0.05));
#7631=CARTESIAN_POINT('',(-0.857149055992444,-2.39904381495823,0.));
#7632=CARTESIAN_POINT('Origin',(-0.889224493655613,-2.30432757401342,0.05));
#7633=CARTESIAN_POINT('Origin',(-0.0633320305960181,-2.13021950077435,0.));
#7634=CARTESIAN_POINT('',(-0.063332030596018,-2.13021950077435,0.05));
#7635=CARTESIAN_POINT('',(-0.063332030596018,-2.13021950077435,0.));
#7636=CARTESIAN_POINT('',(-0.0460854534946077,-2.12437898701239,0.05));
#7637=CARTESIAN_POINT('Origin',(0.0328942823934876,-2.4143682236088,0.));
#7638=CARTESIAN_POINT('',(0.129120595382994,-2.13021950077435,0.05));
#7639=CARTESIAN_POINT('',(0.129120595382994,-2.13021950077435,0.));
#7640=CARTESIAN_POINT('Origin',(0.0328942823934876,-2.4143682236088,0.05));
#7641=CARTESIAN_POINT('Origin',(0.922937620779418,-2.39904381495823,0.));
#7642=CARTESIAN_POINT('',(0.922937620779418,-2.39904381495823,0.05));
#7643=CARTESIAN_POINT('',(0.922937620779418,-2.39904381495823,0.));
#7644=CARTESIAN_POINT('',(-0.285034494416627,-1.98996682992045,0.05));
#7645=CARTESIAN_POINT('Origin',(0.955013058442586,-2.30432757401341,0.));
#7646=CARTESIAN_POINT('',(1.04904324688035,-2.27029341966282,0.05));
#7647=CARTESIAN_POINT('',(1.04904324688035,-2.27029341966282,0.));
#7648=CARTESIAN_POINT('Origin',(0.955013058442586,-2.30432757401341,0.05));
#7649=CARTESIAN_POINT('Origin',(0.594626361390136,-1.01482207955605,0.));
#7650=CARTESIAN_POINT('',(0.594626361390136,-1.01482207955605,0.05));
#7651=CARTESIAN_POINT('',(0.594626361390136,-1.01482207955605,0.));
#7652=CARTESIAN_POINT('',(0.576982613301713,-0.966075607397158,0.05));
#7653=CARTESIAN_POINT('Origin',(0.688656549827891,-0.980787925205455,0.));
#7654=CARTESIAN_POINT('',(0.601240822215737,-0.932223632087591,0.05));
#7655=CARTESIAN_POINT('',(0.601240822215737,-0.932223632087592,0.));
#7656=CARTESIAN_POINT('Origin',(0.688656549827891,-0.980787925205455,0.05));
#7657=CARTESIAN_POINT('Origin',(1.33581529046342,0.390010410758248,0.));
#7658=CARTESIAN_POINT('',(1.33581529046342,0.390010410758248,0.05));
#7659=CARTESIAN_POINT('',(1.33581529046342,0.390010410758248,0.));
#7660=CARTESIAN_POINT('',(0.798338145491047,-0.577448450192034,0.05));
#7661=CARTESIAN_POINT('Origin',(1.42323101807558,0.341446117640385,0.));
#7662=CARTESIAN_POINT('',(1.33809127270778,0.393898226832541,0.05));
#7663=CARTESIAN_POINT('',(1.33809127270778,0.393898226832541,0.));
#7664=CARTESIAN_POINT('Origin',(1.42323101807558,0.341446117640385,0.05));
#7665=CARTESIAN_POINT('Origin',(0.133987819177959,1.13571117859037,0.));
#7666=CARTESIAN_POINT('',(1.30383381230444,1.93045134654718,0.05));
#7667=CARTESIAN_POINT('',(1.30383381230444,1.93045134654718,0.));
#7668=CARTESIAN_POINT('Origin',(0.133987819177959,1.13571117859037,0.05));
#7669=CARTESIAN_POINT('Origin',(0.557889027052915,3.02847124450143,0.));
#7670=CARTESIAN_POINT('',(0.557889027052915,3.02847124450143,0.05));
#7671=CARTESIAN_POINT('',(0.557889027052915,3.02847124450143,0.));
#7672=CARTESIAN_POINT('',(1.47929677675629,1.6721724093773,0.05));
#7673=CARTESIAN_POINT('',(0.997110887477325,2.38194304040671,-0.0015748031496063));
#7674=CARTESIAN_POINT('',(0.997110887477325,2.38194304040671,-0.00078740157480315));
#7675=CARTESIAN_POINT('',(0.711128516252813,2.80290494037196,-0.00157480314960675));
#7676=CARTESIAN_POINT('Origin',(0.997110887477325,2.38194304040671,-0.0015748031496063));
#7677=CARTESIAN_POINT('',(0.942421141167259,2.39238515937524,-0.0409448818897637));
#7678=CARTESIAN_POINT('Origin',(0.864368005452711,2.5773386362425,-0.00157480314960639));
#7679=CARTESIAN_POINT('Origin',(0.0328942823934887,0.312071835244005,0.05));
#7680=CARTESIAN_POINT('',(1.22134735861894,1.87441380105713,0.05));
#7681=CARTESIAN_POINT('',(0.475402573367415,2.97243369901138,0.05));
#7682=CARTESIAN_POINT('',(1.02383793044503,2.16514481286438,0.05));
#7683=CARTESIAN_POINT('',(1.25318930754679,0.44620384658762,0.05));
#7684=CARTESIAN_POINT('Origin',(0.133987819177959,1.13571117859037,0.05));
#7685=CARTESIAN_POINT('',(1.24864369947279,0.438439072419712,0.05));
#7686=CARTESIAN_POINT('Origin',(1.42323101807558,0.341446117640385,0.05));
#7687=CARTESIAN_POINT('',(0.514069231225102,-0.883794970426128,0.05));
#7688=CARTESIAN_POINT('',(1.07845378862425,0.132097232892351,0.05));
#7689=CARTESIAN_POINT('',(0.500858782589718,-1.04876118255048,0.05));
#7690=CARTESIAN_POINT('Origin',(0.688656549827891,-0.980787925205455,0.05));
#7691=CARTESIAN_POINT('',(0.955275668079929,-2.30423252265725,0.05));
#7692=CARTESIAN_POINT('',(0.256006591756189,-0.372279040338209,0.05));
#7693=CARTESIAN_POINT('',(0.954923477434698,-2.30459209967372,0.05));
#7694=CARTESIAN_POINT('Origin',(0.955013058442586,-2.30432757401341,0.05));
#7695=CARTESIAN_POINT('',(0.161106452038273,-2.03576778548984,0.05));
#7696=CARTESIAN_POINT('',(0.143859874936864,-2.02992727172788,0.05));
#7697=CARTESIAN_POINT('',(-0.0953178872512983,-2.03576778548984,0.05));
#7698=CARTESIAN_POINT('Origin',(0.0328942823934876,-2.4143682236088,0.05));
#7699=CARTESIAN_POINT('',(-0.889134912647725,-2.30459209967372,0.05));
#7700=CARTESIAN_POINT('',(0.318837202548323,-1.89551511463594,0.05));
#7701=CARTESIAN_POINT('',(-0.889487103292951,-2.30423252265726,0.05));
#7702=CARTESIAN_POINT('Origin',(-0.889224493655614,-2.30432757401342,0.05));
#7703=CARTESIAN_POINT('',(-0.435070217802741,-1.04876118255048,0.05));
#7704=CARTESIAN_POINT('',(-0.417426469714319,-1.0000147103916,0.05));
#7705=CARTESIAN_POINT('',(-0.448280666438125,-0.883794970426128,0.05));
#7706=CARTESIAN_POINT('Origin',(-0.622867985040915,-0.980787925205455,0.05));
#7707=CARTESIAN_POINT('',(-1.18285513468581,0.438439072419713,0.05));
#7708=CARTESIAN_POINT('',(-0.645377989713434,-0.529019788530569,0.05));
#7709=CARTESIAN_POINT('',(-1.18740074275982,0.446203846587619,0.05));
#7710=CARTESIAN_POINT('Origin',(-1.3574424532886,0.341446117640384,0.05));
#7711=CARTESIAN_POINT('',(-1.15555879383196,1.87441380105713,0.05));
#7712=CARTESIAN_POINT('Origin',(-0.0681992543909822,1.13571117859037,0.05));
#7713=CARTESIAN_POINT('',(-1.33102175828381,1.61613486388725,0.05));
#7714=CARTESIAN_POINT('',(-0.253043702354413,2.47756042601972,0.05));
#7715=CARTESIAN_POINT('Origin',(-1.15555879383196,1.87441380105713,0.));
#7716=CARTESIAN_POINT('',(-1.15555879383196,1.87441380105713,0.));
#7717=CARTESIAN_POINT('Origin',(-0.0681992543909822,1.13571117859037,0.));
#7718=CARTESIAN_POINT('',(-1.18740074275982,0.446203846587619,0.));
#7719=CARTESIAN_POINT('Origin',(-1.3574424532886,0.341446117640384,0.));
#7720=CARTESIAN_POINT('',(-1.18285513468581,0.438439072419713,0.));
#7721=CARTESIAN_POINT('Origin',(-0.448280666438125,-0.883794970426127,0.));
#7722=CARTESIAN_POINT('',(-0.448280666438125,-0.883794970426128,0.));
#7723=CARTESIAN_POINT('Origin',(-0.622867985040915,-0.980787925205455,0.));
#7724=CARTESIAN_POINT('',(-0.435070217802741,-1.04876118255048,0.));
#7725=CARTESIAN_POINT('Origin',(-0.889487103292951,-2.30423252265726,0.));
#7726=CARTESIAN_POINT('',(-0.889487103292951,-2.30423252265726,0.));
#7727=CARTESIAN_POINT('Origin',(-0.889224493655614,-2.30432757401342,0.));
#7728=CARTESIAN_POINT('',(-0.889134912647725,-2.30459209967372,0.));
#7729=CARTESIAN_POINT('Origin',(-0.0953178872512983,-2.03576778548984,0.));
#7730=CARTESIAN_POINT('',(-0.0953178872512983,-2.03576778548984,0.));
#7731=CARTESIAN_POINT('Origin',(0.0328942823934876,-2.4143682236088,0.));
#7732=CARTESIAN_POINT('',(0.161106452038274,-2.03576778548984,0.));
#7733=CARTESIAN_POINT('Origin',(0.954923477434698,-2.30459209967372,0.));
#7734=CARTESIAN_POINT('',(0.954923477434698,-2.30459209967372,0.));
#7735=CARTESIAN_POINT('Origin',(0.955013058442586,-2.30432757401341,0.));
#7736=CARTESIAN_POINT('',(0.955275668079929,-2.30423252265725,0.));
#7737=CARTESIAN_POINT('Origin',(0.500858782589718,-1.04876118255048,0.));
#7738=CARTESIAN_POINT('',(0.500858782589718,-1.04876118255048,0.));
#7739=CARTESIAN_POINT('Origin',(0.688656549827891,-0.980787925205455,0.));
#7740=CARTESIAN_POINT('',(0.514069231225102,-0.883794970426128,0.));
#7741=CARTESIAN_POINT('Origin',(1.24864369947279,0.438439072419712,0.));
#7742=CARTESIAN_POINT('',(1.24864369947279,0.438439072419712,0.));
#7743=CARTESIAN_POINT('Origin',(1.42323101807558,0.341446117640385,0.));
#7744=CARTESIAN_POINT('',(1.25318930754679,0.44620384658762,0.));
#7745=CARTESIAN_POINT('Origin',(0.133987819177959,1.13571117859037,0.));
#7746=CARTESIAN_POINT('',(1.22134735861894,1.87441380105713,0.));
#7747=CARTESIAN_POINT('Origin',(0.475402573367415,2.97243369901138,0.));
#7748=CARTESIAN_POINT('',(0.475402573367415,2.97243369901138,0.));
#7749=CARTESIAN_POINT('Origin',(0.557889027052915,3.02847124450143,0.));
#7750=CARTESIAN_POINT('Origin',(-0.889224493655613,-2.30432757401342,0.));
#7751=CARTESIAN_POINT('',(-1.07728487053112,-2.23625926531223,0.05));
#7752=CARTESIAN_POINT('',(-0.825073618329275,-2.49376005590305,0.05));
#7753=CARTESIAN_POINT('Origin',(-0.889224493655613,-2.30432757401342,0.05));
#7754=CARTESIAN_POINT('',(-0.825073618329276,-2.49376005590305,0.3));
#7755=CARTESIAN_POINT('',(-0.825073618329275,-2.49376005590305,0.));
#7756=CARTESIAN_POINT('',(-1.07728487053112,-2.23625926531223,0.3));
#7757=CARTESIAN_POINT('Origin',(-0.889224493655613,-2.30432757401342,0.3));
#7758=CARTESIAN_POINT('',(-1.07728487053112,-2.23625926531223,0.));
#7759=CARTESIAN_POINT('Origin',(-0.825073618329275,-2.49376005590305,0.));
#7760=CARTESIAN_POINT('',(-0.0312565929328498,-2.22493574171917,0.05));
#7761=CARTESIAN_POINT('',(-0.0140100158314389,-2.21909522795721,0.05));
#7762=CARTESIAN_POINT('',(-0.0312565929328498,-2.22493574171917,0.3));
#7763=CARTESIAN_POINT('',(-0.0312565929328498,-2.22493574171917,0.));
#7764=CARTESIAN_POINT('',(-0.014010015831439,-2.21909522795721,0.3));
#7765=CARTESIAN_POINT('Origin',(0.0328942823934876,-2.4143682236088,0.));
#7766=CARTESIAN_POINT('',(0.097045157719825,-2.22493574171917,0.05));
#7767=CARTESIAN_POINT('Origin',(0.0328942823934876,-2.4143682236088,0.05));
#7768=CARTESIAN_POINT('',(0.097045157719825,-2.22493574171917,0.3));
#7769=CARTESIAN_POINT('',(0.097045157719825,-2.22493574171917,0.));
#7770=CARTESIAN_POINT('Origin',(0.0328942823934876,-2.4143682236088,0.3));
#7771=CARTESIAN_POINT('Origin',(0.097045157719825,-2.22493574171917,0.));
#7772=CARTESIAN_POINT('',(0.890862183116251,-2.49376005590305,0.05));
#7773=CARTESIAN_POINT('',(-0.317109932079796,-2.08468307086527,0.05));
#7774=CARTESIAN_POINT('',(0.890862183116241,-2.49376005590304,0.3));
#7775=CARTESIAN_POINT('',(0.890862183116251,-2.49376005590305,0.));
#7776=CARTESIAN_POINT('',(-0.317109932079796,-2.08468307086527,0.3));
#7777=CARTESIAN_POINT('Origin',(0.955013058442586,-2.30432757401341,0.));
#7778=CARTESIAN_POINT('',(1.1430734353181,-2.23625926531222,0.05));
#7779=CARTESIAN_POINT('Origin',(0.955013058442586,-2.30432757401341,0.05));
#7780=CARTESIAN_POINT('',(1.1430734353181,-2.23625926531222,0.3));
#7781=CARTESIAN_POINT('',(1.1430734353181,-2.23625926531222,0.));
#7782=CARTESIAN_POINT('Origin',(0.95501305844258,-2.30432757401341,0.3));
#7783=CARTESIAN_POINT('Origin',(1.1430734353181,-2.23625926531222,0.));
#7784=CARTESIAN_POINT('',(0.688656549827891,-0.980787925205455,0.05));
#7785=CARTESIAN_POINT('',(0.671012801739469,-0.932041453046563,0.05));
#7786=CARTESIAN_POINT('',(0.688656549827891,-0.980787925205455,0.3));
#7787=CARTESIAN_POINT('',(0.688656549827891,-0.980787925205455,0.));
#7788=CARTESIAN_POINT('',(0.671012801739469,-0.932041453046563,0.3));
#7789=CARTESIAN_POINT('Origin',(0.688656549827891,-0.980787925205455,0.));
#7790=CARTESIAN_POINT('',(1.42323101807558,0.341446117640385,0.05));
#7791=CARTESIAN_POINT('',(0.885753873103201,-0.626012743309897,0.05));
#7792=CARTESIAN_POINT('',(1.42323101807558,0.341446117640385,0.3));
#7793=CARTESIAN_POINT('',(1.42323101807558,0.341446117640385,0.));
#7794=CARTESIAN_POINT('',(0.885753873103201,-0.626012743309897,0.3));
#7795=CARTESIAN_POINT('Origin',(0.133987819177959,1.13571117859037,0.));
#7796=CARTESIAN_POINT('',(1.38655128120825,1.98664583327093,0.05));
#7797=CARTESIAN_POINT('Origin',(0.133987819177959,1.13571117859037,0.05));
#7798=CARTESIAN_POINT('',(1.38655128120825,1.98664583327093,0.3));
#7799=CARTESIAN_POINT('',(1.38655128120825,1.98664583327093,0.));
#7800=CARTESIAN_POINT('Origin',(0.133987819177959,1.13571117859037,0.3));
#7801=CARTESIAN_POINT('Origin',(1.38655128120825,1.98664583327093,0.));
#7802=CARTESIAN_POINT('',(0.610847022331014,3.12847124450143,0.05));
#7803=CARTESIAN_POINT('',(1.56201424566011,1.72836689610105,0.05));
#7804=CARTESIAN_POINT('',(0.610847022331014,3.12847124450143,0.3));
#7805=CARTESIAN_POINT('',(0.610847022331014,3.12847124450143,0.));
#7806=CARTESIAN_POINT('',(1.56201424566011,1.72836689610105,0.3));
#7807=CARTESIAN_POINT('Origin',(0.610847022331014,3.12847124450143,0.));
#7808=CARTESIAN_POINT('',(-0.524788812600065,3.12847124450143,0.05));
#7809=CARTESIAN_POINT('',(-0.545058457544038,3.12847124450143,0.05));
#7810=CARTESIAN_POINT('',(0.321870652362251,3.12847124450143,0.05));
#7811=CARTESIAN_POINT('',(-0.545058457544038,3.12847124450143,0.3));
#7812=CARTESIAN_POINT('',(-0.545058457544038,3.12847124450143,0.));
#7813=CARTESIAN_POINT('',(-0.439889038606167,3.12847124450143,0.3));
#7814=CARTESIAN_POINT('',(0.321870652362251,3.12847124450143,0.3));
#7815=CARTESIAN_POINT('Origin',(0.0329745780953087,3.12847124450143,4.37095678986282E-17));
#7816=CARTESIAN_POINT('Origin',(-0.545058457544038,3.12847124450143,0.));
#7817=CARTESIAN_POINT('',(-1.32076271642128,1.98664583327093,0.05));
#7818=CARTESIAN_POINT('',(-1.10837355143451,2.2992796017163,0.05));
#7819=CARTESIAN_POINT('',(-1.32076271642128,1.98664583327093,0.3));
#7820=CARTESIAN_POINT('',(-1.32076271642128,1.98664583327093,0.));
#7821=CARTESIAN_POINT('',(-1.10837355143451,2.2992796017163,0.3));
#7822=CARTESIAN_POINT('Origin',(-0.0681992543909822,1.13571117859037,0.));
#7823=CARTESIAN_POINT('',(-1.3574424532886,0.341446117640384,0.05));
#7824=CARTESIAN_POINT('Origin',(-0.0681992543909822,1.13571117859037,0.05));
#7825=CARTESIAN_POINT('',(-1.3574424532886,0.341446117640384,0.3));
#7826=CARTESIAN_POINT('',(-1.3574424532886,0.341446117640384,0.));
#7827=CARTESIAN_POINT('Origin',(-0.0681992543909822,1.13571117859037,0.3));
#7828=CARTESIAN_POINT('Origin',(-1.3574424532886,0.341446117640383,0.));
#7829=CARTESIAN_POINT('',(-0.622867985040915,-0.980787925205455,0.05));
#7830=CARTESIAN_POINT('',(-1.18725254244007,0.035104278113022,0.05));
#7831=CARTESIAN_POINT('',(-0.622867985040915,-0.980787925205455,0.3));
#7832=CARTESIAN_POINT('',(-0.622867985040915,-0.980787925205455,0.));
#7833=CARTESIAN_POINT('',(-1.18725254244007,0.035104278113022,0.3));
#7834=CARTESIAN_POINT('Origin',(-0.622867985040915,-0.980787925205455,0.));
#7835=CARTESIAN_POINT('',(-0.378015794207389,-0.304305782993179,0.05));
#7836=CARTESIAN_POINT('',(-0.378015794207389,-0.304305782993179,0.3));
#7837=CARTESIAN_POINT('Origin',(-0.156732743763953,-1.61110186614119,0.3));
#7838=CARTESIAN_POINT('',(0.460739693356935,-1.8202074901401,0.8));
#7839=CARTESIAN_POINT('Origin',(0.460739693356935,-1.8202074901401,0.3));
#7840=CARTESIAN_POINT('',(0.257422346035666,-1.75135453699509,0.8));
#7841=CARTESIAN_POINT('',(-0.156732743763953,-1.61110186614119,0.8));
#7842=CARTESIAN_POINT('Origin',(0.257422346035666,-1.75135453699509,0.3));
#7843=CARTESIAN_POINT('Origin',(0.0328942823934876,-2.4143682236088,0.3));
#7844=CARTESIAN_POINT('',(0.000812726588711151,-1.94156007559135,0.74595590827467));
#7845=CARTESIAN_POINT('',(-0.0297783977662737,-1.71717948649266,0.8));
#7846=CARTESIAN_POINT('Ctrl Pts',(0.000812726588711151,-1.94156007559135,
0.74595590827467));
#7847=CARTESIAN_POINT('Ctrl Pts',(-0.00292621036413642,-1.91474276888091,
0.759649726570254));
#7848=CARTESIAN_POINT('Ctrl Pts',(-0.00700514947623922,-1.88458289449719,
0.771763588203092));
#7849=CARTESIAN_POINT('Ctrl Pts',(-0.0152162529762714,-1.82405173771462,
0.789266270719092));
#7850=CARTESIAN_POINT('Ctrl Pts',(-0.0193541981461425,-1.79337477907765,
0.795062336102008));
#7851=CARTESIAN_POINT('Ctrl Pts',(-0.0256370719513782,-1.74728868247571,
0.799308337741457));
#7852=CARTESIAN_POINT('Ctrl Pts',(-0.0277040828365523,-1.73221841462093,
0.8));
#7853=CARTESIAN_POINT('Ctrl Pts',(-0.0297783977662736,-1.71717948649266,
0.8));
#7854=CARTESIAN_POINT('',(-0.191633781248694,-1.75135453699509,0.8));
#7855=CARTESIAN_POINT('Origin',(0.0328942823934876,-2.4143682236088,0.8));
#7856=CARTESIAN_POINT('Origin',(-0.191633781248694,-1.75135453699509,0.3));
#7857=CARTESIAN_POINT('',(0.0318739270005945,-1.71436896727,0.8));
#7858=CARTESIAN_POINT('Origin',(0.0328942823934876,-2.4143682236088,0.8));
#7859=CARTESIAN_POINT('Ctrl Pts',(0.0318739270005944,-1.71436896727,0.8));
#7860=CARTESIAN_POINT('Ctrl Pts',(0.0272548286263309,-1.75104927533514,
0.8));
#7861=CARTESIAN_POINT('Ctrl Pts',(0.0228125133516733,-1.78763754499485,
0.79592874667392));
#7862=CARTESIAN_POINT('Ctrl Pts',(0.0125049128313257,-1.86398609458038,
0.779024032576732));
#7863=CARTESIAN_POINT('Ctrl Pts',(0.00666020131660004,-1.90430347851965,
0.764601383856816));
#7864=CARTESIAN_POINT('Ctrl Pts',(0.000812726588711151,-1.94156007559135,
0.74595590827467));
#7865=CARTESIAN_POINT('Origin',(-0.174387204147283,-1.74551402323313,0.3));
#7866=CARTESIAN_POINT('',(-0.394951128569958,-1.8202074901401,0.8));
#7867=CARTESIAN_POINT('Origin',(-0.394951128569958,-1.8202074901401,0.3));
#7868=CARTESIAN_POINT('',(-0.174387204147283,-1.74551402323313,0.8));
#7869=CARTESIAN_POINT('Origin',(0.448675235042431,-0.383191277720581,0.3));
#7870=CARTESIAN_POINT('',(0.503928504226544,-0.283735393189179,0.8));
#7871=CARTESIAN_POINT('',(0.466999675274706,-0.350207285302486,0.8));
#7872=CARTESIAN_POINT('Ctrl Pts',(0.503928504226409,-0.283735393189121,
0.8));
#7873=CARTESIAN_POINT('Ctrl Pts',(0.496549527263818,-0.307359681230467,
0.800000000000001));
#7874=CARTESIAN_POINT('Ctrl Pts',(0.483588056495137,-0.330573947137095,
0.8));
#7875=CARTESIAN_POINT('Ctrl Pts',(0.466999675274706,-0.350207285302486,
0.8));
#7876=CARTESIAN_POINT('',(0.14103987097608,-0.936934933040017,0.8));
#7877=CARTESIAN_POINT('',(0.448675235042431,-0.383191277720581,0.8));
#7878=CARTESIAN_POINT('Origin',(0.14103987097608,-0.936934933040017,0.3));
#7879=CARTESIAN_POINT('',(0.992170001841678,0.595099302518067,0.8));
#7880=CARTESIAN_POINT('Ctrl Pts',(0.992170001842291,0.595099302517726,0.8));
#7881=CARTESIAN_POINT('Ctrl Pts',(0.99263840140812,0.594821941432792,0.799999999999999));
#7882=CARTESIAN_POINT('Ctrl Pts',(0.993106803738603,0.59454458572045,0.799999111691423));
#7883=CARTESIAN_POINT('Ctrl Pts',(1.03582290151182,0.569251681856416,0.799837093011442));
#7884=CARTESIAN_POINT('Ctrl Pts',(1.07784657633776,0.544426249585801,0.792451212139537));
#7885=CARTESIAN_POINT('Ctrl Pts',(1.15872146130582,0.49673237991447,0.763701920935461));
#7886=CARTESIAN_POINT('Ctrl Pts',(1.1971341195924,0.474122125876708,0.742495387117175));
#7887=CARTESIAN_POINT('Ctrl Pts',(1.27888229129719,0.426062059589925,0.678856858945951));
#7888=CARTESIAN_POINT('Ctrl Pts',(1.31895509435232,0.402550050304874,0.632365964875677));
#7889=CARTESIAN_POINT('Ctrl Pts',(1.38147982352166,0.36589201500893,0.524201135548256));
#7890=CARTESIAN_POINT('Ctrl Pts',(1.40333670096493,0.353094100582089,0.463565144307883));
#7891=CARTESIAN_POINT('Ctrl Pts',(1.42033602883151,0.343140738369131,0.366864261487804));
#7892=CARTESIAN_POINT('Ctrl Pts',(1.42323101807558,0.341446117640386,0.333434697937781));
#7893=CARTESIAN_POINT('Ctrl Pts',(1.42323101807558,0.341446117640386,0.3));
#7894=CARTESIAN_POINT('',(0.448675235042431,-0.383191277720581,0.8));
#7895=CARTESIAN_POINT('Origin',(1.14842690114102,1.44739446248229,0.3));
#7896=CARTESIAN_POINT('',(0.346057045940517,2.62847124450143,0.8));
#7897=CARTESIAN_POINT('',(0.972963936689168,1.70567339965216,0.8));
#7898=CARTESIAN_POINT('',(1.14842690114102,1.44739446248229,0.8));
#7899=CARTESIAN_POINT('Origin',(0.972963936689168,1.70567339965216,0.3));
#7900=CARTESIAN_POINT('Origin',(0.346057045940517,2.62847124450143,0.3));
#7901=CARTESIAN_POINT('Origin',(0.133987819177959,1.13571117859037,0.3));
#7902=CARTESIAN_POINT('Origin',(0.133987819177959,1.13571117859037,0.8));
#7903=CARTESIAN_POINT('Origin',(-0.0681992543909822,1.13571117859037,0.3));
#7904=CARTESIAN_POINT('',(-0.926381437054694,0.595099302518055,0.8));
#7905=CARTESIAN_POINT('',(-0.907175371902192,1.70567339965216,0.8));
#7906=CARTESIAN_POINT('Origin',(-0.0681992543909822,1.13571117859037,0.8));
#7907=CARTESIAN_POINT('Origin',(-0.907175371902192,1.70567339965216,0.3));
#7908=CARTESIAN_POINT('Ctrl Pts',(-0.926381437054694,0.595099302518055,
0.8));
#7909=CARTESIAN_POINT('Ctrl Pts',(-0.926849836620676,0.594821941433031,
0.8));
#7910=CARTESIAN_POINT('Ctrl Pts',(-0.927318238951502,0.594544585720558,
0.799999111691423));
#7911=CARTESIAN_POINT('Ctrl Pts',(-0.974776165743446,0.566443966925253,
0.799819107640156));
#7912=CARTESIAN_POINT('Ctrl Pts',(-1.02145670927167,0.538874885353557,0.790702344388296));
#7913=CARTESIAN_POINT('Ctrl Pts',(-1.11046424154339,0.486405570757195,0.755313837494945));
#7914=CARTESIAN_POINT('Ctrl Pts',(-1.15219385905392,0.46185675658067,0.729280958933963));
#7915=CARTESIAN_POINT('Ctrl Pts',(-1.23393472771402,0.413828211036106,0.656190564458232));
#7916=CARTESIAN_POINT('Ctrl Pts',(-1.27129042071845,0.391920207017968,0.606751251850862));
#7917=CARTESIAN_POINT('Ctrl Pts',(-1.32755552857857,0.3589427225274,0.494063986326036));
#7918=CARTESIAN_POINT('Ctrl Pts',(-1.34592947371372,0.34818641385501,0.43189674139975));
#7919=CARTESIAN_POINT('Ctrl Pts',(-1.35613202879745,0.342213228398129,0.345012514178943));
#7920=CARTESIAN_POINT('Ctrl Pts',(-1.35744245328861,0.341446117640407,0.322495168262086));
#7921=CARTESIAN_POINT('Ctrl Pts',(-1.35744245328861,0.341446117640407,0.299999999999988));
#7922=CARTESIAN_POINT('Origin',(-0.694786206915427,2.01830716809754,0.3));
#7923=CARTESIAN_POINT('',(-0.723624238615899,2.57803781345541,0.66809095853663));
#7924=CARTESIAN_POINT('',(-0.441368642226347,2.93267490671866,0.696812464387933));
#7925=CARTESIAN_POINT('Ctrl Pts',(-0.723624238615899,2.57803781345541,0.66809095853663));
#7926=CARTESIAN_POINT('Ctrl Pts',(-0.717157931336511,2.6160126407708,0.653390184651017));
#7927=CARTESIAN_POINT('Ctrl Pts',(-0.706975581705041,2.65395384959508,0.639458322885872));
#7928=CARTESIAN_POINT('Ctrl Pts',(-0.674393531254413,2.72731536170177,0.62326883187577));
#7929=CARTESIAN_POINT('Ctrl Pts',(-0.652274482972827,2.76291302153897,0.621107376343698));
#7930=CARTESIAN_POINT('Ctrl Pts',(-0.60162065980668,2.8280275295831,0.627342031555487));
#7931=CARTESIAN_POINT('Ctrl Pts',(-0.573083241743374,2.8575345216942,0.635728282711557));
#7932=CARTESIAN_POINT('Ctrl Pts',(-0.510767764223761,2.90370550484287,0.662082606838435));
#7933=CARTESIAN_POINT('Ctrl Pts',(-0.476665096064586,2.92013310091415,0.679832998036179));
#7934=CARTESIAN_POINT('Ctrl Pts',(-0.441368642226347,2.93267490671866,0.696812464387933));
#7935=CARTESIAN_POINT('Origin',(-0.280268481153541,2.62847124450143,0.3));
#7936=CARTESIAN_POINT('',(-0.522728231613726,2.27157401065517,0.8));
#7937=CARTESIAN_POINT('',(-0.694786206915427,2.01830716809754,0.8));
#7938=CARTESIAN_POINT('Ctrl Pts',(-0.522728231613726,2.27157401065517,0.8));
#7939=CARTESIAN_POINT('Ctrl Pts',(-0.557549053011763,2.2844276843318,0.8));
#7940=CARTESIAN_POINT('Ctrl Pts',(-0.590299401885692,2.30273928428736,0.795964897700175));
#7941=CARTESIAN_POINT('Ctrl Pts',(-0.638057253116677,2.34118777962628,0.782250153764787));
#7942=CARTESIAN_POINT('Ctrl Pts',(-0.655478369730765,2.35913674506033,0.774699495745078));
#7943=CARTESIAN_POINT('Ctrl Pts',(-0.685492495198411,2.39775574513266,0.756488235643323));
#7944=CARTESIAN_POINT('Ctrl Pts',(-0.698132423016349,2.41845525175941,0.745764910946406));
#7945=CARTESIAN_POINT('Ctrl Pts',(-0.724756730886314,2.48340096408706,0.712427991316131));
#7946=CARTESIAN_POINT('Ctrl Pts',(-0.727612929776979,2.53063662678499,0.689545500667682));
#7947=CARTESIAN_POINT('Ctrl Pts',(-0.723624238615899,2.57803781345541,0.66809095853663));
#7948=CARTESIAN_POINT('Origin',(-0.750173904379298,0.277925743702337,0.3));
#7949=CARTESIAN_POINT('',(-0.501569627097567,-0.181865876102864,0.799964294370263));
#7950=CARTESIAN_POINT('',(-0.494797450834105,-0.181751872679011,0.8));
#7951=CARTESIAN_POINT('Ctrl Pts',(-0.501569627097567,-0.181865876102864,
0.799964294370263));
#7952=CARTESIAN_POINT('Ctrl Pts',(-0.499312326510193,-0.181828467530025,
0.799988094578105));
#7953=CARTESIAN_POINT('Ctrl Pts',(-0.497054814637795,-0.181790386406064,
0.8));
#7954=CARTESIAN_POINT('Ctrl Pts',(-0.494797450834105,-0.181751872679011,
0.8));
#7955=CARTESIAN_POINT('',(-0.750173904379298,0.277925743702337,0.8));
#7956=CARTESIAN_POINT('',(-0.0752513061891025,-0.936934933040018,0.8));
#7957=CARTESIAN_POINT('Origin',(-0.0752513061891025,-0.936934933040018,
0.3));
#7958=CARTESIAN_POINT('',(-0.370621092707009,-0.405269317307784,0.8));
#7959=CARTESIAN_POINT('',(-0.750173904379298,0.277925743702337,0.8));
#7960=CARTESIAN_POINT('Ctrl Pts',(-0.370621092661615,-0.405269317176717,
0.8));
#7961=CARTESIAN_POINT('Ctrl Pts',(-0.392422850238111,-0.39771844320021,
0.800000000003212));
#7962=CARTESIAN_POINT('Ctrl Pts',(-0.412998447158881,-0.386400134293002,
0.799306975047205));
#7963=CARTESIAN_POINT('Ctrl Pts',(-0.459087100706806,-0.349232502364762,
0.797637315490205));
#7964=CARTESIAN_POINT('Ctrl Pts',(-0.481662147195645,-0.318901793546623,
0.796948733951061));
#7965=CARTESIAN_POINT('Ctrl Pts',(-0.504232372280283,-0.253230121585638,
0.798210690501614));
#7966=CARTESIAN_POINT('Ctrl Pts',(-0.504126174295852,-0.217842162249824,
0.799728773132081));
#7967=CARTESIAN_POINT('Ctrl Pts',(-0.501569627097571,-0.181865876102864,
0.799964294370263));
#7968=CARTESIAN_POINT('Origin',(0.0921351479813905,-0.474476554746155,0.3));
#7969=CARTESIAN_POINT('Origin',(-0.394951128569958,-1.8202074901401,0.3));
#7970=CARTESIAN_POINT('',(0.0921351479813905,-0.474476554746155,0.8));
#7971=CARTESIAN_POINT('',(-0.683239659210115,-1.9064806247223,0.737691004655747));
#7972=CARTESIAN_POINT('',(-0.438852349970233,-1.19494223174254,0.730628897762903));
#7973=CARTESIAN_POINT('Ctrl Pts',(-0.683239659210115,-1.9064806247223,0.737691004655747));
#7974=CARTESIAN_POINT('Ctrl Pts',(-0.603106891229845,-1.66881760998258,
0.734632849144718));
#7975=CARTESIAN_POINT('Ctrl Pts',(-0.521073302258652,-1.43189865543306,
0.732595822311928));
#7976=CARTESIAN_POINT('Ctrl Pts',(-0.438852349970233,-1.19494223174254,
0.730628897762903));
#7977=CARTESIAN_POINT('',(-0.237098839341884,-1.26881825589194,0.798458485046211));
#7978=CARTESIAN_POINT('Ctrl Pts',(-0.438852349970233,-1.19494223174254,
0.730628897762903));
#7979=CARTESIAN_POINT('Ctrl Pts',(-0.408604647529679,-1.2059016755157,0.749611312166448));
#7980=CARTESIAN_POINT('Ctrl Pts',(-0.37523245625644,-1.21800634466858,0.76550855803861));
#7981=CARTESIAN_POINT('Ctrl Pts',(-0.307584853659814,-1.24278182363855,
0.788185276838818));
#7982=CARTESIAN_POINT('Ctrl Pts',(-0.272874189597151,-1.25560951327112,
0.795457008716968));
#7983=CARTESIAN_POINT('Ctrl Pts',(-0.237098839341884,-1.26881825589194,
0.798458485046211));
#7984=CARTESIAN_POINT('Ctrl Pts',(-0.237098839341884,-1.26881825589194,
0.798458485046211));
#7985=CARTESIAN_POINT('Ctrl Pts',(-0.275414346832524,-1.32150283784931,
0.797034105015992));
#7986=CARTESIAN_POINT('Ctrl Pts',(-0.313580306582016,-1.37409236180286,
0.794630109199877));
#7987=CARTESIAN_POINT('Ctrl Pts',(-0.38984067324421,-1.47931596584696,0.787820243274637));
#7988=CARTESIAN_POINT('Ctrl Pts',(-0.428076473995895,-1.53189021003172,
0.783337182157892));
#7989=CARTESIAN_POINT('Ctrl Pts',(-0.502959871435994,-1.63789217022291,
0.772810889180514));
#7990=CARTESIAN_POINT('Ctrl Pts',(-0.539509082069772,-1.69135862683373,
0.766871840502974));
#7991=CARTESIAN_POINT('Ctrl Pts',(-0.611894345199909,-1.79870598631541,
0.753478889000952));
#7992=CARTESIAN_POINT('Ctrl Pts',(-0.647860523484905,-1.85253136097837,
0.745922819758431));
#7993=CARTESIAN_POINT('Ctrl Pts',(-0.683239659210115,-1.9064806247223,0.737691004655747));
#7994=CARTESIAN_POINT('Ctrl Pts',(-0.825073618329276,-2.49376005590305,
0.3));
#7995=CARTESIAN_POINT('Ctrl Pts',(-0.825073618329276,-2.49376005590305,
0.318699956271368));
#7996=CARTESIAN_POINT('Ctrl Pts',(-0.823263684170933,-2.4909257800276,0.356097091393288));
#7997=CARTESIAN_POINT('Ctrl Pts',(-0.812484046052373,-2.47404534925353,
0.429967045973953));
#7998=CARTESIAN_POINT('Ctrl Pts',(-0.7857250669659,-2.4321419857931,0.51874718352779));
#7999=CARTESIAN_POINT('Ctrl Pts',(-0.716901726519106,-2.32436771533294,
0.646297171310267));
#8000=CARTESIAN_POINT('Ctrl Pts',(-0.58797117359598,-2.1224682406619,0.765869372766597));
#8001=CARTESIAN_POINT('Ctrl Pts',(-0.459297302568606,-1.92097071834997,
0.8));
#8002=CARTESIAN_POINT('Ctrl Pts',(-0.394951128569958,-1.8202074901401,0.8));
#8003=CARTESIAN_POINT('Ctrl Pts',(-0.865568911510806,-2.5074736940198,0.3));
#8004=CARTESIAN_POINT('Ctrl Pts',(-0.865568911510806,-2.5074736940198,0.322024459443643));
#8005=CARTESIAN_POINT('Ctrl Pts',(-0.862922809603573,-2.50355192278401,
0.366042869329006));
#8006=CARTESIAN_POINT('Ctrl Pts',(-0.84786031718592,-2.48102464214929,0.449764008477048));
#8007=CARTESIAN_POINT('Ctrl Pts',(-0.814236479781021,-2.43016200558604,
0.541940430853799));
#8008=CARTESIAN_POINT('Ctrl Pts',(-0.736509744150266,-2.31317471462638,
0.663594369075277));
#8009=CARTESIAN_POINT('Ctrl Pts',(-0.598749893161507,-2.11142871173034,
0.770179418704594));
#8010=CARTESIAN_POINT('Ctrl Pts',(-0.462890704006565,-1.91730195376034,
0.8));
#8011=CARTESIAN_POINT('Ctrl Pts',(-0.394951128569958,-1.8202074901401,0.8));
#8012=CARTESIAN_POINT('Ctrl Pts',(-0.955549409451997,-2.50795678333019,
0.3));
#8013=CARTESIAN_POINT('Ctrl Pts',(-0.955549409451997,-2.50795678333019,
0.327601117095534));
#8014=CARTESIAN_POINT('Ctrl Pts',(-0.951058691216488,-2.50240674068189,
0.382725220806882));
#8015=CARTESIAN_POINT('Ctrl Pts',(-0.926389679907996,-2.47169590353493,
0.482498390878848));
#8016=CARTESIAN_POINT('Ctrl Pts',(-0.87695419010064,-2.40912923347683,0.579005816285162));
#8017=CARTESIAN_POINT('Ctrl Pts',(-0.778060213099558,-2.28371744642848,
0.689548626326795));
#8018=CARTESIAN_POINT('Ctrl Pts',(-0.620278520736246,-2.08938888591591,
0.776160085960274));
#8019=CARTESIAN_POINT('Ctrl Pts',(-0.470077506882484,-1.90996442458108,
0.8));
#8020=CARTESIAN_POINT('Ctrl Pts',(-0.394951128569958,-1.82020749014009,
0.8));
#8021=CARTESIAN_POINT('Ctrl Pts',(-1.06429550441496,-2.42785127866474,0.3));
#8022=CARTESIAN_POINT('Ctrl Pts',(-1.06429550441496,-2.42785127866474,0.329461426337088));
#8023=CARTESIAN_POINT('Ctrl Pts',(-1.05839595395023,-2.42250477647063,0.388293694776925));
#8024=CARTESIAN_POINT('Ctrl Pts',(-1.02611716061077,-2.39330303764103,0.493328356229023));
#8025=CARTESIAN_POINT('Ctrl Pts',(-0.962274824403462,-2.33591860559927,
0.591010057675726));
#8026=CARTESIAN_POINT('Ctrl Pts',(-0.839095012139813,-2.22540318669854,
0.697609022785785));
#8027=CARTESIAN_POINT('Ctrl Pts',(-0.652593170637981,-2.05638680899373,
0.777918318314514));
#8028=CARTESIAN_POINT('Ctrl Pts',(-0.480857711196361,-1.89895813081219,
0.8));
#8029=CARTESIAN_POINT('Ctrl Pts',(-0.394951128569958,-1.8202074901401,0.8));
#8030=CARTESIAN_POINT('Ctrl Pts',(-1.09683995318931,-2.32018432834591,0.3));
#8031=CARTESIAN_POINT('Ctrl Pts',(-1.09683995318931,-2.32018432834591,0.324972795190697));
#8032=CARTESIAN_POINT('Ctrl Pts',(-1.09194011121784,-2.31673999278454,0.374863694772858));
#8033=CARTESIAN_POINT('Ctrl Pts',(-1.06442311471591,-2.29756720395023,0.467132720221023));
#8034=CARTESIAN_POINT('Ctrl Pts',(-1.00592665960016,-2.25750893258908,0.561773207126481));
#8035=CARTESIAN_POINT('Ctrl Pts',(-0.881525940138494,-2.17220418164146,
0.677700226158432));
#8036=CARTESIAN_POINT('Ctrl Pts',(-0.679544928924262,-2.0289089396196,0.773495140388522));
#8037=CARTESIAN_POINT('Ctrl Pts',(-0.48984121479126,-1.88978621933811,0.8));
#8038=CARTESIAN_POINT('Ctrl Pts',(-0.394951128569958,-1.82020749014009,
0.8));
#8039=CARTESIAN_POINT('Ctrl Pts',(-1.08456040767694,-2.25636025333033,0.3));
#8040=CARTESIAN_POINT('Ctrl Pts',(-1.08456040767694,-2.25636025333033,0.320356609334777));
#8041=CARTESIAN_POINT('Ctrl Pts',(-1.08113160831771,-2.25420480859342,0.361057514032938));
#8042=CARTESIAN_POINT('Ctrl Pts',(-1.0611741519744,-2.24169213956516,0.439841651828786));
#8043=CARTESIAN_POINT('Ctrl Pts',(-1.01419572734618,-2.21246204312402,0.530325295687161));
#8044=CARTESIAN_POINT('Ctrl Pts',(-0.900338440298093,-2.14152713267802,
0.654942331178763));
#8045=CARTESIAN_POINT('Ctrl Pts',(-0.695762419542012,-2.01240971280222,
0.768031919309671));
#8046=CARTESIAN_POINT('Ctrl Pts',(-0.495231316948199,-1.88428307245366,
0.8));
#8047=CARTESIAN_POINT('Ctrl Pts',(-0.394951128569958,-1.8202074901401,0.8));
#8048=CARTESIAN_POINT('Ctrl Pts',(-1.07728487053112,-2.23625926531223,0.3));
#8049=CARTESIAN_POINT('Ctrl Pts',(-1.07728487053112,-2.23625926531223,0.318699956271368));
#8050=CARTESIAN_POINT('Ctrl Pts',(-1.07441364390064,-2.23450854002478,0.356097091393288));
#8051=CARTESIAN_POINT('Ctrl Pts',(-1.0573131411612,-2.22408153915475,0.429967045973953));
#8052=CARTESIAN_POINT('Ctrl Pts',(-1.01486347910947,-2.19819793386605,0.51874718352779));
#8053=CARTESIAN_POINT('Ctrl Pts',(-0.905684144060967,-2.13162603016907,
0.646297171310268));
#8054=CARTESIAN_POINT('Ctrl Pts',(-0.701152484536757,-2.00691321766859,
0.765869372766597));
#8055=CARTESIAN_POINT('Ctrl Pts',(-0.497028017667178,-1.88244869015885,
0.8));
#8056=CARTESIAN_POINT('Ctrl Pts',(-0.394951128569958,-1.8202074901401,0.8));
#8057=CARTESIAN_POINT('Ctrl Pts',(1.1430734353181,-2.23625926531222,0.3));
#8058=CARTESIAN_POINT('Ctrl Pts',(1.1430734353181,-2.23625926531222,0.318699956271368));
#8059=CARTESIAN_POINT('Ctrl Pts',(1.14020425996838,-2.23450979078954,0.35609790279836));
#8060=CARTESIAN_POINT('Ctrl Pts',(1.12308695398026,-2.22407254416877,0.42995965856404));
#8061=CARTESIAN_POINT('Ctrl Pts',(1.08068912621813,-2.19822054474517,0.518764229663537));
#8062=CARTESIAN_POINT('Ctrl Pts',(0.998703392648451,-2.14822989076928,0.614371899751551));
#8063=CARTESIAN_POINT('Ctrl Pts',(0.889750006036127,-2.08179575872595,0.694184465498171));
#8064=CARTESIAN_POINT('Ctrl Pts',(0.715811708747976,-1.97573719396971,0.774346123223636));
#8065=CARTESIAN_POINT('Ctrl Pts',(0.562816582454155,-1.88244869015885,0.8));
#8066=CARTESIAN_POINT('Ctrl Pts',(0.460739693356935,-1.8202074901401,0.8));
#8067=CARTESIAN_POINT('Ctrl Pts',(1.15762450960974,-2.27646124134841,0.3));
#8068=CARTESIAN_POINT('Ctrl Pts',(1.15762450960974,-2.27646124134841,0.322024459443643));
#8069=CARTESIAN_POINT('Ctrl Pts',(1.1536563047513,-2.27390034853332,0.366034492813906));
#8070=CARTESIAN_POINT('Ctrl Pts',(1.13081782286101,-2.25931150611203,0.449755272281663));
#8071=CARTESIAN_POINT('Ctrl Pts',(1.07924220336874,-2.22673041792425,0.541955237692176));
#8072=CARTESIAN_POINT('Ctrl Pts',(0.990298799589387,-2.17021154783312,0.633230137177674));
#8073=CARTESIAN_POINT('Ctrl Pts',(0.878910812362727,-2.09810782732051,0.706214473557918));
#8074=CARTESIAN_POINT('Ctrl Pts',(0.706836210485118,-1.98488089640422,0.777679271612673));
#8075=CARTESIAN_POINT('Ctrl Pts',(0.559223181016195,-1.88611745474848,0.8));
#8076=CARTESIAN_POINT('Ctrl Pts',(0.460739693356935,-1.8202074901401,0.8));
#8077=CARTESIAN_POINT('Ctrl Pts',(1.15997462605008,-2.36641242583701,0.3));
#8078=CARTESIAN_POINT('Ctrl Pts',(1.15997462605008,-2.36641242583701,0.327601117095534));
#8079=CARTESIAN_POINT('Ctrl Pts',(1.15434615679346,-2.36205206610388,0.382699721050869));
#8080=CARTESIAN_POINT('Ctrl Pts',(1.12315764889659,-2.33804078675857,0.482490472648579));
#8081=CARTESIAN_POINT('Ctrl Pts',(1.05941498467808,-2.28979785608195,0.579001033191784));
#8082=CARTESIAN_POINT('Ctrl Pts',(0.963910283474022,-2.21759105257693,0.662134844133367));
#8083=CARTESIAN_POINT('Ctrl Pts',(0.853090981100711,-2.13219652633452,0.724038629162623));
#8084=CARTESIAN_POINT('Ctrl Pts',(0.688846675834331,-2.00316577552101,0.782363138159976));
#8085=CARTESIAN_POINT('Ctrl Pts',(0.552036378140277,-1.89345498392774,0.8));
#8086=CARTESIAN_POINT('Ctrl Pts',(0.460739693356935,-1.8202074901401,0.8));
#8087=CARTESIAN_POINT('Ctrl Pts',(1.08214325586756,-2.47679748221596,0.3));
#8088=CARTESIAN_POINT('Ctrl Pts',(1.08214325586756,-2.47679748221596,0.329461426337089));
#8089=CARTESIAN_POINT('Ctrl Pts',(1.07669279086278,-2.47102367569363,0.388262483587859));
#8090=CARTESIAN_POINT('Ctrl Pts',(1.04685424289699,-2.43939662395595,0.493322150179889));
#8091=CARTESIAN_POINT('Ctrl Pts',(0.987984157001753,-2.37656175353379,0.590993624983624));
#8092=CARTESIAN_POINT('Ctrl Pts',(0.903237816354895,-2.28598106521445,0.671243118986692));
#8093=CARTESIAN_POINT('Ctrl Pts',(0.805975784893618,-2.1826887576749,0.729527853573613));
#8094=CARTESIAN_POINT('Ctrl Pts',(0.661856948851261,-2.03069481214706,0.78375303998655));
#8095=CARTESIAN_POINT('Ctrl Pts',(0.541256173826399,-1.90446127769663,0.8));
#8096=CARTESIAN_POINT('Ctrl Pts',(0.460739693356935,-1.8202074901401,0.8));
#8097=CARTESIAN_POINT('Ctrl Pts',(0.975174921061174,-2.51156929570846,0.3));
#8098=CARTESIAN_POINT('Ctrl Pts',(0.975174921061174,-2.51156929570846,0.324972795190697));
#8099=CARTESIAN_POINT('Ctrl Pts',(0.971639258745644,-2.50675158842459,0.374846574273554));
#8100=CARTESIAN_POINT('Ctrl Pts',(0.951906900362571,-2.47965395733074,0.467123915735965));
#8101=CARTESIAN_POINT('Ctrl Pts',(0.910576370543722,-2.42189862792541,0.561778947124497));
#8102=CARTESIAN_POINT('Ctrl Pts',(0.844642281231955,-2.32998763039975,0.648856824176818));
#8103=CARTESIAN_POINT('Ctrl Pts',(0.763845823585169,-2.21980698111315,0.715931905329787));
#8104=CARTESIAN_POINT('Ctrl Pts',(0.639434113264428,-2.05366074909755,0.780268292314724));
#8105=CARTESIAN_POINT('Ctrl Pts',(0.5322726702315,-1.91363318917071,0.8));
#8106=CARTESIAN_POINT('Ctrl Pts',(0.460739693356935,-1.8202074901401,0.8));
#8107=CARTESIAN_POINT('Ctrl Pts',(0.911109829707007,-2.50061687496142,0.3));
#8108=CARTESIAN_POINT('Ctrl Pts',(0.911109829707007,-2.50061687496142,0.320356609334777));
#8109=CARTESIAN_POINT('Ctrl Pts',(0.908887377895297,-2.49723442235876,0.361054200693776));
#8110=CARTESIAN_POINT('Ctrl Pts',(0.895955967588944,-2.47754075099885,0.439833846350557));
#8111=CARTESIAN_POINT('Ctrl Pts',(0.865767661822348,-2.43117927650891,0.530338601001021));
#8112=CARTESIAN_POINT('Ctrl Pts',(0.810747171127895,-2.34684724339509,0.623794703814049));
#8113=CARTESIAN_POINT('Ctrl Pts',(0.739206973874908,-2.23813684676933,0.700200710779386));
#8114=CARTESIAN_POINT('Ctrl Pts',(0.626001175761813,-2.06743212702527,0.776018826600248));
#8115=CARTESIAN_POINT('Ctrl Pts',(0.526882568074561,-1.91913633605516,0.8));
#8116=CARTESIAN_POINT('Ctrl Pts',(0.460739693356935,-1.8202074901401,0.8));
#8117=CARTESIAN_POINT('Ctrl Pts',(0.890862183116241,-2.49376005590304,0.3));
#8118=CARTESIAN_POINT('Ctrl Pts',(0.890862183116241,-2.49376005590304,0.318699956271368));
#8119=CARTESIAN_POINT('Ctrl Pts',(0.889053542023061,-2.49092780490976,0.35609790279836));
#8120=CARTESIAN_POINT('Ctrl Pts',(0.878263311646323,-2.47403078713351,0.42995965856404));
#8121=CARTESIAN_POINT('Ctrl Pts',(0.851537007323423,-2.43217859089024,0.518764229663537));
#8122=CARTESIAN_POINT('Ctrl Pts',(0.799855688228202,-2.35124795855321,0.614371899751551));
#8123=CARTESIAN_POINT('Ctrl Pts',(0.731174778820575,-2.24369672872487,0.694184465498171));
#8124=CARTESIAN_POINT('Ctrl Pts',(0.62152935328579,-2.07199690030053,0.774346123223636));
#8125=CARTESIAN_POINT('Ctrl Pts',(0.525085867355582,-1.92097071834997,0.8));
#8126=CARTESIAN_POINT('Ctrl Pts',(0.460739693356935,-1.8202074901401,0.8));
#8127=CARTESIAN_POINT('Origin',(0.460739693356935,-1.8202074901401,0.3));
#8128=CARTESIAN_POINT('Ctrl Pts',(1.04904324688034,-2.27029341966281,0.3));
#8129=CARTESIAN_POINT('Ctrl Pts',(1.04904324688034,-2.27029341966281,0.329919930034188));
#8130=CARTESIAN_POINT('Ctrl Pts',(1.03909686319529,-2.26268386619426,0.389764377501447));
#8131=CARTESIAN_POINT('Ctrl Pts',(0.980680178317869,-2.21799175485952,0.50337645847863));
#8132=CARTESIAN_POINT('Ctrl Pts',(0.812057638509138,-2.08898584946638,0.647629912217802));
#8133=CARTESIAN_POINT('Ctrl Pts',(0.592754702059071,-1.92120653654529,0.7));
#8134=CARTESIAN_POINT('Ctrl Pts',(0.460739693356935,-1.8202074901401,0.7));
#8135=CARTESIAN_POINT('Ctrl Pts',(1.05631878402616,-2.29039440768091,0.3));
#8136=CARTESIAN_POINT('Ctrl Pts',(1.05631878402616,-2.29039440768091,0.33324141191854));
#8137=CARTESIAN_POINT('Ctrl Pts',(1.04392262447639,-2.28098098275328,0.39940320420068));
#8138=CARTESIAN_POINT('Ctrl Pts',(0.978020594804699,-2.230875238013,0.51550083093891));
#8139=CARTESIAN_POINT('Ctrl Pts',(0.804861753985485,-2.09617068100756,0.652032110351066));
#8140=CARTESIAN_POINT('Ctrl Pts',(0.590059650980602,-1.92395810998751,0.7));
#8141=CARTESIAN_POINT('Ctrl Pts',(0.460739693356935,-1.8202074901401,0.7));
#8142=CARTESIAN_POINT('Ctrl Pts',(1.05749532196133,-2.33539151373561,0.3));
#8143=CARTESIAN_POINT('Ctrl Pts',(1.05749532196133,-2.33539151373561,0.338825899860423));
#8144=CARTESIAN_POINT('Ctrl Pts',(1.04135166990001,-2.32196658807018,0.415538690733025));
#8145=CARTESIAN_POINT('Ctrl Pts',(0.965537324746092,-2.25916273428586,0.53457146074212));
#8146=CARTESIAN_POINT('Ctrl Pts',(0.790275531768811,-2.11057646731316,0.658033111828347));
#8147=CARTESIAN_POINT('Ctrl Pts',(0.584669548823661,-1.92946125687196,0.7));
#8148=CARTESIAN_POINT('Ctrl Pts',(0.460739693356934,-1.82020749014009,0.7));
#8149=CARTESIAN_POINT('Ctrl Pts',(1.02181335703429,-2.38589314988991,0.3));
#8150=CARTESIAN_POINT('Ctrl Pts',(1.02181335703429,-2.38589314988991,0.340520655799675));
#8151=CARTESIAN_POINT('Ctrl Pts',(1.00591646597809,-2.36971541062305,0.42042800155621));
#8152=CARTESIAN_POINT('Ctrl Pts',(0.933710098607334,-2.29614790683822,0.540140419500706));
#8153=CARTESIAN_POINT('Ctrl Pts',(0.770394384143111,-2.13070567235717,0.659631028469111));
#8154=CARTESIAN_POINT('Ctrl Pts',(0.577258158357871,-1.93702808383807,0.7));
#8155=CARTESIAN_POINT('Ctrl Pts',(0.460739693356935,-1.8202074901401,0.7));
#8156=CARTESIAN_POINT('Ctrl Pts',(0.970980318935711,-2.40700525551391,0.3));
#8157=CARTESIAN_POINT('Ctrl Pts',(0.970980318935711,-2.40700525551391,0.33680049755152));
#8158=CARTESIAN_POINT('Ctrl Pts',(0.958790552066031,-2.39242423397255,0.409695990403205));
#8159=CARTESIAN_POINT('Ctrl Pts',(0.89940200589353,-2.321182873802,0.527756803450334));
#8160=CARTESIAN_POINT('Ctrl Pts',(0.75259511049823,-2.14924460538943,0.655960702613096));
#8161=CARTESIAN_POINT('Ctrl Pts',(0.570520530661696,-1.94390701744363,0.7));
#8162=CARTESIAN_POINT('Ctrl Pts',(0.460739693356934,-1.8202074901401,0.7));
#8163=CARTESIAN_POINT('Ctrl Pts',(0.938123355722485,-2.40418642925201,0.3));
#8164=CARTESIAN_POINT('Ctrl Pts',(0.938123355722485,-2.40418642925201,0.332416698269974));
#8165=CARTESIAN_POINT('Ctrl Pts',(0.928919398383091,-2.39258854936922,0.397004929692123));
#8166=CARTESIAN_POINT('Ctrl Pts',(0.878826383924112,-2.32958593076518,0.512474389198096));
#8167=CARTESIAN_POINT('Ctrl Pts',(0.742013442685199,-2.16036923348695,0.650926988441678));
#8168=CARTESIAN_POINT('Ctrl Pts',(0.566477954043993,-1.94803437760697,0.7));
#8169=CARTESIAN_POINT('Ctrl Pts',(0.460739693356935,-1.8202074901401,0.7));
#8170=CARTESIAN_POINT('Ctrl Pts',(0.92293762077941,-2.39904381495823,0.3));
#8171=CARTESIAN_POINT('Ctrl Pts',(0.92293762077941,-2.39904381495823,0.329919930034189));
#8172=CARTESIAN_POINT('Ctrl Pts',(0.915123291090177,-2.38925749267103,0.389764377501447));
#8173=CARTESIAN_POINT('Ctrl Pts',(0.869228496616253,-2.33178087370452,0.50337645847863));
#8174=CARTESIAN_POINT('Ctrl Pts',(0.736750989129621,-2.16587187886705,0.647629912217802));
#8175=CARTESIAN_POINT('Ctrl Pts',(0.56445666573514,-1.95009805768864,0.7));
#8176=CARTESIAN_POINT('Ctrl Pts',(0.460739693356935,-1.8202074901401,0.7));
#8177=CARTESIAN_POINT('',(0.92293762077941,-2.39904381495823,0.3));
#8178=CARTESIAN_POINT('',(1.04904324688034,-2.27029341966281,0.3));
#8179=CARTESIAN_POINT('Origin',(0.95501305844258,-2.30432757401341,0.3));
#8180=CARTESIAN_POINT('',(0.460739693356935,-1.8202074901401,0.7));
#8181=CARTESIAN_POINT('Origin',(0.460739693356935,-1.8202074901401,0.3));
#8182=CARTESIAN_POINT('Origin',(0.460739693356935,-1.8202074901401,0.3));
#8183=CARTESIAN_POINT('Ctrl Pts',(-0.857149055992445,-2.39904381495823,
0.3));
#8184=CARTESIAN_POINT('Ctrl Pts',(-0.857149055992445,-2.39904381495823,
0.329919930034188));
#8185=CARTESIAN_POINT('Ctrl Pts',(-0.851296102411681,-2.39171383371208,
0.374797091471917));
#8186=CARTESIAN_POINT('Ctrl Pts',(-0.822548957437128,-2.35571217563697,
0.461179717888782));
#8187=CARTESIAN_POINT('Ctrl Pts',(-0.754790390988172,-2.27085433173235,
0.567476825325153));
#8188=CARTESIAN_POINT('Ctrl Pts',(-0.602355229819246,-2.07995125054344,
0.672693558325978));
#8189=CARTESIAN_POINT('Ctrl Pts',(-0.464095776822096,-1.90680120183912,
0.7));
#8190=CARTESIAN_POINT('Ctrl Pts',(-0.394951128569958,-1.8202074901401,0.7));
#8191=CARTESIAN_POINT('Ctrl Pts',(-0.87739670258321,-2.40590063401661,0.3));
#8192=CARTESIAN_POINT('Ctrl Pts',(-0.87739670258321,-2.40590063401661,0.33324141191854));
#8193=CARTESIAN_POINT('Ctrl Pts',(-0.870211184415859,-2.39683336138205,
0.382829073704379));
#8194=CARTESIAN_POINT('Ctrl Pts',(-0.837490767237691,-2.35560361738789,
0.47303177597049));
#8195=CARTESIAN_POINT('Ctrl Pts',(-0.76497390942463,-2.26516795790003,0.576784906731356));
#8196=CARTESIAN_POINT('Ctrl Pts',(-0.607782814302984,-2.0744747929201,0.674843988295965));
#8197=CARTESIAN_POINT('Ctrl Pts',(-0.465892477541076,-1.90496681954431,
0.7));
#8198=CARTESIAN_POINT('Ctrl Pts',(-0.394951128569958,-1.8202074901401,0.7));
#8199=CARTESIAN_POINT('Ctrl Pts',(-0.922408536874978,-2.4061431953629,0.3));
#8200=CARTESIAN_POINT('Ctrl Pts',(-0.922408536874978,-2.4061431953629,0.338825899860423));
#8201=CARTESIAN_POINT('Ctrl Pts',(-0.912295947092423,-2.39445912404963,
0.396277230413869));
#8202=CARTESIAN_POINT('Ctrl Pts',(-0.870456940874544,-2.34610614650634,
0.492177782995657));
#8203=CARTESIAN_POINT('Ctrl Pts',(-0.786610723547994,-2.24991127755476,
0.590759846943467));
#8204=CARTESIAN_POINT('Ctrl Pts',(-0.618612334521585,-2.0635332888723,0.677832469079539));
#8205=CARTESIAN_POINT('Ctrl Pts',(-0.469485878979035,-1.90129805495468,
0.7));
#8206=CARTESIAN_POINT('Ctrl Pts',(-0.394951128569958,-1.82020749014009,
0.7));
#8207=CARTESIAN_POINT('Ctrl Pts',(-0.972158809320191,-2.36942080971903,
0.3));
#8208=CARTESIAN_POINT('Ctrl Pts',(-0.972158809320191,-2.36942080971903,
0.340520655799674));
#8209=CARTESIAN_POINT('Ctrl Pts',(-0.960034527304869,-2.35799949430639,
0.400354025794126));
#8210=CARTESIAN_POINT('Ctrl Pts',(-0.911027446279544,-2.31183485226267,
0.497860763921329));
#8211=CARTESIAN_POINT('Ctrl Pts',(-0.815817705825741,-2.22200414248557,
0.594727361699247));
#8212=CARTESIAN_POINT('Ctrl Pts',(-0.63345765151654,-2.04842156810119,0.67864116443504));
#8213=CARTESIAN_POINT('Ctrl Pts',(-0.474426805956229,-1.89625350364393,
0.7));
#8214=CARTESIAN_POINT('Ctrl Pts',(-0.394951128569958,-1.8202074901401,0.7));
#8215=CARTESIAN_POINT('Ctrl Pts',(-0.992211441025316,-2.31816058269392,
0.3));
#8216=CARTESIAN_POINT('Ctrl Pts',(-0.992211441025316,-2.31816058269392,
0.33680049755152));
#8217=CARTESIAN_POINT('Ctrl Pts',(-0.981250949163449,-2.30939637960961,
0.391407991922545));
#8218=CARTESIAN_POINT('Ctrl Pts',(-0.934547675915559,-2.27202910671753,
0.485297313160849));
#8219=CARTESIAN_POINT('Ctrl Pts',(-0.838501846486551,-2.194543313112,0.585818757014762));
#8220=CARTESIAN_POINT('Ctrl Pts',(-0.646889868421778,-2.03462509243901,
0.676794722473749));
#8221=CARTESIAN_POINT('Ctrl Pts',(-0.478918557753678,-1.89166754790689,
0.7));
#8222=CARTESIAN_POINT('Ctrl Pts',(-0.394951128569958,-1.82020749014009,
0.7));
#8223=CARTESIAN_POINT('Ctrl Pts',(-0.988711334952733,-2.2853691606764,0.3));
#8224=CARTESIAN_POINT('Ctrl Pts',(-0.988711334952733,-2.2853691606764,0.332416698269974));
#8225=CARTESIAN_POINT('Ctrl Pts',(-0.979935796344247,-2.27870455966886,
0.380830131092404));
#8226=CARTESIAN_POINT('Ctrl Pts',(-0.939363847796156,-2.24779168934607,
0.470076393633689));
#8227=CARTESIAN_POINT('Ctrl Pts',(-0.848865408076918,-2.17832616738621,
0.574456066991356));
#8228=CARTESIAN_POINT('Ctrl Pts',(-0.654923383795766,-2.02632381774561,
0.674305112441952));
#8229=CARTESIAN_POINT('Ctrl Pts',(-0.481613608832148,-1.88891597446467,
0.7));
#8230=CARTESIAN_POINT('Ctrl Pts',(-0.394951128569958,-1.8202074901401,0.7));
#8231=CARTESIAN_POINT('Ctrl Pts',(-0.983254682093368,-2.27029341966283,
0.3));
#8232=CARTESIAN_POINT('Ctrl Pts',(-0.983254682093368,-2.27029341966283,
0.329919930034189));
#8233=CARTESIAN_POINT('Ctrl Pts',(-0.975804814437377,-2.26459384401232,
0.374797091471917));
#8234=CARTESIAN_POINT('Ctrl Pts',(-0.939214326815559,-2.23660002426685,
0.461179717888783));
#8235=CARTESIAN_POINT('Ctrl Pts',(-0.852968580007752,-2.17061708588939,
0.567476825325154));
#8236=CARTESIAN_POINT('Ctrl Pts',(-0.658943159994089,-2.022176521499,0.672693558325978));
#8237=CARTESIAN_POINT('Ctrl Pts',(-0.482961134371382,-1.88754018774356,
0.7));
#8238=CARTESIAN_POINT('Ctrl Pts',(-0.394951128569958,-1.8202074901401,0.7));
#8239=CARTESIAN_POINT('',(-0.983254682093368,-2.27029341966283,0.3));
#8240=CARTESIAN_POINT('',(-0.857149055992444,-2.39904381495823,0.3));
#8241=CARTESIAN_POINT('Origin',(-0.889224493655613,-2.30432757401342,0.3));
#8242=CARTESIAN_POINT('',(-0.394951128569958,-1.8202074901401,0.7));
#8243=CARTESIAN_POINT('Origin',(-0.394951128569958,-1.8202074901401,0.3));
#8244=CARTESIAN_POINT('Origin',(-0.394951128569958,-1.8202074901401,0.3));
#8245=CARTESIAN_POINT('Origin',(0.0921351479813905,-0.474476554746155,0.3));
#8246=CARTESIAN_POINT('',(-0.0752513061891025,-0.936934933040018,0.7));
#8247=CARTESIAN_POINT('',(0.0921351479813905,-0.474476554746155,0.7));
#8248=CARTESIAN_POINT('',(-0.528837796603159,-1.01482207955605,0.3));
#8249=CARTESIAN_POINT('',(-0.283985605769633,-0.338339937343774,0.3));
#8250=CARTESIAN_POINT('Origin',(-0.0752513061891025,-0.936934933040018,
0.3));
#8251=CARTESIAN_POINT('Origin',(-0.750173904379298,0.277925743702337,0.3));
#8252=CARTESIAN_POINT('',(-0.926381437054694,0.595099302518055,0.7));
#8253=CARTESIAN_POINT('',(-0.750173904379298,0.277925743702337,0.7));
#8254=CARTESIAN_POINT('',(-0.535452257428761,-0.932223632087592,0.3));
#8255=CARTESIAN_POINT('Origin',(-0.0752513061891025,-0.936934933040018,
0.3));
#8256=CARTESIAN_POINT('',(-1.27002672567645,0.390010410758247,0.3));
#8257=CARTESIAN_POINT('',(-1.09983681482791,0.083668571230885,0.3));
#8258=CARTESIAN_POINT('Ctrl Pts',(-0.926381437054694,0.595099302518055,
0.7));
#8259=CARTESIAN_POINT('Ctrl Pts',(-0.926754701500543,0.594874794277549,
0.7));
#8260=CARTESIAN_POINT('Ctrl Pts',(-0.927127968744844,0.594650291390924,
0.699999289353139));
#8261=CARTESIAN_POINT('Ctrl Pts',(-0.927501237282711,0.594425794744072,
0.699997868060958));
#8262=CARTESIAN_POINT('Ctrl Pts',(-1.01236458289636,0.543386034897715,0.699674734452663));
#8263=CARTESIAN_POINT('Ctrl Pts',(-1.09657901164765,0.493121311398234,0.661124522688911));
#8264=CARTESIAN_POINT('Ctrl Pts',(-1.15898867380532,0.455974751968448,0.594301039210065));
#8265=CARTESIAN_POINT('Ctrl Pts',(-1.22181006263079,0.418583130658725,0.527036710367971));
#8266=CARTESIAN_POINT('Ctrl Pts',(-1.26189319745539,0.394833730113335,0.431758379266626));
#8267=CARTESIAN_POINT('Ctrl Pts',(-1.268877966431,0.390691634002299,0.332653326114141));
#8268=CARTESIAN_POINT('Ctrl Pts',(-1.26964425842583,0.390237208794712,0.321780610188555));
#8269=CARTESIAN_POINT('Ctrl Pts',(-1.27002672567646,0.39001041075827,0.310887058739628));
#8270=CARTESIAN_POINT('Ctrl Pts',(-1.27002672567646,0.39001041075827,0.3));
#8271=CARTESIAN_POINT('Origin',(-0.694786206915427,2.01830716809754,0.3));
#8272=CARTESIAN_POINT('',(-0.280268481153541,2.62847124450143,0.7));
#8273=CARTESIAN_POINT('',(-0.492100462265938,3.02847124450143,0.3));
#8274=CARTESIAN_POINT('Origin',(-0.280268481153541,2.62847124450143,0.3));
#8275=CARTESIAN_POINT('',(-0.907175371902192,1.70567339965216,0.7));
#8276=CARTESIAN_POINT('',(-0.694786206915427,2.01830716809754,0.7));
#8277=CARTESIAN_POINT('',(-1.23804524751746,1.93045134654718,0.3));
#8278=CARTESIAN_POINT('Origin',(-0.907175371902192,1.70567339965216,0.3));
#8279=CARTESIAN_POINT('',(-1.02565608253069,2.24308511499255,0.3));
#8280=CARTESIAN_POINT('Origin',(-0.0681992543909822,1.13571117859037,0.3));
#8281=CARTESIAN_POINT('',(-1.2723027079208,0.39389822683254,0.3));
#8282=CARTESIAN_POINT('Origin',(-0.0681992543909822,1.13571117859037,0.3));
#8283=CARTESIAN_POINT('Origin',(-0.0681992543909822,1.13571117859037,0.7));
#8284=CARTESIAN_POINT('Ctrl Pts',(-0.926381437054694,0.595099302518055,
0.7));
#8285=CARTESIAN_POINT('Ctrl Pts',(-0.926757753839825,0.594879948981912,
0.7));
#8286=CARTESIAN_POINT('Ctrl Pts',(-0.927134070851755,0.594660596717209,
0.699999289353139));
#8287=CARTESIAN_POINT('Ctrl Pts',(-0.927510386582944,0.594441246603827,
0.699997868060958));
#8288=CARTESIAN_POINT('Ctrl Pts',(-1.01306736577913,0.544571067038966,0.699674731249466));
#8289=CARTESIAN_POINT('Ctrl Pts',(-1.09783413518474,0.495249960263359,0.661123717526123));
#8290=CARTESIAN_POINT('Ctrl Pts',(-1.16062492901315,0.458757172305609,0.5942990519549));
#8291=CARTESIAN_POINT('Ctrl Pts',(-1.2238317027155,0.422022624936822,0.527031682696309));
#8292=CARTESIAN_POINT('Ctrl Pts',(-1.26412833907949,0.398642386032953,0.431748197124863));
#8293=CARTESIAN_POINT('Ctrl Pts',(-1.2711486473291,0.394568004990296,0.332639271448563));
#8294=CARTESIAN_POINT('Ctrl Pts',(-1.27191847762857,0.394121218059193,0.321771222465361));
#8295=CARTESIAN_POINT('Ctrl Pts',(-1.27230270792081,0.393898226832562,0.310882367674873));
#8296=CARTESIAN_POINT('Ctrl Pts',(-1.27230270792081,0.393898226832562,0.3));
#8297=CARTESIAN_POINT('Origin',(0.133987819177959,1.13571117859037,0.3));
#8298=CARTESIAN_POINT('',(1.33809127270778,0.393898226832541,0.3));
#8299=CARTESIAN_POINT('',(1.30383381230444,1.93045134654718,0.3));
#8300=CARTESIAN_POINT('Origin',(0.133987819177959,1.13571117859037,0.3));
#8301=CARTESIAN_POINT('',(0.992170001841678,0.595099302518067,0.7));
#8302=CARTESIAN_POINT('Ctrl Pts',(0.992170001842172,0.595099302517801,0.7));
#8303=CARTESIAN_POINT('Ctrl Pts',(0.99254631862718,0.594879948981729,0.699999999999999));
#8304=CARTESIAN_POINT('Ctrl Pts',(0.992922635638829,0.594660596717119,0.699999289353138));
#8305=CARTESIAN_POINT('Ctrl Pts',(0.993298951369896,0.59444124660381,0.699997868060958));
#8306=CARTESIAN_POINT('Ctrl Pts',(1.07851598937876,0.544769214849609,0.699676015160057));
#8307=CARTESIAN_POINT('Ctrl Pts',(1.16307024639681,0.49557137162438,0.661335533202763));
#8308=CARTESIAN_POINT('Ctrl Pts',(1.22569878644377,0.459172548225277,0.595057537569693));
#8309=CARTESIAN_POINT('Ctrl Pts',(1.28957833573078,0.422046655915335,0.527455634579258));
#8310=CARTESIAN_POINT('Ctrl Pts',(1.33033448655202,0.398400027878212,0.430870175288298));
#8311=CARTESIAN_POINT('Ctrl Pts',(1.33705064898373,0.394502169604805,0.330996212069728));
#8312=CARTESIAN_POINT('Ctrl Pts',(1.33774434901934,0.394099567009864,0.320680414537235));
#8313=CARTESIAN_POINT('Ctrl Pts',(1.33809127270778,0.393898226832543,0.310340514185904));
#8314=CARTESIAN_POINT('Ctrl Pts',(1.33809127270778,0.393898226832543,0.3));
#8315=CARTESIAN_POINT('',(0.972963936689168,1.70567339965216,0.7));
#8316=CARTESIAN_POINT('Origin',(0.133987819177959,1.13571117859037,0.7));
#8317=CARTESIAN_POINT('Origin',(0.972963936689168,1.70567339965216,0.3));
#8318=CARTESIAN_POINT('Origin',(1.14842690114102,1.44739446248229,0.3));
#8319=CARTESIAN_POINT('',(0.346057045940517,2.62847124450143,0.7));
#8320=CARTESIAN_POINT('',(1.14842690114102,1.44739446248229,0.7));
#8321=CARTESIAN_POINT('',(0.557889027052915,3.02847124450143,0.3));
#8322=CARTESIAN_POINT('Origin',(0.346057045940517,2.62847124450143,0.3));
#8323=CARTESIAN_POINT('',(1.47929677675629,1.6721724093773,0.3));
#8324=CARTESIAN_POINT('Origin',(0.448675235042431,-0.383191277720581,0.3));
#8325=CARTESIAN_POINT('',(0.14103987097608,-0.936934933040017,0.7));
#8326=CARTESIAN_POINT('',(0.448675235042431,-0.383191277720581,0.7));
#8327=CARTESIAN_POINT('',(1.33581529046342,0.390010410758248,0.3));
#8328=CARTESIAN_POINT('Ctrl Pts',(0.992170001843049,0.595099302519258,0.700000001055747));
#8329=CARTESIAN_POINT('Ctrl Pts',(0.992543265991926,0.594874794469729,0.700000000060747));
#8330=CARTESIAN_POINT('Ctrl Pts',(0.992916527519398,0.594650316098323,0.699998624258866));
#8331=CARTESIAN_POINT('Ctrl Pts',(0.99328980401635,0.594425784122497,0.699998161556183));
#8332=CARTESIAN_POINT('Ctrl Pts',(1.02695753114575,0.574174090389681,0.699956428021434));
#8333=CARTESIAN_POINT('Ctrl Pts',(1.06052892486302,0.554049428154453,0.693861895955802));
#8334=CARTESIAN_POINT('Ctrl Pts',(1.09267423687484,0.534811867138961,0.682335947178434));
#8335=CARTESIAN_POINT('Ctrl Pts',(1.12481727989018,0.515575664018459,0.670810811967198));
#8336=CARTESIAN_POINT('Ctrl Pts',(1.15553848498651,0.497233285778827,0.653854964656108));
#8337=CARTESIAN_POINT('Ctrl Pts',(1.1835132745855,0.480554190124748,0.632089522391012));
#8338=CARTESIAN_POINT('Ctrl Pts',(1.18727542638525,0.478311124470538,0.629162426281843));
#8339=CARTESIAN_POINT('Ctrl Pts',(1.19098795001872,0.476098217022358,0.626148343852922));
#8340=CARTESIAN_POINT('Ctrl Pts',(1.19464762312882,0.473917340240955,0.623048786093547));
#8341=CARTESIAN_POINT('Ctrl Pts',(1.22369119378822,0.456609660840482,0.59845035282123));
#8342=CARTESIAN_POINT('Ctrl Pts',(1.24940615461048,0.441319324420259,0.56846845984157));
#8343=CARTESIAN_POINT('Ctrl Pts',(1.27043582051527,0.428822110757014,0.534584808383808));
#8344=CARTESIAN_POINT('Ctrl Pts',(1.27288724956224,0.427365310029936,0.530634989695432));
#8345=CARTESIAN_POINT('Ctrl Pts',(1.27527501200309,0.425946463928464,0.526632152555771));
#8346=CARTESIAN_POINT('Ctrl Pts',(1.27759819875968,0.424566092474223,0.522579372994458));
#8347=CARTESIAN_POINT('Ctrl Pts',(1.30235714180565,0.409855033141252,0.479387607178969));
#8348=CARTESIAN_POINT('Ctrl Pts',(1.31978497179939,0.39951987091438,0.430523275101174));
#8349=CARTESIAN_POINT('Ctrl Pts',(1.32877834705966,0.394184199086881,0.379710659049522));
#8350=CARTESIAN_POINT('Ctrl Pts',(1.33341941029529,0.391430706695053,0.353488628116881));
#8351=CARTESIAN_POINT('Ctrl Pts',(1.33581529046342,0.39001041075825,0.326747758350225));
#8352=CARTESIAN_POINT('Ctrl Pts',(1.33581529046342,0.39001041075825,0.3));
#8353=CARTESIAN_POINT('',(0.601240822215737,-0.932223632087592,0.3));
#8354=CARTESIAN_POINT('',(0.798338145491047,-0.577448450192034,0.3));
#8355=CARTESIAN_POINT('Origin',(0.14103987097608,-0.936934933040017,0.3));
#8356=CARTESIAN_POINT('Origin',(0.20086185955069,-1.10221222479954,0.3));
#8357=CARTESIAN_POINT('',(0.594626361390136,-1.01482207955605,0.3));
#8358=CARTESIAN_POINT('',(0.576982613301713,-0.966075607397158,0.3));
#8359=CARTESIAN_POINT('',(0.20086185955069,-1.10221222479954,0.7));
#8360=CARTESIAN_POINT('Origin',(0.14103987097608,-0.936934933040017,0.3));
#8361=CARTESIAN_POINT('Origin',(-0.174387204147283,-1.74551402323313,0.3));
#8362=CARTESIAN_POINT('',(-0.0633320305960186,-2.13021950077435,0.3));
#8363=CARTESIAN_POINT('',(-0.0460854534946078,-2.12437898701239,0.3));
#8364=CARTESIAN_POINT('',(-0.191633781248694,-1.75135453699509,0.7));
#8365=CARTESIAN_POINT('',(-0.174387204147283,-1.74551402323313,0.7));
#8366=CARTESIAN_POINT('Origin',(-0.191633781248694,-1.75135453699509,0.3));
#8367=CARTESIAN_POINT('Origin',(0.0328942823934876,-2.4143682236088,0.3));
#8368=CARTESIAN_POINT('',(0.129120595382993,-2.13021950077435,0.3));
#8369=CARTESIAN_POINT('Origin',(0.0328942823934876,-2.4143682236088,0.3));
#8370=CARTESIAN_POINT('',(0.257422346035666,-1.75135453699509,0.7));
#8371=CARTESIAN_POINT('Origin',(0.0328942823934876,-2.4143682236088,0.7));
#8372=CARTESIAN_POINT('Origin',(0.257422346035666,-1.75135453699509,0.3));
#8373=CARTESIAN_POINT('Origin',(-0.156732743763953,-1.61110186614119,0.3));
#8374=CARTESIAN_POINT('',(-0.285034494416628,-1.98996682992045,0.3));
#8375=CARTESIAN_POINT('',(-0.156732743763953,-1.61110186614119,0.7));
#8376=CARTESIAN_POINT('Origin',(0.610847022331014,3.02847124450143,0.));
#8377=CARTESIAN_POINT('',(-0.467025421904691,3.02847124450143,0.0499999999999999));
#8378=CARTESIAN_POINT('',(-0.467025421904691,3.02847124450143,-6.12323399573677E-17));
#8379=CARTESIAN_POINT('',(-0.467025421904691,3.02847124450143,1.09273919746571E-16));
#8380=CARTESIAN_POINT('',(-0.367025421904691,3.02847124450143,0.3));
#8381=CARTESIAN_POINT('Origin',(0.0329745780953087,3.02847124450143,0.));
#8382=CARTESIAN_POINT('',(0.321870652362251,3.02847124450143,0.3));
#8383=CARTESIAN_POINT('',(-0.492100462265938,3.02847124450143,0.05));
#8384=CARTESIAN_POINT('',(-0.492100462265938,3.02847124450143,0.));
#8385=CARTESIAN_POINT('',(0.321870652362251,3.02847124450143,0.05));
#8386=CARTESIAN_POINT('Origin',(0.0328942823934883,0.312071835244005,0.7));
#8387=CARTESIAN_POINT('',(0.321870652362251,2.62847124450143,0.7));
#8388=CARTESIAN_POINT('',(0.461042507501739,0.241894129689537,0.7));
#8389=CARTESIAN_POINT('Origin',(0.555530696478116,0.241894129689537,0.7));
#8390=CARTESIAN_POINT('',(-0.0783275712384152,0.245831137563551,0.7));
#8391=CARTESIAN_POINT('Origin',(0.0161606177379628,0.245831137563551,0.7));
#8392=CARTESIAN_POINT('',(0.524034633485992,1.39169727929583,0.7));
#8393=CARTESIAN_POINT('',(0.524034633485992,1.88342956276039,0.7));
#8394=CARTESIAN_POINT('',(0.524034633485992,1.1352506990022,0.7));
#8395=CARTESIAN_POINT('',(0.449034633485992,1.95842956276039,0.7));
#8396=CARTESIAN_POINT('Origin',(0.449034633485992,1.88342956276039,0.7));
#8397=CARTESIAN_POINT('',(-0.436398437380146,1.95842956276039,0.7));
#8398=CARTESIAN_POINT('',(-0.239252077493329,1.95842956276039,0.7));
#8399=CARTESIAN_POINT('',(-0.511398437380146,1.88342956276039,0.7));
#8400=CARTESIAN_POINT('Origin',(-0.436398437380146,1.88342956276039,0.7));
#8401=CARTESIAN_POINT('',(-0.511398437380146,1.39169727929583,0.7));
#8402=CARTESIAN_POINT('',(-0.511398437380146,0.814384557269918,0.7));
#8403=CARTESIAN_POINT('',(-0.436398437380146,1.31669727929583,0.7));
#8404=CARTESIAN_POINT('Origin',(-0.436398437380146,1.39169727929583,0.7));
#8405=CARTESIAN_POINT('',(0.449034633485992,1.31669727929583,0.7));
#8406=CARTESIAN_POINT('',(0.27846445793974,1.31669727929583,0.7));
#8407=CARTESIAN_POINT('Origin',(0.449034633485992,1.39169727929583,0.7));
#8408=CARTESIAN_POINT('',(-0.621634657852586,0.245831137563551,0.7));
#8409=CARTESIAN_POINT('Origin',(-0.527146468876208,0.245831137563551,0.7));
#8410=CARTESIAN_POINT('Ctrl Pts',(-0.0719440757763015,-0.978234156774247,
0.708986614468273));
#8411=CARTESIAN_POINT('Ctrl Pts',(-0.176300298502303,-0.986590974224024,
0.708986614468273));
#8412=CARTESIAN_POINT('Ctrl Pts',(-0.349221604247904,-1.00043846455613,
0.652851264551758));
#8413=CARTESIAN_POINT('Ctrl Pts',(-0.499099305943716,-1.01244062945005,
0.479403832309304));
#8414=CARTESIAN_POINT('Ctrl Pts',(-0.528837796603159,-1.01482207955605,
0.359839860068377));
#8415=CARTESIAN_POINT('Ctrl Pts',(-0.528837796603159,-1.01482207955605,
0.3));
#8416=CARTESIAN_POINT('Ctrl Pts',(-0.074013115726057,-0.952396905317781,
0.697187237770536));
#8417=CARTESIAN_POINT('Ctrl Pts',(-0.175933870519116,-0.960558691169167,
0.697187237770536));
#8418=CARTESIAN_POINT('Ctrl Pts',(-0.344865939072363,-0.974086724490375,
0.642217619364441));
#8419=CARTESIAN_POINT('Ctrl Pts',(-0.490372923882927,-0.985738883585114,
0.473600581026213));
#8420=CARTESIAN_POINT('Ctrl Pts',(-0.519145112158031,-0.988042952463469,
0.357873474468863));
#8421=CARTESIAN_POINT('Ctrl Pts',(-0.519145112158031,-0.988042952463469,
0.3));
#8422=CARTESIAN_POINT('Ctrl Pts',(-0.076489496652148,-0.921472960762254,
0.697187237770536));
#8423=CARTESIAN_POINT('Ctrl Pts',(-0.178410251445207,-0.92963474661364,
0.697187237770536));
#8424=CARTESIAN_POINT('Ctrl Pts',(-0.347342319998455,-0.943162779934847,
0.642217619364441));
#8425=CARTESIAN_POINT('Ctrl Pts',(-0.492849304809018,-0.954814939029587,
0.473600581026213));
#8426=CARTESIAN_POINT('Ctrl Pts',(-0.521621493084122,-0.957119007907942,
0.357873474468863));
#8427=CARTESIAN_POINT('Ctrl Pts',(-0.521621493084122,-0.957119007907942,
0.3));
#8428=CARTESIAN_POINT('Ctrl Pts',(-0.0785585366019035,-0.895635709305789,
0.708986614468273));
#8429=CARTESIAN_POINT('Ctrl Pts',(-0.182914759327905,-0.903992526755566,
0.708986614468273));
#8430=CARTESIAN_POINT('Ctrl Pts',(-0.355836065073507,-0.917840017087669,
0.652851264551758));
#8431=CARTESIAN_POINT('Ctrl Pts',(-0.505713766769318,-0.929842181981589,
0.479403832309304));
#8432=CARTESIAN_POINT('Ctrl Pts',(-0.535452257428761,-0.932223632087592,
0.359839860068377));
#8433=CARTESIAN_POINT('Ctrl Pts',(-0.535452257428761,-0.932223632087592,
0.3));
#8434=CARTESIAN_POINT('Origin',(-0.622867985040915,-0.980787925205455,0.3));
#8435=CARTESIAN_POINT('Ctrl Pts',(-0.925130729640178,0.592987143164199,
0.700030131970542));
#8436=CARTESIAN_POINT('Ctrl Pts',(-0.925505564063182,0.592765186335416,
0.700030131970542));
#8437=CARTESIAN_POINT('Ctrl Pts',(-0.925880446037222,0.59254322305114,0.700028751806131));
#8438=CARTESIAN_POINT('Ctrl Pts',(-0.998406157007775,0.549591634930715,
0.699939830684432));
#8439=CARTESIAN_POINT('Ctrl Pts',(-1.1058782891321,0.486255127693395,0.658452640766636));
#8440=CARTESIAN_POINT('Ctrl Pts',(-1.23489193222112,0.410552285483702,0.508596784266606));
#8441=CARTESIAN_POINT('Ctrl Pts',(-1.27002672567646,0.390010410758269,0.383483300515514));
#8442=CARTESIAN_POINT('Ctrl Pts',(-1.27002672567646,0.39001041075827,0.29999999999999));
#8443=CARTESIAN_POINT('Ctrl Pts',(-0.92589569371146,0.594278992880423,0.699993267475567));
#8444=CARTESIAN_POINT('Ctrl Pts',(-0.926270481573326,0.594057063635651,
0.699993266969431));
#8445=CARTESIAN_POINT('Ctrl Pts',(-0.92664532441228,0.593835123505747,0.699991888151639));
#8446=CARTESIAN_POINT('Ctrl Pts',(-0.999162457092898,0.550888608828346,
0.699902746199535));
#8447=CARTESIAN_POINT('Ctrl Pts',(-1.10662271375345,0.487559089046867,0.658420258566855));
#8448=CARTESIAN_POINT('Ctrl Pts',(-1.23562401007369,0.411863489340617,0.508578958106702));
#8449=CARTESIAN_POINT('Ctrl Pts',(-1.27075600277512,0.391323254760979,0.383476248855202));
#8450=CARTESIAN_POINT('Ctrl Pts',(-1.27075606446829,0.391323220583562,0.29999999999999));
#8451=CARTESIAN_POINT('Ctrl Pts',(-0.926661080929484,0.595571557194913,
0.699990229579635));
#8452=CARTESIAN_POINT('Ctrl Pts',(-0.927035860383116,0.595349632942163,
0.699990227692306));
#8453=CARTESIAN_POINT('Ctrl Pts',(-0.927410683298948,0.595127704584592,
0.69998885151015));
#8454=CARTESIAN_POINT('Ctrl Pts',(-0.999925461930534,0.552182584255798,
0.699899901618452));
#8455=CARTESIAN_POINT('Ctrl Pts',(-1.10738284234876,0.48885475580654,0.658418078088649));
#8456=CARTESIAN_POINT('Ctrl Pts',(-1.23638268331831,0.413160009721147,0.508578883915507));
#8457=CARTESIAN_POINT('Ctrl Pts',(-1.2715149865589,0.39261959317386,0.383476176682536));
#8458=CARTESIAN_POINT('Ctrl Pts',(-1.27151498188814,0.392619597719761,0.29999999999999));
#8459=CARTESIAN_POINT('Ctrl Pts',(-0.927426114714631,0.596863524641942,
0.700021021365067));
#8460=CARTESIAN_POINT('Ctrl Pts',(-0.927800911975282,0.59664158981871,0.700021021365067));
#8461=CARTESIAN_POINT('Ctrl Pts',(-0.928175757102272,0.596419648354529,
0.700019641716178));
#8462=CARTESIAN_POINT('Ctrl Pts',(-1.00069421400482,0.553472354673793,0.699930490397863));
#8463=CARTESIAN_POINT('Ctrl Pts',(-1.10815790252354,0.490140814181492,0.658446339499395));
#8464=CARTESIAN_POINT('Ctrl Pts',(-1.23716719528099,0.414440523341541,0.50859633455368));
#8465=CARTESIAN_POINT('Ctrl Pts',(-1.27230270792081,0.393898226832563,0.383483300515514));
#8466=CARTESIAN_POINT('Ctrl Pts',(-1.27230270792081,0.393898226832564,0.29999999999999));
#8467=CARTESIAN_POINT('Origin',(-1.35744245328861,0.341446117640396,0.299999999999994));
#8468=CARTESIAN_POINT('Ctrl Pts',(0.993214685730439,0.596863535159892,0.700021021615751));
#8469=CARTESIAN_POINT('Ctrl Pts',(0.993589482991289,0.596641600336541,0.70002102161575));
#8470=CARTESIAN_POINT('Ctrl Pts',(0.993964273941647,0.596419690789557,0.700019643924456));
#8471=CARTESIAN_POINT('Ctrl Pts',(1.06649353585135,0.553466039096592,0.699929948449149));
#8472=CARTESIAN_POINT('Ctrl Pts',(1.17399136794808,0.49011441633972,0.658425726494655));
#8473=CARTESIAN_POINT('Ctrl Pts',(1.30299625133144,0.414416862868708,0.508505477510773));
#8474=CARTESIAN_POINT('Ctrl Pts',(1.33809127270778,0.393898226832543,0.383442572361131));
#8475=CARTESIAN_POINT('Ctrl Pts',(1.33809127270778,0.393898226832543,0.3));
#8476=CARTESIAN_POINT('Ctrl Pts',(0.99244965194721,0.595571567716102,0.69999022964674));
#8477=CARTESIAN_POINT('Ctrl Pts',(0.992824431366298,0.59534964348401,0.699990227667542));
#8478=CARTESIAN_POINT('Ctrl Pts',(0.993199200173479,0.595127747002985,0.699988853621762));
#8479=CARTESIAN_POINT('Ctrl Pts',(1.06572478271844,0.552176269311179,0.699899358017864));
#8480=CARTESIAN_POINT('Ctrl Pts',(1.17321630237721,0.488828361132235,0.658397470253703));
#8481=CARTESIAN_POINT('Ctrl Pts',(1.30221173887443,0.413136349536651,0.508488027497348));
#8482=CARTESIAN_POINT('Ctrl Pts',(1.33730354993583,0.39261959400436,0.383435456263059));
#8483=CARTESIAN_POINT('Ctrl Pts',(1.33730354667511,0.39261959771974,0.3));
#8484=CARTESIAN_POINT('Ctrl Pts',(0.991684264728996,0.594279003401293,0.699993267359007));
#8485=CARTESIAN_POINT('Ctrl Pts',(0.992059052498217,0.594057074211507,0.699993266788396));
#8486=CARTESIAN_POINT('Ctrl Pts',(0.992433841338309,0.593835165893299,0.69999189005998));
#8487=CARTESIAN_POINT('Ctrl Pts',(1.06496177681276,0.550882294511347,0.699902200901894));
#8488=CARTESIAN_POINT('Ctrl Pts',(1.17245617344231,0.487532694570191,0.658399649978373));
#8489=CARTESIAN_POINT('Ctrl Pts',(1.30145306590693,0.411839828991952,0.508488099754193));
#8490=CARTESIAN_POINT('Ctrl Pts',(1.33654456582627,0.391323255783564,0.383435528678305));
#8491=CARTESIAN_POINT('Ctrl Pts',(1.33654462925525,0.391323220583542,0.3));
#8492=CARTESIAN_POINT('Ctrl Pts',(0.990919300655418,0.592987153681191,0.70003013167042));
#8493=CARTESIAN_POINT('Ctrl Pts',(0.991294135077813,0.592765196852768,0.70003013167042));
#8494=CARTESIAN_POINT('Ctrl Pts',(0.991668962870336,0.592543265488596,0.700028753469298));
#8495=CARTESIAN_POINT('Ctrl Pts',(1.06420547959333,0.549585318911174,0.699939286813785));
#8496=CARTESIAN_POINT('Ctrl Pts',(1.1717117574872,0.486228728128958,0.6584320249586));
#8497=CARTESIAN_POINT('Ctrl Pts',(1.30072098759247,0.41052862540886,0.508505925130757));
#8498=CARTESIAN_POINT('Ctrl Pts',(1.33581529046342,0.390010410758249,0.383442572361131));
#8499=CARTESIAN_POINT('Ctrl Pts',(1.33581529046342,0.390010410758249,0.3));
#8500=CARTESIAN_POINT('Origin',(1.42323101807558,0.341446117640386,0.3));
#8501=CARTESIAN_POINT('Ctrl Pts',(0.144347101388881,-0.895635709305788,
0.708986614468273));
#8502=CARTESIAN_POINT('Ctrl Pts',(0.248703324114882,-0.903992526755565,
0.708986614468273));
#8503=CARTESIAN_POINT('Ctrl Pts',(0.421623483312361,-0.917839925272413,
0.652848627232845));
#8504=CARTESIAN_POINT('Ctrl Pts',(0.571501822032037,-0.929842141179027,
0.47940306692922));
#8505=CARTESIAN_POINT('Ctrl Pts',(0.601240822215737,-0.932223632087592,
0.359839860068377));
#8506=CARTESIAN_POINT('Ctrl Pts',(0.601240822215737,-0.932223632087592,
0.3));
#8507=CARTESIAN_POINT('Ctrl Pts',(0.142278061439125,-0.921472960762253,
0.697187237770536));
#8508=CARTESIAN_POINT('Ctrl Pts',(0.244198816232184,-0.929634746613639,
0.697187237770536));
#8509=CARTESIAN_POINT('Ctrl Pts',(0.413129549245274,-0.943162672985161,
0.642214415271594));
#8510=CARTESIAN_POINT('Ctrl Pts',(0.558637153836128,-0.954814881711735,
0.47359950458054));
#8511=CARTESIAN_POINT('Ctrl Pts',(0.587410057871099,-0.957119007907942,
0.357873474468863));
#8512=CARTESIAN_POINT('Ctrl Pts',(0.587410057871099,-0.957119007907942,
0.3));
#8513=CARTESIAN_POINT('Ctrl Pts',(0.139801680513034,-0.95239690531778,0.697187237770536));
#8514=CARTESIAN_POINT('Ctrl Pts',(0.241722435306093,-0.960558691169166,
0.697187237770536));
#8515=CARTESIAN_POINT('Ctrl Pts',(0.410653168319183,-0.974086617540688,
0.642214415271594));
#8516=CARTESIAN_POINT('Ctrl Pts',(0.556160772910037,-0.985738826267262,
0.47359950458054));
#8517=CARTESIAN_POINT('Ctrl Pts',(0.584933676945008,-0.988042952463469,
0.357873474468863));
#8518=CARTESIAN_POINT('Ctrl Pts',(0.584933676945008,-0.988042952463469,
0.3));
#8519=CARTESIAN_POINT('Ctrl Pts',(0.137732640563279,-0.978234156774246,
0.708986614468273));
#8520=CARTESIAN_POINT('Ctrl Pts',(0.24208886328928,-0.986590974224023,0.708986614468273));
#8521=CARTESIAN_POINT('Ctrl Pts',(0.415009022486759,-1.00043837274087,0.652848627232845));
#8522=CARTESIAN_POINT('Ctrl Pts',(0.564887361206435,-1.01244058864749,0.47940306692922));
#8523=CARTESIAN_POINT('Ctrl Pts',(0.594626361390136,-1.01482207955605,0.359839860068377));
#8524=CARTESIAN_POINT('Ctrl Pts',(0.594626361390136,-1.01482207955605,0.3));
#8525=CARTESIAN_POINT('Origin',(0.688656549827891,-0.980787925205455,0.3));
#8526=CARTESIAN_POINT('Origin',(-0.527146468876208,0.245831137563551,0.8));
#8527=CARTESIAN_POINT('',(-0.621634657852586,0.245831137563551,0.8));
#8528=CARTESIAN_POINT('Origin',(-0.527146468876208,0.245831137563551,0.8));
#8529=CARTESIAN_POINT('',(-0.621634657852586,0.245831137563551,0.8));
#8530=CARTESIAN_POINT('Origin',(0.0161606177379628,0.245831137563551,0.8));
#8531=CARTESIAN_POINT('',(-0.0783275712384152,0.245831137563551,0.8));
#8532=CARTESIAN_POINT('Origin',(0.0161606177379628,0.245831137563551,0.8));
#8533=CARTESIAN_POINT('',(-0.0783275712384152,0.245831137563551,0.8));
#8534=CARTESIAN_POINT('Origin',(0.555530696478116,0.241894129689537,0.8));
#8535=CARTESIAN_POINT('',(0.461042507501739,0.241894129689537,0.8));
#8536=CARTESIAN_POINT('Origin',(0.555530696478116,0.241894129689537,0.8));
#8537=CARTESIAN_POINT('',(0.461042507501739,0.241894129689537,0.8));
#8538=CARTESIAN_POINT('Origin',(-0.511398437380146,1.31669727929583,0.8));
#8539=CARTESIAN_POINT('',(-0.511398437380146,1.39169727929583,0.8));
#8540=CARTESIAN_POINT('',(-0.511398437380146,1.39169727929583,0.8));
#8541=CARTESIAN_POINT('',(-0.511398437380146,1.88342956276039,0.8));
#8542=CARTESIAN_POINT('',(-0.511398437380146,1.88342956276039,0.8));
#8543=CARTESIAN_POINT('',(-0.511398437380146,0.814384557269918,0.8));
#8544=CARTESIAN_POINT('Origin',(-0.436398437380146,1.88342956276039,0.8));
#8545=CARTESIAN_POINT('',(-0.436398437380146,1.95842956276039,0.8));
#8546=CARTESIAN_POINT('Origin',(-0.436398437380146,1.88342956276039,0.8));
#8547=CARTESIAN_POINT('',(-0.436398437380146,1.95842956276039,0.8));
#8548=CARTESIAN_POINT('Origin',(-0.511398437380146,1.95842956276039,0.8));
#8549=CARTESIAN_POINT('',(0.449034633485992,1.95842956276039,0.8));
#8550=CARTESIAN_POINT('',(0.449034633485992,1.95842956276039,0.8));
#8551=CARTESIAN_POINT('',(-0.239252077493329,1.95842956276039,0.8));
#8552=CARTESIAN_POINT('Origin',(0.449034633485992,1.88342956276039,0.8));
#8553=CARTESIAN_POINT('',(0.524034633485992,1.88342956276039,0.8));
#8554=CARTESIAN_POINT('Origin',(0.449034633485992,1.88342956276039,0.8));
#8555=CARTESIAN_POINT('',(0.524034633485992,1.88342956276039,0.8));
#8556=CARTESIAN_POINT('Origin',(0.524034633485992,1.31669727929583,0.8));
#8557=CARTESIAN_POINT('',(0.449034633485992,1.31669727929583,0.8));
#8558=CARTESIAN_POINT('',(0.449034633485992,1.31669727929583,0.8));
#8559=CARTESIAN_POINT('',(-0.436398437380146,1.31669727929583,0.8));
#8560=CARTESIAN_POINT('',(-0.436398437380146,1.31669727929583,0.8));
#8561=CARTESIAN_POINT('',(0.27846445793974,1.31669727929583,0.8));
#8562=CARTESIAN_POINT('Origin',(-0.436398437380146,1.39169727929583,0.8));
#8563=CARTESIAN_POINT('Origin',(-0.436398437380146,1.39169727929583,0.8));
#8564=CARTESIAN_POINT('Origin',(0.524034633485992,1.95842956276039,0.8));
#8565=CARTESIAN_POINT('',(0.524034633485992,1.39169727929583,0.8));
#8566=CARTESIAN_POINT('',(0.524034633485992,1.39169727929583,0.8));
#8567=CARTESIAN_POINT('',(0.524034633485992,1.1352506990022,0.8));
#8568=CARTESIAN_POINT('Origin',(0.449034633485992,1.39169727929583,0.8));
#8569=CARTESIAN_POINT('Origin',(0.449034633485992,1.39169727929583,0.8));
#8570=CARTESIAN_POINT('Origin',(0.610847022331014,3.12847124450143,0.));
#8571=CARTESIAN_POINT('',(0.590737968790682,3.12847124450143,0.05));
#8572=CARTESIAN_POINT('',(0.321870652362251,3.12847124450143,0.05));
#8573=CARTESIAN_POINT('',(0.505838194796784,3.12847124450143,0.3));
#8574=CARTESIAN_POINT('Origin',(0.0329745780953087,3.12847124450143,4.37095678986282E-17));
#8575=CARTESIAN_POINT('',(0.321870652362251,3.12847124450143,0.3));
#8576=CARTESIAN_POINT('Origin',(0.321870652362251,2.62847124450143,0.3));
#8577=CARTESIAN_POINT('',(0.432974578095309,3.02847124450143,0.3));
#8578=CARTESIAN_POINT('Ctrl Pts',(-0.367025421904691,3.02847124450143,0.3));
#8579=CARTESIAN_POINT('Ctrl Pts',(-0.366712246264688,3.02847124450143,0.300417567520004));
#8580=CARTESIAN_POINT('Ctrl Pts',(-0.366398454480361,3.02847059063859,0.300834594348549));
#8581=CARTESIAN_POINT('Ctrl Pts',(-0.34815216587804,3.0283949930153,0.325004927748161));
#8582=CARTESIAN_POINT('Ctrl Pts',(-0.32818426115203,3.02619079678788,0.3469468470728));
#8583=CARTESIAN_POINT('Ctrl Pts',(-0.263321325041518,3.01606256827194,0.407213514125208));
#8584=CARTESIAN_POINT('Ctrl Pts',(-0.209167513797671,3.00327959844788,0.442012832267774));
#8585=CARTESIAN_POINT('Ctrl Pts',(-0.12081044620673,2.98749616136211,0.47681457856918));
#8586=CARTESIAN_POINT('Ctrl Pts',(-0.090165633499185,2.9828579836067,0.485616907944467));
#8587=CARTESIAN_POINT('Ctrl Pts',(-0.0284022522524615,2.9765385722506,0.497212406449887));
#8588=CARTESIAN_POINT('Ctrl Pts',(0.00271982301758859,2.9748814060152,0.5));
#8589=CARTESIAN_POINT('Ctrl Pts',(0.0632293331730289,2.9748814060152,0.5));
#8590=CARTESIAN_POINT('Ctrl Pts',(0.0943514084430791,2.9765385722506,0.497212406449887));
#8591=CARTESIAN_POINT('Ctrl Pts',(0.156114789689803,2.9828579836067,0.485616907944467));
#8592=CARTESIAN_POINT('Ctrl Pts',(0.186759602397348,2.98749616136211,0.47681457856918));
#8593=CARTESIAN_POINT('Ctrl Pts',(0.275116669988289,3.00327959844788,0.442012832267774));
#8594=CARTESIAN_POINT('Ctrl Pts',(0.329270481232135,3.01606256827194,0.407213514125208));
#8595=CARTESIAN_POINT('Ctrl Pts',(0.394133417342648,3.02619079678788,0.3469468470728));
#8596=CARTESIAN_POINT('Ctrl Pts',(0.414101322068657,3.0283949930153,0.32500492774816));
#8597=CARTESIAN_POINT('Ctrl Pts',(0.432347610670979,3.02847059063859,0.300834594348549));
#8598=CARTESIAN_POINT('Ctrl Pts',(0.432661402455305,3.02847124450143,0.300417567520004));
#8599=CARTESIAN_POINT('Ctrl Pts',(0.432974578095309,3.02847124450143,0.3));
#8600=CARTESIAN_POINT('',(0.321870652362251,3.02847124450143,0.3));
#8601=CARTESIAN_POINT('Origin',(0.0329745780953087,3.32847124450143,0.27990053565579));
#8602=CARTESIAN_POINT('',(-0.467025421904691,3.32847124450143,0.0500000000000002));
#8603=CARTESIAN_POINT('',(-0.524788812600065,3.32847124450143,0.0500000000000001));
#8604=CARTESIAN_POINT('',(0.0329344302443985,3.32847124450143,0.05));
#8605=CARTESIAN_POINT('',(0.592974542762609,3.32847124450143,-0.00019892868841938));
#8606=CARTESIAN_POINT('Origin',(0.0329745780953087,3.32847124450143,4.37095678986282E-17));
#8607=CARTESIAN_POINT('',(0.532974542875814,3.32847124450143,-0.000187668573626374));
#8608=CARTESIAN_POINT('',(0.533060447683403,3.32847124450143,-0.000187684695259725));
#8609=CARTESIAN_POINT('',(-0.467025421904691,3.32847124450143,2.18547839493141E-16));
#8610=CARTESIAN_POINT('Origin',(0.0329745780953087,3.32847124450143,4.37095678986282E-17));
#8611=CARTESIAN_POINT('',(-0.467025421904691,3.32847124450143,0.139950267827895));
#8612=CARTESIAN_POINT('Origin',(0.0329745780953087,3.12847124450143,4.37095678986282E-17));
#8613=CARTESIAN_POINT('',(-0.524788812600065,3.12847124450143,0.05));
#8614=CARTESIAN_POINT('Ctrl Pts',(0.505838194796784,3.12847124450143,0.3));
#8615=CARTESIAN_POINT('Ctrl Pts',(0.50204819799517,3.12847124450143,0.305973838649662));
#8616=CARTESIAN_POINT('Ctrl Pts',(0.498183143712012,3.12836407638994,0.311815242697679));
#8617=CARTESIAN_POINT('Ctrl Pts',(0.443505267799184,3.12558080035007,0.391253902484445));
#8618=CARTESIAN_POINT('Ctrl Pts',(0.373940536029329,3.10656940465263,0.453371695234776));
#8619=CARTESIAN_POINT('Ctrl Pts',(0.253715017337318,3.07967982457994,0.516647346210263));
#8620=CARTESIAN_POINT('Ctrl Pts',(0.210976209074408,3.07109770247834,0.532886211830267));
#8621=CARTESIAN_POINT('Ctrl Pts',(0.123004459266557,3.05899270932543,0.554569124491368));
#8622=CARTESIAN_POINT('Ctrl Pts',(0.0777566604126149,3.05555437458268,0.56));
#8623=CARTESIAN_POINT('Ctrl Pts',(-0.0118075042219975,3.05555437458268,
0.56));
#8624=CARTESIAN_POINT('Ctrl Pts',(-0.0570553030759392,3.05899270932543,
0.554569124491368));
#8625=CARTESIAN_POINT('Ctrl Pts',(-0.145027052883791,3.07109770247834,0.532886211830267));
#8626=CARTESIAN_POINT('Ctrl Pts',(-0.1877658611467,3.07967982457994,0.516647346210263));
#8627=CARTESIAN_POINT('Ctrl Pts',(-0.307991379838712,3.10656940465263,0.453371695234776));
#8628=CARTESIAN_POINT('Ctrl Pts',(-0.377556111608566,3.12558080035007,0.391253902484445));
#8629=CARTESIAN_POINT('Ctrl Pts',(-0.432233987521395,3.12836407638994,0.311815242697679));
#8630=CARTESIAN_POINT('Ctrl Pts',(-0.436099041804553,3.12847124450143,0.305973838649662));
#8631=CARTESIAN_POINT('Ctrl Pts',(-0.439889038606167,3.12847124450143,0.3));
#8632=CARTESIAN_POINT('',(0.592974542762609,3.12847124450143,-0.00019892868841938));
#8633=CARTESIAN_POINT('Origin',(0.0329745780953087,3.12847124450143,4.37095678986282E-17));
#8634=CARTESIAN_POINT('',(0.592974542762609,3.12847124450143,-0.00019892868841938));
#8635=CARTESIAN_POINT('Origin',(0.592974542762609,3.12847124450143,-0.00019892868841938));
#8636=CARTESIAN_POINT('',(0.532974542875814,3.12847124450143,-0.000187668573626374));
#8637=CARTESIAN_POINT('',(0.533060447683403,3.12847124450143,-0.000187684695259725));
#8638=CARTESIAN_POINT('',(0.532974542875814,3.12847124450143,-0.000187668573626374));
#8639=CARTESIAN_POINT('Origin',(0.0329745780953087,3.12847124450143,0.27990053565579));
#8640=CARTESIAN_POINT('',(0.532974578095309,3.12847124450143,0.));
#8641=CARTESIAN_POINT('Origin',(0.0329745780953087,3.12847124450143,4.37095678986282E-17));
#8642=CARTESIAN_POINT('',(0.532974578095309,3.12847124450143,0.05));
#8643=CARTESIAN_POINT('',(-0.545058457544038,3.12847124450143,0.05));
#8644=CARTESIAN_POINT('',(0.532974578095309,3.12847124450143,0.));
#8645=CARTESIAN_POINT('Origin',(0.0329745780953087,0.,0.));
#8646=CARTESIAN_POINT('',(-0.467025421904691,3.12847124450143,2.18547839493141E-16));
#8647=CARTESIAN_POINT('',(0.532974578095309,3.02847124450143,0.));
#8648=CARTESIAN_POINT('',(0.532974578095309,0.,0.));
#8649=CARTESIAN_POINT('Origin',(0.0329745780953087,3.02847124450143,0.));
#8650=CARTESIAN_POINT('Origin',(0.20086185955069,-1.10221222479954,0.3));
#8651=CARTESIAN_POINT('',(0.257883657063469,-1.25975309712306,0.8));
#8652=CARTESIAN_POINT('',(0.442037235024396,-1.19141344523339,0.759803940027341));
#8653=CARTESIAN_POINT('Ctrl Pts',(0.257883657088887,-1.25975309711418,0.8));
#8654=CARTESIAN_POINT('Ctrl Pts',(0.267849067682627,-1.25602033573098,0.799999999999427));
#8655=CARTESIAN_POINT('Ctrl Pts',(0.277850664568168,-1.25228067700352,0.799659344745138));
#8656=CARTESIAN_POINT('Ctrl Pts',(0.305545390718565,-1.24196412804607,0.797766122367514));
#8657=CARTESIAN_POINT('Ctrl Pts',(0.32316821625634,-1.23544257663166,0.795475836594261));
#8658=CARTESIAN_POINT('Ctrl Pts',(0.37510628747557,-1.21620938104503,0.785570465631964));
#8659=CARTESIAN_POINT('Ctrl Pts',(0.40950113026485,-1.20346610165587,0.774625263226476));
#8660=CARTESIAN_POINT('Ctrl Pts',(0.442037235024396,-1.19141344523339,0.759803940027341));
#8661=CARTESIAN_POINT('',(0.691176678242778,-1.9036631613685,0.763197376118818));
#8662=CARTESIAN_POINT('Ctrl Pts',(0.442037235024396,-1.19141344523339,0.759803940027341));
#8663=CARTESIAN_POINT('Ctrl Pts',(0.525914547136495,-1.42855677968788,0.760589836458394));
#8664=CARTESIAN_POINT('Ctrl Pts',(0.609082948183325,-1.66590203864274,0.761682413879712));
#8665=CARTESIAN_POINT('Ctrl Pts',(0.691176678242778,-1.9036631613685,0.763197376118818));
#8666=CARTESIAN_POINT('',(0.286360274500002,-1.33842882022297,0.8));
#8667=CARTESIAN_POINT('Ctrl Pts',(0.691176678242726,-1.90366316136842,0.763197376118827));
#8668=CARTESIAN_POINT('Ctrl Pts',(0.617577070111599,-1.79677906188546,0.776541353711236));
#8669=CARTESIAN_POINT('Ctrl Pts',(0.542427523407583,-1.69041620395359,0.786486406230784));
#8670=CARTESIAN_POINT('Ctrl Pts',(0.42814917507813,-1.53176245445055,0.795750887386006));
#8671=CARTESIAN_POINT('Ctrl Pts',(0.389560724709339,-1.47907874706544,0.79792003699172));
#8672=CARTESIAN_POINT('Ctrl Pts',(0.329385211031622,-1.39707278611146,0.799684788227921));
#8673=CARTESIAN_POINT('Ctrl Pts',(0.307866209796896,-1.36774715270288,0.8));
#8674=CARTESIAN_POINT('Ctrl Pts',(0.286360274500002,-1.33842882022297,0.8));
#8675=CARTESIAN_POINT('',(0.20086185955069,-1.10221222479954,0.8));
#8676=CARTESIAN_POINT('',(0.20086185955069,-1.10221222479954,0.8));
#8677=CARTESIAN_POINT('Ctrl Pts',(0.691176678242778,-1.9036631613685,0.763197376118818));
#8678=CARTESIAN_POINT('Ctrl Pts',(0.700500633390776,-1.90028836297729,0.787592437927742));
#8679=CARTESIAN_POINT('Ctrl Pts',(0.709824588538774,-1.89691356458608,0.811987499736667));
#8680=CARTESIAN_POINT('Ctrl Pts',(0.719148543686773,-1.89353876619487,0.836382561545591));
#8681=CARTESIAN_POINT('Ctrl Pts',(0.609082948183325,-1.66590203864274,0.761682413879712));
#8682=CARTESIAN_POINT('Ctrl Pts',(0.618591526379799,-1.6624604160812,0.785997594329821));
#8683=CARTESIAN_POINT('Ctrl Pts',(0.628099961862874,-1.65901884517466,0.810313054822598));
#8684=CARTESIAN_POINT('Ctrl Pts',(0.637608540059349,-1.65557722261312,0.834628235272707));
#8685=CARTESIAN_POINT('Ctrl Pts',(0.525914547136495,-1.42855677968788,0.760589836458394));
#8686=CARTESIAN_POINT('Ctrl Pts',(0.53555063843738,-1.42506900385631,0.784847486166157));
#8687=CARTESIAN_POINT('Ctrl Pts',(0.545186616597912,-1.42158126897581,0.809105380911058));
#8688=CARTESIAN_POINT('Ctrl Pts',(0.554822707898797,-1.41809349314425,0.833363030618821));
#8689=CARTESIAN_POINT('Ctrl Pts',(0.442037235024396,-1.19141344523339,0.759803940027341));
#8690=CARTESIAN_POINT('Ctrl Pts',(0.45176439695242,-1.18789270645841,0.784020280868781));
#8691=CARTESIAN_POINT('Ctrl Pts',(0.461491558880444,-1.18437196768343,0.808236621710221));
#8692=CARTESIAN_POINT('Ctrl Pts',(0.471218720808468,-1.18085122890845,0.832452962551661));
#8693=CARTESIAN_POINT('',(0.471218720808468,-1.18085122890845,0.832452962551661));
#8694=CARTESIAN_POINT('',(0.442037235024396,-1.19141344523339,0.759803940027341));
#8695=CARTESIAN_POINT('',(0.719148543686773,-1.89353876619487,0.836382561545591));
#8696=CARTESIAN_POINT('Ctrl Pts',(0.719148543686773,-1.89353876619487,0.836382561545591));
#8697=CARTESIAN_POINT('Ctrl Pts',(0.637608540059349,-1.65557722261312,0.834628235272707));
#8698=CARTESIAN_POINT('Ctrl Pts',(0.554822707898797,-1.41809349314425,0.833363030618821));
#8699=CARTESIAN_POINT('Ctrl Pts',(0.471218720808468,-1.18085122890845,0.832452962551661));
#8700=CARTESIAN_POINT('',(0.691176678242778,-1.9036631613685,0.763197376118818));
#8701=CARTESIAN_POINT('Ctrl Pts',(0.286360274500002,-1.33842882022297,0.8));
#8702=CARTESIAN_POINT('Ctrl Pts',(0.286360274500002,-1.33842882022297,0.826333333333333));
#8703=CARTESIAN_POINT('Ctrl Pts',(0.286360274500002,-1.33842882022297,0.852666666666667));
#8704=CARTESIAN_POINT('Ctrl Pts',(0.286360274500002,-1.33842882022297,0.879));
#8705=CARTESIAN_POINT('Ctrl Pts',(0.307866209796896,-1.36774715270288,0.8));
#8706=CARTESIAN_POINT('Ctrl Pts',(0.308373393693386,-1.36756357788181,0.826333397239088));
#8707=CARTESIAN_POINT('Ctrl Pts',(0.308880927390045,-1.36737987645085,0.852666602760912));
#8708=CARTESIAN_POINT('Ctrl Pts',(0.309388111286536,-1.36719630162978,0.879));
#8709=CARTESIAN_POINT('Ctrl Pts',(0.329385211031622,-1.39707278611146,0.799684788227921));
#8710=CARTESIAN_POINT('Ctrl Pts',(0.330400398179236,-1.39670533990454,0.826001451669529));
#8711=CARTESIAN_POINT('Ctrl Pts',(0.331415282992621,-1.39633800312727,0.852318321326325));
#8712=CARTESIAN_POINT('Ctrl Pts',(0.332430470140235,-1.39597055692036,0.878634984767933));
#8713=CARTESIAN_POINT('Ctrl Pts',(0.389560724709339,-1.47907874706544,0.79792003699172));
#8714=CARTESIAN_POINT('Ctrl Pts',(0.391995537064839,-1.47819746860691,0.82414396980183));
#8715=CARTESIAN_POINT('Ctrl Pts',(0.394431069933353,-1.47731592935925,0.850367470026301));
#8716=CARTESIAN_POINT('Ctrl Pts',(0.396865882288853,-1.47643465090071,0.876591402836411));
#8717=CARTESIAN_POINT('Ctrl Pts',(0.42814917507813,-1.53176245445055,0.795750887386006));
#8718=CARTESIAN_POINT('Ctrl Pts',(0.431493734001715,-1.53055189392174,0.821860397323628));
#8719=CARTESIAN_POINT('Ctrl Pts',(0.434836635519853,-1.52934193328955,0.847970017655373));
#8720=CARTESIAN_POINT('Ctrl Pts',(0.438181194443439,-1.52813137276073,0.874079527592995));
#8721=CARTESIAN_POINT('Ctrl Pts',(0.542427523407583,-1.69041620395359,0.786486406230784));
#8722=CARTESIAN_POINT('Ctrl Pts',(0.54841811861749,-1.68824791262701,0.812108049158055));
#8723=CARTESIAN_POINT('Ctrl Pts',(0.554411329779243,-1.68607867445868,0.837729615487977));
#8724=CARTESIAN_POINT('Ctrl Pts',(0.56040192498915,-1.6839103831321,0.863351258415248));
#8725=CARTESIAN_POINT('Ctrl Pts',(0.617577070111599,-1.79677906188546,0.776541353711236));
#8726=CARTESIAN_POINT('Ctrl Pts',(0.625270807056296,-1.79399431971852,0.801640773541089));
#8727=CARTESIAN_POINT('Ctrl Pts',(0.63297790668203,-1.79120474093945,0.826735467767758));
#8728=CARTESIAN_POINT('Ctrl Pts',(0.640671643626727,-1.7884199987725,0.851834887597611));
#8729=CARTESIAN_POINT('Ctrl Pts',(0.691176678242726,-1.90366316136842,0.763197376118827));
#8730=CARTESIAN_POINT('Ctrl Pts',(0.700500633390723,-1.90028836297721,0.787592437927752));
#8731=CARTESIAN_POINT('Ctrl Pts',(0.70982458853872,-1.896913564586,0.811987499736677));
#8732=CARTESIAN_POINT('Ctrl Pts',(0.719148543686717,-1.89353876619479,0.836382561545602));
#8733=CARTESIAN_POINT('',(0.286360274500002,-1.33842882022297,0.879));
#8734=CARTESIAN_POINT('Ctrl Pts',(0.286360274500002,-1.33842882022297,0.879));
#8735=CARTESIAN_POINT('Ctrl Pts',(0.309388111286536,-1.36719630162978,0.879));
#8736=CARTESIAN_POINT('Ctrl Pts',(0.332430470140235,-1.39597055692036,0.878634984767933));
#8737=CARTESIAN_POINT('Ctrl Pts',(0.396865882288853,-1.47643465090071,0.876591402836411));
#8738=CARTESIAN_POINT('Ctrl Pts',(0.438181194443439,-1.52813137276073,0.874079527592995));
#8739=CARTESIAN_POINT('Ctrl Pts',(0.56040192498915,-1.6839103831321,0.863351258415248));
#8740=CARTESIAN_POINT('Ctrl Pts',(0.640671643626727,-1.7884199987725,0.851834887597611));
#8741=CARTESIAN_POINT('Ctrl Pts',(0.719148543686717,-1.89353876619479,0.836382561545602));
#8742=CARTESIAN_POINT('',(0.286360274500002,-1.33842882022297,0.8));
#8743=CARTESIAN_POINT('Ctrl Pts',(0.442037235024396,-1.19141344523339,0.759803940027341));
#8744=CARTESIAN_POINT('Ctrl Pts',(0.45176439695242,-1.18789270645841,0.784020280868781));
#8745=CARTESIAN_POINT('Ctrl Pts',(0.461491558880444,-1.18437196768343,0.808236621710221));
#8746=CARTESIAN_POINT('Ctrl Pts',(0.471218720808468,-1.18085122890845,0.832452962551661));
#8747=CARTESIAN_POINT('Ctrl Pts',(0.40950113026485,-1.20346610165587,0.774625263226476));
#8748=CARTESIAN_POINT('Ctrl Pts',(0.41750981731514,-1.20056736354055,0.799623483936021));
#8749=CARTESIAN_POINT('Ctrl Pts',(0.425519256797585,-1.19766835308299,0.824617834106714));
#8750=CARTESIAN_POINT('Ctrl Pts',(0.433527943847874,-1.19476961496767,0.849616054816259));
#8751=CARTESIAN_POINT('Ctrl Pts',(0.37510628747557,-1.21620938104503,0.785570465631964));
#8752=CARTESIAN_POINT('Ctrl Pts',(0.381297063119123,-1.21396863456453,0.811144560663093));
#8753=CARTESIAN_POINT('Ctrl Pts',(0.387493069831484,-1.2117259947027,0.836716504170685));
#8754=CARTESIAN_POINT('Ctrl Pts',(0.393683845475037,-1.2094852482222,0.862290599201814));
#8755=CARTESIAN_POINT('Ctrl Pts',(0.32316821625634,-1.23544257663166,0.795475836594261));
#8756=CARTESIAN_POINT('Ctrl Pts',(0.326618860339919,-1.23419361866082,0.82157062201768));
#8757=CARTESIAN_POINT('Ctrl Pts',(0.33006695757291,-1.23294558252058,0.847666233352734));
#8758=CARTESIAN_POINT('Ctrl Pts',(0.333517601656489,-1.23169662454973,0.873761018776154));
#8759=CARTESIAN_POINT('Ctrl Pts',(0.305545390718565,-1.24196412804607,0.797766122367514));
#8760=CARTESIAN_POINT('Ctrl Pts',(0.308064252378338,-1.24105242800653,0.82398208427247));
#8761=CARTESIAN_POINT('Ctrl Pts',(0.310584278252213,-1.24014030658059,0.850197207796624));
#8762=CARTESIAN_POINT('Ctrl Pts',(0.313103139911987,-1.23922860654105,0.876413169701581));
#8763=CARTESIAN_POINT('Ctrl Pts',(0.277850664568168,-1.25228067700352,0.799659344745138));
#8764=CARTESIAN_POINT('Ctrl Pts',(0.278906636315681,-1.25189846884206,0.825974609337896));
#8765=CARTESIAN_POINT('Ctrl Pts',(0.279961887195966,-1.25151652159794,0.852290256622112));
#8766=CARTESIAN_POINT('Ctrl Pts',(0.281017858943479,-1.25113431343647,0.87860552121487));
#8767=CARTESIAN_POINT('Ctrl Pts',(0.267849067682627,-1.25602033573098,0.799999999999427));
#8768=CARTESIAN_POINT('Ctrl Pts',(0.268375874008118,-1.25582965858683,0.826333447482438));
#8769=CARTESIAN_POINT('Ctrl Pts',(0.26890315658387,-1.25563880906427,0.852666552516326));
#8770=CARTESIAN_POINT('Ctrl Pts',(0.269429962909362,-1.25544813192013,0.878999999999336));
#8771=CARTESIAN_POINT('Ctrl Pts',(0.257883657088887,-1.25975309711418,0.8));
#8772=CARTESIAN_POINT('Ctrl Pts',(0.25788365709022,-1.2597530971137,0.826333333333333));
#8773=CARTESIAN_POINT('Ctrl Pts',(0.257883657091554,-1.25975309711322,0.852666666666667));
#8774=CARTESIAN_POINT('Ctrl Pts',(0.257883657092887,-1.25975309711273,0.879));
#8775=CARTESIAN_POINT('',(0.257883657063469,-1.25975309712306,0.879));
#8776=CARTESIAN_POINT('',(0.257883657063469,-1.25975309712306,0.8));
#8777=CARTESIAN_POINT('Ctrl Pts',(0.471218720808468,-1.18085122890845,0.832452962551661));
#8778=CARTESIAN_POINT('Ctrl Pts',(0.433527943847874,-1.19476961496767,0.849616054816259));
#8779=CARTESIAN_POINT('Ctrl Pts',(0.393683845475037,-1.2094852482222,0.862290599201814));
#8780=CARTESIAN_POINT('Ctrl Pts',(0.333517601656489,-1.23169662454973,0.873761018776154));
#8781=CARTESIAN_POINT('Ctrl Pts',(0.313103139911987,-1.23922860654105,0.876413169701581));
#8782=CARTESIAN_POINT('Ctrl Pts',(0.281017858943479,-1.25113431343647,0.87860552121487));
#8783=CARTESIAN_POINT('Ctrl Pts',(0.269429962909362,-1.25544813192013,0.878999999999336));
#8784=CARTESIAN_POINT('Ctrl Pts',(0.257883657092887,-1.25975309711273,0.879));
#8785=CARTESIAN_POINT('Ctrl Pts',(0.234920537377906,-1.26836262350007,0.8));
#8786=CARTESIAN_POINT('Ctrl Pts',(0.234920537377906,-1.26836262350007,0.879));
#8787=CARTESIAN_POINT('Ctrl Pts',(0.252082911948087,-1.29169816406954,0.8));
#8788=CARTESIAN_POINT('Ctrl Pts',(0.252082911948087,-1.29169816406954,0.879));
#8789=CARTESIAN_POINT('Ctrl Pts',(0.269227169683207,-1.31505774186669,0.8));
#8790=CARTESIAN_POINT('Ctrl Pts',(0.269227169683207,-1.31505774186669,0.879));
#8791=CARTESIAN_POINT('Ctrl Pts',(0.286360274500001,-1.33842882022297,0.8));
#8792=CARTESIAN_POINT('Ctrl Pts',(0.286360274500001,-1.33842882022297,0.879));
#8793=CARTESIAN_POINT('',(0.234920537377906,-1.26836262350007,0.8));
#8794=CARTESIAN_POINT('Ctrl Pts',(0.286360274500001,-1.33842882022297,0.8));
#8795=CARTESIAN_POINT('Ctrl Pts',(0.269227169683207,-1.31505774186669,0.8));
#8796=CARTESIAN_POINT('Ctrl Pts',(0.252082911948087,-1.29169816406954,0.8));
#8797=CARTESIAN_POINT('Ctrl Pts',(0.234920537377906,-1.26836262350007,0.8));
#8798=CARTESIAN_POINT('',(0.234920537377906,-1.26836262350007,0.879));
#8799=CARTESIAN_POINT('Ctrl Pts',(0.234920537377906,-1.26836262350007,0.879));
#8800=CARTESIAN_POINT('Ctrl Pts',(0.252082911948087,-1.29169816406954,0.879));
#8801=CARTESIAN_POINT('Ctrl Pts',(0.269227169683207,-1.31505774186669,0.879));
#8802=CARTESIAN_POINT('Ctrl Pts',(0.286360274500001,-1.33842882022297,0.879));
#8803=CARTESIAN_POINT('',(0.234920537377906,-1.26836262350007,0.8));
#8804=CARTESIAN_POINT('Ctrl Pts',(0.257883657063679,-1.25975309712362,0.8));
#8805=CARTESIAN_POINT('Ctrl Pts',(0.257883657063679,-1.25975309712362,0.879));
#8806=CARTESIAN_POINT('Ctrl Pts',(0.250229352121458,-1.26262041533634,0.8));
#8807=CARTESIAN_POINT('Ctrl Pts',(0.250229352121458,-1.26262041533634,0.879));
#8808=CARTESIAN_POINT('Ctrl Pts',(0.242577976647595,-1.26549035336991,0.8));
#8809=CARTESIAN_POINT('Ctrl Pts',(0.242577976647595,-1.26549035336991,0.879));
#8810=CARTESIAN_POINT('Ctrl Pts',(0.234920537377906,-1.26836262350007,0.8));
#8811=CARTESIAN_POINT('Ctrl Pts',(0.234920537377906,-1.26836262350007,0.879));
#8812=CARTESIAN_POINT('Ctrl Pts',(0.234920537377906,-1.26836262350007,0.8));
#8813=CARTESIAN_POINT('Ctrl Pts',(0.242577976647595,-1.26549035336991,0.8));
#8814=CARTESIAN_POINT('Ctrl Pts',(0.250229352121458,-1.26262041533634,0.8));
#8815=CARTESIAN_POINT('Ctrl Pts',(0.257883657063679,-1.25975309712362,0.8));
#8816=CARTESIAN_POINT('Ctrl Pts',(0.257883657063679,-1.25975309712362,0.879));
#8817=CARTESIAN_POINT('Ctrl Pts',(0.250229352121458,-1.26262041533634,0.879));
#8818=CARTESIAN_POINT('Ctrl Pts',(0.242577976647595,-1.26549035336991,0.879));
#8819=CARTESIAN_POINT('Ctrl Pts',(0.234920537377906,-1.26836262350007,0.879));
#8820=CARTESIAN_POINT('Origin',(0.20086185955069,-1.10221222479954,0.3));
#8821=CARTESIAN_POINT('',(0.20086185955069,-1.10221222479954,0.879));
#8822=CARTESIAN_POINT('Origin',(0.0328942823934883,0.312071835244005,0.879));
#8823=CARTESIAN_POINT('Ctrl Pts',(-0.237098839341884,-1.26881825589194,
0.798458485046211));
#8824=CARTESIAN_POINT('Ctrl Pts',(-0.239041701617568,-1.26811503838625,
0.824710631925311));
#8825=CARTESIAN_POINT('Ctrl Pts',(-0.240984563893252,-1.26741182088056,
0.850962778804411));
#8826=CARTESIAN_POINT('Ctrl Pts',(-0.242927426168936,-1.26670860337487,
0.877214925683512));
#8827=CARTESIAN_POINT('Ctrl Pts',(-0.272874189597151,-1.25560951327112,
0.795457008716968));
#8828=CARTESIAN_POINT('Ctrl Pts',(-0.276705643351622,-1.25422272153292,
0.821550670937163));
#8829=CARTESIAN_POINT('Ctrl Pts',(-0.280536968627315,-1.25283597629751,
0.847645553874053));
#8830=CARTESIAN_POINT('Ctrl Pts',(-0.284368422381786,-1.25144918455931,
0.873739216094249));
#8831=CARTESIAN_POINT('Ctrl Pts',(-0.307584853659814,-1.24278182363855,
0.788185276838818));
#8832=CARTESIAN_POINT('Ctrl Pts',(-0.313248838826478,-1.2407317485658,0.813896202880862));
#8833=CARTESIAN_POINT('Ctrl Pts',(-0.318912744714376,-1.23868170218795,
0.839607624537308));
#8834=CARTESIAN_POINT('Ctrl Pts',(-0.32457672988104,-1.2366316271152,0.865318550579352));
#8835=CARTESIAN_POINT('Ctrl Pts',(-0.37523245625644,-1.21800634466858,0.76550855803861));
#8836=CARTESIAN_POINT('Ctrl Pts',(-0.38446422615827,-1.21466491265628,0.790025741593614));
#8837=CARTESIAN_POINT('Ctrl Pts',(-0.393695571610877,-1.21132363427306,
0.814541726653707));
#8838=CARTESIAN_POINT('Ctrl Pts',(-0.402927341512707,-1.20798220226076,
0.839058910208711));
#8839=CARTESIAN_POINT('Ctrl Pts',(-0.408604647529679,-1.2059016755157,0.749611312166448));
#8840=CARTESIAN_POINT('Ctrl Pts',(-0.419595384840256,-1.2019235866033,0.773292981612768));
#8841=CARTESIAN_POINT('Ctrl Pts',(-0.43058289765585,-1.19794666479438,0.796968230042428));
#8842=CARTESIAN_POINT('Ctrl Pts',(-0.441573634966427,-1.19396857588198,
0.820649899488747));
#8843=CARTESIAN_POINT('Ctrl Pts',(-0.438852349970233,-1.19494223174254,
0.730628897762903));
#8844=CARTESIAN_POINT('Ctrl Pts',(-0.451435248755771,-1.19038786120942,
0.753308686378415));
#8845=CARTESIAN_POINT('Ctrl Pts',(-0.46401814754131,-1.1858334906763,0.775988474993928));
#8846=CARTESIAN_POINT('Ctrl Pts',(-0.476601046326849,-1.18127912014317,
0.798668263609441));
#8847=CARTESIAN_POINT('',(-0.476601046326849,-1.18127912014317,0.798668263609441));
#8848=CARTESIAN_POINT('',(-0.438852349970233,-1.19494223174254,0.730628897762903));
#8849=CARTESIAN_POINT('',(-0.242927426168936,-1.26670860337487,0.877214925683512));
#8850=CARTESIAN_POINT('Ctrl Pts',(-0.242927426168936,-1.26670860337487,
0.877214925683512));
#8851=CARTESIAN_POINT('Ctrl Pts',(-0.284368422381786,-1.25144918455931,
0.873739216094249));
#8852=CARTESIAN_POINT('Ctrl Pts',(-0.32457672988104,-1.2366316271152,0.865318550579352));
#8853=CARTESIAN_POINT('Ctrl Pts',(-0.402927341512707,-1.20798220226076,
0.839058910208711));
#8854=CARTESIAN_POINT('Ctrl Pts',(-0.441573634966427,-1.19396857588198,
0.820649899488747));
#8855=CARTESIAN_POINT('Ctrl Pts',(-0.476601046326849,-1.18127912014317,
0.798668263609441));
#8856=CARTESIAN_POINT('',(-0.237098839341884,-1.26881825589194,0.798458485046211));
#8857=CARTESIAN_POINT('Ctrl Pts',(-0.683239659210115,-1.9064806247223,0.737691004655747));
#8858=CARTESIAN_POINT('Ctrl Pts',(-0.695210051632392,-1.90214795039605,
0.760742730900949));
#8859=CARTESIAN_POINT('Ctrl Pts',(-0.707180444054669,-1.8978152760698,0.783794457146152));
#8860=CARTESIAN_POINT('Ctrl Pts',(-0.719150836476946,-1.89348260174354,
0.806846183391355));
#8861=CARTESIAN_POINT('Ctrl Pts',(-0.647860523484905,-1.85253136097837,
0.745922819758431));
#8862=CARTESIAN_POINT('Ctrl Pts',(-0.659091966434161,-1.84846614884527,
0.769408625451139));
#8863=CARTESIAN_POINT('Ctrl Pts',(-0.670325723701362,-1.84440009904657,
0.792892819587555));
#8864=CARTESIAN_POINT('Ctrl Pts',(-0.681557166650618,-1.84033488691347,
0.816378625280263));
#8865=CARTESIAN_POINT('Ctrl Pts',(-0.611894345199909,-1.79870598631541,
0.753478889000952));
#8866=CARTESIAN_POINT('Ctrl Pts',(-0.622358713492272,-1.79491841626412,
0.777362292196213));
#8867=CARTESIAN_POINT('Ctrl Pts',(-0.632823812717539,-1.79113058165223,
0.80124515026784));
#8868=CARTESIAN_POINT('Ctrl Pts',(-0.643288181009902,-1.78734301160094,
0.825128553463102));
#8869=CARTESIAN_POINT('Ctrl Pts',(-0.539509082069772,-1.69135862683373,
0.766871840502974));
#8870=CARTESIAN_POINT('Ctrl Pts',(-0.548412441370184,-1.68813606278591,
0.791460327079982));
#8871=CARTESIAN_POINT('Ctrl Pts',(-0.557315332975963,-1.68491366801981,
0.816049104725436));
#8872=CARTESIAN_POINT('Ctrl Pts',(-0.566218692276375,-1.68169110397199,
0.840637591302444));
#8873=CARTESIAN_POINT('Ctrl Pts',(-0.502959871435994,-1.63789217022291,
0.772810889180514));
#8874=CARTESIAN_POINT('Ctrl Pts',(-0.511062413791256,-1.63495946125218,
0.797712048374354));
#8875=CARTESIAN_POINT('Ctrl Pts',(-0.519164534949031,-1.63202690473355,
0.822613850477196));
#8876=CARTESIAN_POINT('Ctrl Pts',(-0.527267077304293,-1.62909419576282,
0.847515009671036));
#8877=CARTESIAN_POINT('Ctrl Pts',(-0.428076473995895,-1.53189021003172,
0.783337182157892));
#8878=CARTESIAN_POINT('Ctrl Pts',(-0.434478322081898,-1.52957306604309,
0.808793190819517));
#8879=CARTESIAN_POINT('Ctrl Pts',(-0.4408805921473,-1.52725576931935,0.834248448277214));
#8880=CARTESIAN_POINT('Ctrl Pts',(-0.447282440233303,-1.52493862533072,
0.859704456938839));
#8881=CARTESIAN_POINT('Ctrl Pts',(-0.38984067324421,-1.47931596584696,0.787820243274637));
#8882=CARTESIAN_POINT('Ctrl Pts',(-0.395348094056663,-1.47732255912175,
0.813512277142642));
#8883=CARTESIAN_POINT('Ctrl Pts',(-0.400856086630072,-1.4753289454481,0.839203807844025));
#8884=CARTESIAN_POINT('Ctrl Pts',(-0.406363507442525,-1.47333553872289,
0.86489584171203));
#8885=CARTESIAN_POINT('Ctrl Pts',(-0.313580306582016,-1.37409236180286,
0.794630109199877));
#8886=CARTESIAN_POINT('Ctrl Pts',(-0.317310548111244,-1.3727422037517,0.820680452783915));
#8887=CARTESIAN_POINT('Ctrl Pts',(-0.321039942491357,-1.37139235232552,
0.846731322869419));
#8888=CARTESIAN_POINT('Ctrl Pts',(-0.324770184020584,-1.37004219427437,
0.872781666453457));
#8889=CARTESIAN_POINT('Ctrl Pts',(-0.275414346832524,-1.32150283784931,
0.797034105015992));
#8890=CARTESIAN_POINT('Ctrl Pts',(-0.278254193811426,-1.32047495742051,
0.823211191318393));
#8891=CARTESIAN_POINT('Ctrl Pts',(-0.281091774537929,-1.31944789726001,
0.849388407306117));
#8892=CARTESIAN_POINT('Ctrl Pts',(-0.28393162151683,-1.31842001683121,0.875565493608518));
#8893=CARTESIAN_POINT('Ctrl Pts',(-0.237098839341884,-1.26881825589194,
0.798458485046211));
#8894=CARTESIAN_POINT('Ctrl Pts',(-0.239041701617568,-1.26811503838625,
0.824710631925311));
#8895=CARTESIAN_POINT('Ctrl Pts',(-0.240984563893252,-1.26741182088056,
0.850962778804411));
#8896=CARTESIAN_POINT('Ctrl Pts',(-0.242927426168936,-1.26670860337487,
0.877214925683512));
#8897=CARTESIAN_POINT('',(-0.719150836476946,-1.89348260174354,0.806846183391355));
#8898=CARTESIAN_POINT('Ctrl Pts',(-0.719150836476946,-1.89348260174354,
0.806846183391355));
#8899=CARTESIAN_POINT('Ctrl Pts',(-0.681557166650618,-1.84033488691347,
0.816378625280263));
#8900=CARTESIAN_POINT('Ctrl Pts',(-0.643288181009902,-1.78734301160094,
0.825128553463102));
#8901=CARTESIAN_POINT('Ctrl Pts',(-0.566218692276375,-1.68169110397199,
0.840637591302444));
#8902=CARTESIAN_POINT('Ctrl Pts',(-0.527267077304293,-1.62909419576282,
0.847515009671036));
#8903=CARTESIAN_POINT('Ctrl Pts',(-0.447282440233303,-1.52493862533072,
0.859704456938839));
#8904=CARTESIAN_POINT('Ctrl Pts',(-0.406363507442525,-1.47333553872289,
0.86489584171203));
#8905=CARTESIAN_POINT('Ctrl Pts',(-0.324770184020584,-1.37004219427437,
0.872781666453457));
#8906=CARTESIAN_POINT('Ctrl Pts',(-0.28393162151683,-1.31842001683121,0.875565493608518));
#8907=CARTESIAN_POINT('Ctrl Pts',(-0.242927426168936,-1.26670860337487,
0.877214925683512));
#8908=CARTESIAN_POINT('',(-0.683239659210115,-1.9064806247223,0.737691004655747));
#8909=CARTESIAN_POINT('Ctrl Pts',(-0.438852349970233,-1.19494223174254,
0.730628897762903));
#8910=CARTESIAN_POINT('Ctrl Pts',(-0.451435248755771,-1.19038786120942,
0.753308686378415));
#8911=CARTESIAN_POINT('Ctrl Pts',(-0.46401814754131,-1.1858334906763,0.775988474993928));
#8912=CARTESIAN_POINT('Ctrl Pts',(-0.476601046326849,-1.18127912014317,
0.798668263609441));
#8913=CARTESIAN_POINT('Ctrl Pts',(-0.521073302258652,-1.43189865543306,
0.732595822311928));
#8914=CARTESIAN_POINT('Ctrl Pts',(-0.533490997999318,-1.42740408001491,
0.755378979149094));
#8915=CARTESIAN_POINT('Ctrl Pts',(-0.545909037803899,-1.42290938006308,
0.778162805400047));
#8916=CARTESIAN_POINT('Ctrl Pts',(-0.558326733544565,-1.41841480464493,
0.800945962237213));
#8917=CARTESIAN_POINT('Ctrl Pts',(-0.603106891229845,-1.66881760998258,
0.734632849144718));
#8918=CARTESIAN_POINT('Ctrl Pts',(-0.615351385132896,-1.66438572483628,
0.757523248685163));
#8919=CARTESIAN_POINT('Ctrl Pts',(-0.627596283750867,-1.65995369320372,
0.780414439769137));
#8920=CARTESIAN_POINT('Ctrl Pts',(-0.639840777653918,-1.65552180805742,
0.803304839309583));
#8921=CARTESIAN_POINT('Ctrl Pts',(-0.683239659210115,-1.9064806247223,0.737691004655747));
#8922=CARTESIAN_POINT('Ctrl Pts',(-0.695210051632392,-1.90214795039605,
0.760742730900949));
#8923=CARTESIAN_POINT('Ctrl Pts',(-0.707180444054669,-1.8978152760698,0.783794457146152));
#8924=CARTESIAN_POINT('Ctrl Pts',(-0.719150836476946,-1.89348260174354,
0.806846183391355));
#8925=CARTESIAN_POINT('Ctrl Pts',(-0.476601046326849,-1.18127912014317,
0.798668263609441));
#8926=CARTESIAN_POINT('Ctrl Pts',(-0.558326733544565,-1.41841480464493,
0.800945962237213));
#8927=CARTESIAN_POINT('Ctrl Pts',(-0.639840777653918,-1.65552180805742,
0.803304839309583));
#8928=CARTESIAN_POINT('Ctrl Pts',(-0.719150836476946,-1.89348260174354,
0.806846183391355));
#8929=CARTESIAN_POINT('Origin',(0.0921351479813905,-0.474476554746155,0.3));
#8930=CARTESIAN_POINT('Ctrl Pts',(0.201201861298929,-0.613197426157673,
0.8));
#8931=CARTESIAN_POINT('Ctrl Pts',(0.201201861298929,-0.613197426157673,
0.879));
#8932=CARTESIAN_POINT('Ctrl Pts',(0.0671369587699268,-0.611688967772526,
0.8));
#8933=CARTESIAN_POINT('Ctrl Pts',(0.0671369587699268,-0.611688967772526,
0.879));
#8934=CARTESIAN_POINT('Ctrl Pts',(-0.0669877781551109,-0.608714283130881,
0.8));
#8935=CARTESIAN_POINT('Ctrl Pts',(-0.0669877781551109,-0.608714283130881,
0.879));
#8936=CARTESIAN_POINT('Ctrl Pts',(-0.201046701491348,-0.610214941144928,
0.8));
#8937=CARTESIAN_POINT('Ctrl Pts',(-0.201046701491348,-0.610214941144928,
0.879));
#8938=CARTESIAN_POINT('',(-0.201046701491348,-0.610214941144928,0.8));
#8939=CARTESIAN_POINT('',(0.201201861298929,-0.613197426157673,0.8));
#8940=CARTESIAN_POINT('Ctrl Pts',(-0.201046701491348,-0.610214941144928,
0.8));
#8941=CARTESIAN_POINT('Ctrl Pts',(-0.0669877781551109,-0.608714283130881,
0.8));
#8942=CARTESIAN_POINT('Ctrl Pts',(0.0671369587699268,-0.611688967772526,
0.8));
#8943=CARTESIAN_POINT('Ctrl Pts',(0.201201861298929,-0.613197426157673,
0.8));
#8944=CARTESIAN_POINT('',(-0.201046701491348,-0.610214941144928,0.879));
#8945=CARTESIAN_POINT('',(-0.201046701491348,-0.610214941144928,0.8));
#8946=CARTESIAN_POINT('',(0.201201861298929,-0.613197426157673,0.879));
#8947=CARTESIAN_POINT('Ctrl Pts',(0.201201861298929,-0.613197426157673,
0.879));
#8948=CARTESIAN_POINT('Ctrl Pts',(0.0671369587699268,-0.611688967772526,
0.879));
#8949=CARTESIAN_POINT('Ctrl Pts',(-0.0669877781551109,-0.608714283130881,
0.879));
#8950=CARTESIAN_POINT('Ctrl Pts',(-0.201046701491348,-0.610214941144928,
0.879));
#8951=CARTESIAN_POINT('',(0.201201861298929,-0.613197426157673,0.8));
#8952=CARTESIAN_POINT('Ctrl Pts',(-0.201046701491348,-0.610214941144928,
0.8));
#8953=CARTESIAN_POINT('Ctrl Pts',(-0.201046701491348,-0.610214941144928,
0.879));
#8954=CARTESIAN_POINT('Ctrl Pts',(-0.203339549603637,-0.640513418955669,
0.8));
#8955=CARTESIAN_POINT('Ctrl Pts',(-0.203339549603637,-0.640513418955669,
0.879));
#8956=CARTESIAN_POINT('Ctrl Pts',(-0.205675990695992,-0.697418285322122,
0.8));
#8957=CARTESIAN_POINT('Ctrl Pts',(-0.205675990695992,-0.697418285322122,
0.879));
#8958=CARTESIAN_POINT('Ctrl Pts',(-0.146094816479714,-0.805166205082751,
0.8));
#8959=CARTESIAN_POINT('Ctrl Pts',(-0.146094816479714,-0.805166205082751,
0.879));
#8960=CARTESIAN_POINT('Ctrl Pts',(-0.00235046280913755,-0.870411099294931,
0.8));
#8961=CARTESIAN_POINT('Ctrl Pts',(-0.00235046280913755,-0.870411099294931,
0.879));
#8962=CARTESIAN_POINT('Ctrl Pts',(0.141907947450271,-0.806644651060261,
0.8));
#8963=CARTESIAN_POINT('Ctrl Pts',(0.141907947450271,-0.806644651060261,
0.879));
#8964=CARTESIAN_POINT('Ctrl Pts',(0.203899610321458,-0.700600104636972,
0.8));
#8965=CARTESIAN_POINT('Ctrl Pts',(0.203899610321458,-0.700600104636972,
0.879));
#8966=CARTESIAN_POINT('Ctrl Pts',(0.202897843168777,-0.643361211487003,
0.8));
#8967=CARTESIAN_POINT('Ctrl Pts',(0.202897843168777,-0.643361211487003,
0.879));
#8968=CARTESIAN_POINT('Ctrl Pts',(0.201201861298929,-0.613197426157673,
0.8));
#8969=CARTESIAN_POINT('Ctrl Pts',(0.201201861298929,-0.613197426157673,
0.879));
#8970=CARTESIAN_POINT('Ctrl Pts',(0.201201861298929,-0.613197426157673,
0.8));
#8971=CARTESIAN_POINT('Ctrl Pts',(0.202897843168777,-0.643361211487003,
0.8));
#8972=CARTESIAN_POINT('Ctrl Pts',(0.203899610321458,-0.700600104636972,
0.8));
#8973=CARTESIAN_POINT('Ctrl Pts',(0.141907947450271,-0.806644651060261,
0.8));
#8974=CARTESIAN_POINT('Ctrl Pts',(-0.00235046280913755,-0.870411099294931,
0.8));
#8975=CARTESIAN_POINT('Ctrl Pts',(-0.146094816479714,-0.805166205082751,
0.8));
#8976=CARTESIAN_POINT('Ctrl Pts',(-0.205675990695992,-0.697418285322122,
0.8));
#8977=CARTESIAN_POINT('Ctrl Pts',(-0.203339549603637,-0.640513418955669,
0.8));
#8978=CARTESIAN_POINT('Ctrl Pts',(-0.201046701491348,-0.610214941144928,
0.8));
#8979=CARTESIAN_POINT('Ctrl Pts',(-0.201046701491348,-0.610214941144928,
0.879));
#8980=CARTESIAN_POINT('Ctrl Pts',(-0.203339549603637,-0.640513418955669,
0.879));
#8981=CARTESIAN_POINT('Ctrl Pts',(-0.205675990695992,-0.697418285322122,
0.879));
#8982=CARTESIAN_POINT('Ctrl Pts',(-0.146094816479714,-0.805166205082751,
0.879));
#8983=CARTESIAN_POINT('Ctrl Pts',(-0.00235046280913755,-0.870411099294931,
0.879));
#8984=CARTESIAN_POINT('Ctrl Pts',(0.141907947450271,-0.806644651060261,
0.879));
#8985=CARTESIAN_POINT('Ctrl Pts',(0.203899610321458,-0.700600104636972,
0.879));
#8986=CARTESIAN_POINT('Ctrl Pts',(0.202897843168777,-0.643361211487003,
0.879));
#8987=CARTESIAN_POINT('Ctrl Pts',(0.201201861298929,-0.613197426157673,
0.879));
#8988=CARTESIAN_POINT('Origin',(0.0328942823934883,0.312071835244005,0.879));
#8989=CARTESIAN_POINT('Ctrl Pts',(0.510927166525773,-0.19007018935962,0.8));
#8990=CARTESIAN_POINT('Ctrl Pts',(0.510927166525773,-0.19007018935962,0.879));
#8991=CARTESIAN_POINT('Ctrl Pts',(0.375444929292377,-0.186179719822998,
0.8));
#8992=CARTESIAN_POINT('Ctrl Pts',(0.375444929292377,-0.186179719822998,
0.879));
#8993=CARTESIAN_POINT('Ctrl Pts',(0.240018263181978,-0.182613818016105,
0.8));
#8994=CARTESIAN_POINT('Ctrl Pts',(0.240018263181978,-0.182613818016105,
0.879));
#8995=CARTESIAN_POINT('Ctrl Pts',(0.104492609425793,-0.18064133294924,0.8));
#8996=CARTESIAN_POINT('Ctrl Pts',(0.104492609425793,-0.18064133294924,0.879));
#8997=CARTESIAN_POINT('',(0.104492609425793,-0.18064133294924,0.8));
#8998=CARTESIAN_POINT('',(0.510927166525773,-0.19007018935962,0.8));
#8999=CARTESIAN_POINT('Ctrl Pts',(0.104492609425793,-0.18064133294924,0.8));
#9000=CARTESIAN_POINT('Ctrl Pts',(0.240018263181978,-0.182613818016105,
0.8));
#9001=CARTESIAN_POINT('Ctrl Pts',(0.375444929292377,-0.186179719822998,
0.8));
#9002=CARTESIAN_POINT('Ctrl Pts',(0.510927166525773,-0.19007018935962,0.8));
#9003=CARTESIAN_POINT('',(0.104492609425793,-0.18064133294924,0.879));
#9004=CARTESIAN_POINT('',(0.104492609425793,-0.18064133294924,0.8));
#9005=CARTESIAN_POINT('',(0.510927166525773,-0.19007018935962,0.879));
#9006=CARTESIAN_POINT('Ctrl Pts',(0.510927166525773,-0.19007018935962,0.879));
#9007=CARTESIAN_POINT('Ctrl Pts',(0.375444929292377,-0.186179719822998,
0.879));
#9008=CARTESIAN_POINT('Ctrl Pts',(0.240018263181978,-0.182613818016105,
0.879));
#9009=CARTESIAN_POINT('Ctrl Pts',(0.104492609425793,-0.18064133294924,0.879));
#9010=CARTESIAN_POINT('',(0.510927166525773,-0.19007018935962,0.8));
#9011=CARTESIAN_POINT('Ctrl Pts',(0.503928504226405,-0.283735393189135,
0.8));
#9012=CARTESIAN_POINT('Ctrl Pts',(0.503928504226405,-0.283735393189135,
0.879));
#9013=CARTESIAN_POINT('Ctrl Pts',(0.504608435536676,-0.28155903177599,0.8));
#9014=CARTESIAN_POINT('Ctrl Pts',(0.504608435536676,-0.28155903177599,0.879));
#9015=CARTESIAN_POINT('Ctrl Pts',(0.513275456705351,-0.251692311478633,
0.8));
#9016=CARTESIAN_POINT('Ctrl Pts',(0.513275456705351,-0.251692311478633,
0.879));
#9017=CARTESIAN_POINT('Ctrl Pts',(0.512763789934558,-0.221639156577956,
0.8));
#9018=CARTESIAN_POINT('Ctrl Pts',(0.512763789934558,-0.221639156577956,
0.879));
#9019=CARTESIAN_POINT('Ctrl Pts',(0.510927166525773,-0.19007018935962,0.8));
#9020=CARTESIAN_POINT('Ctrl Pts',(0.510927166525773,-0.19007018935962,0.879));
#9021=CARTESIAN_POINT('Ctrl Pts',(0.510927166525773,-0.19007018935962,0.8));
#9022=CARTESIAN_POINT('Ctrl Pts',(0.512763789934558,-0.221639156577956,
0.8));
#9023=CARTESIAN_POINT('Ctrl Pts',(0.513275456705351,-0.251692311478633,
0.8));
#9024=CARTESIAN_POINT('Ctrl Pts',(0.504608435536676,-0.28155903177599,0.8));
#9025=CARTESIAN_POINT('Ctrl Pts',(0.503928504226405,-0.283735393189135,
0.8));
#9026=CARTESIAN_POINT('',(0.503928504226544,-0.283735393189179,0.879));
#9027=CARTESIAN_POINT('Ctrl Pts',(0.503928504226405,-0.283735393189135,
0.879));
#9028=CARTESIAN_POINT('Ctrl Pts',(0.504608435536676,-0.28155903177599,0.879));
#9029=CARTESIAN_POINT('Ctrl Pts',(0.513275456705351,-0.251692311478633,
0.879));
#9030=CARTESIAN_POINT('Ctrl Pts',(0.512763789934558,-0.221639156577956,
0.879));
#9031=CARTESIAN_POINT('Ctrl Pts',(0.510927166525773,-0.19007018935962,0.879));
#9032=CARTESIAN_POINT('',(0.503928504226544,-0.283735393189179,0.8));
#9033=CARTESIAN_POINT('Ctrl Pts',(0.104492609425793,-0.18064133294924,0.8));
#9034=CARTESIAN_POINT('Ctrl Pts',(0.104492609425793,-0.18064133294924,0.879));
#9035=CARTESIAN_POINT('Ctrl Pts',(0.101885592039981,-0.21143174433402,0.8));
#9036=CARTESIAN_POINT('Ctrl Pts',(0.101885592039981,-0.21143174433402,0.879));
#9037=CARTESIAN_POINT('Ctrl Pts',(0.0992888194038469,-0.269421554580559,
0.8));
#9038=CARTESIAN_POINT('Ctrl Pts',(0.0992888194038469,-0.269421554580559,
0.879));
#9039=CARTESIAN_POINT('Ctrl Pts',(0.159147388571956,-0.379651436337035,
0.8));
#9040=CARTESIAN_POINT('Ctrl Pts',(0.159147388571956,-0.379651436337035,
0.879));
#9041=CARTESIAN_POINT('Ctrl Pts',(0.304207399629669,-0.446774334949256,
0.8));
#9042=CARTESIAN_POINT('Ctrl Pts',(0.304207399629669,-0.446774334949256,
0.879));
#9043=CARTESIAN_POINT('Ctrl Pts',(0.424908847701643,-0.39854380082115,0.8));
#9044=CARTESIAN_POINT('Ctrl Pts',(0.424908847701643,-0.39854380082115,0.879));
#9045=CARTESIAN_POINT('Ctrl Pts',(0.465705716620985,-0.351738906286791,
0.8));
#9046=CARTESIAN_POINT('Ctrl Pts',(0.465705716620985,-0.351738906286791,
0.879));
#9047=CARTESIAN_POINT('Ctrl Pts',(0.466999675274706,-0.350207285302486,
0.8));
#9048=CARTESIAN_POINT('Ctrl Pts',(0.466999675274706,-0.350207285302486,
0.879));
#9049=CARTESIAN_POINT('Ctrl Pts',(0.466999675274706,-0.350207285302486,
0.8));
#9050=CARTESIAN_POINT('Ctrl Pts',(0.465705716620985,-0.351738906286791,
0.8));
#9051=CARTESIAN_POINT('Ctrl Pts',(0.424908847701643,-0.39854380082115,0.8));
#9052=CARTESIAN_POINT('Ctrl Pts',(0.304207399629669,-0.446774334949256,
0.8));
#9053=CARTESIAN_POINT('Ctrl Pts',(0.159147388571956,-0.379651436337035,
0.8));
#9054=CARTESIAN_POINT('Ctrl Pts',(0.0992888194038469,-0.269421554580559,
0.8));
#9055=CARTESIAN_POINT('Ctrl Pts',(0.101885592039981,-0.21143174433402,0.8));
#9056=CARTESIAN_POINT('Ctrl Pts',(0.104492609425793,-0.18064133294924,0.8));
#9057=CARTESIAN_POINT('',(0.466999675274706,-0.350207285302486,0.879));
#9058=CARTESIAN_POINT('',(0.466999675274706,-0.350207285302486,0.8));
#9059=CARTESIAN_POINT('Ctrl Pts',(0.104492609425793,-0.18064133294924,0.879));
#9060=CARTESIAN_POINT('Ctrl Pts',(0.101885592039981,-0.21143174433402,0.879));
#9061=CARTESIAN_POINT('Ctrl Pts',(0.0992888194038469,-0.269421554580559,
0.879));
#9062=CARTESIAN_POINT('Ctrl Pts',(0.159147388571956,-0.379651436337035,
0.879));
#9063=CARTESIAN_POINT('Ctrl Pts',(0.304207399629669,-0.446774334949256,
0.879));
#9064=CARTESIAN_POINT('Ctrl Pts',(0.424908847701643,-0.39854380082115,0.879));
#9065=CARTESIAN_POINT('Ctrl Pts',(0.465705716620985,-0.351738906286791,
0.879));
#9066=CARTESIAN_POINT('Ctrl Pts',(0.466999675274706,-0.350207285302486,
0.879));
#9067=CARTESIAN_POINT('Ctrl Pts',(0.466999675274706,-0.350207285302486,
0.8));
#9068=CARTESIAN_POINT('Ctrl Pts',(0.466999675274706,-0.350207285302486,
0.826333333333333));
#9069=CARTESIAN_POINT('Ctrl Pts',(0.466999675274706,-0.350207285302486,
0.852666666666667));
#9070=CARTESIAN_POINT('Ctrl Pts',(0.466999675274706,-0.350207285302486,
0.879));
#9071=CARTESIAN_POINT('Ctrl Pts',(0.483588056495137,-0.330573947137095,
0.8));
#9072=CARTESIAN_POINT('Ctrl Pts',(0.483816691257068,-0.330700966449279,
0.826332495194441));
#9073=CARTESIAN_POINT('Ctrl Pts',(0.484045318605877,-0.330827981643062,
0.852667504805559));
#9074=CARTESIAN_POINT('Ctrl Pts',(0.484273953367808,-0.330955000955246,
0.879));
#9075=CARTESIAN_POINT('Ctrl Pts',(0.496549527263818,-0.307359681230467,
0.800000000000001));
#9076=CARTESIAN_POINT('Ctrl Pts',(0.496780769268518,-0.307488149010856,
0.826332480059392));
#9077=CARTESIAN_POINT('Ctrl Pts',(0.497011988474255,-0.307616604125154,
0.852667519940611));
#9078=CARTESIAN_POINT('Ctrl Pts',(0.497243230478955,-0.307745071905543,
0.879000000000002));
#9079=CARTESIAN_POINT('Ctrl Pts',(0.503928504226409,-0.283735393189121,
0.8));
#9080=CARTESIAN_POINT('Ctrl Pts',(0.503928504226402,-0.283735393189117,
0.826333333333333));
#9081=CARTESIAN_POINT('Ctrl Pts',(0.503928504226395,-0.283735393189113,
0.852666666666667));
#9082=CARTESIAN_POINT('Ctrl Pts',(0.503928504226389,-0.28373539318911,0.879));
#9083=CARTESIAN_POINT('Ctrl Pts',(0.466999675274706,-0.350207285302486,
0.879));
#9084=CARTESIAN_POINT('Ctrl Pts',(0.484273953367808,-0.330955000955246,
0.879));
#9085=CARTESIAN_POINT('Ctrl Pts',(0.497243230478955,-0.307745071905543,
0.879000000000002));
#9086=CARTESIAN_POINT('Ctrl Pts',(0.503928504226389,-0.28373539318911,0.879));
#9087=CARTESIAN_POINT('Origin',(0.0328942823934883,0.312071835244005,0.879));
#9088=CARTESIAN_POINT('',(0.448675235042431,-0.383191277720581,0.879));
#9089=CARTESIAN_POINT('Origin',(0.448675235042431,-0.383191277720581,0.3));
#9090=CARTESIAN_POINT('Ctrl Pts',(-0.0990071165280079,-0.177870550024228,
0.8));
#9091=CARTESIAN_POINT('Ctrl Pts',(-0.0990071165280079,-0.177870550024228,
0.879));
#9092=CARTESIAN_POINT('Ctrl Pts',(-0.230887378502329,-0.175525326069369,
0.8));
#9093=CARTESIAN_POINT('Ctrl Pts',(-0.230887378502329,-0.175525326069369,
0.879));
#9094=CARTESIAN_POINT('Ctrl Pts',(-0.362903971187079,-0.179552899242769,
0.8));
#9095=CARTESIAN_POINT('Ctrl Pts',(-0.362903971187079,-0.179552899242769,
0.879));
#9096=CARTESIAN_POINT('Ctrl Pts',(-0.494797450834105,-0.181751872679011,
0.8));
#9097=CARTESIAN_POINT('Ctrl Pts',(-0.494797450834105,-0.181751872679011,
0.879));
#9098=CARTESIAN_POINT('',(-0.0990071165280079,-0.177870550024228,0.8));
#9099=CARTESIAN_POINT('Ctrl Pts',(-0.494797450834105,-0.181751872679011,
0.8));
#9100=CARTESIAN_POINT('Ctrl Pts',(-0.362903971187079,-0.179552899242769,
0.8));
#9101=CARTESIAN_POINT('Ctrl Pts',(-0.230887378502329,-0.175525326069369,
0.8));
#9102=CARTESIAN_POINT('Ctrl Pts',(-0.0990071165280079,-0.177870550024228,
0.8));
#9103=CARTESIAN_POINT('',(-0.494797450834105,-0.181751872679011,0.879));
#9104=CARTESIAN_POINT('',(-0.494797450834105,-0.181751872679011,0.8));
#9105=CARTESIAN_POINT('',(-0.0990071165280079,-0.177870550024228,0.879));
#9106=CARTESIAN_POINT('Ctrl Pts',(-0.0990071165280079,-0.177870550024228,
0.879));
#9107=CARTESIAN_POINT('Ctrl Pts',(-0.230887378502329,-0.175525326069369,
0.879));
#9108=CARTESIAN_POINT('Ctrl Pts',(-0.362903971187079,-0.179552899242769,
0.879));
#9109=CARTESIAN_POINT('Ctrl Pts',(-0.494797450834105,-0.181751872679011,
0.879));
#9110=CARTESIAN_POINT('',(-0.0990071165280079,-0.177870550024228,0.8));
#9111=CARTESIAN_POINT('Ctrl Pts',(-0.370621092661641,-0.405269317176791,
0.8));
#9112=CARTESIAN_POINT('Ctrl Pts',(-0.370621092661641,-0.405269317176791,
0.879));
#9113=CARTESIAN_POINT('Ctrl Pts',(-0.359287896105053,-0.409200821587817,
0.8));
#9114=CARTESIAN_POINT('Ctrl Pts',(-0.359287896105053,-0.409200821587817,
0.879));
#9115=CARTESIAN_POINT('Ctrl Pts',(-0.313462032162665,-0.420608432404815,
0.8));
#9116=CARTESIAN_POINT('Ctrl Pts',(-0.313462032162665,-0.420608432404815,
0.879));
#9117=CARTESIAN_POINT('Ctrl Pts',(-0.21546126072549,-0.410345134362739,
0.8));
#9118=CARTESIAN_POINT('Ctrl Pts',(-0.21546126072549,-0.410345134362739,
0.879));
#9119=CARTESIAN_POINT('Ctrl Pts',(-0.129576817858176,-0.339322314900274,
0.8));
#9120=CARTESIAN_POINT('Ctrl Pts',(-0.129576817858176,-0.339322314900274,
0.879));
#9121=CARTESIAN_POINT('Ctrl Pts',(-0.0940489811995421,-0.248963614878223,
0.8));
#9122=CARTESIAN_POINT('Ctrl Pts',(-0.0940489811995421,-0.248963614878223,
0.879));
#9123=CARTESIAN_POINT('Ctrl Pts',(-0.0973589398235742,-0.201561347425512,
0.8));
#9124=CARTESIAN_POINT('Ctrl Pts',(-0.0973589398235742,-0.201561347425512,
0.879));
#9125=CARTESIAN_POINT('Ctrl Pts',(-0.0990071165280079,-0.177870550024228,
0.8));
#9126=CARTESIAN_POINT('Ctrl Pts',(-0.0990071165280079,-0.177870550024228,
0.879));
#9127=CARTESIAN_POINT('Ctrl Pts',(-0.0990071165280079,-0.177870550024228,
0.8));
#9128=CARTESIAN_POINT('Ctrl Pts',(-0.0973589398235742,-0.201561347425512,
0.8));
#9129=CARTESIAN_POINT('Ctrl Pts',(-0.0940489811995421,-0.248963614878223,
0.8));
#9130=CARTESIAN_POINT('Ctrl Pts',(-0.129576817858176,-0.339322314900274,
0.8));
#9131=CARTESIAN_POINT('Ctrl Pts',(-0.21546126072549,-0.410345134362739,
0.8));
#9132=CARTESIAN_POINT('Ctrl Pts',(-0.313462032162665,-0.420608432404815,
0.8));
#9133=CARTESIAN_POINT('Ctrl Pts',(-0.359287896105053,-0.409200821587817,
0.8));
#9134=CARTESIAN_POINT('Ctrl Pts',(-0.370621092661641,-0.405269317176791,
0.8));
#9135=CARTESIAN_POINT('',(-0.370621092707009,-0.405269317307784,0.879));
#9136=CARTESIAN_POINT('Ctrl Pts',(-0.370621092661641,-0.405269317176791,
0.879));
#9137=CARTESIAN_POINT('Ctrl Pts',(-0.359287896105053,-0.409200821587817,
0.879));
#9138=CARTESIAN_POINT('Ctrl Pts',(-0.313462032162665,-0.420608432404815,
0.879));
#9139=CARTESIAN_POINT('Ctrl Pts',(-0.21546126072549,-0.410345134362739,
0.879));
#9140=CARTESIAN_POINT('Ctrl Pts',(-0.129576817858176,-0.339322314900274,
0.879));
#9141=CARTESIAN_POINT('Ctrl Pts',(-0.0940489811995421,-0.248963614878223,
0.879));
#9142=CARTESIAN_POINT('Ctrl Pts',(-0.0973589398235742,-0.201561347425512,
0.879));
#9143=CARTESIAN_POINT('Ctrl Pts',(-0.0990071165280079,-0.177870550024228,
0.879));
#9144=CARTESIAN_POINT('',(-0.370621092707009,-0.405269317307784,0.8));
#9145=CARTESIAN_POINT('Ctrl Pts',(-0.494797450834105,-0.181751872679011,
0.8));
#9146=CARTESIAN_POINT('Ctrl Pts',(-0.494797450834105,-0.181751872679011,
0.826333333333333));
#9147=CARTESIAN_POINT('Ctrl Pts',(-0.494797450834105,-0.181751872679011,
0.852666666666667));
#9148=CARTESIAN_POINT('Ctrl Pts',(-0.494797450834105,-0.181751872679011,
0.879));
#9149=CARTESIAN_POINT('Ctrl Pts',(-0.497054814637795,-0.181790386406064,
0.8));
#9150=CARTESIAN_POINT('Ctrl Pts',(-0.49714652399197,-0.181841336047272,
0.82633333334792));
#9151=CARTESIAN_POINT('Ctrl Pts',(-0.497238233345498,-0.181892285688121,
0.852666666652081));
#9152=CARTESIAN_POINT('Ctrl Pts',(-0.497329942699673,-0.181943235329329,
0.879));
#9153=CARTESIAN_POINT('Ctrl Pts',(-0.499312326510193,-0.181828467530025,
0.799988094578105));
#9154=CARTESIAN_POINT('Ctrl Pts',(-0.499495741505163,-0.181930364749453,
0.826320800907135));
#9155=CARTESIAN_POINT('Ctrl Pts',(-0.499679156499123,-0.18203226196832,
0.852653507192415));
#9156=CARTESIAN_POINT('Ctrl Pts',(-0.499862571494092,-0.182134159187747,
0.878986213521445));
#9157=CARTESIAN_POINT('Ctrl Pts',(-0.501569627097567,-0.181865876102864,
0.799964294370263));
#9158=CARTESIAN_POINT('Ctrl Pts',(-0.50184472419242,-0.182018707822227,
0.826295747207096));
#9159=CARTESIAN_POINT('Ctrl Pts',(-0.502119821287274,-0.18217153954159,
0.85262720004393));
#9160=CARTESIAN_POINT('Ctrl Pts',(-0.502394918382127,-0.182324371260953,
0.878958652880764));
#9161=CARTESIAN_POINT('',(-0.502394918382127,-0.182324371260953,0.878958652880764));
#9162=CARTESIAN_POINT('',(-0.501569627097567,-0.181865876102864,0.799964294370263));
#9163=CARTESIAN_POINT('Ctrl Pts',(-0.494797450834105,-0.181751872679011,
0.879));
#9164=CARTESIAN_POINT('Ctrl Pts',(-0.497329942699673,-0.181943235329329,
0.879));
#9165=CARTESIAN_POINT('Ctrl Pts',(-0.499862571494092,-0.182134159187747,
0.878986213521445));
#9166=CARTESIAN_POINT('Ctrl Pts',(-0.502394918382127,-0.182324371260953,
0.878958652880764));
#9167=CARTESIAN_POINT('Ctrl Pts',(-0.501569627097571,-0.181865876102864,
0.799964294370263));
#9168=CARTESIAN_POINT('Ctrl Pts',(-0.501844724192425,-0.182018707822227,
0.826295747207096));
#9169=CARTESIAN_POINT('Ctrl Pts',(-0.502119821287279,-0.18217153954159,
0.85262720004393));
#9170=CARTESIAN_POINT('Ctrl Pts',(-0.502394918382132,-0.182324371260953,
0.878958652880764));
#9171=CARTESIAN_POINT('Ctrl Pts',(-0.504126174295852,-0.217842162249824,
0.799728773132081));
#9172=CARTESIAN_POINT('Ctrl Pts',(-0.505309062409667,-0.218499322313054,
0.826048897390952));
#9173=CARTESIAN_POINT('Ctrl Pts',(-0.506490370726488,-0.219155604711288,
0.85236579502808));
#9174=CARTESIAN_POINT('Ctrl Pts',(-0.507673258840304,-0.219812764774519,
0.87868591928695));
#9175=CARTESIAN_POINT('Ctrl Pts',(-0.504232372280283,-0.253230121585638,
0.798210690501614));
#9176=CARTESIAN_POINT('Ctrl Pts',(-0.506210399684773,-0.254329025699243,
0.824450527872844));
#9177=CARTESIAN_POINT('Ctrl Pts',(-0.508187915388946,-0.255427645534895,
0.850688142229639));
#9178=CARTESIAN_POINT('Ctrl Pts',(-0.510165942793436,-0.256526549648501,
0.876927979600869));
#9179=CARTESIAN_POINT('Ctrl Pts',(-0.481662147195645,-0.318901793546623,
0.796948733951061));
#9180=CARTESIAN_POINT('Ctrl Pts',(-0.484199916855905,-0.3203116655801,0.823120812131317));
#9181=CARTESIAN_POINT('Ctrl Pts',(-0.486737871133534,-0.321721640178783,
0.849294555735074));
#9182=CARTESIAN_POINT('Ctrl Pts',(-0.489275640793793,-0.32313151221226,
0.875466633915329));
#9183=CARTESIAN_POINT('Ctrl Pts',(-0.459087100706806,-0.349232502364762,
0.797637315490205));
#9184=CARTESIAN_POINT('Ctrl Pts',(-0.461394586808558,-0.350514439087957,
0.823845045734704));
#9185=CARTESIAN_POINT('Ctrl Pts',(-0.463701937398796,-0.351796300526978,
0.850056281093158));
#9186=CARTESIAN_POINT('Ctrl Pts',(-0.466009423500547,-0.353078237250173,
0.876264011337657));
#9187=CARTESIAN_POINT('Ctrl Pts',(-0.412998447142473,-0.386400134306234,
0.7993069750478));
#9188=CARTESIAN_POINT('Ctrl Pts',(-0.41428207633823,-0.38711326163721,0.825604575213263));
#9189=CARTESIAN_POINT('Ctrl Pts',(-0.415565624464868,-0.387826343929786,
0.851899876939889));
#9190=CARTESIAN_POINT('Ctrl Pts',(-0.416849253660625,-0.388539471260762,
0.878197477105352));
#9191=CARTESIAN_POINT('Ctrl Pts',(-0.39242285020119,-0.39771844322052,0.800000000004456));
#9192=CARTESIAN_POINT('Ctrl Pts',(-0.393131561903921,-0.398112171944259,
0.826332341354162));
#9193=CARTESIAN_POINT('Ctrl Pts',(-0.39383991375931,-0.398505700752808,
0.852667658655454));
#9194=CARTESIAN_POINT('Ctrl Pts',(-0.39454862546204,-0.398899429476547,
0.87900000000516));
#9195=CARTESIAN_POINT('Ctrl Pts',(-0.370621092602935,-0.405269317197041,
0.8));
#9196=CARTESIAN_POINT('Ctrl Pts',(-0.37062109259627,-0.405269317193339,
0.826333333333333));
#9197=CARTESIAN_POINT('Ctrl Pts',(-0.370621092589606,-0.405269317189636,
0.852666666666667));
#9198=CARTESIAN_POINT('Ctrl Pts',(-0.370621092582941,-0.405269317185934,
0.879));
#9199=CARTESIAN_POINT('Ctrl Pts',(-0.502394918382132,-0.182324371260953,
0.878958652880764));
#9200=CARTESIAN_POINT('Ctrl Pts',(-0.507673258840304,-0.219812764774519,
0.87868591928695));
#9201=CARTESIAN_POINT('Ctrl Pts',(-0.510165942793436,-0.256526549648501,
0.876927979600869));
#9202=CARTESIAN_POINT('Ctrl Pts',(-0.489275640793793,-0.32313151221226,
0.875466633915329));
#9203=CARTESIAN_POINT('Ctrl Pts',(-0.466009423500547,-0.353078237250173,
0.876264011337657));
#9204=CARTESIAN_POINT('Ctrl Pts',(-0.416849253660625,-0.388539471260762,
0.878197477105352));
#9205=CARTESIAN_POINT('Ctrl Pts',(-0.39454862546204,-0.398899429476547,
0.87900000000516));
#9206=CARTESIAN_POINT('Ctrl Pts',(-0.370621092582941,-0.405269317185934,
0.879));
#9207=CARTESIAN_POINT('Origin',(0.0328942823934883,0.312071835244005,0.879));
#9208=CARTESIAN_POINT('',(-0.750173904379298,0.277925743702337,0.879));
#9209=CARTESIAN_POINT('Origin',(-0.750173904379298,0.277925743702337,0.3));
#9210=CARTESIAN_POINT('Ctrl Pts',(-0.103141778097378,-1.20176536830391,
0.8));
#9211=CARTESIAN_POINT('Ctrl Pts',(-0.103141778097378,-1.20176536830391,
0.879));
#9212=CARTESIAN_POINT('Ctrl Pts',(-0.0955240001349566,-1.26417655843298,
0.8));
#9213=CARTESIAN_POINT('Ctrl Pts',(-0.0955240001349566,-1.26417655843298,
0.879));
#9214=CARTESIAN_POINT('Ctrl Pts',(-0.0753323501304861,-1.38851054186589,
0.8));
#9215=CARTESIAN_POINT('Ctrl Pts',(-0.0753323501304861,-1.38851054186589,
0.879));
#9216=CARTESIAN_POINT('Ctrl Pts',(-0.0516546597338552,-1.56013313399327,
0.8));
#9217=CARTESIAN_POINT('Ctrl Pts',(-0.0516546597338552,-1.56013313399327,
0.879));
#9218=CARTESIAN_POINT('Ctrl Pts',(-0.0362870410478947,-1.67001278244131,
0.8));
#9219=CARTESIAN_POINT('Ctrl Pts',(-0.0362870410478947,-1.67001278244131,
0.879));
#9220=CARTESIAN_POINT('Ctrl Pts',(-0.0297783977662736,-1.71717948649266,
0.8));
#9221=CARTESIAN_POINT('Ctrl Pts',(-0.0297783977662736,-1.71717948649266,
0.879));
#9222=CARTESIAN_POINT('',(-0.103141778097378,-1.20176536830391,0.8));
#9223=CARTESIAN_POINT('Ctrl Pts',(-0.0297783977662736,-1.71717948649266,
0.8));
#9224=CARTESIAN_POINT('Ctrl Pts',(-0.0362870410478947,-1.67001278244131,
0.8));
#9225=CARTESIAN_POINT('Ctrl Pts',(-0.0516546597338552,-1.56013313399327,
0.8));
#9226=CARTESIAN_POINT('Ctrl Pts',(-0.0753323501304861,-1.38851054186589,
0.8));
#9227=CARTESIAN_POINT('Ctrl Pts',(-0.0955240001349566,-1.26417655843298,
0.8));
#9228=CARTESIAN_POINT('Ctrl Pts',(-0.103141778097378,-1.20176536830391,
0.8));
#9229=CARTESIAN_POINT('',(-0.0297783977662737,-1.71717948649266,0.879));
#9230=CARTESIAN_POINT('',(-0.0297783977662737,-1.71717948649266,0.8));
#9231=CARTESIAN_POINT('',(-0.103141778097378,-1.20176536830391,0.879));
#9232=CARTESIAN_POINT('Ctrl Pts',(-0.103141778097378,-1.20176536830391,
0.879));
#9233=CARTESIAN_POINT('Ctrl Pts',(-0.0955240001349566,-1.26417655843298,
0.879));
#9234=CARTESIAN_POINT('Ctrl Pts',(-0.0753323501304861,-1.38851054186589,
0.879));
#9235=CARTESIAN_POINT('Ctrl Pts',(-0.0516546597338552,-1.56013313399327,
0.879));
#9236=CARTESIAN_POINT('Ctrl Pts',(-0.0362870410478947,-1.67001278244131,
0.879));
#9237=CARTESIAN_POINT('Ctrl Pts',(-0.0297783977662736,-1.71717948649266,
0.879));
#9238=CARTESIAN_POINT('',(-0.103141778097378,-1.20176536830391,0.8));
#9239=CARTESIAN_POINT('Origin',(-0.00524828870465437,-1.2016034971072,0.8));
#9240=CARTESIAN_POINT('',(0.0926452006880693,-1.20144162591048,0.8));
#9241=CARTESIAN_POINT('',(0.0150744056961016,-1.20156989263683,0.8));
#9242=CARTESIAN_POINT('',(0.0926452006880693,-1.20144162591048,0.879));
#9243=CARTESIAN_POINT('',(0.0926452006880693,-1.20144162591048,0.879));
#9244=CARTESIAN_POINT('',(0.0926452006880693,-1.20144162591048,0.8));
#9245=CARTESIAN_POINT('Ctrl Pts',(0.0318739270005945,-1.71436896727,0.8));
#9246=CARTESIAN_POINT('Ctrl Pts',(0.0318739270005945,-1.71436896727,0.879));
#9247=CARTESIAN_POINT('Ctrl Pts',(0.0325646078286041,-1.70889500008999,
0.8));
#9248=CARTESIAN_POINT('Ctrl Pts',(0.0325646078286041,-1.70889500008999,
0.879));
#9249=CARTESIAN_POINT('Ctrl Pts',(0.043790255531198,-1.62038627533428,0.8));
#9250=CARTESIAN_POINT('Ctrl Pts',(0.043790255531198,-1.62038627533428,0.879));
#9251=CARTESIAN_POINT('Ctrl Pts',(0.0623086711050174,-1.49164803755084,
0.8));
#9252=CARTESIAN_POINT('Ctrl Pts',(0.0623086711050174,-1.49164803755084,
0.879));
#9253=CARTESIAN_POINT('Ctrl Pts',(0.0792584225304348,-1.32550941875288,
0.8));
#9254=CARTESIAN_POINT('Ctrl Pts',(0.0792584225304348,-1.32550941875288,
0.879));
#9255=CARTESIAN_POINT('Ctrl Pts',(0.086073968831425,-1.24285855407583,0.8));
#9256=CARTESIAN_POINT('Ctrl Pts',(0.086073968831425,-1.24285855407583,0.879));
#9257=CARTESIAN_POINT('Ctrl Pts',(0.0926452006880693,-1.20144162591048,
0.8));
#9258=CARTESIAN_POINT('Ctrl Pts',(0.0926452006880693,-1.20144162591048,
0.879));
#9259=CARTESIAN_POINT('Ctrl Pts',(0.0926452006880693,-1.20144162591048,
0.8));
#9260=CARTESIAN_POINT('Ctrl Pts',(0.086073968831425,-1.24285855407583,0.8));
#9261=CARTESIAN_POINT('Ctrl Pts',(0.0792584225304348,-1.32550941875288,
0.8));
#9262=CARTESIAN_POINT('Ctrl Pts',(0.0623086711050174,-1.49164803755084,
0.8));
#9263=CARTESIAN_POINT('Ctrl Pts',(0.043790255531198,-1.62038627533428,0.8));
#9264=CARTESIAN_POINT('Ctrl Pts',(0.0325646078286041,-1.70889500008999,
0.8));
#9265=CARTESIAN_POINT('Ctrl Pts',(0.0318739270005945,-1.71436896727,0.8));
#9266=CARTESIAN_POINT('',(0.0318739270005945,-1.71436896727,0.879));
#9267=CARTESIAN_POINT('Ctrl Pts',(0.0318739270005945,-1.71436896727,0.879));
#9268=CARTESIAN_POINT('Ctrl Pts',(0.0325646078286041,-1.70889500008999,
0.879));
#9269=CARTESIAN_POINT('Ctrl Pts',(0.043790255531198,-1.62038627533428,0.879));
#9270=CARTESIAN_POINT('Ctrl Pts',(0.0623086711050174,-1.49164803755084,
0.879));
#9271=CARTESIAN_POINT('Ctrl Pts',(0.0792584225304348,-1.32550941875288,
0.879));
#9272=CARTESIAN_POINT('Ctrl Pts',(0.086073968831425,-1.24285855407583,0.879));
#9273=CARTESIAN_POINT('Ctrl Pts',(0.0926452006880693,-1.20144162591048,
0.879));
#9274=CARTESIAN_POINT('',(0.0318739270005945,-1.71436896727,0.8));
#9275=CARTESIAN_POINT('Ctrl Pts',(-0.0297783977662736,-1.71717948649266,
0.8));
#9276=CARTESIAN_POINT('Ctrl Pts',(-0.0297783977662736,-1.71717948649266,
0.826333333333333));
#9277=CARTESIAN_POINT('Ctrl Pts',(-0.0297783977662736,-1.71717948649266,
0.852666666666667));
#9278=CARTESIAN_POINT('Ctrl Pts',(-0.0297783977662736,-1.71717948649266,
0.879));
#9279=CARTESIAN_POINT('Ctrl Pts',(-0.0277040828365523,-1.73221841462093,
0.8));
#9280=CARTESIAN_POINT('Ctrl Pts',(-0.027632586956882,-1.73301388722039,
0.826333408507616));
#9281=CARTESIAN_POINT('Ctrl Pts',(-0.0275610634440578,-1.73380927098188,
0.852666591492384));
#9282=CARTESIAN_POINT('Ctrl Pts',(-0.0274895675643875,-1.73460474358135,
0.879));
#9283=CARTESIAN_POINT('Ctrl Pts',(-0.0256370719513782,-1.74728868247571,
0.799308337741457));
#9284=CARTESIAN_POINT('Ctrl Pts',(-0.025496360494124,-1.74888131534069,
0.82560520115978));
#9285=CARTESIAN_POINT('Ctrl Pts',(-0.0253556834114224,-1.7504740061332,
0.851902191686284));
#9286=CARTESIAN_POINT('Ctrl Pts',(-0.0252149719541682,-1.75206663899817,
0.878199055104607));
#9287=CARTESIAN_POINT('Ctrl Pts',(-0.0193541981461425,-1.79337477907765,
0.795062336102008));
#9288=CARTESIAN_POINT('Ctrl Pts',(-0.0190107227840021,-1.79740584791167,
0.821135882251523));
#9289=CARTESIAN_POINT('Ctrl Pts',(-0.0186672173701267,-1.80143655130327,
0.84720863905661));
#9290=CARTESIAN_POINT('Ctrl Pts',(-0.0183237420079863,-1.80546762013728,
0.873282185206125));
#9291=CARTESIAN_POINT('Ctrl Pts',(-0.0152162529762714,-1.82405173771462,
0.789266270719092));
#9292=CARTESIAN_POINT('Ctrl Pts',(-0.0147497049252481,-1.8297063532913,
0.815034267311415));
#9293=CARTESIAN_POINT('Ctrl Pts',(-0.0142831279406636,-1.83536074556604,
0.840802344900387));
#9294=CARTESIAN_POINT('Ctrl Pts',(-0.0138165798896403,-1.84101536114271,
0.866570341492709));
#9295=CARTESIAN_POINT('Ctrl Pts',(-0.00700514947623922,-1.88458289449719,
0.771763588203092));
#9296=CARTESIAN_POINT('Ctrl Pts',(-0.00633119972273232,-1.89344323957767,
0.796610293611969));
#9297=CARTESIAN_POINT('Ctrl Pts',(-0.00565739954791925,-1.90230316746838,
0.821455529730304));
#9298=CARTESIAN_POINT('Ctrl Pts',(-0.00498344979441235,-1.91116351254886,
0.846302235139181));
#9299=CARTESIAN_POINT('Ctrl Pts',(-0.00292621036413642,-1.91474276888091,
0.759649726570254));
#9300=CARTESIAN_POINT('Ctrl Pts',(-0.00216811546255165,-1.92520229390539,
0.783860501929376));
#9301=CARTESIAN_POINT('Ctrl Pts',(-0.0014107113109759,-1.9356584387931,
0.808063608009233));
#9302=CARTESIAN_POINT('Ctrl Pts',(-0.00065261640939113,-1.94611796381758,
0.832274383368355));
#9303=CARTESIAN_POINT('Ctrl Pts',(0.000812726588711151,-1.94156007559135,
0.74595590827467));
#9304=CARTESIAN_POINT('Ctrl Pts',(0.001618881297747,-1.95344093689727,0.769442919443802));
#9305=CARTESIAN_POINT('Ctrl Pts',(0.00242503600678285,-1.96532179820319,
0.792929930612935));
#9306=CARTESIAN_POINT('Ctrl Pts',(0.0032311907158187,-1.97720265950912,
0.816416941782067));
#9307=CARTESIAN_POINT('',(0.0032311907158187,-1.97720265950912,0.816416941782067));
#9308=CARTESIAN_POINT('',(0.000812726588711151,-1.94156007559135,0.74595590827467));
#9309=CARTESIAN_POINT('Ctrl Pts',(-0.0297783977662736,-1.71717948649266,
0.879));
#9310=CARTESIAN_POINT('Ctrl Pts',(-0.0274895675643875,-1.73460474358135,
0.879));
#9311=CARTESIAN_POINT('Ctrl Pts',(-0.0252149719541682,-1.75206663899817,
0.878199055104607));
#9312=CARTESIAN_POINT('Ctrl Pts',(-0.0183237420079863,-1.80546762013728,
0.873282185206125));
#9313=CARTESIAN_POINT('Ctrl Pts',(-0.0138165798896403,-1.84101536114271,
0.866570341492709));
#9314=CARTESIAN_POINT('Ctrl Pts',(-0.00498344979441235,-1.91116351254886,
0.846302235139181));
#9315=CARTESIAN_POINT('Ctrl Pts',(-0.00065261640939113,-1.94611796381758,
0.832274383368355));
#9316=CARTESIAN_POINT('Ctrl Pts',(0.0032311907158187,-1.97720265950912,
0.816416941782067));
#9317=CARTESIAN_POINT('Ctrl Pts',(0.000812726588711151,-1.94156007559135,
0.74595590827467));
#9318=CARTESIAN_POINT('Ctrl Pts',(0.001618881297747,-1.95344093689727,0.769442919443802));
#9319=CARTESIAN_POINT('Ctrl Pts',(0.00242503600678285,-1.96532179820319,
0.792929930612935));
#9320=CARTESIAN_POINT('Ctrl Pts',(0.0032311907158187,-1.97720265950912,
0.816416941782067));
#9321=CARTESIAN_POINT('Ctrl Pts',(0.00666020131660004,-1.90430347851965,
0.764601383856816));
#9322=CARTESIAN_POINT('Ctrl Pts',(0.0071260986453549,-1.91426640531939,
0.789072622985259));
#9323=CARTESIAN_POINT('Ctrl Pts',(0.00759092295707711,-1.92422861844508,
0.813537163377749));
#9324=CARTESIAN_POINT('Ctrl Pts',(0.00805682028583197,-1.93419154524482,
0.838008402506193));
#9325=CARTESIAN_POINT('Ctrl Pts',(0.0125049128313257,-1.86398609458038,
0.779024032576732));
#9326=CARTESIAN_POINT('Ctrl Pts',(0.0127655564407336,-1.87184399370215,
0.804253087343168));
#9327=CARTESIAN_POINT('Ctrl Pts',(0.0130261469200021,-1.87970196377767,
0.82948077495742));
#9328=CARTESIAN_POINT('Ctrl Pts',(0.01328679052941,-1.88755986289943,0.854709829723855));
#9329=CARTESIAN_POINT('Ctrl Pts',(0.0228125133516733,-1.78763754499485,
0.79592874667392));
#9330=CARTESIAN_POINT('Ctrl Pts',(0.0228549196068813,-1.79149371776333,
0.822047635685327));
#9331=CARTESIAN_POINT('Ctrl Pts',(0.0228969520371147,-1.79534975922311,
0.848166599636993));
#9332=CARTESIAN_POINT('Ctrl Pts',(0.0229393582923228,-1.79920593199158,
0.8742854886484));
#9333=CARTESIAN_POINT('Ctrl Pts',(0.0272548286263309,-1.75104927533514,
0.8));
#9334=CARTESIAN_POINT('Ctrl Pts',(0.0272582184586761,-1.75298071099802,
0.826334164298129));
#9335=CARTESIAN_POINT('Ctrl Pts',(0.0272598850316535,-1.75491225221481,
0.852665835701871));
#9336=CARTESIAN_POINT('Ctrl Pts',(0.0272632748639988,-1.75684368787768,
0.879));
#9337=CARTESIAN_POINT('Ctrl Pts',(0.0318739270005944,-1.71436896727,0.8));
#9338=CARTESIAN_POINT('Ctrl Pts',(0.0318739270005944,-1.71436896727,0.826333333333333));
#9339=CARTESIAN_POINT('Ctrl Pts',(0.0318739270005944,-1.71436896727,0.852666666666667));
#9340=CARTESIAN_POINT('Ctrl Pts',(0.0318739270005944,-1.71436896727,0.879));
#9341=CARTESIAN_POINT('Ctrl Pts',(0.0032311907158187,-1.97720265950912,
0.816416941782067));
#9342=CARTESIAN_POINT('Ctrl Pts',(0.00805682028583197,-1.93419154524482,
0.838008402506193));
#9343=CARTESIAN_POINT('Ctrl Pts',(0.01328679052941,-1.88755986289943,0.854709829723855));
#9344=CARTESIAN_POINT('Ctrl Pts',(0.0229393582923228,-1.79920593199158,
0.8742854886484));
#9345=CARTESIAN_POINT('Ctrl Pts',(0.0272632748639988,-1.75684368787768,
0.879));
#9346=CARTESIAN_POINT('Ctrl Pts',(0.0318739270005944,-1.71436896727,0.879));
#9347=CARTESIAN_POINT('Origin',(0.0328942823934883,0.312071835244005,0.879));
#9348=CARTESIAN_POINT('Origin',(0.0328942823934876,-2.4143682236088,0.879));
#9349=CARTESIAN_POINT('Origin',(0.0328942823934876,-2.4143682236088,0.3));
#9350=CARTESIAN_POINT('Origin',(0.0328942823934883,0.312071835244005,0.8));
#9351=CARTESIAN_POINT('',(-0.482732759587438,2.33044676502148,0.8));
#9352=CARTESIAN_POINT('',(-0.124235820844043,2.62847124450143,0.8));
#9353=CARTESIAN_POINT('Ctrl Pts',(-0.482732759587498,2.33044676502149,0.8));
#9354=CARTESIAN_POINT('Ctrl Pts',(-0.451887238950101,2.32114410787344,0.8));
#9355=CARTESIAN_POINT('Ctrl Pts',(-0.35087246858557,2.30827433147959,0.8));
#9356=CARTESIAN_POINT('Ctrl Pts',(-0.187575438062901,2.38184745057225,0.8));
#9357=CARTESIAN_POINT('Ctrl Pts',(-0.120057804436093,2.52810992195377,0.8));
#9358=CARTESIAN_POINT('Ctrl Pts',(-0.122431631022582,2.61247362674228,0.8));
#9359=CARTESIAN_POINT('Ctrl Pts',(-0.124235820844043,2.62847124450143,0.8));
#9360=CARTESIAN_POINT('',(-0.280268481153541,2.62847124450143,0.8));
#9361=CARTESIAN_POINT('',(0.321870652362251,2.62847124450143,0.8));
#9362=CARTESIAN_POINT('',(-0.694786206915427,2.01830716809754,0.8));
#9363=CARTESIAN_POINT('Origin',(0.0328942823934883,0.312071835244005,0.8));
#9364=CARTESIAN_POINT('',(-0.0555012157316839,2.62847124450143,0.8));
#9365=CARTESIAN_POINT('Ctrl Pts',(-0.0555012157316962,2.62847124450157,
0.8));
#9366=CARTESIAN_POINT('Ctrl Pts',(-0.0521935515115427,2.59128024065442,
0.8));
#9367=CARTESIAN_POINT('Ctrl Pts',(-0.0597677964744653,2.47420808179658,
0.8));
#9368=CARTESIAN_POINT('Ctrl Pts',(-0.170265778652557,2.30388026886268,0.8));
#9369=CARTESIAN_POINT('Ctrl Pts',(-0.36578923981541,2.23526604574618,0.8));
#9370=CARTESIAN_POINT('Ctrl Pts',(-0.484629090687,2.25752619136604,0.8));
#9371=CARTESIAN_POINT('Ctrl Pts',(-0.522728231614319,2.27157401065539,0.8));
#9372=CARTESIAN_POINT('',(0.321870652362251,2.62847124450143,0.8));
#9373=CARTESIAN_POINT('Origin',(0.321870652362251,2.62847124450143,0.3));
#9374=CARTESIAN_POINT('Ctrl Pts',(-0.441368642226347,2.93267490671866,0.696812464387933));
#9375=CARTESIAN_POINT('Ctrl Pts',(-0.406274811170933,2.93684394027209,0.693616407336612));
#9376=CARTESIAN_POINT('Ctrl Pts',(-0.368165756360231,2.93355928078566,0.696229993770739));
#9377=CARTESIAN_POINT('Ctrl Pts',(-0.296332192583571,2.91916375558505,0.706916867589729));
#9378=CARTESIAN_POINT('Ctrl Pts',(-0.262606465904263,2.90802560540017,0.714959941248812));
#9379=CARTESIAN_POINT('Ctrl Pts',(-0.199935409222572,2.8763298479576,0.734649357854943));
#9380=CARTESIAN_POINT('Ctrl Pts',(-0.170987029718522,2.85573396299837,0.74619856285504));
#9381=CARTESIAN_POINT('Ctrl Pts',(-0.121714903105059,2.8058059378087,0.768300260762934));
#9382=CARTESIAN_POINT('Ctrl Pts',(-0.101387132928925,2.77653283421209,0.778718480854592));
#9383=CARTESIAN_POINT('Ctrl Pts',(-0.0694856037750181,2.70867190604858,
0.794894620861523));
#9384=CARTESIAN_POINT('Ctrl Pts',(-0.0590961036717019,2.66897047334927,
0.8));
#9385=CARTESIAN_POINT('Ctrl Pts',(-0.0555012157316838,2.62847124450143,
0.8));
#9386=CARTESIAN_POINT('Origin',(0.321870652362251,2.62847124450143,0.3));
#9387=CARTESIAN_POINT('',(-0.410672099579104,2.87471096286836,0.735162040047815));
#9388=CARTESIAN_POINT('Ctrl Pts',(-0.124235820844043,2.62847124450143,0.8));
#9389=CARTESIAN_POINT('Ctrl Pts',(-0.126239479301576,2.64625853520692,0.8));
#9390=CARTESIAN_POINT('Ctrl Pts',(-0.129906861713319,2.663871318689,0.799037052086581));
#9391=CARTESIAN_POINT('Ctrl Pts',(-0.144950411640281,2.71320130086829,0.793848089280074));
#9392=CARTESIAN_POINT('Ctrl Pts',(-0.16028809394675,2.74344677512711,0.787360335402667));
#9393=CARTESIAN_POINT('Ctrl Pts',(-0.20728841750691,2.8031094635614,0.769822586186187));
#9394=CARTESIAN_POINT('Ctrl Pts',(-0.242568526782381,2.82929711082889,0.758374923742243));
#9395=CARTESIAN_POINT('Ctrl Pts',(-0.322295215196604,2.86644981766564,0.740209666862267));
#9396=CARTESIAN_POINT('Ctrl Pts',(-0.366739284051927,2.87753621953763,0.733563347279303));
#9397=CARTESIAN_POINT('Ctrl Pts',(-0.410672099579104,2.87471096286836,0.735162040047815));
#9398=CARTESIAN_POINT('Origin',(-0.280268481153541,2.62847124450143,0.3));
#9399=CARTESIAN_POINT('Origin',(-0.694786206915427,2.01830716809754,0.3));
#9400=CARTESIAN_POINT('',(-0.665594065644936,2.58589356308469,0.703843853595974));
#9401=CARTESIAN_POINT('Ctrl Pts',(-0.665594065644936,2.58589356308469,0.703843853595974));
#9402=CARTESIAN_POINT('Ctrl Pts',(-0.666575880593702,2.54682830939223,0.719276296240902));
#9403=CARTESIAN_POINT('Ctrl Pts',(-0.663641363283759,2.50782008960807,0.734856634088318));
#9404=CARTESIAN_POINT('Ctrl Pts',(-0.641048820806962,2.45467540059255,0.758291876222799));
#9405=CARTESIAN_POINT('Ctrl Pts',(-0.630472772834967,2.4378367400393,0.76592091449491));
#9406=CARTESIAN_POINT('Ctrl Pts',(-0.605816602376343,2.40646517224869,0.779079385543809));
#9407=CARTESIAN_POINT('Ctrl Pts',(-0.591707999934224,2.39191243363287,0.784644212402057));
#9408=CARTESIAN_POINT('Ctrl Pts',(-0.548881390857843,2.35737573816385,0.796370682845273));
#9409=CARTESIAN_POINT('Ctrl Pts',(-0.516781660175629,2.3407339393274,0.8));
#9410=CARTESIAN_POINT('Ctrl Pts',(-0.482732759587438,2.33044676502148,0.8));
#9411=CARTESIAN_POINT('Ctrl Pts',(-0.410672099579104,2.87471096286836,0.735162040047815));
#9412=CARTESIAN_POINT('Ctrl Pts',(-0.443196230130266,2.86926209088968,0.721671333317098));
#9413=CARTESIAN_POINT('Ctrl Pts',(-0.474716645324088,2.8591668241823,0.70738145350191));
#9414=CARTESIAN_POINT('Ctrl Pts',(-0.532417879366033,2.82508816870381,0.685356304767179));
#9415=CARTESIAN_POINT('Ctrl Pts',(-0.558834467705871,2.801279622996,0.677808909436302));
#9416=CARTESIAN_POINT('Ctrl Pts',(-0.605252406224085,2.74718950941527,0.670719850745654));
#9417=CARTESIAN_POINT('Ctrl Pts',(-0.625245632247081,2.71690566995135,0.671196592977969));
#9418=CARTESIAN_POINT('Ctrl Pts',(-0.652964439222505,2.65307049435884,0.682533476657883));
#9419=CARTESIAN_POINT('Ctrl Pts',(-0.660511823456714,2.61939845081611,0.693168362593908));
#9420=CARTESIAN_POINT('Ctrl Pts',(-0.665594065644936,2.58589356308469,0.703843853595974));
#9421=CARTESIAN_POINT('Ctrl Pts',(-0.462982135447141,2.97348742824123,0.764978314502543));
#9422=CARTESIAN_POINT('Ctrl Pts',(-0.455777637706877,2.95988325440037,0.74225636446434));
#9423=CARTESIAN_POINT('Ctrl Pts',(-0.448573139966612,2.94627908055951,0.719534414426137));
#9424=CARTESIAN_POINT('Ctrl Pts',(-0.441368642226347,2.93267490671866,0.696812464387933));
#9425=CARTESIAN_POINT('Ctrl Pts',(-0.502940729802973,2.96193542726269,0.745269811130527));
#9426=CARTESIAN_POINT('Ctrl Pts',(-0.494177376967737,2.94800295537367,0.723456246201015));
#9427=CARTESIAN_POINT('Ctrl Pts',(-0.485428448899823,2.93406557280316,0.70164656296569));
#9428=CARTESIAN_POINT('Ctrl Pts',(-0.476665096064586,2.92013310091415,0.679832998036179));
#9429=CARTESIAN_POINT('Ctrl Pts',(-0.541233175620982,2.9461729555801,0.724506579908348));
#9430=CARTESIAN_POINT('Ctrl Pts',(-0.531077323545086,2.93201773786205,0.70369641650814));
#9431=CARTESIAN_POINT('Ctrl Pts',(-0.520923616299657,2.91786072256092,0.682892770238643));
#9432=CARTESIAN_POINT('Ctrl Pts',(-0.510767764223761,2.90370550484287,0.662082606838435));
#9433=CARTESIAN_POINT('Ctrl Pts',(-0.610098518778815,2.900104668122,0.69326071262341));
#9434=CARTESIAN_POINT('Ctrl Pts',(-0.597759908734009,2.88591418736182,0.674085004888228));
#9435=CARTESIAN_POINT('Ctrl Pts',(-0.58542185178818,2.87172500245438,0.654903990446739));
#9436=CARTESIAN_POINT('Ctrl Pts',(-0.573083241743374,2.8575345216942,0.635728282711557));
#9437=CARTESIAN_POINT('Ctrl Pts',(-0.641053356202621,2.87005832507048,0.683053355112839));
#9438=CARTESIAN_POINT('Ctrl Pts',(-0.627908186006283,2.85604805253388,0.664483089961488));
#9439=CARTESIAN_POINT('Ctrl Pts',(-0.614765830003018,2.8420378021197,0.645912296706838));
#9440=CARTESIAN_POINT('Ctrl Pts',(-0.60162065980668,2.8280275295831,0.627342031555487));
#9441=CARTESIAN_POINT('Ctrl Pts',(-0.695290177947394,2.80302302376539,0.674739460689865));
#9442=CARTESIAN_POINT('Ctrl Pts',(-0.680952402179627,2.78965283211428,0.656861430484108));
#9443=CARTESIAN_POINT('Ctrl Pts',(-0.666612258740593,2.77628321319008,0.638985406549455));
#9444=CARTESIAN_POINT('Ctrl Pts',(-0.652274482972827,2.76291302153897,0.621107376343698));
#9445=CARTESIAN_POINT('Ctrl Pts',(-0.718584335928968,2.76604233574322,0.676635256663959));
#9446=CARTESIAN_POINT('Ctrl Pts',(-0.703853825003929,2.75313308023686,0.658848021440276));
#9447=CARTESIAN_POINT('Ctrl Pts',(-0.689124042179452,2.74022461720813,0.641056067099453));
#9448=CARTESIAN_POINT('Ctrl Pts',(-0.674393531254413,2.72731536170177,0.62326883187577));
#9449=CARTESIAN_POINT('Ctrl Pts',(-0.752086005302198,2.68895739701501,0.694197553023086));
#9450=CARTESIAN_POINT('Ctrl Pts',(-0.73705012128693,2.67728933521972,0.675948909130489));
#9451=CARTESIAN_POINT('Ctrl Pts',(-0.722011465720309,2.66562191139037,0.657706966778469));
#9452=CARTESIAN_POINT('Ctrl Pts',(-0.706975581705041,2.65395384959508,0.639458322885872));
#9453=CARTESIAN_POINT('Ctrl Pts',(-0.762000436693006,2.64865404108446,0.709738110620104));
#9454=CARTESIAN_POINT('Ctrl Pts',(-0.747057708009007,2.63777171626536,0.690952678069255));
#9455=CARTESIAN_POINT('Ctrl Pts',(-0.73210066002051,2.6268949655899,0.672175617201866));
#9456=CARTESIAN_POINT('Ctrl Pts',(-0.717157931336511,2.6160126407708,0.653390184651017));
#9457=CARTESIAN_POINT('Ctrl Pts',(-0.767849888401776,2.60808270871969,0.726249329985417));
#9458=CARTESIAN_POINT('Ctrl Pts',(-0.753108005139817,2.5980677436316,0.706863206169155));
#9459=CARTESIAN_POINT('Ctrl Pts',(-0.738366121877858,2.5880527785435,0.687477082352892));
#9460=CARTESIAN_POINT('Ctrl Pts',(-0.723624238615899,2.57803781345541,0.66809095853663));
#9461=CARTESIAN_POINT('',(-0.767849888401776,2.60808270871969,0.726249329985417));
#9462=CARTESIAN_POINT('',(-0.767849888401776,2.60808270871969,0.726249329985417));
#9463=CARTESIAN_POINT('',(-0.462982135447142,2.97348742824123,0.764978314502543));
#9464=CARTESIAN_POINT('Ctrl Pts',(-0.462982135883652,2.97348742811503,0.764978314287246));
#9465=CARTESIAN_POINT('Ctrl Pts',(-0.476655307751706,2.96953452392015,0.758234389522746));
#9466=CARTESIAN_POINT('Ctrl Pts',(-0.490149901042607,2.96509983374803,0.751382021343023));
#9467=CARTESIAN_POINT('Ctrl Pts',(-0.50335149533758,2.96004268363729,0.744644451265037));
#9468=CARTESIAN_POINT('Ctrl Pts',(-0.517444116637978,2.95464420677324,0.737452136346671));
#9469=CARTESIAN_POINT('Ctrl Pts',(-0.53120283759716,2.94853639950007,0.730391479014431));
#9470=CARTESIAN_POINT('Ctrl Pts',(-0.544527396196726,2.9415745823072,0.723772409773418));
#9471=CARTESIAN_POINT('Ctrl Pts',(-0.555198520713242,2.93599913171563,0.718471452782873));
#9472=CARTESIAN_POINT('Ctrl Pts',(-0.565592250758907,2.92987666276709,0.71345481897406));
#9473=CARTESIAN_POINT('Ctrl Pts',(-0.575670962873661,2.92314228720716,0.708890646426367));
#9474=CARTESIAN_POINT('Ctrl Pts',(-0.588739240944154,2.91441034889538,0.702972640699461));
#9475=CARTESIAN_POINT('Ctrl Pts',(-0.601288994174655,2.90465719148122,0.697809905621521));
#9476=CARTESIAN_POINT('Ctrl Pts',(-0.613324972924929,2.8940925774589,0.693471173811349));
#9477=CARTESIAN_POINT('Ctrl Pts',(-0.625749869373951,2.88318658983839,0.688992244878359));
#9478=CARTESIAN_POINT('Ctrl Pts',(-0.637627501412297,2.87141602685801,0.685391029883478));
#9479=CARTESIAN_POINT('Ctrl Pts',(-0.648933788113577,2.85899173954329,0.682699719432247));
#9480=CARTESIAN_POINT('Ctrl Pts',(-0.655549551958551,2.85172178849853,0.681124925262483));
#9481=CARTESIAN_POINT('Ctrl Pts',(-0.661969120230518,2.84422761997559,0.679860901691053));
#9482=CARTESIAN_POINT('Ctrl Pts',(-0.668182877571912,2.83654822238427,0.678908293118395));
#9483=CARTESIAN_POINT('Ctrl Pts',(-0.678964931597181,2.82322300301023,0.677255335570967));
#9484=CARTESIAN_POINT('Ctrl Pts',(-0.6891276125923,2.80934028394613,0.6765436859446));
#9485=CARTESIAN_POINT('Ctrl Pts',(-0.698525178231999,2.79503661098869,0.676852145232954));
#9486=CARTESIAN_POINT('Ctrl Pts',(-0.707378666933291,2.78156105659823,0.677142746110773));
#9487=CARTESIAN_POINT('Ctrl Pts',(-0.715553175024932,2.7677119519058,0.678338904820482));
#9488=CARTESIAN_POINT('Ctrl Pts',(-0.722898183918631,2.75358400790132,0.68047651916029));
#9489=CARTESIAN_POINT('Ctrl Pts',(-0.727366877517684,2.74498858564189,0.681777040869084));
#9490=CARTESIAN_POINT('Ctrl Pts',(-0.731527960625714,2.73628956254981,0.683425459068866));
#9491=CARTESIAN_POINT('Ctrl Pts',(-0.735341705374002,2.72750430579681,0.685423378298575));
#9492=CARTESIAN_POINT('Ctrl Pts',(-0.743709684192332,2.70822801771916,0.689807139378141));
#9493=CARTESIAN_POINT('Ctrl Pts',(-0.750387773322231,2.68852455917173,0.695893720227577));
#9494=CARTESIAN_POINT('Ctrl Pts',(-0.75569292008659,2.66856051612248,0.702941871274173));
#9495=CARTESIAN_POINT('Ctrl Pts',(-0.759851563500257,2.65291093283579,0.70846683565883));
#9496=CARTESIAN_POINT('Ctrl Pts',(-0.763165290297004,2.63710036289859,0.71458062833886));
#9497=CARTESIAN_POINT('Ctrl Pts',(-0.765810136557281,2.62122492297534,0.72093994566713));
#9498=CARTESIAN_POINT('Ctrl Pts',(-0.766539298641606,2.6168481964193,0.722693156486074));
#9499=CARTESIAN_POINT('Ctrl Pts',(-0.767217821440983,2.61246667494761,0.724465197597834));
#9500=CARTESIAN_POINT('Ctrl Pts',(-0.767849888401776,2.60808270871969,0.726249329985417));
#9501=CARTESIAN_POINT('',(-0.441368642226347,2.93267490671866,0.696812464387933));
#9502=CARTESIAN_POINT('Ctrl Pts',(-0.0555012157316838,2.62847124450143,
0.879));
#9503=CARTESIAN_POINT('Ctrl Pts',(-0.0555012157316838,2.62847124450143,
0.852666666666666));
#9504=CARTESIAN_POINT('Ctrl Pts',(-0.0555012157316838,2.62847124450143,
0.826333333333333));
#9505=CARTESIAN_POINT('Ctrl Pts',(-0.0555012157316838,2.62847124450143,
0.8));
#9506=CARTESIAN_POINT('Ctrl Pts',(-0.0606560361660642,2.67471378482199,
0.879));
#9507=CARTESIAN_POINT('Ctrl Pts',(-0.0601318851587902,2.67279175757821,
0.852665146885872));
#9508=CARTESIAN_POINT('Ctrl Pts',(-0.0596202546789759,2.67089250059305,
0.826334853114128));
#9509=CARTESIAN_POINT('Ctrl Pts',(-0.0590961036717019,2.66897047334927,
0.8));
#9510=CARTESIAN_POINT('Ctrl Pts',(-0.0726162787236347,2.72003070514541,
0.873250958250235));
#9511=CARTESIAN_POINT('Ctrl Pts',(-0.0715695726933371,2.71624653187055,
0.847131132752837));
#9512=CARTESIAN_POINT('Ctrl Pts',(-0.0705323098053157,2.71245607932343,
0.821014446358922));
#9513=CARTESIAN_POINT('Ctrl Pts',(-0.0694856037750181,2.70867190604858,
0.794894620861523));
#9514=CARTESIAN_POINT('Ctrl Pts',(-0.107470862684864,2.79747014343274,0.855067987831162));
#9515=CARTESIAN_POINT('Ctrl Pts',(-0.105445356554405,2.79048784408055,0.8296186486562));
#9516=CARTESIAN_POINT('Ctrl Pts',(-0.103412639059384,2.78351513356428,0.804167820029554));
#9517=CARTESIAN_POINT('Ctrl Pts',(-0.101387132928925,2.77653283421209,0.778718480854592));
#9518=CARTESIAN_POINT('Ctrl Pts',(-0.129213462446788,2.83086237498129,0.843368976342428));
#9519=CARTESIAN_POINT('Ctrl Pts',(-0.126714189423557,2.82250865949795,0.818345624390491));
#9520=CARTESIAN_POINT('Ctrl Pts',(-0.124214176128289,2.81415965329204,0.79332361271487));
#9521=CARTESIAN_POINT('Ctrl Pts',(-0.121714903105059,2.8058059378087,0.768300260762934));
#9522=CARTESIAN_POINT('Ctrl Pts',(-0.18131358373456,2.88774962881482,0.818624225051003));
#9523=CARTESIAN_POINT('Ctrl Pts',(-0.177870948896665,2.87707876899327,0.794482149212196));
#9524=CARTESIAN_POINT('Ctrl Pts',(-0.174429664556416,2.86640482281992,0.770340638693847));
#9525=CARTESIAN_POINT('Ctrl Pts',(-0.170987029718522,2.85573396299837,0.74619856285504));
#9526=CARTESIAN_POINT('Ctrl Pts',(-0.211671105260408,2.9111875328798,0.80572785902129));
#9527=CARTESIAN_POINT('Ctrl Pts',(-0.207759444301338,2.89956678824445,0.782034926167791));
#9528=CARTESIAN_POINT('Ctrl Pts',(-0.203847070181641,2.88795059259295,0.758342290708442));
#9529=CARTESIAN_POINT('Ctrl Pts',(-0.199935409222572,2.8763298479576,0.734649357854943));
#9530=CARTESIAN_POINT('Ctrl Pts',(-0.277165037953272,2.94708865890567,0.783897623147001));
#9531=CARTESIAN_POINT('Ctrl Pts',(-0.272311915216839,2.93406989878206,0.760917695435246));
#9532=CARTESIAN_POINT('Ctrl Pts',(-0.267459588640696,2.92104436552379,0.737939868960567));
#9533=CARTESIAN_POINT('Ctrl Pts',(-0.262606465904263,2.90802560540017,0.714959941248812));
#9534=CARTESIAN_POINT('Ctrl Pts',(-0.312301449120288,2.95960882256861,0.775067027095176));
#9535=CARTESIAN_POINT('Ctrl Pts',(-0.306978342025258,2.94612791783659,0.75234987945496));
#9536=CARTESIAN_POINT('Ctrl Pts',(-0.3016552996786,2.93264466031707,0.729634015229946));
#9537=CARTESIAN_POINT('Ctrl Pts',(-0.296332192583571,2.91916375558505,0.706916867589729));
#9538=CARTESIAN_POINT('Ctrl Pts',(-0.386957511683777,2.97546634417909,0.763600972910181));
#9539=CARTESIAN_POINT('Ctrl Pts',(-0.380693629928777,2.96149827944088,0.741143548739685));
#9540=CARTESIAN_POINT('Ctrl Pts',(-0.374429638115231,2.94752734552388,0.718687417941236));
#9541=CARTESIAN_POINT('Ctrl Pts',(-0.368165756360231,2.93355928078566,0.696229993770739));
#9542=CARTESIAN_POINT('Ctrl Pts',(-0.426477163080251,2.97884888393267,0.761000088154656));
#9543=CARTESIAN_POINT('Ctrl Pts',(-0.419742899463321,2.96485438975881,0.738536832319545));
#9544=CARTESIAN_POINT('Ctrl Pts',(-0.413009074787863,2.95083843444594,0.716079663171723));
#9545=CARTESIAN_POINT('Ctrl Pts',(-0.406274811170933,2.93684394027209,0.693616407336612));
#9546=CARTESIAN_POINT('Ctrl Pts',(-0.462982135447141,2.97348742824123,0.764978314502543));
#9547=CARTESIAN_POINT('Ctrl Pts',(-0.455777637706877,2.95988325440037,0.74225636446434));
#9548=CARTESIAN_POINT('Ctrl Pts',(-0.448573139966612,2.94627908055951,0.719534414426137));
#9549=CARTESIAN_POINT('Ctrl Pts',(-0.441368642226347,2.93267490671866,0.696812464387933));
#9550=CARTESIAN_POINT('',(-0.0555012157316839,2.62847124450143,0.879));
#9551=CARTESIAN_POINT('Ctrl Pts',(-0.0555012157316838,2.62847124450143,
0.879));
#9552=CARTESIAN_POINT('Ctrl Pts',(-0.0573913161380883,2.64542683885543,
0.879));
#9553=CARTESIAN_POINT('Ctrl Pts',(-0.0601963673348822,2.66226660083038,
0.878250870401736));
#9554=CARTESIAN_POINT('Ctrl Pts',(-0.0638934162398036,2.67879283834081,
0.876809099437122));
#9555=CARTESIAN_POINT('Ctrl Pts',(-0.0676673636938425,2.69566282128703,
0.875337339663005));
#9556=CARTESIAN_POINT('Ctrl Pts',(-0.0723708018410083,2.71220539098893,
0.873144074565631));
#9557=CARTESIAN_POINT('Ctrl Pts',(-0.0779793153302109,2.7282267849987,0.870341855504309));
#9558=CARTESIAN_POINT('Ctrl Pts',(-0.081860844905679,2.73931484154146,0.868402500952625));
#9559=CARTESIAN_POINT('Ctrl Pts',(-0.0861758803634682,2.75015364082925,
0.86617261020354));
#9560=CARTESIAN_POINT('Ctrl Pts',(-0.090916328352751,2.76068586459206,0.863702309942304));
#9561=CARTESIAN_POINT('Ctrl Pts',(-0.098348639533876,2.77719881117674,0.859829249781359));
#9562=CARTESIAN_POINT('Ctrl Pts',(-0.106826680014386,2.79304050492223,0.855344164607631));
#9563=CARTESIAN_POINT('Ctrl Pts',(-0.116270760189748,2.8080476078371,0.85044829887205));
#9564=CARTESIAN_POINT('Ctrl Pts',(-0.126219766557249,2.82385706303924,0.845290676480746));
#9565=CARTESIAN_POINT('Ctrl Pts',(-0.137240872339644,2.83873990141609,0.83967806504383));
#9566=CARTESIAN_POINT('Ctrl Pts',(-0.149240910603294,2.85255017708198,0.833881664766229));
#9567=CARTESIAN_POINT('Ctrl Pts',(-0.151221909646525,2.85483001505248,0.83292477920038));
#9568=CARTESIAN_POINT('Ctrl Pts',(-0.153229586858096,2.85708072359037,0.831962941657918));
#9569=CARTESIAN_POINT('Ctrl Pts',(-0.155263523090674,2.8593017629572,0.830997431019622));
#9570=CARTESIAN_POINT('Ctrl Pts',(-0.1697172540685,2.87508510217169,0.824136237045767));
#9571=CARTESIAN_POINT('Ctrl Pts',(-0.18549704695163,2.88933335448354,0.817104253305149));
#9572=CARTESIAN_POINT('Ctrl Pts',(-0.202275285120464,2.90194877213876,0.810344042658842));
#9573=CARTESIAN_POINT('Ctrl Pts',(-0.215736583197754,2.91207021014182,0.804920278276702));
#9574=CARTESIAN_POINT('Ctrl Pts',(-0.229840577047121,2.92114248814194,0.799671918145226));
#9575=CARTESIAN_POINT('Ctrl Pts',(-0.24441807160684,2.92913577112747,0.794814957765766));
#9576=CARTESIAN_POINT('Ctrl Pts',(-0.259681213959803,2.93750501562116,0.78972955180861));
#9577=CARTESIAN_POINT('Ctrl Pts',(-0.27546344643921,2.94468616262586,0.785080282906629));
#9578=CARTESIAN_POINT('Ctrl Pts',(-0.291744738204581,2.95077698960193,0.780998967436742));
#9579=CARTESIAN_POINT('Ctrl Pts',(-0.308338178313973,2.95698459119156,0.776839404129783));
#9580=CARTESIAN_POINT('Ctrl Pts',(-0.325449997289183,2.96206019081129,0.773269470422599));
#9581=CARTESIAN_POINT('Ctrl Pts',(-0.343058989953705,2.9660876505755,0.770378743513806));
#9582=CARTESIAN_POINT('Ctrl Pts',(-0.345241529184035,2.96658683239137,0.770020453576227));
#9583=CARTESIAN_POINT('Ctrl Pts',(-0.347431706125515,2.96706988268869,0.769672539335406));
#9584=CARTESIAN_POINT('Ctrl Pts',(-0.349629480402032,2.96753693519943,0.769335122691115));
#9585=CARTESIAN_POINT('Ctrl Pts',(-0.368293496042905,2.97150325487962,0.766469701253697));
#9586=CARTESIAN_POINT('Ctrl Pts',(-0.387505416712459,2.97431584105923,0.76436476187614));
#9587=CARTESIAN_POINT('Ctrl Pts',(-0.406614455017657,2.97548058096917,0.76349274040077));
#9588=CARTESIAN_POINT('Ctrl Pts',(-0.420433742757823,2.97632289839514,0.762862111297867));
#9589=CARTESIAN_POINT('Ctrl Pts',(-0.434199224016504,2.97630411059365,0.762877021639571));
#9590=CARTESIAN_POINT('Ctrl Pts',(-0.447664760255399,2.97521782211052,0.763689347426036));
#9591=CARTESIAN_POINT('Ctrl Pts',(-0.452819101728522,2.97480201232166,0.764000289702421));
#9592=CARTESIAN_POINT('Ctrl Pts',(-0.457929495038971,2.97422950544104,0.764427689590513));
#9593=CARTESIAN_POINT('Ctrl Pts',(-0.462982135447142,2.97348742824123,0.764978314502543));
#9594=CARTESIAN_POINT('',(-0.0555012157316839,2.62847124450143,0.8));
#9595=CARTESIAN_POINT('Ctrl Pts',(-0.427654711627691,2.90677904240839,0.807726077352916));
#9596=CARTESIAN_POINT('Ctrl Pts',(-0.421993840944829,2.89608968256171,0.783538064917882));
#9597=CARTESIAN_POINT('Ctrl Pts',(-0.416332970261966,2.88540032271503,0.759350052482849));
#9598=CARTESIAN_POINT('Ctrl Pts',(-0.410672099579104,2.87471096286836,0.735162040047815));
#9599=CARTESIAN_POINT('Ctrl Pts',(-0.381931762635901,2.91079888859835,0.805522616488969));
#9600=CARTESIAN_POINT('Ctrl Pts',(-0.376866882649629,2.89971174311387,0.78154264494353));
#9601=CARTESIAN_POINT('Ctrl Pts',(-0.371804164038199,2.8886233650221,0.757543318824743));
#9602=CARTESIAN_POINT('Ctrl Pts',(-0.366739284051927,2.87753621953763,0.733563347279303));
#9603=CARTESIAN_POINT('Ctrl Pts',(-0.3356962423953,2.89858181980299,0.812641813433639));
#9604=CARTESIAN_POINT('Ctrl Pts',(-0.33122964509756,2.88787235843755,0.788497745020271));
#9605=CARTESIAN_POINT('Ctrl Pts',(-0.326761812494344,2.87715927903108,0.764353735275635));
#9606=CARTESIAN_POINT('Ctrl Pts',(-0.322295215196604,2.86644981766564,0.740209666862267));
#9607=CARTESIAN_POINT('Ctrl Pts',(-0.252391977458913,2.85686333435262,0.832567358796067));
#9608=CARTESIAN_POINT('Ctrl Pts',(-0.249116923485543,2.84767335996185,0.807837555313261));
#9609=CARTESIAN_POINT('Ctrl Pts',(-0.245843580755751,2.83848708521966,0.783104727225049));
#9610=CARTESIAN_POINT('Ctrl Pts',(-0.242568526782381,2.82929711082889,0.758374923742243));
#9611=CARTESIAN_POINT('Ctrl Pts',(-0.215323232763128,2.82720870019638,0.845278445384716));
#9612=CARTESIAN_POINT('Ctrl Pts',(-0.212643952441011,2.81917301356668,0.820128800263598));
#9613=CARTESIAN_POINT('Ctrl Pts',(-0.209967697829027,2.81114515019111,0.794972231307305));
#9614=CARTESIAN_POINT('Ctrl Pts',(-0.20728841750691,2.8031094635614,0.769822586186187));
#9615=CARTESIAN_POINT('Ctrl Pts',(-0.165164300091221,2.7594140412923,0.864843252216145));
#9616=CARTESIAN_POINT('Ctrl Pts',(-0.163539551623471,2.754093225519,0.839014245846829));
#9617=CARTESIAN_POINT('Ctrl Pts',(-0.161912842414501,2.7487675909004,0.813189341771983));
#9618=CARTESIAN_POINT('Ctrl Pts',(-0.16028809394675,2.74344677512711,0.787360335402667));
#9619=CARTESIAN_POINT('Ctrl Pts',(-0.148464055478171,2.72498949028341,0.872106750892416));
#9620=CARTESIAN_POINT('Ctrl Pts',(-0.147293072183867,2.72105538794209,0.846021277726224));
#9621=CARTESIAN_POINT('Ctrl Pts',(-0.146121394934585,2.71713540320961,0.819933562446266));
#9622=CARTESIAN_POINT('Ctrl Pts',(-0.144950411640281,2.71320130086829,0.793848089280074));
#9623=CARTESIAN_POINT('Ctrl Pts',(-0.131342246462146,2.66880210200205,0.877920526245987));
#9624=CARTESIAN_POINT('Ctrl Pts',(-0.130863600969677,2.66716073919376,0.851625699071299));
#9625=CARTESIAN_POINT('Ctrl Pts',(-0.130385507205788,2.66551268149728,0.825331879261269));
#9626=CARTESIAN_POINT('Ctrl Pts',(-0.129906861713319,2.663871318689,0.799037052086581));
#9627=CARTESIAN_POINT('Ctrl Pts',(-0.126956818108317,2.64873832144306,0.879));
#9628=CARTESIAN_POINT('Ctrl Pts',(-0.126717500526364,2.64790968879595,0.852666746996606));
#9629=CARTESIAN_POINT('Ctrl Pts',(-0.126478796883529,2.64708716785403,0.826333253003394));
#9630=CARTESIAN_POINT('Ctrl Pts',(-0.126239479301576,2.64625853520692,0.8));
#9631=CARTESIAN_POINT('Ctrl Pts',(-0.124235820844043,2.62847124450143,0.879));
#9632=CARTESIAN_POINT('Ctrl Pts',(-0.124235820844043,2.62847124450143,0.852666666666666));
#9633=CARTESIAN_POINT('Ctrl Pts',(-0.124235820844043,2.62847124450143,0.826333333333333));
#9634=CARTESIAN_POINT('Ctrl Pts',(-0.124235820844043,2.62847124450143,0.8));
#9635=CARTESIAN_POINT('',(-0.124235820844043,2.62847124450143,0.879));
#9636=CARTESIAN_POINT('',(-0.124235820844043,2.62847124450143,0.8));
#9637=CARTESIAN_POINT('',(-0.427654711627691,2.90677904240839,0.807726077352916));
#9638=CARTESIAN_POINT('Ctrl Pts',(-0.427654711627691,2.90677904240839,0.807726077352916));
#9639=CARTESIAN_POINT('Ctrl Pts',(-0.415109085133264,2.90788202220248,0.807121483869693));
#9640=CARTESIAN_POINT('Ctrl Pts',(-0.402524869020544,2.90775090901014,0.807193958348323));
#9641=CARTESIAN_POINT('Ctrl Pts',(-0.390007332238804,2.90656036754778,0.80784588178237));
#9642=CARTESIAN_POINT('Ctrl Pts',(-0.374596745716728,2.90509466846227,0.808648477585468));
#9643=CARTESIAN_POINT('Ctrl Pts',(-0.359287222108947,2.90202256102599,0.810328580714958));
#9644=CARTESIAN_POINT('Ctrl Pts',(-0.344275188406471,2.89763274382419,0.812633482404653));
#9645=CARTESIAN_POINT('Ctrl Pts',(-0.327040303647643,2.89259292076725,0.815279673839447));
#9646=CARTESIAN_POINT('Ctrl Pts',(-0.310197530713836,2.88581315513028,0.818745180735042));
#9647=CARTESIAN_POINT('Ctrl Pts',(-0.294044109927106,2.87771881192855,0.822605635380698));
#9648=CARTESIAN_POINT('Ctrl Pts',(-0.277347360115664,2.86935221112544,0.826595938501501));
#9649=CARTESIAN_POINT('Ctrl Pts',(-0.261387115812421,2.85958367579345,0.831012520209038));
#9650=CARTESIAN_POINT('Ctrl Pts',(-0.246421739925499,2.84839654799989,0.835606068749327));
#9651=CARTESIAN_POINT('Ctrl Pts',(-0.231503578583613,2.83724471468561,0.840185125017183));
#9652=CARTESIAN_POINT('Ctrl Pts',(-0.217574018102436,2.82468194953505,0.844939583742209));
#9653=CARTESIAN_POINT('Ctrl Pts',(-0.204888983754883,2.81070643648685,0.849573775577071));
#9654=CARTESIAN_POINT('Ctrl Pts',(-0.198554641797477,2.80372768686332,0.851887884863176));
#9655=CARTESIAN_POINT('Ctrl Pts',(-0.192530629821581,2.79639700933762,0.854171283278855));
#9656=CARTESIAN_POINT('Ctrl Pts',(-0.186848814942171,2.78871709269332,0.856383202601643));
#9657=CARTESIAN_POINT('Ctrl Pts',(-0.17749403391639,2.77607255216736,0.860025000398746));
#9658=CARTESIAN_POINT('Ctrl Pts',(-0.169066871415236,2.76248778221879,0.863466941544669));
#9659=CARTESIAN_POINT('Ctrl Pts',(-0.161607256845143,2.74816075603357,0.866493972456192));
#9660=CARTESIAN_POINT('Ctrl Pts',(-0.154547747793325,2.73460217735772,0.869358644875824));
#9661=CARTESIAN_POINT('Ctrl Pts',(-0.148354778932174,2.72037928292727,0.871851116594564));
#9662=CARTESIAN_POINT('Ctrl Pts',(-0.143062193131787,2.70568648848,0.873828202598417));
#9663=CARTESIAN_POINT('Ctrl Pts',(-0.140983720203722,2.69991642132416,0.874604632096294));
#9664=CARTESIAN_POINT('Ctrl Pts',(-0.139044108261996,2.69407414691036,0.875302063666214));
#9665=CARTESIAN_POINT('Ctrl Pts',(-0.137245407036253,2.68817237033019,0.875913861245568));
#9666=CARTESIAN_POINT('Ctrl Pts',(-0.132858632484537,2.67377878292318,0.877405947876465));
#9667=CARTESIAN_POINT('Ctrl Pts',(-0.129309997978081,2.65900155210705,0.878388158989215));
#9668=CARTESIAN_POINT('Ctrl Pts',(-0.126659705240037,2.64404159960347,0.878790604659402));
#9669=CARTESIAN_POINT('Ctrl Pts',(-0.125743572711265,2.63887035986807,0.878929718940715));
#9670=CARTESIAN_POINT('Ctrl Pts',(-0.124934782386206,2.63367738988799,0.879));
#9671=CARTESIAN_POINT('Ctrl Pts',(-0.124235820844043,2.62847124450143,0.879));
#9672=CARTESIAN_POINT('',(-0.410672099579104,2.87471096286836,0.735162040047815));
#9673=CARTESIAN_POINT('Ctrl Pts',(-0.70412322675975,2.61206852299867,0.767651182464139));
#9674=CARTESIAN_POINT('Ctrl Pts',(-0.691280173054812,2.60334353636068,0.746382072841417));
#9675=CARTESIAN_POINT('Ctrl Pts',(-0.678437119349874,2.59461854972268,0.725112963218696));
#9676=CARTESIAN_POINT('Ctrl Pts',(-0.665594065644936,2.58589356308469,0.703843853595974));
#9677=CARTESIAN_POINT('Ctrl Pts',(-0.699721210565187,2.64774643077076,0.755673533060603));
#9678=CARTESIAN_POINT('Ctrl Pts',(-0.686649746230236,2.63829596407534,0.734839533695062));
#9679=CARTESIAN_POINT('Ctrl Pts',(-0.673583287791664,2.62884891751153,0.714002361959449));
#9680=CARTESIAN_POINT('Ctrl Pts',(-0.660511823456714,2.61939845081611,0.693168362593908));
#9681=CARTESIAN_POINT('Ctrl Pts',(-0.692638816709305,2.68344547809729,0.743804046222255));
#9682=CARTESIAN_POINT('Ctrl Pts',(-0.679413712765343,2.67332026258795,0.723379613741021));
#9683=CARTESIAN_POINT('Ctrl Pts',(-0.666189543166468,2.66319570986818,0.702957909139117));
#9684=CARTESIAN_POINT('Ctrl Pts',(-0.652964439222505,2.65307049435884,0.682533476657883));
#9685=CARTESIAN_POINT('Ctrl Pts',(-0.664242361602187,2.75024224745024,0.731582027909974));
#9686=CARTESIAN_POINT('Ctrl Pts',(-0.651242983794814,2.7391299978997,0.71145464667669));
#9687=CARTESIAN_POINT('Ctrl Pts',(-0.638245010054454,2.72801791950189,0.691323974211252));
#9688=CARTESIAN_POINT('Ctrl Pts',(-0.625245632247081,2.71690566995135,0.671196592977969));
#9689=CARTESIAN_POINT('Ctrl Pts',(-0.64312500515582,2.78147360177577,0.731482310880046));
#9690=CARTESIAN_POINT('Ctrl Pts',(-0.630500812650984,2.77004563150657,0.711227890549479));
#9691=CARTESIAN_POINT('Ctrl Pts',(-0.617876598728921,2.75861747968446,0.690974271076222));
#9692=CARTESIAN_POINT('Ctrl Pts',(-0.605252406224085,2.74718950941527,0.670719850745654));
#9693=CARTESIAN_POINT('Ctrl Pts',(-0.593215343951623,2.83661398541599,0.740483554433654));
#9694=CARTESIAN_POINT('Ctrl Pts',(-0.581753866985781,2.82483567976389,0.719592477336966));
#9695=CARTESIAN_POINT('Ctrl Pts',(-0.570295944671713,2.81305792864809,0.698699986532991));
#9696=CARTESIAN_POINT('Ctrl Pts',(-0.558834467705871,2.801279622996,0.677808909436302));
#9697=CARTESIAN_POINT('Ctrl Pts',(-0.564427225637525,2.86052585881017,0.749570855859709));
#9698=CARTESIAN_POINT('Ctrl Pts',(-0.553756609834945,2.84871256007755,0.728167780643314));
#9699=CARTESIAN_POINT('Ctrl Pts',(-0.543088495168613,2.83690146743643,0.706759379983575));
#9700=CARTESIAN_POINT('Ctrl Pts',(-0.532417879366033,2.82508816870381,0.685356304767179));
#9701=CARTESIAN_POINT('Ctrl Pts',(-0.500326013425781,2.89367052475841,0.775528394776146));
#9702=CARTESIAN_POINT('Ctrl Pts',(-0.491789065550043,2.88217015359236,0.752811027052906));
#9703=CARTESIAN_POINT('Ctrl Pts',(-0.483253593199826,2.87066719534835,0.73009882122515));
#9704=CARTESIAN_POINT('Ctrl Pts',(-0.474716645324088,2.8591668241823,0.70738145350191));
#9705=CARTESIAN_POINT('Ctrl Pts',(-0.464735701820509,2.90271498820861,0.792164947124092));
#9706=CARTESIAN_POINT('Ctrl Pts',(-0.457551160684912,2.89156504095295,0.768667012491001));
#9707=CARTESIAN_POINT('Ctrl Pts',(-0.450380771265863,2.88041203814534,0.745169267950189));
#9708=CARTESIAN_POINT('Ctrl Pts',(-0.443196230130266,2.86926209088968,0.721671333317098));
#9709=CARTESIAN_POINT('Ctrl Pts',(-0.427654711627691,2.90677904240839,0.807726077352916));
#9710=CARTESIAN_POINT('Ctrl Pts',(-0.421993840944828,2.89608968256171,0.783538064917882));
#9711=CARTESIAN_POINT('Ctrl Pts',(-0.416332970261966,2.88540032271503,0.759350052482849));
#9712=CARTESIAN_POINT('Ctrl Pts',(-0.410672099579104,2.87471096286836,0.735162040047815));
#9713=CARTESIAN_POINT('',(-0.70412322675975,2.61206852299867,0.767651182464138));
#9714=CARTESIAN_POINT('Ctrl Pts',(-0.70412322675975,2.61206852299867,0.767651182464139));
#9715=CARTESIAN_POINT('Ctrl Pts',(-0.702442469133656,2.62569089804697,0.763077931324686));
#9716=CARTESIAN_POINT('Ctrl Pts',(-0.700380657144469,2.63932294404917,0.758531902995017));
#9717=CARTESIAN_POINT('Ctrl Pts',(-0.697673635016594,2.65282369292915,0.754306800117519));
#9718=CARTESIAN_POINT('Ctrl Pts',(-0.694216678386014,2.67006459498083,0.748911204249703));
#9719=CARTESIAN_POINT('Ctrl Pts',(-0.689707794792319,2.6870915731712,0.744040590777848));
#9720=CARTESIAN_POINT('Ctrl Pts',(-0.683652606302301,2.70364892345406,0.740373734713234));
#9721=CARTESIAN_POINT('Ctrl Pts',(-0.682030817421138,2.70808355445432,0.739391623850093));
#9722=CARTESIAN_POINT('Ctrl Pts',(-0.680298293111929,2.7124846251385,0.738496028915547));
#9723=CARTESIAN_POINT('Ctrl Pts',(-0.678445719635382,2.71684734818832,0.737700044420425));
#9724=CARTESIAN_POINT('Ctrl Pts',(-0.673077033283162,2.72949035101254,0.735393312110136));
#9725=CARTESIAN_POINT('Ctrl Pts',(-0.666702329716772,2.74181278266275,0.733926809280311));
#9726=CARTESIAN_POINT('Ctrl Pts',(-0.659510475845457,2.75374847887935,0.733254559049743));
#9727=CARTESIAN_POINT('Ctrl Pts',(-0.651584116427159,2.7669031702584,0.732513651761878));
#9728=CARTESIAN_POINT('Ctrl Pts',(-0.642665027729732,2.77958799965243,0.732737163062965));
#9729=CARTESIAN_POINT('Ctrl Pts',(-0.63297043075826,2.79169018840392,0.733814123759794));
#9730=CARTESIAN_POINT('Ctrl Pts',(-0.628218806644126,2.79762184828361,0.734341975761491));
#9731=CARTESIAN_POINT('Ctrl Pts',(-0.623280385613146,2.80341320313899,0.735074176791551));
#9732=CARTESIAN_POINT('Ctrl Pts',(-0.618178369434335,2.8090493608251,0.735994363594487));
#9733=CARTESIAN_POINT('Ctrl Pts',(-0.607842156073776,2.82046769552567,0.737858577033521));
#9734=CARTESIAN_POINT('Ctrl Pts',(-0.596840269139413,2.83125297428323,0.740492772094877));
#9735=CARTESIAN_POINT('Ctrl Pts',(-0.585228655861343,2.84115411949541,0.743877275083826));
#9736=CARTESIAN_POINT('Ctrl Pts',(-0.574082254847885,2.85065858131173,0.747126180007083));
#9737=CARTESIAN_POINT('Ctrl Pts',(-0.562373823096985,2.85934821110072,0.751066794244221));
#9738=CARTESIAN_POINT('Ctrl Pts',(-0.550130747562132,2.86698590133559,0.755642001853854));
#9739=CARTESIAN_POINT('Ctrl Pts',(-0.544333695003399,2.87060232039572,0.757808346323809));
#9740=CARTESIAN_POINT('Ctrl Pts',(-0.53841646377496,2.87398268374499,0.760116348671901));
#9741=CARTESIAN_POINT('Ctrl Pts',(-0.532380360320124,2.87710073310586,0.762556287936377));
#9742=CARTESIAN_POINT('Ctrl Pts',(-0.518230179846411,2.88441024353962,0.76827613372689));
#9743=CARTESIAN_POINT('Ctrl Pts',(-0.503412009590189,2.89026819447923,0.774729050119842));
#9744=CARTESIAN_POINT('Ctrl Pts',(-0.488068701729642,2.89487094034448,0.781478451531474));
#9745=CARTESIAN_POINT('Ctrl Pts',(-0.475007297529152,2.89878915177089,0.78722406132761));
#9746=CARTESIAN_POINT('Ctrl Pts',(-0.461565324091228,2.90179773947865,0.793183460738041));
#9747=CARTESIAN_POINT('Ctrl Pts',(-0.447858324192073,2.9040364602494,0.799110558458357));
#9748=CARTESIAN_POINT('Ctrl Pts',(-0.441180891789191,2.90512706408143,0.801997973258377));
#9749=CARTESIAN_POINT('Ctrl Pts',(-0.434441012010753,2.90603526797223,0.804878189432889));
#9750=CARTESIAN_POINT('Ctrl Pts',(-0.427654711627691,2.90677904240839,0.807726077352916));
#9751=CARTESIAN_POINT('',(-0.665594065644936,2.58589356308469,0.703843853595974));
#9752=CARTESIAN_POINT('Ctrl Pts',(-0.522728231614319,2.27157401065539,0.8));
#9753=CARTESIAN_POINT('Ctrl Pts',(-0.522728231614319,2.27157401065539,0.879));
#9754=CARTESIAN_POINT('Ctrl Pts',(-0.484629090687,2.25752619136604,0.8));
#9755=CARTESIAN_POINT('Ctrl Pts',(-0.484629090687,2.25752619136604,0.879));
#9756=CARTESIAN_POINT('Ctrl Pts',(-0.36578923981541,2.23526604574618,0.8));
#9757=CARTESIAN_POINT('Ctrl Pts',(-0.36578923981541,2.23526604574618,0.879));
#9758=CARTESIAN_POINT('Ctrl Pts',(-0.170265778652557,2.30388026886268,0.8));
#9759=CARTESIAN_POINT('Ctrl Pts',(-0.170265778652557,2.30388026886268,0.879));
#9760=CARTESIAN_POINT('Ctrl Pts',(-0.0597677964744653,2.47420808179658,
0.8));
#9761=CARTESIAN_POINT('Ctrl Pts',(-0.0597677964744653,2.47420808179658,
0.879));
#9762=CARTESIAN_POINT('Ctrl Pts',(-0.0521935515115427,2.59128024065442,
0.8));
#9763=CARTESIAN_POINT('Ctrl Pts',(-0.0521935515115427,2.59128024065442,
0.879));
#9764=CARTESIAN_POINT('Ctrl Pts',(-0.0555012157316962,2.62847124450157,
0.8));
#9765=CARTESIAN_POINT('Ctrl Pts',(-0.0555012157316962,2.62847124450157,
0.879));
#9766=CARTESIAN_POINT('',(-0.522728231613726,2.27157401065517,0.879));
#9767=CARTESIAN_POINT('Ctrl Pts',(-0.522728231614319,2.27157401065539,0.879));
#9768=CARTESIAN_POINT('Ctrl Pts',(-0.484629090687,2.25752619136604,0.879));
#9769=CARTESIAN_POINT('Ctrl Pts',(-0.36578923981541,2.23526604574618,0.879));
#9770=CARTESIAN_POINT('Ctrl Pts',(-0.170265778652557,2.30388026886268,0.879));
#9771=CARTESIAN_POINT('Ctrl Pts',(-0.0597677964744653,2.47420808179658,
0.879));
#9772=CARTESIAN_POINT('Ctrl Pts',(-0.0521935515115427,2.59128024065442,
0.879));
#9773=CARTESIAN_POINT('Ctrl Pts',(-0.0555012157316962,2.62847124450157,
0.879));
#9774=CARTESIAN_POINT('',(-0.522728231613726,2.27157401065517,0.8));
#9775=CARTESIAN_POINT('Ctrl Pts',(-0.124235820844043,2.62847124450143,0.8));
#9776=CARTESIAN_POINT('Ctrl Pts',(-0.124235820844043,2.62847124450143,0.879));
#9777=CARTESIAN_POINT('Ctrl Pts',(-0.122431631022582,2.61247362674228,0.8));
#9778=CARTESIAN_POINT('Ctrl Pts',(-0.122431631022582,2.61247362674228,0.879));
#9779=CARTESIAN_POINT('Ctrl Pts',(-0.120057804436093,2.52810992195377,0.8));
#9780=CARTESIAN_POINT('Ctrl Pts',(-0.120057804436093,2.52810992195377,0.879));
#9781=CARTESIAN_POINT('Ctrl Pts',(-0.187575438062901,2.38184745057225,0.8));
#9782=CARTESIAN_POINT('Ctrl Pts',(-0.187575438062901,2.38184745057225,0.879));
#9783=CARTESIAN_POINT('Ctrl Pts',(-0.35087246858557,2.30827433147959,0.8));
#9784=CARTESIAN_POINT('Ctrl Pts',(-0.35087246858557,2.30827433147959,0.879));
#9785=CARTESIAN_POINT('Ctrl Pts',(-0.451887238950101,2.32114410787344,0.8));
#9786=CARTESIAN_POINT('Ctrl Pts',(-0.451887238950101,2.32114410787344,0.879));
#9787=CARTESIAN_POINT('Ctrl Pts',(-0.482732759587498,2.33044676502149,0.8));
#9788=CARTESIAN_POINT('Ctrl Pts',(-0.482732759587498,2.33044676502149,0.879));
#9789=CARTESIAN_POINT('',(-0.482732759587438,2.33044676502148,0.879));
#9790=CARTESIAN_POINT('',(-0.482732759587438,2.33044676502148,0.8));
#9791=CARTESIAN_POINT('Ctrl Pts',(-0.124235820844043,2.62847124450143,0.879));
#9792=CARTESIAN_POINT('Ctrl Pts',(-0.122431631022582,2.61247362674228,0.879));
#9793=CARTESIAN_POINT('Ctrl Pts',(-0.120057804436093,2.52810992195377,0.879));
#9794=CARTESIAN_POINT('Ctrl Pts',(-0.187575438062901,2.38184745057225,0.879));
#9795=CARTESIAN_POINT('Ctrl Pts',(-0.35087246858557,2.30827433147959,0.879));
#9796=CARTESIAN_POINT('Ctrl Pts',(-0.451887238950101,2.32114410787344,0.879));
#9797=CARTESIAN_POINT('Ctrl Pts',(-0.482732759587498,2.33044676502149,0.879));
#9798=CARTESIAN_POINT('Ctrl Pts',(-0.723624238615899,2.57803781345541,0.66809095853663));
#9799=CARTESIAN_POINT('Ctrl Pts',(-0.738366121877858,2.5880527785435,0.687477082352892));
#9800=CARTESIAN_POINT('Ctrl Pts',(-0.753108005139817,2.5980677436316,0.706863206169155));
#9801=CARTESIAN_POINT('Ctrl Pts',(-0.767849888401776,2.60808270871969,0.726249329985417));
#9802=CARTESIAN_POINT('Ctrl Pts',(-0.727612929776979,2.53063662678499,0.689545500667682));
#9803=CARTESIAN_POINT('Ctrl Pts',(-0.741336123178404,2.53995954030766,0.710058175529459));
#9804=CARTESIAN_POINT('Ctrl Pts',(-0.755065323051463,2.549286534354,0.730581014911399));
#9805=CARTESIAN_POINT('Ctrl Pts',(-0.768788516452888,2.55860944787666,0.751093689773176));
#9806=CARTESIAN_POINT('Ctrl Pts',(-0.724756730886314,2.48340096408706,0.712427991316131));
#9807=CARTESIAN_POINT('Ctrl Pts',(-0.737221830538586,2.49186918592946,0.734147341918394));
#9808=CARTESIAN_POINT('Ctrl Pts',(-0.749689334624087,2.50033904123446,0.755872263341817));
#9809=CARTESIAN_POINT('Ctrl Pts',(-0.76215443427636,2.50880726307687,0.77759161394408));
#9810=CARTESIAN_POINT('Ctrl Pts',(-0.698132423016349,2.41845525175941,0.745764910946406));
#9811=CARTESIAN_POINT('Ctrl Pts',(-0.708049209527459,2.42519226554049,0.769242724016531));
#9812=CARTESIAN_POINT('Ctrl Pts',(-0.717965298935197,2.43192880574124,0.792717953805812));
#9813=CARTESIAN_POINT('Ctrl Pts',(-0.727882085446307,2.43866581952232,0.816195766875938));
#9814=CARTESIAN_POINT('Ctrl Pts',(-0.685492495198411,2.39775574513266,0.756488235643323));
#9815=CARTESIAN_POINT('Ctrl Pts',(-0.694446604484412,2.40383875978559,0.78052968991413));
#9816=CARTESIAN_POINT('Ctrl Pts',(-0.703401365213196,2.40992221699912,0.804571922604161));
#9817=CARTESIAN_POINT('Ctrl Pts',(-0.712355474499196,2.41600523165205,0.828613376874968));
#9818=CARTESIAN_POINT('Ctrl Pts',(-0.655478369730765,2.35913674506033,0.774699495745078));
#9819=CARTESIAN_POINT('Ctrl Pts',(-0.66240573658478,2.36384288307286,0.799700693417009));
#9820=CARTESIAN_POINT('Ctrl Pts',(-0.669332982259058,2.36854893876139,0.824700818400868));
#9821=CARTESIAN_POINT('Ctrl Pts',(-0.676260349113073,2.37325507677392,0.8497020160728));
#9822=CARTESIAN_POINT('Ctrl Pts',(-0.638057253116677,2.34118777962628,0.782250153764787));
#9823=CARTESIAN_POINT('Ctrl Pts',(-0.643917279362246,2.34516881496768,0.807648559141595));
#9824=CARTESIAN_POINT('Ctrl Pts',(-0.649777652722559,2.34915008612306,0.833047272682817));
#9825=CARTESIAN_POINT('Ctrl Pts',(-0.655637678968129,2.35313112146446,0.858445678059624));
#9826=CARTESIAN_POINT('Ctrl Pts',(-0.590299401885692,2.30273928428736,0.795964897700175));
#9827=CARTESIAN_POINT('Ctrl Pts',(-0.593497383404602,2.30491184750029,0.822086226535391));
#9828=CARTESIAN_POINT('Ctrl Pts',(-0.596695157609596,2.30708426987358,0.848206022701588));
#9829=CARTESIAN_POINT('Ctrl Pts',(-0.599893139128506,2.30925683308651,0.874327351536803));
#9830=CARTESIAN_POINT('Ctrl Pts',(-0.557549053011763,2.2844276843318,0.8));
#9831=CARTESIAN_POINT('Ctrl Pts',(-0.559118643266689,2.2854939925725,0.826335516266419));
#9832=CARTESIAN_POINT('Ctrl Pts',(-0.56068782494038,2.28656002324169,0.852664483733581));
#9833=CARTESIAN_POINT('Ctrl Pts',(-0.562257415195306,2.2876263314824,0.879));
#9834=CARTESIAN_POINT('Ctrl Pts',(-0.522728231613726,2.27157401065517,0.8));
#9835=CARTESIAN_POINT('Ctrl Pts',(-0.522728231613726,2.27157401065517,0.826333333333333));
#9836=CARTESIAN_POINT('Ctrl Pts',(-0.522728231613726,2.27157401065517,0.852666666666667));
#9837=CARTESIAN_POINT('Ctrl Pts',(-0.522728231613726,2.27157401065517,0.879));
#9838=CARTESIAN_POINT('Ctrl Pts',(-0.767849888401776,2.60808270871969,0.726249329985417));
#9839=CARTESIAN_POINT('Ctrl Pts',(-0.768788516452888,2.55860944787666,0.751093689773176));
#9840=CARTESIAN_POINT('Ctrl Pts',(-0.76215443427636,2.50880726307687,0.77759161394408));
#9841=CARTESIAN_POINT('Ctrl Pts',(-0.727882085446307,2.43866581952232,0.816195766875938));
#9842=CARTESIAN_POINT('Ctrl Pts',(-0.712355474499196,2.41600523165205,0.828613376874968));
#9843=CARTESIAN_POINT('Ctrl Pts',(-0.676260349113073,2.37325507677392,0.8497020160728));
#9844=CARTESIAN_POINT('Ctrl Pts',(-0.655637678968129,2.35313112146446,0.858445678059624));
#9845=CARTESIAN_POINT('Ctrl Pts',(-0.599893139128506,2.30925683308651,0.874327351536803));
#9846=CARTESIAN_POINT('Ctrl Pts',(-0.562257415195306,2.2876263314824,0.879));
#9847=CARTESIAN_POINT('Ctrl Pts',(-0.522728231613726,2.27157401065517,0.879));
#9848=CARTESIAN_POINT('Ctrl Pts',(-0.482732759587438,2.33044676502148,0.8));
#9849=CARTESIAN_POINT('Ctrl Pts',(-0.482732759587438,2.33044676502148,0.826333333333333));
#9850=CARTESIAN_POINT('Ctrl Pts',(-0.482732759587438,2.33044676502148,0.852666666666667));
#9851=CARTESIAN_POINT('Ctrl Pts',(-0.482732759587438,2.33044676502148,0.879));
#9852=CARTESIAN_POINT('Ctrl Pts',(-0.516781660175629,2.3407339393274,0.8));
#9853=CARTESIAN_POINT('Ctrl Pts',(-0.518260615039917,2.34173867400542,0.826335859189486));
#9854=CARTESIAN_POINT('Ctrl Pts',(-0.519739127503173,2.34274310813631,0.852664140810514));
#9855=CARTESIAN_POINT('Ctrl Pts',(-0.52121808236746,2.34374784281433,0.879));
#9856=CARTESIAN_POINT('Ctrl Pts',(-0.548881390857843,2.35737573816385,0.796370682845273));
#9857=CARTESIAN_POINT('Ctrl Pts',(-0.551924445341858,2.35944305099471,0.822513680788442));
#9858=CARTESIAN_POINT('Ctrl Pts',(-0.554967163076654,2.36151013505348,0.848654252791658));
#9859=CARTESIAN_POINT('Ctrl Pts',(-0.558010217560668,2.36357744788434,0.874797250734827));
#9860=CARTESIAN_POINT('Ctrl Pts',(-0.591707999934224,2.39191243363287,0.784644212402057));
#9861=CARTESIAN_POINT('Ctrl Pts',(-0.597139580156838,2.39560240223024,0.810168514558356));
#9862=CARTESIAN_POINT('Ctrl Pts',(-0.602571543249544,2.39929263093213,0.835693695805283));
#9863=CARTESIAN_POINT('Ctrl Pts',(-0.608003123472157,2.4029825995295,0.861217997961582));
#9864=CARTESIAN_POINT('Ctrl Pts',(-0.605816602376343,2.40646517224869,0.779079385543809));
#9865=CARTESIAN_POINT('Ctrl Pts',(-0.612113014964983,2.41074266862652,0.80431130122615));
#9866=CARTESIAN_POINT('Ctrl Pts',(-0.618409335024791,2.41502010214448,0.82954201277739));
#9867=CARTESIAN_POINT('Ctrl Pts',(-0.62470574761343,2.41929759852231,0.854773928459731));
#9868=CARTESIAN_POINT('Ctrl Pts',(-0.630472772834967,2.4378367400393,0.76592091449491));
#9869=CARTESIAN_POINT('Ctrl Pts',(-0.638425475350441,2.44323944447219,0.790459011390871));
#9870=CARTESIAN_POINT('Ctrl Pts',(-0.646378715783581,2.44864251434187,0.814998322089145));
#9871=CARTESIAN_POINT('Ctrl Pts',(-0.654331418299055,2.45404521877476,0.839536418985106));
#9872=CARTESIAN_POINT('Ctrl Pts',(-0.641048820806962,2.45467540059255,0.758291876222799));
#9873=CARTESIAN_POINT('Ctrl Pts',(-0.649795191524312,2.46061728710903,0.782429326563411));
#9874=CARTESIAN_POINT('Ctrl Pts',(-0.658541109416066,2.46655886599639,0.806564542325389));
#9875=CARTESIAN_POINT('Ctrl Pts',(-0.667287480133416,2.47250075251288,0.830701992666001));
#9876=CARTESIAN_POINT('Ctrl Pts',(-0.663641363283759,2.50782008960807,0.734856634088318));
#9877=CARTESIAN_POINT('Ctrl Pts',(-0.674502160754452,2.51519842150537,0.757757258205957));
#9878=CARTESIAN_POINT('Ctrl Pts',(-0.685364708488125,2.52257794245173,0.780663358156634));
#9879=CARTESIAN_POINT('Ctrl Pts',(-0.696225505958818,2.52995627434902,0.803563982274272));
#9880=CARTESIAN_POINT('Ctrl Pts',(-0.666575880593702,2.54682830939223,0.719276296240902));
#9881=CARTESIAN_POINT('Ctrl Pts',(-0.678496639905275,2.55492673116152,0.741354493564448));
#9882=CARTESIAN_POINT('Ctrl Pts',(-0.690421369184404,2.56302784994623,0.763443753723417));
#9883=CARTESIAN_POINT('Ctrl Pts',(-0.702342128495976,2.57112627171552,0.785521951046964));
#9884=CARTESIAN_POINT('Ctrl Pts',(-0.665594065644936,2.58589356308469,0.703843853595974));
#9885=CARTESIAN_POINT('Ctrl Pts',(-0.678437119349874,2.59461854972268,0.725112963218696));
#9886=CARTESIAN_POINT('Ctrl Pts',(-0.691280173054812,2.60334353636068,0.746382072841417));
#9887=CARTESIAN_POINT('Ctrl Pts',(-0.70412322675975,2.61206852299867,0.767651182464138));
#9888=CARTESIAN_POINT('Ctrl Pts',(-0.482732759587438,2.33044676502148,0.879));
#9889=CARTESIAN_POINT('Ctrl Pts',(-0.52121808236746,2.34374784281433,0.879));
#9890=CARTESIAN_POINT('Ctrl Pts',(-0.558010217560668,2.36357744788434,0.874797250734827));
#9891=CARTESIAN_POINT('Ctrl Pts',(-0.608003123472157,2.4029825995295,0.861217997961582));
#9892=CARTESIAN_POINT('Ctrl Pts',(-0.62470574761343,2.41929759852231,0.854773928459731));
#9893=CARTESIAN_POINT('Ctrl Pts',(-0.654331418299055,2.45404521877476,0.839536418985106));
#9894=CARTESIAN_POINT('Ctrl Pts',(-0.667287480133416,2.47250075251288,0.830701992666001));
#9895=CARTESIAN_POINT('Ctrl Pts',(-0.696225505958818,2.52995627434902,0.803563982274272));
#9896=CARTESIAN_POINT('Ctrl Pts',(-0.702342128495976,2.57112627171552,0.785521951046964));
#9897=CARTESIAN_POINT('Ctrl Pts',(-0.70412322675975,2.61206852299867,0.767651182464138));
#9898=CARTESIAN_POINT('Origin',(0.321870652362251,2.62847124450143,0.3));
#9899=CARTESIAN_POINT('',(0.321870652362251,2.62847124450143,0.879));
#9900=CARTESIAN_POINT('Origin',(-0.280268481153541,2.62847124450143,0.3));
#9901=CARTESIAN_POINT('Origin',(0.0328942823934883,0.312071835244005,0.879));
#9902=CARTESIAN_POINT('',(-0.694786206915427,2.01830716809754,0.879));
#9903=CARTESIAN_POINT('Origin',(-0.694786206915427,2.01830716809754,0.3));
#9904=CARTESIAN_POINT('Origin',(-0.462340988640221,3.07227675777767,0.));
#9905=CARTESIAN_POINT('',(-1.23804524751746,1.93045134654718,0.05));
#9906=CARTESIAN_POINT('',(-1.23804524751746,1.93045134654718,0.));
#9907=CARTESIAN_POINT('',(-1.02565608253069,2.24308511499255,0.05));
#9908=CARTESIAN_POINT('Origin',(-0.0681992543909822,1.13571117859037,0.));
#9909=CARTESIAN_POINT('',(-1.2723027079208,0.393898226832541,0.05));
#9910=CARTESIAN_POINT('',(-1.2723027079208,0.39389822683254,0.));
#9911=CARTESIAN_POINT('Origin',(-0.0681992543909822,1.13571117859037,0.05));
#9912=CARTESIAN_POINT('Origin',(-1.3574424532886,0.341446117640384,0.));
#9913=CARTESIAN_POINT('',(-1.27002672567645,0.390010410758247,0.05));
#9914=CARTESIAN_POINT('',(-1.27002672567645,0.390010410758247,0.));
#9915=CARTESIAN_POINT('Origin',(-1.3574424532886,0.341446117640384,0.05));
#9916=CARTESIAN_POINT('Origin',(-1.27002672567645,0.390010410758246,0.));
#9917=CARTESIAN_POINT('',(-0.535452257428761,-0.932223632087591,0.05));
#9918=CARTESIAN_POINT('',(-0.535452257428761,-0.932223632087592,0.));
#9919=CARTESIAN_POINT('',(-1.09983681482791,0.083668571230885,0.05));
#9920=CARTESIAN_POINT('Origin',(-0.622867985040915,-0.980787925205455,0.));
#9921=CARTESIAN_POINT('',(-0.528837796603159,-1.01482207955605,0.05));
#9922=CARTESIAN_POINT('',(-0.528837796603159,-1.01482207955605,0.));
#9923=CARTESIAN_POINT('Origin',(-0.622867985040915,-0.980787925205455,0.05));
#9924=CARTESIAN_POINT('Origin',(-0.528837796603159,-1.01482207955605,0.));
#9925=CARTESIAN_POINT('',(-0.983254682093369,-2.27029341966282,0.05));
#9926=CARTESIAN_POINT('',(-0.983254682093369,-2.27029341966282,0.));
#9927=CARTESIAN_POINT('',(-0.283985605769633,-0.338339937343774,0.05));
#9928=CARTESIAN_POINT('Origin',(-0.889224493655613,-2.30432757401342,0.));
#9929=CARTESIAN_POINT('',(-0.857149055992444,-2.39904381495823,0.05));
#9930=CARTESIAN_POINT('',(-0.857149055992444,-2.39904381495823,0.));
#9931=CARTESIAN_POINT('Origin',(-0.889224493655613,-2.30432757401342,0.05));
#9932=CARTESIAN_POINT('Origin',(-0.857149055992443,-2.39904381495823,0.));
#9933=CARTESIAN_POINT('',(-0.063332030596018,-2.13021950077435,0.05));
#9934=CARTESIAN_POINT('',(-0.0633320305960186,-2.13021950077435,0.));
#9935=CARTESIAN_POINT('',(-0.0460854534946077,-2.12437898701239,0.05));
#9936=CARTESIAN_POINT('Origin',(0.0328942823934876,-2.4143682236088,0.));
#9937=CARTESIAN_POINT('',(0.129120595382994,-2.13021950077435,0.05));
#9938=CARTESIAN_POINT('',(0.129120595382993,-2.13021950077435,0.));
#9939=CARTESIAN_POINT('Origin',(0.0328942823934876,-2.4143682236088,0.05));
#9940=CARTESIAN_POINT('Origin',(0.129120595382994,-2.13021950077435,0.));
#9941=CARTESIAN_POINT('',(0.922937620779418,-2.39904381495823,0.05));
#9942=CARTESIAN_POINT('',(0.922937620779419,-2.39904381495823,0.));
#9943=CARTESIAN_POINT('',(-0.285034494416627,-1.98996682992045,0.05));
#9944=CARTESIAN_POINT('Origin',(0.955013058442586,-2.30432757401341,0.));
#9945=CARTESIAN_POINT('',(1.04904324688035,-2.27029341966282,0.05));
#9946=CARTESIAN_POINT('',(1.04904324688034,-2.27029341966282,0.));
#9947=CARTESIAN_POINT('Origin',(0.955013058442586,-2.30432757401341,0.05));
#9948=CARTESIAN_POINT('Origin',(1.04904324688034,-2.27029341966282,0.));
#9949=CARTESIAN_POINT('',(0.594626361390136,-1.01482207955605,0.05));
#9950=CARTESIAN_POINT('',(0.594626361390136,-1.01482207955605,0.));
#9951=CARTESIAN_POINT('',(0.576982613301713,-0.966075607397158,0.05));
#9952=CARTESIAN_POINT('Origin',(0.688656549827891,-0.980787925205455,0.));
#9953=CARTESIAN_POINT('',(0.601240822215737,-0.932223632087591,0.05));
#9954=CARTESIAN_POINT('',(0.601240822215737,-0.932223632087592,0.));
#9955=CARTESIAN_POINT('Origin',(0.688656549827891,-0.980787925205455,0.05));
#9956=CARTESIAN_POINT('Origin',(0.601240822215737,-0.932223632087592,0.));
#9957=CARTESIAN_POINT('',(1.33581529046342,0.390010410758248,0.05));
#9958=CARTESIAN_POINT('',(1.33581529046342,0.390010410758248,0.));
#9959=CARTESIAN_POINT('',(0.798338145491047,-0.577448450192034,0.05));
#9960=CARTESIAN_POINT('Origin',(1.42323101807558,0.341446117640385,0.));
#9961=CARTESIAN_POINT('',(1.33809127270778,0.393898226832541,0.05));
#9962=CARTESIAN_POINT('',(1.33809127270778,0.393898226832541,0.));
#9963=CARTESIAN_POINT('Origin',(1.42323101807558,0.341446117640385,0.05));
#9964=CARTESIAN_POINT('Origin',(0.133987819177959,1.13571117859037,0.));
#9965=CARTESIAN_POINT('',(1.30383381230444,1.93045134654718,0.05));
#9966=CARTESIAN_POINT('',(1.30383381230444,1.93045134654718,0.));
#9967=CARTESIAN_POINT('Origin',(0.133987819177959,1.13571117859037,0.05));
#9968=CARTESIAN_POINT('Origin',(1.30383381230444,1.93045134654718,0.));
#9969=CARTESIAN_POINT('',(0.557889027052915,3.02847124450143,0.05));
#9970=CARTESIAN_POINT('',(0.557889027052915,3.02847124450143,0.));
#9971=CARTESIAN_POINT('',(1.47929677675629,1.6721724093773,0.05));
#9972=CARTESIAN_POINT('Origin',(0.610847022331014,3.02847124450143,0.));
#9973=CARTESIAN_POINT('',(0.532974578095309,3.02847124450143,0.05));
#9974=CARTESIAN_POINT('',(0.532974578095309,3.02847124450143,0.));
#9975=CARTESIAN_POINT('',(0.321870652362251,3.02847124450143,0.05));
#9976=CARTESIAN_POINT('Origin',(0.0328942823934883,0.312071835244005,0.05));
#9977=CARTESIAN_POINT('',(-0.467025421904691,3.12847124450143,0.0500000000000002));
#9978=CARTESIAN_POINT('',(0.532974578095309,0.,0.05));
#9979=CARTESIAN_POINT('Origin',(-0.467025421904691,3.02847124450143,2.18547839493141E-16));
#9980=CARTESIAN_POINT('Origin',(0.532974578095309,3.12847124450143,0.));
#9981=CARTESIAN_POINT('Origin',(-0.0681992543909822,1.13571117859037,0.));
#9982=CARTESIAN_POINT('',(-1.56963582236465,0.939005191642614,0.05));
#9983=CARTESIAN_POINT('',(-1.56963582236466,0.939005191642637,0.));
#9984=CARTESIAN_POINT('',(-1.56963582236465,0.939005191642614,0.));
#9985=CARTESIAN_POINT('',(-1.3574424532886,0.341446117640384,0.05));
#9986=CARTESIAN_POINT('Origin',(-0.0681992543909822,1.13571117859037,0.05));
#9987=CARTESIAN_POINT('',(-1.3574424532886,0.341446117640384,0.));
#9988=CARTESIAN_POINT('',(-1.3574424532886,0.341446117640384,0.));
#9989=CARTESIAN_POINT('Origin',(-0.0681992543909822,1.13571117859037,0.));
#9990=CARTESIAN_POINT('Origin',(-1.3574424532886,0.341446117640383,0.));
#9991=CARTESIAN_POINT('',(-0.862672627390603,-0.549139568976015,0.));
#9992=CARTESIAN_POINT('',(-0.862672627390603,-0.549139568976015,0.05));
#9993=CARTESIAN_POINT('',(-0.862672627390603,-0.549139568976015,-0.1));
#9994=CARTESIAN_POINT('',(-1.30960935759717,0.255346545395812,0.));
#9995=CARTESIAN_POINT('',(-1.3574424532886,0.341446117640383,0.05));
#9996=CARTESIAN_POINT('Origin',(0.0328942823934883,0.312071835244005,0.05));
#9997=CARTESIAN_POINT('',(-0.873002585790289,-0.519073427944899,0.05));
#9998=CARTESIAN_POINT('Origin',(6.45120446367353,3.87570442540616,0.05));
#9999=CARTESIAN_POINT('Origin',(-0.938539579589327,-0.558397891196833,0.05));
#10000=CARTESIAN_POINT('Origin',(6.45120446367353,3.87570442540616,-0.1));
#10001=CARTESIAN_POINT('',(-1.56999998102625,0.939999988639918,0.));
#10002=CARTESIAN_POINT('Origin',(6.45120446367353,3.87570442540616,0.));
#10003=CARTESIAN_POINT('',(-1.56999998102625,0.939999988639918,0.4));
#10004=CARTESIAN_POINT('',(-1.56999998102625,0.939999988639918,-0.1));
#10005=CARTESIAN_POINT('',(-0.873002585790289,-0.519073427944899,0.4));
#10006=CARTESIAN_POINT('Origin',(6.45120446367353,3.87570442540616,0.4));
#10007=CARTESIAN_POINT('',(-0.873002585790289,-0.519073427944899,-0.1));
#10008=CARTESIAN_POINT('Origin',(-1.29176572608591,0.152586159717818,0.));
#10009=CARTESIAN_POINT('',(-1.01054427459175,-0.584026680943457,0.));
#10010=CARTESIAN_POINT('Origin',(-0.938539579589327,-0.558397891196833,
0.));
#10011=CARTESIAN_POINT('',(-1.05802379644502,-0.330802564392637,0.));
#10012=CARTESIAN_POINT('',(-1.1057716004527,-0.0761476096850167,0.));
#10013=CARTESIAN_POINT('',(-1.08403171117415,-0.29569160750821,0.));
#10014=CARTESIAN_POINT('Origin',(-1.10716740579174,-0.340016991145145,0.));
#10015=CARTESIAN_POINT('',(-1.30334998893528,-0.181218132447094,0.));
#10016=CARTESIAN_POINT('',(-1.36726113969139,-0.147859619892226,0.));
#10017=CARTESIAN_POINT('',(-1.3423470124384,-0.0861754712953403,0.));
#10018=CARTESIAN_POINT('Origin',(-1.26647255256666,-0.110565145547508,0.));
#10019=CARTESIAN_POINT('',(-1.3448430003987,-0.0939403039198376,0.));
#10020=CARTESIAN_POINT('',(-1.30644565635499,0.025510973276547,0.));
#10021=CARTESIAN_POINT('',(-1.49379255007317,0.0209904121481622,0.));
#10022=CARTESIAN_POINT('Origin',(-1.44004532464754,-0.0633377311910973,
0.));
#10023=CARTESIAN_POINT('',(-1.52893188687155,-0.00140592887657978,0.));
#10024=CARTESIAN_POINT('',(-1.40970694686572,0.0745830526556027,0.));
#10025=CARTESIAN_POINT('',(-1.71926109525413,0.134523199435337,0.));
#10026=CARTESIAN_POINT('Origin',(-1.59235301227404,0.111006144538152,0.));
#10027=CARTESIAN_POINT('',(-1.63591629681556,0.584287366013289,0.));
#10028=CARTESIAN_POINT('Origin',(-1.56999998102625,0.939999988639918,-0.1));
#10029=CARTESIAN_POINT('',(-1.71926109525413,0.134523199435337,0.4));
#10030=CARTESIAN_POINT('',(-1.71926109525413,0.134523199435337,-0.1));
#10031=CARTESIAN_POINT('',(-1.56999998102625,0.939999988639918,0.4));
#10032=CARTESIAN_POINT('Origin',(-1.59235301227404,0.111006144538152,-0.1));
#10033=CARTESIAN_POINT('',(-1.52893188687155,-0.00140592887657978,0.4));
#10034=CARTESIAN_POINT('',(-1.52893188687155,-0.00140592887657978,-0.1));
#10035=CARTESIAN_POINT('Origin',(-1.59235301227404,0.111006144538152,0.4));
#10036=CARTESIAN_POINT('Origin',(-1.52893188687155,-0.00140592887657976,
-0.1));
#10037=CARTESIAN_POINT('',(-1.49379255007317,0.0209904121481622,0.4));
#10038=CARTESIAN_POINT('',(-1.49379255007317,0.0209904121481622,-0.1));
#10039=CARTESIAN_POINT('',(-1.52893188687155,-0.00140592887657978,0.4));
#10040=CARTESIAN_POINT('Origin',(-1.44004532464754,-0.0633377311910973,
-0.1));
#10041=CARTESIAN_POINT('',(-1.3448430003987,-0.0939403039198376,0.4));
#10042=CARTESIAN_POINT('',(-1.3448430003987,-0.0939403039198376,-0.1));
#10043=CARTESIAN_POINT('Origin',(-1.44004532464754,-0.0633377311910973,
0.4));
#10044=CARTESIAN_POINT('Origin',(-1.3448430003987,-0.0939403039198376,-0.1));
#10045=CARTESIAN_POINT('',(-1.3423470124384,-0.0861754712953403,0.4));
#10046=CARTESIAN_POINT('',(-1.3423470124384,-0.0861754712953403,-0.1));
#10047=CARTESIAN_POINT('',(-1.3448430003987,-0.0939403039198376,0.4));
#10048=CARTESIAN_POINT('Origin',(-1.26647255256666,-0.110565145547508,-0.1));
#10049=CARTESIAN_POINT('',(-1.30334998893528,-0.181218132447094,0.4));
#10050=CARTESIAN_POINT('',(-1.30334998893528,-0.181218132447094,-0.1));
#10051=CARTESIAN_POINT('Origin',(-1.26647255256666,-0.110565145547508,0.4));
#10052=CARTESIAN_POINT('Origin',(-0.938539579589327,-0.558397891196833,
-0.1));
#10053=CARTESIAN_POINT('',(-1.01054427459175,-0.584026680943457,0.4));
#10054=CARTESIAN_POINT('Origin',(-0.938539579589327,-0.558397891196833,
0.4));
#10055=CARTESIAN_POINT('',(-1.01054427459175,-0.584026680943457,-0.1));
#10056=CARTESIAN_POINT('Origin',(-1.05802379644502,-0.330802564392637,-0.1));
#10057=CARTESIAN_POINT('',(-1.05802379644502,-0.330802564392637,0.4));
#10058=CARTESIAN_POINT('',(-1.05802379644502,-0.330802564392637,0.4));
#10059=CARTESIAN_POINT('',(-1.05802379644502,-0.330802564392637,-0.1));
#10060=CARTESIAN_POINT('Origin',(-1.10716740579174,-0.340016991145145,-0.1));
#10061=CARTESIAN_POINT('',(-1.08403171117415,-0.29569160750821,0.4));
#10062=CARTESIAN_POINT('Origin',(-1.10716740579174,-0.340016991145145,0.4));
#10063=CARTESIAN_POINT('',(-1.08403171117415,-0.29569160750821,-0.1));
#10064=CARTESIAN_POINT('Origin',(-1.30334998893528,-0.181218132447094,-0.1));
#10065=CARTESIAN_POINT('',(-1.30334998893528,-0.181218132447094,0.4));
#10066=CARTESIAN_POINT('Origin',(-1.29176572608591,0.152586159717818,0.4));
#10067=CARTESIAN_POINT('Origin',(0.0328942823934883,0.312071835244005,0.05));
#10068=CARTESIAN_POINT('',(1.64654467310268,1.20766099856916,0.05));
#10069=CARTESIAN_POINT('',(1.64256938345128,1.21561815463112,0.05));
#10070=CARTESIAN_POINT('',(1.85812424345357,0.784151818500163,0.05));
#10071=CARTESIAN_POINT('',(1.54018021843568,0.573903427469523,0.05));
#10072=CARTESIAN_POINT('Origin',(0.133987819177959,1.13571117859037,0.05));
#10073=CARTESIAN_POINT('',(1.53708206599912,0.575419262507669,0.05));
#10074=CARTESIAN_POINT('',(0.982234794426684,0.846889744445462,0.05));
#10075=CARTESIAN_POINT('Origin',(-0.262863488930834,1.20079136309226,0.05));
#10076=CARTESIAN_POINT('Origin',(0.133987819177959,1.13571117859037,0.));
#10077=CARTESIAN_POINT('',(1.64654467310268,1.20766099856916,0.));
#10078=CARTESIAN_POINT('',(1.64654467310268,1.20766099856916,0.));
#10079=CARTESIAN_POINT('',(1.54018021843568,0.573903427469523,0.));
#10080=CARTESIAN_POINT('Origin',(0.133987819177959,1.13571117859037,0.));
#10081=CARTESIAN_POINT('',(1.54018021843568,0.573903427469523,0.));
#10082=CARTESIAN_POINT('Origin',(-0.262863488930834,1.20079136309226,-0.1));
#10083=CARTESIAN_POINT('',(1.53708206599912,0.575419262507669,0.4));
#10084=CARTESIAN_POINT('',(1.53708206599912,0.575419262507669,-0.1));
#10085=CARTESIAN_POINT('',(1.64256938345128,1.21561815463112,0.4));
#10086=CARTESIAN_POINT('Origin',(-0.262863488930834,1.20079136309226,0.4));
#10087=CARTESIAN_POINT('',(1.64256938345128,1.21561815463112,-0.1));
#10088=CARTESIAN_POINT('Origin',(1.53708206599912,0.575419262507668,-0.1));
#10089=CARTESIAN_POINT('',(1.96724613943083,0.364952609232283,0.));
#10090=CARTESIAN_POINT('',(1.59646072054972,0.546367029950073,0.));
#10091=CARTESIAN_POINT('',(1.96724613943083,0.364952609232283,0.4));
#10092=CARTESIAN_POINT('',(1.96724613943083,0.364952609232283,-0.1));
#10093=CARTESIAN_POINT('',(1.53708206599912,0.575419262507668,0.4));
#10094=CARTESIAN_POINT('Origin',(1.78815127453809,0.78774160724517,0.));
#10095=CARTESIAN_POINT('',(2.03394923403545,0.432210950705244,0.));
#10096=CARTESIAN_POINT('',(1.938331093062,0.623605424265365,0.));
#10097=CARTESIAN_POINT('Origin',(1.98922048307705,0.409865059859226,0.));
#10098=CARTESIAN_POINT('Origin',(1.98922048307705,0.409865059859226,-0.1));
#10099=CARTESIAN_POINT('',(2.03394923403545,0.432210950705244,0.4));
#10100=CARTESIAN_POINT('',(2.03394923403545,0.432210950705244,-0.1));
#10101=CARTESIAN_POINT('Origin',(1.98922048307705,0.409865059859226,0.4));
#10102=CARTESIAN_POINT('Origin',(2.03394923403545,0.432210950705244,-0.1));
#10103=CARTESIAN_POINT('',(2.03394923403545,0.432210950705244,0.4));
#10104=CARTESIAN_POINT('Origin',(1.78815127453809,0.78774160724517,0.4));
#10105=CARTESIAN_POINT('',(0.,0.,0.));
#10106=CARTESIAN_POINT('',(5.11134363527504,-0.913846286306748,0.74));
#10107=UNCERTAINTY_MEASURE_WITH_UNIT(LENGTH_MEASURE(0.000393700787401575),
#10116,'DISTANCE_ACCURACY_VALUE',
'Maximum model space distance between geometric entities at asserted c
onnectivities');
#10108=UNCERTAINTY_MEASURE_WITH_UNIT(LENGTH_MEASURE(0.000393700787401575),
#10116,'DISTANCE_ACCURACY_VALUE',
'Maximum model space distance between geometric entities at asserted c
onnectivities');
#10109=UNCERTAINTY_MEASURE_WITH_UNIT(LENGTH_MEASURE(0.000393700787401575),
#10116,'DISTANCE_ACCURACY_VALUE',
'Maximum model space distance between geometric entities at asserted c
onnectivities');
#10110=UNCERTAINTY_MEASURE_WITH_UNIT(LENGTH_MEASURE(0.000393700787401575),
#10116,'DISTANCE_ACCURACY_VALUE',
'Maximum model space distance between geometric entities at asserted c
onnectivities');
#10111=(
GEOMETRIC_REPRESENTATION_CONTEXT(3)
GLOBAL_UNCERTAINTY_ASSIGNED_CONTEXT((#10107))
GLOBAL_UNIT_ASSIGNED_CONTEXT((#10116,#10120,#10121))
REPRESENTATION_CONTEXT('','3D')
);
#10112=(
GEOMETRIC_REPRESENTATION_CONTEXT(3)
GLOBAL_UNCERTAINTY_ASSIGNED_CONTEXT((#10108))
GLOBAL_UNIT_ASSIGNED_CONTEXT((#10116,#10120,#10121))
REPRESENTATION_CONTEXT('','3D')
);
#10113=(
GEOMETRIC_REPRESENTATION_CONTEXT(3)
GLOBAL_UNCERTAINTY_ASSIGNED_CONTEXT((#10109))
GLOBAL_UNIT_ASSIGNED_CONTEXT((#10116,#10120,#10121))
REPRESENTATION_CONTEXT('','3D')
);
#10114=(
GEOMETRIC_REPRESENTATION_CONTEXT(3)
GLOBAL_UNCERTAINTY_ASSIGNED_CONTEXT((#10110))
GLOBAL_UNIT_ASSIGNED_CONTEXT((#10116,#10120,#10121))
REPRESENTATION_CONTEXT('','3D')
);
#10115=DIMENSIONAL_EXPONENTS(1.,0.,0.,0.,0.,0.,0.);
#10116=(
CONVERSION_BASED_UNIT('inch',#10119)
LENGTH_UNIT()
NAMED_UNIT(#10115)
);
#10117=(
LENGTH_UNIT()
NAMED_UNIT(*)
SI_UNIT(.MILLI.,.METRE.)
);
#10118=(
LENGTH_UNIT()
NAMED_UNIT(*)
SI_UNIT($,.METRE.)
);
#10119=LENGTH_MEASURE_WITH_UNIT(LENGTH_MEASURE(25.4),#10117);
#10120=(
NAMED_UNIT(*)
PLANE_ANGLE_UNIT()
SI_UNIT($,.RADIAN.)
);
#10121=(
NAMED_UNIT(*)
SI_UNIT($,.STERADIAN.)
SOLID_ANGLE_UNIT()
);
#10122=SHAPE_DEFINITION_REPRESENTATION(#10125,#10130);
#10123=SHAPE_DEFINITION_REPRESENTATION(#10126,#10131);
#10124=SHAPE_DEFINITION_REPRESENTATION(#10127,#10132);
#10125=PRODUCT_DEFINITION_SHAPE('',$,#10134);
#10126=PRODUCT_DEFINITION_SHAPE('',$,#10135);
#10127=PRODUCT_DEFINITION_SHAPE('',$,#10136);
#10128=PRODUCT_DEFINITION_SHAPE($,$,#17);
#10129=PRODUCT_DEFINITION_SHAPE($,$,#18);
#10130=SHAPE_REPRESENTATION('',(#5065,#5520,#5521),#10111);
#10131=SHAPE_REPRESENTATION('',(#5066),#10112);
#10132=SHAPE_REPRESENTATION('',(#5198),#10113);
#10133=PRODUCT_DEFINITION_CONTEXT('part definition',#10144,'design');
#10134=PRODUCT_DEFINITION('2026-06-03-17-19-25-643',
'Koi case only assembly',#10137,#10133);
#10135=PRODUCT_DEFINITION('2026-06-02-16-10-59-230','koi case bottom',#10138,
#10133);
#10136=PRODUCT_DEFINITION('2026-06-02-16-42-48-026','koi case top',#10139,
#10133);
#10137=PRODUCT_DEFINITION_FORMATION('',$,#10146);
#10138=PRODUCT_DEFINITION_FORMATION('',$,#10147);
#10139=PRODUCT_DEFINITION_FORMATION('',$,#10148);
#10140=PRODUCT_RELATED_PRODUCT_CATEGORY('Koi case only assembly',
'Koi case only assembly',(#10146));
#10141=PRODUCT_RELATED_PRODUCT_CATEGORY('koi case bottom',
'koi case bottom',(#10147));
#10142=PRODUCT_RELATED_PRODUCT_CATEGORY('koi case top','koi case top',(#10148));
#10143=APPLICATION_PROTOCOL_DEFINITION('international standard',
'automotive_design',2009,#10144);
#10144=APPLICATION_CONTEXT(
'Core Data for Automotive Mechanical Design Process');
#10145=PRODUCT_CONTEXT('part definition',#10144,'mechanical');
#10146=PRODUCT('2026-06-03-17-19-25-643','Koi case only assembly',$,(#10145));
#10147=PRODUCT('2026-06-02-16-10-59-230','koi case bottom',$,(#10145));
#10148=PRODUCT('2026-06-02-16-42-48-026','koi case top',$,(#10145));
#10149=PRESENTATION_STYLE_ASSIGNMENT((#10154));
#10150=PRESENTATION_STYLE_ASSIGNMENT((#10155));
#10151=PRESENTATION_STYLE_ASSIGNMENT((#10156));
#10152=PRESENTATION_STYLE_ASSIGNMENT((#10157));
#10153=PRESENTATION_STYLE_ASSIGNMENT((#10158));
#10154=SURFACE_STYLE_USAGE(.BOTH.,#10159);
#10155=SURFACE_STYLE_USAGE(.BOTH.,#10160);
#10156=SURFACE_STYLE_USAGE(.BOTH.,#10161);
#10157=SURFACE_STYLE_USAGE(.BOTH.,#10162);
#10158=SURFACE_STYLE_USAGE(.BOTH.,#10163);
#10159=SURFACE_SIDE_STYLE('',(#10164));
#10160=SURFACE_SIDE_STYLE('',(#10165));
#10161=SURFACE_SIDE_STYLE('',(#10166));
#10162=SURFACE_SIDE_STYLE('',(#10167));
#10163=SURFACE_SIDE_STYLE('',(#10168));
#10164=SURFACE_STYLE_FILL_AREA(#10169);
#10165=SURFACE_STYLE_FILL_AREA(#10170);
#10166=SURFACE_STYLE_FILL_AREA(#10171);
#10167=SURFACE_STYLE_FILL_AREA(#10172);
#10168=SURFACE_STYLE_FILL_AREA(#10173);
#10169=FILL_AREA_STYLE('Steel - Satin',(#10174));
#10170=FILL_AREA_STYLE('Plastic-seagreen',(#10175));
#10171=FILL_AREA_STYLE('Plastic-seagreen',(#10176));
#10172=FILL_AREA_STYLE('Plastic-salmon',(#10177));
#10173=FILL_AREA_STYLE('Plastic - coral',(#10178));
#10174=FILL_AREA_STYLE_COLOUR('Steel - Satin',#10179);
#10175=FILL_AREA_STYLE_COLOUR('Plastic-seagreen',#10180);
#10176=FILL_AREA_STYLE_COLOUR('Plastic-seagreen',#10181);
#10177=FILL_AREA_STYLE_COLOUR('Plastic-salmon',#10182);
#10178=FILL_AREA_STYLE_COLOUR('Plastic - coral',#10183);
#10179=COLOUR_RGB('Steel - Satin',0.627450980392157,0.627450980392157,0.627450980392157);
#10180=COLOUR_RGB('Plastic-seagreen',0.627450980392157,0.870588235294118,
1.);
#10181=COLOUR_RGB('Plastic-seagreen',0.627450980392157,0.870588235294118,
1.);
#10182=COLOUR_RGB('Plastic-salmon',1.,0.815686274509804,0.803921568627451);
#10183=COLOUR_RGB('Plastic - coral',1.,0.627450980392157,0.6);
ENDSEC;
END-ISO-10303-21;
