ISO-10303-21;
HEADER;
/* Generated by software containing ST-Developer
 * from STEP Tools, Inc. (www.steptools.com) 
 */

FILE_DESCRIPTION(
/* description */ (''),
/* implementation_level */ '2;1');

FILE_NAME(
/* name */ 'Koi Case Bottom.step',
/* time_stamp */ '2026-06-03T17:27:52-04:00',
/* author */ (''),
/* organization */ (''),
/* preprocessor_version */ 'ST-DEVELOPER v20.1',
/* originating_system */ 'Autodesk Translation Framework v15.8.0.0',
/* authorisation */ '');

FILE_SCHEMA (('AUTOMOTIVE_DESIGN { 1 0 10303 214 3 1 1 }'));
ENDSEC;

DATA;
#10=MECHANICAL_DESIGN_GEOMETRIC_PRESENTATION_REPRESENTATION('',(#13),#2493);
#11=SHAPE_REPRESENTATION_RELATIONSHIP('SRR','None',#2503,#12);
#12=ADVANCED_BREP_SHAPE_REPRESENTATION('',(#14),#2492);
#13=STYLED_ITEM('',(#2513),#14);
#14=MANIFOLD_SOLID_BREP('Body1',#1383);
#15=FACE_BOUND('',#249,.T.);
#16=FACE_BOUND('',#252,.T.);
#17=FACE_BOUND('',#254,.T.);
#18=FACE_BOUND('',#257,.T.);
#19=TOROIDAL_SURFACE('',#1468,1.21426715375776,0.3);
#20=TOROIDAL_SURFACE('',#1473,1.21426715375777,0.3);
#21=TOROIDAL_SURFACE('',#1481,0.500000000000003,0.3);
#22=B_SPLINE_SURFACE_WITH_KNOTS('',3,3,((#2178,#2179,#2180,#2181,#2182,
#2183,#2184,#2185,#2186),(#2187,#2188,#2189,#2190,#2191,#2192,#2193,#2194,
#2195),(#2196,#2197,#2198,#2199,#2200,#2201,#2202,#2203,#2204),(#2205,#2206,
#2207,#2208,#2209,#2210,#2211,#2212,#2213),(#2214,#2215,#2216,#2217,#2218,
#2219,#2220,#2221,#2222),(#2223,#2224,#2225,#2226,#2227,#2228,#2229,#2230,
#2231),(#2232,#2233,#2234,#2235,#2236,#2237,#2238,#2239,#2240)),
 .UNSPECIFIED.,.F.,.F.,.F.,(4,1,1,1,4),(4,1,1,1,1,1,4),(0.,0.285714285714286,
0.571428571428571,0.857142857142857,1.),(-1.5707963267949,-0.897597901025655,
-0.673198425769241,-0.448798950512828,-0.224399475256414,-0.112199737628207,
-1.0927391974657E-16),.UNSPECIFIED.);
#23=B_SPLINE_SURFACE_WITH_KNOTS('',3,3,((#2247,#2248,#2249,#2250,#2251,
#2252,#2253,#2254,#2255),(#2256,#2257,#2258,#2259,#2260,#2261,#2262,#2263,
#2264),(#2265,#2266,#2267,#2268,#2269,#2270,#2271,#2272,#2273),(#2274,#2275,
#2276,#2277,#2278,#2279,#2280,#2281,#2282),(#2283,#2284,#2285,#2286,#2287,
#2288,#2289,#2290,#2291),(#2292,#2293,#2294,#2295,#2296,#2297,#2298,#2299,
#2300),(#2301,#2302,#2303,#2304,#2305,#2306,#2307,#2308,#2309)),
 .UNSPECIFIED.,.F.,.F.,.F.,(4,1,1,1,4),(4,1,1,1,1,1,4),(0.,0.285714285714286,
0.571428571428571,0.857142857142857,1.),(-1.5707963267949,-0.897597901025655,
-0.673198425769241,-0.448798950512827,-0.224399475256414,-0.112199737628207,
0.),.UNSPECIFIED.);
#24=B_SPLINE_CURVE_WITH_KNOTS('',3,(#2140,#2141,#2142,#2143,#2144,#2145,
#2146,#2147,#2148,#2149,#2150,#2151,#2152,#2153),.UNSPECIFIED.,.F.,.F.,
(4,2,2,2,2,2,4),(1.80215158461625,2.20632124244936,2.46144421274611,2.71656718304286,
2.9716901533396,3.22681312363635,3.63098278146946),.UNSPECIFIED.);
#25=B_SPLINE_CURVE_WITH_KNOTS('',3,(#2327,#2328,#2329,#2330,#2331,#2332,
#2333,#2334,#2335,#2336,#2337,#2338),.UNSPECIFIED.,.F.,.F.,(4,2,2,2,2,4),
(-0.0028707429284754,0.,0.305097686599009,0.602818481790505,0.900460262350682,
1.19806440320812),.UNSPECIFIED.);
#26=B_SPLINE_CURVE_WITH_KNOTS('',3,(#2359,#2360,#2361,#2362,#2363,#2364,
#2365,#2366,#2367,#2368,#2369,#2370),.UNSPECIFIED.,.F.,.F.,(4,2,2,2,2,4),
(-2.39899954993271,-2.39612880700031,-2.09103112032658,-1.79331032506077,
-1.49566854442629,-1.1980644034946),.UNSPECIFIED.);
#27=ELLIPSE('',#1417,0.0222710797279697,0.0157480315);
#28=ELLIPSE('',#1418,0.0222710797279877,0.0157480315);
#29=ELLIPSE('',#1424,0.0222710797279787,0.0157480315);
#30=ELLIPSE('',#1425,0.0222710797279787,0.0157480315);
#31=ELLIPSE('',#1431,0.022271079722402,0.015748031496063);
#32=ELLIPSE('',#1432,0.0222710797224199,0.015748031496063);
#33=ELLIPSE('',#1438,0.022271079722411,0.015748031496063);
#34=ELLIPSE('',#1439,0.0222710797224109,0.015748031496063);
#35=ELLIPSE('',#1455,0.339471564898854,0.3);
#36=ELLIPSE('',#1456,0.339471564898854,0.3);
#37=ELLIPSE('',#1458,0.364947243530198,0.3);
#38=ELLIPSE('',#1459,0.364947243530198,0.3);
#39=ELLIPSE('',#1461,0.364947243530199,0.3);
#40=ELLIPSE('',#1462,0.3649472435302,0.3);
#41=ELLIPSE('',#1464,0.329621844355435,0.3);
#42=ELLIPSE('',#1477,0.329621844355435,0.3);
#43=CYLINDRICAL_SURFACE('',#1416,0.0157480315);
#44=CYLINDRICAL_SURFACE('',#1423,0.0157480315);
#45=CYLINDRICAL_SURFACE('',#1430,0.015748031496063);
#46=CYLINDRICAL_SURFACE('',#1437,0.015748031496063);
#47=CYLINDRICAL_SURFACE('',#1444,0.560341324504259);
#48=CYLINDRICAL_SURFACE('',#1453,0.5);
#49=CYLINDRICAL_SURFACE('',#1454,0.3);
#50=CYLINDRICAL_SURFACE('',#1463,0.3);
#51=CYLINDRICAL_SURFACE('',#1465,0.3);
#52=CYLINDRICAL_SURFACE('',#1466,0.3);
#53=CYLINDRICAL_SURFACE('',#1471,0.3);
#54=CYLINDRICAL_SURFACE('',#1476,0.3);
#55=CYLINDRICAL_SURFACE('',#1478,0.3);
#56=CYLINDRICAL_SURFACE('',#1479,0.3);
#57=CYLINDRICAL_SURFACE('',#1485,0.3);
#58=CYLINDRICAL_SURFACE('',#1486,0.200000000000003);
#59=CYLINDRICAL_SURFACE('',#1488,0.2);
#60=CYLINDRICAL_SURFACE('',#1491,1.51426715375777);
#61=CYLINDRICAL_SURFACE('',#1494,0.1);
#62=CYLINDRICAL_SURFACE('',#1496,0.1);
#63=CYLINDRICAL_SURFACE('',#1498,0.1);
#64=CYLINDRICAL_SURFACE('',#1500,0.1);
#65=CYLINDRICAL_SURFACE('',#1508,0.0999999999999997);
#66=CYLINDRICAL_SURFACE('',#1511,1.41426715375777);
#67=CYLINDRICAL_SURFACE('',#1514,1.41426715375777);
#68=CYLINDRICAL_SURFACE('',#1517,0.0999999999999994);
#69=CYLINDRICAL_SURFACE('',#1519,0.300000000000003);
#70=CYLINDRICAL_SURFACE('',#1522,0.199999999999999);
#71=CYLINDRICAL_SURFACE('',#1525,1.51426715375777);
#72=CIRCLE('',#1402,1.41426715375777);
#73=CIRCLE('',#1403,0.1);
#74=CIRCLE('',#1404,0.1);
#75=CIRCLE('',#1405,0.0999999999999997);
#76=CIRCLE('',#1406,0.300000000000003);
#77=CIRCLE('',#1407,0.0999999999999994);
#78=CIRCLE('',#1408,0.1);
#79=CIRCLE('',#1409,0.1);
#80=CIRCLE('',#1410,1.41426715375777);
#81=CIRCLE('',#1411,1.51426715375777);
#82=CIRCLE('',#1412,0.199999999999999);
#83=CIRCLE('',#1413,0.200000000000003);
#84=CIRCLE('',#1414,0.2);
#85=CIRCLE('',#1415,1.51426715375777);
#86=CIRCLE('',#1445,0.560341324504259);
#87=CIRCLE('',#1446,0.560341324504259);
#88=CIRCLE('',#1447,0.560341324504259);
#89=CIRCLE('',#1449,0.5);
#90=CIRCLE('',#1451,0.5);
#91=CIRCLE('',#1457,0.199999999999999);
#92=CIRCLE('',#1460,0.2);
#93=CIRCLE('',#1467,0.300000000000001);
#94=CIRCLE('',#1469,1.21426715375777);
#95=CIRCLE('',#1470,1.51426715375777);
#96=CIRCLE('',#1472,0.3);
#97=CIRCLE('',#1474,1.51426715375776);
#98=CIRCLE('',#1475,1.21426715375777);
#99=CIRCLE('',#1480,0.3);
#100=CIRCLE('',#1482,0.3);
#101=CIRCLE('',#1483,0.200000000000003);
#102=CIRCLE('',#1484,0.500000000000003);
#103=CIRCLE('',#1495,0.1);
#104=CIRCLE('',#1497,0.1);
#105=CIRCLE('',#1499,0.1);
#106=CIRCLE('',#1501,0.1);
#107=CIRCLE('',#1503,0.0999999999999994);
#108=CIRCLE('',#1504,0.300000000000003);
#109=CIRCLE('',#1505,0.0999999999999997);
#110=CIRCLE('',#1506,1.41426715375777);
#111=CIRCLE('',#1507,1.41426715375777);
#112=FACE_OUTER_BOUND('',#189,.T.);
#113=FACE_OUTER_BOUND('',#190,.T.);
#114=FACE_OUTER_BOUND('',#191,.T.);
#115=FACE_OUTER_BOUND('',#192,.T.);
#116=FACE_OUTER_BOUND('',#193,.T.);
#117=FACE_OUTER_BOUND('',#194,.T.);
#118=FACE_OUTER_BOUND('',#195,.T.);
#119=FACE_OUTER_BOUND('',#196,.T.);
#120=FACE_OUTER_BOUND('',#197,.T.);
#121=FACE_OUTER_BOUND('',#198,.T.);
#122=FACE_OUTER_BOUND('',#199,.T.);
#123=FACE_OUTER_BOUND('',#200,.T.);
#124=FACE_OUTER_BOUND('',#201,.T.);
#125=FACE_OUTER_BOUND('',#202,.T.);
#126=FACE_OUTER_BOUND('',#203,.T.);
#127=FACE_OUTER_BOUND('',#204,.T.);
#128=FACE_OUTER_BOUND('',#205,.T.);
#129=FACE_OUTER_BOUND('',#206,.T.);
#130=FACE_OUTER_BOUND('',#207,.T.);
#131=FACE_OUTER_BOUND('',#208,.T.);
#132=FACE_OUTER_BOUND('',#209,.T.);
#133=FACE_OUTER_BOUND('',#210,.T.);
#134=FACE_OUTER_BOUND('',#211,.T.);
#135=FACE_OUTER_BOUND('',#212,.T.);
#136=FACE_OUTER_BOUND('',#213,.T.);
#137=FACE_OUTER_BOUND('',#214,.T.);
#138=FACE_OUTER_BOUND('',#215,.T.);
#139=FACE_OUTER_BOUND('',#216,.T.);
#140=FACE_OUTER_BOUND('',#217,.T.);
#141=FACE_OUTER_BOUND('',#218,.T.);
#142=FACE_OUTER_BOUND('',#219,.T.);
#143=FACE_OUTER_BOUND('',#220,.T.);
#144=FACE_OUTER_BOUND('',#221,.T.);
#145=FACE_OUTER_BOUND('',#222,.T.);
#146=FACE_OUTER_BOUND('',#223,.T.);
#147=FACE_OUTER_BOUND('',#224,.T.);
#148=FACE_OUTER_BOUND('',#225,.T.);
#149=FACE_OUTER_BOUND('',#226,.T.);
#150=FACE_OUTER_BOUND('',#227,.T.);
#151=FACE_OUTER_BOUND('',#228,.T.);
#152=FACE_OUTER_BOUND('',#229,.T.);
#153=FACE_OUTER_BOUND('',#230,.T.);
#154=FACE_OUTER_BOUND('',#231,.T.);
#155=FACE_OUTER_BOUND('',#232,.T.);
#156=FACE_OUTER_BOUND('',#233,.T.);
#157=FACE_OUTER_BOUND('',#234,.T.);
#158=FACE_OUTER_BOUND('',#235,.T.);
#159=FACE_OUTER_BOUND('',#236,.T.);
#160=FACE_OUTER_BOUND('',#237,.T.);
#161=FACE_OUTER_BOUND('',#238,.T.);
#162=FACE_OUTER_BOUND('',#239,.T.);
#163=FACE_OUTER_BOUND('',#240,.T.);
#164=FACE_OUTER_BOUND('',#241,.T.);
#165=FACE_OUTER_BOUND('',#242,.T.);
#166=FACE_OUTER_BOUND('',#243,.T.);
#167=FACE_OUTER_BOUND('',#244,.T.);
#168=FACE_OUTER_BOUND('',#245,.T.);
#169=FACE_OUTER_BOUND('',#246,.T.);
#170=FACE_OUTER_BOUND('',#247,.T.);
#171=FACE_OUTER_BOUND('',#248,.T.);
#172=FACE_OUTER_BOUND('',#250,.T.);
#173=FACE_OUTER_BOUND('',#251,.T.);
#174=FACE_OUTER_BOUND('',#253,.T.);
#175=FACE_OUTER_BOUND('',#255,.T.);
#176=FACE_OUTER_BOUND('',#256,.T.);
#177=FACE_OUTER_BOUND('',#258,.T.);
#178=FACE_OUTER_BOUND('',#259,.T.);
#179=FACE_OUTER_BOUND('',#260,.T.);
#180=FACE_OUTER_BOUND('',#261,.T.);
#181=FACE_OUTER_BOUND('',#262,.T.);
#182=FACE_OUTER_BOUND('',#263,.T.);
#183=FACE_OUTER_BOUND('',#264,.T.);
#184=FACE_OUTER_BOUND('',#265,.T.);
#185=FACE_OUTER_BOUND('',#266,.T.);
#186=FACE_OUTER_BOUND('',#267,.T.);
#187=FACE_OUTER_BOUND('',#268,.T.);
#188=FACE_OUTER_BOUND('',#269,.T.);
#189=EDGE_LOOP('',(#869,#870,#871,#872));
#190=EDGE_LOOP('',(#873,#874,#875,#876));
#191=EDGE_LOOP('',(#877,#878,#879,#880));
#192=EDGE_LOOP('',(#881,#882,#883,#884));
#193=EDGE_LOOP('',(#885,#886,#887,#888,#889,#890,#891,#892,#893,#894,#895,
#896,#897,#898,#899,#900,#901,#902,#903,#904,#905,#906,#907,#908,#909,#910,
#911,#912,#913,#914,#915,#916,#917,#918,#919,#920,#921,#922,#923,#924));
#194=EDGE_LOOP('',(#925,#926,#927,#928));
#195=EDGE_LOOP('',(#929,#930,#931,#932));
#196=EDGE_LOOP('',(#933,#934,#935,#936));
#197=EDGE_LOOP('',(#937,#938,#939,#940));
#198=EDGE_LOOP('',(#941,#942,#943,#944));
#199=EDGE_LOOP('',(#945,#946,#947,#948));
#200=EDGE_LOOP('',(#949,#950,#951,#952));
#201=EDGE_LOOP('',(#953,#954,#955,#956));
#202=EDGE_LOOP('',(#957,#958,#959,#960));
#203=EDGE_LOOP('',(#961,#962,#963,#964));
#204=EDGE_LOOP('',(#965,#966,#967,#968));
#205=EDGE_LOOP('',(#969,#970,#971,#972));
#206=EDGE_LOOP('',(#973,#974,#975,#976));
#207=EDGE_LOOP('',(#977,#978,#979,#980));
#208=EDGE_LOOP('',(#981,#982,#983,#984));
#209=EDGE_LOOP('',(#985,#986,#987,#988));
#210=EDGE_LOOP('',(#989,#990,#991,#992));
#211=EDGE_LOOP('',(#993,#994,#995,#996));
#212=EDGE_LOOP('',(#997,#998,#999,#1000));
#213=EDGE_LOOP('',(#1001,#1002,#1003,#1004));
#214=EDGE_LOOP('',(#1005,#1006,#1007,#1008,#1009,#1010));
#215=EDGE_LOOP('',(#1011,#1012,#1013,#1014,#1015,#1016,#1017,#1018));
#216=EDGE_LOOP('',(#1019,#1020,#1021,#1022,#1023,#1024,#1025,#1026));
#217=EDGE_LOOP('',(#1027,#1028,#1029,#1030,#1031));
#218=EDGE_LOOP('',(#1032,#1033,#1034,#1035));
#219=EDGE_LOOP('',(#1036,#1037,#1038,#1039,#1040,#1041));
#220=EDGE_LOOP('',(#1042,#1043,#1044));
#221=EDGE_LOOP('',(#1045,#1046,#1047));
#222=EDGE_LOOP('',(#1048,#1049,#1050,#1051));
#223=EDGE_LOOP('',(#1052,#1053,#1054,#1055));
#224=EDGE_LOOP('',(#1056,#1057,#1058,#1059));
#225=EDGE_LOOP('',(#1060,#1061,#1062,#1063));
#226=EDGE_LOOP('',(#1064,#1065,#1066,#1067));
#227=EDGE_LOOP('',(#1068,#1069,#1070,#1071));
#228=EDGE_LOOP('',(#1072,#1073,#1074,#1075));
#229=EDGE_LOOP('',(#1076,#1077,#1078,#1079));
#230=EDGE_LOOP('',(#1080,#1081,#1082,#1083));
#231=EDGE_LOOP('',(#1084,#1085,#1086,#1087));
#232=EDGE_LOOP('',(#1088,#1089,#1090,#1091));
#233=EDGE_LOOP('',(#1092,#1093,#1094,#1095));
#234=EDGE_LOOP('',(#1096,#1097,#1098,#1099));
#235=EDGE_LOOP('',(#1100,#1101,#1102,#1103));
#236=EDGE_LOOP('',(#1104,#1105,#1106,#1107));
#237=EDGE_LOOP('',(#1108,#1109,#1110,#1111));
#238=EDGE_LOOP('',(#1112,#1113,#1114,#1115));
#239=EDGE_LOOP('',(#1116,#1117,#1118,#1119));
#240=EDGE_LOOP('',(#1120,#1121,#1122,#1123,#1124,#1125,#1126,#1127,#1128,
#1129,#1130,#1131));
#241=EDGE_LOOP('',(#1132,#1133,#1134,#1135));
#242=EDGE_LOOP('',(#1136,#1137,#1138,#1139));
#243=EDGE_LOOP('',(#1140,#1141,#1142,#1143));
#244=EDGE_LOOP('',(#1144,#1145,#1146,#1147));
#245=EDGE_LOOP('',(#1148,#1149,#1150,#1151,#1152,#1153,#1154,#1155,#1156,
#1157,#1158,#1159,#1160,#1161,#1162,#1163,#1164,#1165));
#246=EDGE_LOOP('',(#1166,#1167,#1168,#1169));
#247=EDGE_LOOP('',(#1170,#1171,#1172,#1173));
#248=EDGE_LOOP('',(#1174,#1175,#1176,#1177));
#249=EDGE_LOOP('',(#1178,#1179,#1180,#1181));
#250=EDGE_LOOP('',(#1182,#1183,#1184,#1185));
#251=EDGE_LOOP('',(#1186,#1187,#1188,#1189));
#252=EDGE_LOOP('',(#1190,#1191,#1192,#1193));
#253=EDGE_LOOP('',(#1194,#1195,#1196,#1197));
#254=EDGE_LOOP('',(#1198,#1199,#1200,#1201));
#255=EDGE_LOOP('',(#1202,#1203,#1204,#1205));
#256=EDGE_LOOP('',(#1206,#1207,#1208,#1209));
#257=EDGE_LOOP('',(#1210,#1211,#1212,#1213));
#258=EDGE_LOOP('',(#1214,#1215,#1216,#1217));
#259=EDGE_LOOP('',(#1218,#1219,#1220,#1221));
#260=EDGE_LOOP('',(#1222,#1223,#1224,#1225));
#261=EDGE_LOOP('',(#1226,#1227,#1228,#1229));
#262=EDGE_LOOP('',(#1230,#1231,#1232,#1233));
#263=EDGE_LOOP('',(#1234,#1235,#1236,#1237));
#264=EDGE_LOOP('',(#1238,#1239,#1240,#1241));
#265=EDGE_LOOP('',(#1242,#1243,#1244,#1245));
#266=EDGE_LOOP('',(#1246,#1247,#1248,#1249));
#267=EDGE_LOOP('',(#1250,#1251,#1252,#1253));
#268=EDGE_LOOP('',(#1254,#1255,#1256,#1257));
#269=EDGE_LOOP('',(#1258,#1259,#1260,#1261,#1262));
#270=LINE('',#1934,#408);
#271=LINE('',#1936,#409);
#272=LINE('',#1938,#410);
#273=LINE('',#1939,#411);
#274=LINE('',#1943,#412);
#275=LINE('',#1945,#413);
#276=LINE('',#1947,#414);
#277=LINE('',#1948,#415);
#278=LINE('',#1952,#416);
#279=LINE('',#1954,#417);
#280=LINE('',#1956,#418);
#281=LINE('',#1957,#419);
#282=LINE('',#1961,#420);
#283=LINE('',#1963,#421);
#284=LINE('',#1965,#422);
#285=LINE('',#1966,#423);
#286=LINE('',#1970,#424);
#287=LINE('',#1976,#425);
#288=LINE('',#1980,#426);
#289=LINE('',#1984,#427);
#290=LINE('',#1988,#428);
#291=LINE('',#1992,#429);
#292=LINE('',#1996,#430);
#293=LINE('',#2002,#431);
#294=LINE('',#2003,#432);
#295=LINE('',#2004,#433);
#296=LINE('',#2006,#434);
#297=LINE('',#2008,#435);
#298=LINE('',#2012,#436);
#299=LINE('',#2014,#437);
#300=LINE('',#2018,#438);
#301=LINE('',#2022,#439);
#302=LINE('',#2026,#440);
#303=LINE('',#2028,#441);
#304=LINE('',#2032,#442);
#305=LINE('',#2033,#443);
#306=LINE('',#2034,#444);
#307=LINE('',#2035,#445);
#308=LINE('',#2041,#446);
#309=LINE('',#2044,#447);
#310=LINE('',#2047,#448);
#311=LINE('',#2049,#449);
#312=LINE('',#2050,#450);
#313=LINE('',#2053,#451);
#314=LINE('',#2054,#452);
#315=LINE('',#2057,#453);
#316=LINE('',#2058,#454);
#317=LINE('',#2060,#455);
#318=LINE('',#2066,#456);
#319=LINE('',#2069,#457);
#320=LINE('',#2072,#458);
#321=LINE('',#2074,#459);
#322=LINE('',#2075,#460);
#323=LINE('',#2078,#461);
#324=LINE('',#2079,#462);
#325=LINE('',#2082,#463);
#326=LINE('',#2083,#464);
#327=LINE('',#2085,#465);
#328=LINE('',#2091,#466);
#329=LINE('',#2094,#467);
#330=LINE('',#2097,#468);
#331=LINE('',#2099,#469);
#332=LINE('',#2100,#470);
#333=LINE('',#2103,#471);
#334=LINE('',#2104,#472);
#335=LINE('',#2107,#473);
#336=LINE('',#2108,#474);
#337=LINE('',#2110,#475);
#338=LINE('',#2116,#476);
#339=LINE('',#2119,#477);
#340=LINE('',#2122,#478);
#341=LINE('',#2124,#479);
#342=LINE('',#2125,#480);
#343=LINE('',#2128,#481);
#344=LINE('',#2129,#482);
#345=LINE('',#2132,#483);
#346=LINE('',#2133,#484);
#347=LINE('',#2135,#485);
#348=LINE('',#2160,#486);
#349=LINE('',#2162,#487);
#350=LINE('',#2163,#488);
#351=LINE('',#2167,#489);
#352=LINE('',#2168,#490);
#353=LINE('',#2174,#491);
#354=LINE('',#2177,#492);
#355=LINE('',#2318,#493);
#356=LINE('',#2321,#494);
#357=LINE('',#2324,#495);
#358=LINE('',#2326,#496);
#359=LINE('',#2341,#497);
#360=LINE('',#2344,#498);
#361=LINE('',#2350,#499);
#362=LINE('',#2353,#500);
#363=LINE('',#2373,#501);
#364=LINE('',#2376,#502);
#365=LINE('',#2378,#503);
#366=LINE('',#2379,#504);
#367=LINE('',#2382,#505);
#368=LINE('',#2385,#506);
#369=LINE('',#2393,#507);
#370=LINE('',#2394,#508);
#371=LINE('',#2396,#509);
#372=LINE('',#2397,#510);
#373=LINE('',#2399,#511);
#374=LINE('',#2401,#512);
#375=LINE('',#2403,#513);
#376=LINE('',#2405,#514);
#377=LINE('',#2407,#515);
#378=LINE('',#2412,#516);
#379=LINE('',#2415,#517);
#380=LINE('',#2418,#518);
#381=LINE('',#2421,#519);
#382=LINE('',#2424,#520);
#383=LINE('',#2427,#521);
#384=LINE('',#2430,#522);
#385=LINE('',#2433,#523);
#386=LINE('',#2436,#524);
#387=LINE('',#2440,#525);
#388=LINE('',#2444,#526);
#389=LINE('',#2447,#527);
#390=LINE('',#2448,#528);
#391=LINE('',#2451,#529);
#392=LINE('',#2453,#530);
#393=LINE('',#2455,#531);
#394=LINE('',#2457,#532);
#395=LINE('',#2458,#533);
#396=LINE('',#2462,#534);
#397=LINE('',#2465,#535);
#398=LINE('',#2469,#536);
#399=LINE('',#2471,#537);
#400=LINE('',#2473,#538);
#401=LINE('',#2475,#539);
#402=LINE('',#2478,#540);
#403=LINE('',#2480,#541);
#404=LINE('',#2482,#542);
#405=LINE('',#2484,#543);
#406=LINE('',#2486,#544);
#407=LINE('',#2488,#545);
#408=VECTOR('',#1532,0.393700787401575);
#409=VECTOR('',#1533,0.393700787401575);
#410=VECTOR('',#1534,0.393700787401575);
#411=VECTOR('',#1535,0.393700787401575);
#412=VECTOR('',#1538,0.393700787401575);
#413=VECTOR('',#1539,0.393700787401575);
#414=VECTOR('',#1540,0.393700787401575);
#415=VECTOR('',#1541,0.393700787401575);
#416=VECTOR('',#1544,0.393700787401575);
#417=VECTOR('',#1545,0.393700787401575);
#418=VECTOR('',#1546,0.393700787401575);
#419=VECTOR('',#1547,0.393700787401575);
#420=VECTOR('',#1550,0.393700787401575);
#421=VECTOR('',#1551,0.393700787401575);
#422=VECTOR('',#1552,0.393700787401575);
#423=VECTOR('',#1553,0.393700787401575);
#424=VECTOR('',#1556,0.393700787401575);
#425=VECTOR('',#1561,0.393700787401575);
#426=VECTOR('',#1564,0.393700787401575);
#427=VECTOR('',#1567,0.393700787401575);
#428=VECTOR('',#1570,0.393700787401575);
#429=VECTOR('',#1573,0.393700787401575);
#430=VECTOR('',#1576,0.393700787401575);
#431=VECTOR('',#1581,0.393700787401575);
#432=VECTOR('',#1582,0.393700787401575);
#433=VECTOR('',#1583,0.393700787401575);
#434=VECTOR('',#1584,0.393700787401575);
#435=VECTOR('',#1585,0.393700787401575);
#436=VECTOR('',#1588,0.393700787401575);
#437=VECTOR('',#1589,0.393700787401575);
#438=VECTOR('',#1592,0.393700787401575);
#439=VECTOR('',#1595,0.393700787401575);
#440=VECTOR('',#1598,0.393700787401575);
#441=VECTOR('',#1599,0.393700787401575);
#442=VECTOR('',#1602,0.393700787401575);
#443=VECTOR('',#1603,0.393700787401575);
#444=VECTOR('',#1604,0.393700787401575);
#445=VECTOR('',#1605,0.393700787401575);
#446=VECTOR('',#1610,0.393700787401575);
#447=VECTOR('',#1613,0.393700787401575);
#448=VECTOR('',#1616,0.393700787401575);
#449=VECTOR('',#1617,0.393700787401575);
#450=VECTOR('',#1618,0.393700787401575);
#451=VECTOR('',#1621,0.393700787401575);
#452=VECTOR('',#1622,0.393700787401575);
#453=VECTOR('',#1625,0.393700787401575);
#454=VECTOR('',#1626,0.393700787401575);
#455=VECTOR('',#1629,0.393700787401575);
#456=VECTOR('',#1634,0.393700787401575);
#457=VECTOR('',#1637,0.393700787401575);
#458=VECTOR('',#1640,0.393700787401575);
#459=VECTOR('',#1641,0.393700787401575);
#460=VECTOR('',#1642,0.393700787401575);
#461=VECTOR('',#1645,0.393700787401575);
#462=VECTOR('',#1646,0.393700787401575);
#463=VECTOR('',#1649,0.393700787401575);
#464=VECTOR('',#1650,0.393700787401575);
#465=VECTOR('',#1653,0.393700787401575);
#466=VECTOR('',#1658,0.393700787401575);
#467=VECTOR('',#1661,0.393700787401575);
#468=VECTOR('',#1664,0.393700787401575);
#469=VECTOR('',#1665,0.393700787401575);
#470=VECTOR('',#1666,0.393700787401575);
#471=VECTOR('',#1669,0.393700787401575);
#472=VECTOR('',#1670,0.393700787401575);
#473=VECTOR('',#1673,0.393700787401575);
#474=VECTOR('',#1674,0.393700787401575);
#475=VECTOR('',#1677,0.393700787401575);
#476=VECTOR('',#1682,0.393700787401575);
#477=VECTOR('',#1685,0.393700787401575);
#478=VECTOR('',#1688,0.393700787401575);
#479=VECTOR('',#1689,0.393700787401575);
#480=VECTOR('',#1690,0.393700787401575);
#481=VECTOR('',#1693,0.393700787401575);
#482=VECTOR('',#1694,0.393700787401575);
#483=VECTOR('',#1697,0.393700787401575);
#484=VECTOR('',#1698,0.393700787401575);
#485=VECTOR('',#1701,0.393700787401575);
#486=VECTOR('',#1716,0.393700787401575);
#487=VECTOR('',#1717,0.393700787401575);
#488=VECTOR('',#1718,0.393700787401575);
#489=VECTOR('',#1723,0.393700787401575);
#490=VECTOR('',#1724,0.393700787401575);
#491=VECTOR('',#1731,0.393700787401575);
#492=VECTOR('',#1734,0.393700787401575);
#493=VECTOR('',#1749,0.393700787401575);
#494=VECTOR('',#1752,0.393700787401575);
#495=VECTOR('',#1755,0.393700787401575);
#496=VECTOR('',#1756,0.393700787401575);
#497=VECTOR('',#1759,0.393700787401575);
#498=VECTOR('',#1762,0.393700787401575);
#499=VECTOR('',#1771,0.393700787401575);
#500=VECTOR('',#1774,0.393700787401575);
#501=VECTOR('',#1783,0.393700787401575);
#502=VECTOR('',#1786,0.393700787401575);
#503=VECTOR('',#1789,0.393700787401575);
#504=VECTOR('',#1790,0.393700787401575);
#505=VECTOR('',#1793,0.393700787401575);
#506=VECTOR('',#1796,0.393700787401575);
#507=VECTOR('',#1807,0.393700787401575);
#508=VECTOR('',#1808,0.393700787401575);
#509=VECTOR('',#1811,0.393700787401575);
#510=VECTOR('',#1812,0.393700787401575);
#511=VECTOR('',#1815,0.393700787401575);
#512=VECTOR('',#1818,0.393700787401575);
#513=VECTOR('',#1821,0.393700787401575);
#514=VECTOR('',#1824,0.393700787401575);
#515=VECTOR('',#1827,0.393700787401575);
#516=VECTOR('',#1834,0.393700787401575);
#517=VECTOR('',#1837,0.393700787401575);
#518=VECTOR('',#1840,0.393700787401575);
#519=VECTOR('',#1843,0.393700787401575);
#520=VECTOR('',#1846,0.393700787401575);
#521=VECTOR('',#1849,0.393700787401575);
#522=VECTOR('',#1852,0.393700787401575);
#523=VECTOR('',#1855,0.393700787401575);
#524=VECTOR('',#1858,0.393700787401575);
#525=VECTOR('',#1861,0.393700787401575);
#526=VECTOR('',#1864,0.393700787401575);
#527=VECTOR('',#1867,0.393700787401575);
#528=VECTOR('',#1868,0.393700787401575);
#529=VECTOR('',#1871,0.393700787401575);
#530=VECTOR('',#1872,0.393700787401575);
#531=VECTOR('',#1875,0.393700787401575);
#532=VECTOR('',#1878,0.393700787401575);
#533=VECTOR('',#1879,0.393700787401575);
#534=VECTOR('',#1886,0.393700787401575);
#535=VECTOR('',#1891,0.393700787401575);
#536=VECTOR('',#1898,0.393700787401575);
#537=VECTOR('',#1901,0.393700787401575);
#538=VECTOR('',#1904,0.393700787401575);
#539=VECTOR('',#1907,0.393700787401575);
#540=VECTOR('',#1912,0.393700787401575);
#541=VECTOR('',#1915,0.393700787401575);
#542=VECTOR('',#1918,0.393700787401575);
#543=VECTOR('',#1921,0.393700787401575);
#544=VECTOR('',#1924,0.393700787401575);
#545=VECTOR('',#1927,0.393700787401575);
#546=VERTEX_POINT('',#1932);
#547=VERTEX_POINT('',#1933);
#548=VERTEX_POINT('',#1935);
#549=VERTEX_POINT('',#1937);
#550=VERTEX_POINT('',#1941);
#551=VERTEX_POINT('',#1942);
#552=VERTEX_POINT('',#1944);
#553=VERTEX_POINT('',#1946);
#554=VERTEX_POINT('',#1950);
#555=VERTEX_POINT('',#1951);
#556=VERTEX_POINT('',#1953);
#557=VERTEX_POINT('',#1955);
#558=VERTEX_POINT('',#1959);
#559=VERTEX_POINT('',#1960);
#560=VERTEX_POINT('',#1962);
#561=VERTEX_POINT('',#1964);
#562=VERTEX_POINT('',#1968);
#563=VERTEX_POINT('',#1969);
#564=VERTEX_POINT('',#1971);
#565=VERTEX_POINT('',#1973);
#566=VERTEX_POINT('',#1975);
#567=VERTEX_POINT('',#1977);
#568=VERTEX_POINT('',#1979);
#569=VERTEX_POINT('',#1981);
#570=VERTEX_POINT('',#1983);
#571=VERTEX_POINT('',#1985);
#572=VERTEX_POINT('',#1987);
#573=VERTEX_POINT('',#1989);
#574=VERTEX_POINT('',#1991);
#575=VERTEX_POINT('',#1993);
#576=VERTEX_POINT('',#1995);
#577=VERTEX_POINT('',#1997);
#578=VERTEX_POINT('',#1999);
#579=VERTEX_POINT('',#2001);
#580=VERTEX_POINT('',#2005);
#581=VERTEX_POINT('',#2007);
#582=VERTEX_POINT('',#2009);
#583=VERTEX_POINT('',#2011);
#584=VERTEX_POINT('',#2013);
#585=VERTEX_POINT('',#2015);
#586=VERTEX_POINT('',#2017);
#587=VERTEX_POINT('',#2019);
#588=VERTEX_POINT('',#2021);
#589=VERTEX_POINT('',#2023);
#590=VERTEX_POINT('',#2025);
#591=VERTEX_POINT('',#2027);
#592=VERTEX_POINT('',#2029);
#593=VERTEX_POINT('',#2031);
#594=VERTEX_POINT('',#2037);
#595=VERTEX_POINT('',#2038);
#596=VERTEX_POINT('',#2040);
#597=VERTEX_POINT('',#2042);
#598=VERTEX_POINT('',#2046);
#599=VERTEX_POINT('',#2048);
#600=VERTEX_POINT('',#2052);
#601=VERTEX_POINT('',#2056);
#602=VERTEX_POINT('',#2062);
#603=VERTEX_POINT('',#2063);
#604=VERTEX_POINT('',#2065);
#605=VERTEX_POINT('',#2067);
#606=VERTEX_POINT('',#2071);
#607=VERTEX_POINT('',#2073);
#608=VERTEX_POINT('',#2077);
#609=VERTEX_POINT('',#2081);
#610=VERTEX_POINT('',#2087);
#611=VERTEX_POINT('',#2088);
#612=VERTEX_POINT('',#2090);
#613=VERTEX_POINT('',#2092);
#614=VERTEX_POINT('',#2096);
#615=VERTEX_POINT('',#2098);
#616=VERTEX_POINT('',#2102);
#617=VERTEX_POINT('',#2106);
#618=VERTEX_POINT('',#2112);
#619=VERTEX_POINT('',#2113);
#620=VERTEX_POINT('',#2115);
#621=VERTEX_POINT('',#2117);
#622=VERTEX_POINT('',#2121);
#623=VERTEX_POINT('',#2123);
#624=VERTEX_POINT('',#2127);
#625=VERTEX_POINT('',#2131);
#626=VERTEX_POINT('',#2137);
#627=VERTEX_POINT('',#2139);
#628=VERTEX_POINT('',#2159);
#629=VERTEX_POINT('',#2161);
#630=VERTEX_POINT('',#2166);
#631=VERTEX_POINT('',#2171);
#632=VERTEX_POINT('',#2173);
#633=VERTEX_POINT('',#2175);
#634=VERTEX_POINT('',#2241);
#635=VERTEX_POINT('',#2242);
#636=VERTEX_POINT('',#2244);
#637=VERTEX_POINT('',#2310);
#638=VERTEX_POINT('',#2311);
#639=VERTEX_POINT('',#2313);
#640=VERTEX_POINT('',#2317);
#641=VERTEX_POINT('',#2319);
#642=VERTEX_POINT('',#2323);
#643=VERTEX_POINT('',#2325);
#644=VERTEX_POINT('',#2340);
#645=VERTEX_POINT('',#2342);
#646=VERTEX_POINT('',#2349);
#647=VERTEX_POINT('',#2351);
#648=VERTEX_POINT('',#2355);
#649=VERTEX_POINT('',#2357);
#650=VERTEX_POINT('',#2372);
#651=VERTEX_POINT('',#2374);
#652=VERTEX_POINT('',#2381);
#653=VERTEX_POINT('',#2383);
#654=VERTEX_POINT('',#2387);
#655=VERTEX_POINT('',#2388);
#656=VERTEX_POINT('',#2411);
#657=VERTEX_POINT('',#2413);
#658=VERTEX_POINT('',#2417);
#659=VERTEX_POINT('',#2419);
#660=VERTEX_POINT('',#2423);
#661=VERTEX_POINT('',#2425);
#662=VERTEX_POINT('',#2429);
#663=VERTEX_POINT('',#2431);
#664=VERTEX_POINT('',#2435);
#665=VERTEX_POINT('',#2437);
#666=VERTEX_POINT('',#2439);
#667=VERTEX_POINT('',#2441);
#668=VERTEX_POINT('',#2443);
#669=VERTEX_POINT('',#2445);
#670=VERTEX_POINT('',#2449);
#671=VERTEX_POINT('',#2452);
#672=EDGE_CURVE('',#546,#547,#270,.T.);
#673=EDGE_CURVE('',#547,#548,#271,.T.);
#674=EDGE_CURVE('',#549,#548,#272,.T.);
#675=EDGE_CURVE('',#546,#549,#273,.T.);
#676=EDGE_CURVE('',#550,#551,#274,.T.);
#677=EDGE_CURVE('',#551,#552,#275,.T.);
#678=EDGE_CURVE('',#553,#552,#276,.T.);
#679=EDGE_CURVE('',#550,#553,#277,.T.);
#680=EDGE_CURVE('',#554,#555,#278,.T.);
#681=EDGE_CURVE('',#554,#556,#279,.T.);
#682=EDGE_CURVE('',#557,#556,#280,.T.);
#683=EDGE_CURVE('',#555,#557,#281,.T.);
#684=EDGE_CURVE('',#558,#559,#282,.T.);
#685=EDGE_CURVE('',#559,#560,#283,.T.);
#686=EDGE_CURVE('',#561,#560,#284,.T.);
#687=EDGE_CURVE('',#558,#561,#285,.T.);
#688=EDGE_CURVE('',#562,#563,#286,.T.);
#689=EDGE_CURVE('',#563,#564,#72,.T.);
#690=EDGE_CURVE('',#564,#565,#73,.T.);
#691=EDGE_CURVE('',#565,#566,#287,.T.);
#692=EDGE_CURVE('',#566,#567,#74,.T.);
#693=EDGE_CURVE('',#567,#568,#288,.T.);
#694=EDGE_CURVE('',#568,#569,#75,.T.);
#695=EDGE_CURVE('',#569,#570,#289,.T.);
#696=EDGE_CURVE('',#570,#571,#76,.T.);
#697=EDGE_CURVE('',#571,#572,#290,.T.);
#698=EDGE_CURVE('',#572,#573,#77,.T.);
#699=EDGE_CURVE('',#573,#574,#291,.T.);
#700=EDGE_CURVE('',#574,#575,#78,.T.);
#701=EDGE_CURVE('',#575,#576,#292,.T.);
#702=EDGE_CURVE('',#576,#577,#79,.T.);
#703=EDGE_CURVE('',#577,#578,#80,.T.);
#704=EDGE_CURVE('',#578,#579,#293,.T.);
#705=EDGE_CURVE('',#579,#561,#294,.T.);
#706=EDGE_CURVE('',#560,#557,#295,.T.);
#707=EDGE_CURVE('',#556,#580,#296,.T.);
#708=EDGE_CURVE('',#580,#581,#297,.T.);
#709=EDGE_CURVE('',#581,#582,#81,.T.);
#710=EDGE_CURVE('',#582,#583,#298,.T.);
#711=EDGE_CURVE('',#583,#584,#299,.T.);
#712=EDGE_CURVE('',#584,#585,#82,.T.);
#713=EDGE_CURVE('',#585,#586,#300,.T.);
#714=EDGE_CURVE('',#586,#587,#83,.T.);
#715=EDGE_CURVE('',#587,#588,#301,.T.);
#716=EDGE_CURVE('',#588,#589,#84,.T.);
#717=EDGE_CURVE('',#589,#590,#302,.T.);
#718=EDGE_CURVE('',#590,#591,#303,.T.);
#719=EDGE_CURVE('',#591,#592,#85,.T.);
#720=EDGE_CURVE('',#592,#593,#304,.T.);
#721=EDGE_CURVE('',#593,#553,#305,.T.);
#722=EDGE_CURVE('',#552,#549,#306,.T.);
#723=EDGE_CURVE('',#548,#562,#307,.T.);
#724=EDGE_CURVE('',#594,#595,#27,.T.);
#725=EDGE_CURVE('',#595,#596,#308,.T.);
#726=EDGE_CURVE('',#596,#597,#28,.T.);
#727=EDGE_CURVE('',#597,#594,#309,.T.);
#728=EDGE_CURVE('',#598,#597,#310,.T.);
#729=EDGE_CURVE('',#599,#598,#311,.T.);
#730=EDGE_CURVE('',#599,#594,#312,.T.);
#731=EDGE_CURVE('',#600,#596,#313,.T.);
#732=EDGE_CURVE('',#598,#600,#314,.T.);
#733=EDGE_CURVE('',#601,#599,#315,.T.);
#734=EDGE_CURVE('',#601,#595,#316,.T.);
#735=EDGE_CURVE('',#600,#601,#317,.T.);
#736=EDGE_CURVE('',#602,#603,#29,.T.);
#737=EDGE_CURVE('',#603,#604,#318,.T.);
#738=EDGE_CURVE('',#604,#605,#30,.T.);
#739=EDGE_CURVE('',#605,#602,#319,.T.);
#740=EDGE_CURVE('',#606,#605,#320,.T.);
#741=EDGE_CURVE('',#607,#606,#321,.T.);
#742=EDGE_CURVE('',#607,#602,#322,.T.);
#743=EDGE_CURVE('',#608,#604,#323,.T.);
#744=EDGE_CURVE('',#606,#608,#324,.T.);
#745=EDGE_CURVE('',#609,#607,#325,.T.);
#746=EDGE_CURVE('',#609,#603,#326,.T.);
#747=EDGE_CURVE('',#608,#609,#327,.T.);
#748=EDGE_CURVE('',#610,#611,#31,.T.);
#749=EDGE_CURVE('',#611,#612,#328,.T.);
#750=EDGE_CURVE('',#612,#613,#32,.T.);
#751=EDGE_CURVE('',#613,#610,#329,.T.);
#752=EDGE_CURVE('',#614,#613,#330,.T.);
#753=EDGE_CURVE('',#615,#614,#331,.T.);
#754=EDGE_CURVE('',#615,#610,#332,.T.);
#755=EDGE_CURVE('',#616,#612,#333,.T.);
#756=EDGE_CURVE('',#614,#616,#334,.T.);
#757=EDGE_CURVE('',#617,#611,#335,.T.);
#758=EDGE_CURVE('',#616,#617,#336,.T.);
#759=EDGE_CURVE('',#617,#615,#337,.T.);
#760=EDGE_CURVE('',#618,#619,#33,.T.);
#761=EDGE_CURVE('',#619,#620,#338,.T.);
#762=EDGE_CURVE('',#620,#621,#34,.T.);
#763=EDGE_CURVE('',#621,#618,#339,.T.);
#764=EDGE_CURVE('',#622,#621,#340,.T.);
#765=EDGE_CURVE('',#623,#622,#341,.T.);
#766=EDGE_CURVE('',#623,#618,#342,.T.);
#767=EDGE_CURVE('',#624,#620,#343,.T.);
#768=EDGE_CURVE('',#622,#624,#344,.T.);
#769=EDGE_CURVE('',#625,#619,#345,.T.);
#770=EDGE_CURVE('',#624,#625,#346,.T.);
#771=EDGE_CURVE('',#625,#623,#347,.T.);
#772=EDGE_CURVE('',#626,#550,#86,.T.);
#773=EDGE_CURVE('',#627,#626,#24,.T.);
#774=EDGE_CURVE('',#554,#627,#87,.T.);
#775=EDGE_CURVE('',#551,#555,#88,.T.);
#776=EDGE_CURVE('',#559,#546,#89,.T.);
#777=EDGE_CURVE('',#579,#628,#348,.T.);
#778=EDGE_CURVE('',#628,#629,#349,.T.);
#779=EDGE_CURVE('',#562,#629,#350,.T.);
#780=EDGE_CURVE('',#547,#558,#90,.T.);
#781=EDGE_CURVE('',#630,#593,#351,.T.);
#782=EDGE_CURVE('',#626,#630,#352,.T.);
#783=EDGE_CURVE('',#631,#630,#35,.T.);
#784=EDGE_CURVE('',#631,#632,#353,.T.);
#785=EDGE_CURVE('',#632,#633,#36,.T.);
#786=EDGE_CURVE('',#633,#627,#354,.T.);
#787=EDGE_CURVE('',#634,#635,#91,.T.);
#788=EDGE_CURVE('',#635,#636,#37,.T.);
#789=EDGE_CURVE('',#636,#634,#38,.T.);
#790=EDGE_CURVE('',#637,#638,#92,.T.);
#791=EDGE_CURVE('',#638,#639,#39,.T.);
#792=EDGE_CURVE('',#639,#637,#40,.T.);
#793=EDGE_CURVE('',#636,#640,#355,.T.);
#794=EDGE_CURVE('',#640,#641,#41,.T.);
#795=EDGE_CURVE('',#641,#634,#356,.T.);
#796=EDGE_CURVE('',#642,#641,#357,.T.);
#797=EDGE_CURVE('',#640,#643,#358,.T.);
#798=EDGE_CURVE('',#643,#642,#25,.T.);
#799=EDGE_CURVE('',#630,#644,#359,.T.);
#800=EDGE_CURVE('',#644,#645,#93,.T.);
#801=EDGE_CURVE('',#645,#631,#360,.T.);
#802=EDGE_CURVE('',#643,#645,#94,.T.);
#803=EDGE_CURVE('',#644,#642,#95,.T.);
#804=EDGE_CURVE('',#632,#646,#361,.T.);
#805=EDGE_CURVE('',#646,#647,#96,.T.);
#806=EDGE_CURVE('',#647,#633,#362,.T.);
#807=EDGE_CURVE('',#648,#647,#97,.T.);
#808=EDGE_CURVE('',#646,#649,#98,.T.);
#809=EDGE_CURVE('',#649,#648,#26,.T.);
#810=EDGE_CURVE('',#649,#650,#363,.T.);
#811=EDGE_CURVE('',#650,#651,#42,.T.);
#812=EDGE_CURVE('',#651,#648,#364,.T.);
#813=EDGE_CURVE('',#638,#651,#365,.T.);
#814=EDGE_CURVE('',#650,#639,#366,.T.);
#815=EDGE_CURVE('',#639,#652,#367,.T.);
#816=EDGE_CURVE('',#652,#653,#99,.T.);
#817=EDGE_CURVE('',#653,#637,#368,.T.);
#818=EDGE_CURVE('',#654,#655,#100,.T.);
#819=EDGE_CURVE('',#655,#653,#101,.T.);
#820=EDGE_CURVE('',#652,#654,#102,.T.);
#821=EDGE_CURVE('',#635,#655,#369,.T.);
#822=EDGE_CURVE('',#654,#636,#370,.T.);
#823=EDGE_CURVE('',#655,#587,#371,.T.);
#824=EDGE_CURVE('',#653,#586,#372,.T.);
#825=EDGE_CURVE('',#635,#588,#373,.T.);
#826=EDGE_CURVE('',#634,#589,#374,.T.);
#827=EDGE_CURVE('',#641,#590,#375,.T.);
#828=EDGE_CURVE('',#642,#591,#376,.T.);
#829=EDGE_CURVE('',#644,#592,#377,.T.);
#830=EDGE_CURVE('',#656,#566,#378,.T.);
#831=EDGE_CURVE('',#656,#657,#103,.T.);
#832=EDGE_CURVE('',#657,#567,#379,.T.);
#833=EDGE_CURVE('',#658,#564,#380,.T.);
#834=EDGE_CURVE('',#658,#659,#104,.T.);
#835=EDGE_CURVE('',#659,#565,#381,.T.);
#836=EDGE_CURVE('',#660,#576,#382,.T.);
#837=EDGE_CURVE('',#660,#661,#105,.T.);
#838=EDGE_CURVE('',#661,#577,#383,.T.);
#839=EDGE_CURVE('',#662,#574,#384,.T.);
#840=EDGE_CURVE('',#662,#663,#106,.T.);
#841=EDGE_CURVE('',#663,#575,#385,.T.);
#842=EDGE_CURVE('',#664,#662,#386,.T.);
#843=EDGE_CURVE('',#665,#664,#107,.T.);
#844=EDGE_CURVE('',#666,#665,#387,.T.);
#845=EDGE_CURVE('',#667,#666,#108,.T.);
#846=EDGE_CURVE('',#668,#667,#388,.T.);
#847=EDGE_CURVE('',#669,#668,#109,.T.);
#848=EDGE_CURVE('',#657,#669,#389,.T.);
#849=EDGE_CURVE('',#659,#656,#390,.T.);
#850=EDGE_CURVE('',#670,#658,#110,.T.);
#851=EDGE_CURVE('',#629,#670,#391,.T.);
#852=EDGE_CURVE('',#671,#628,#392,.T.);
#853=EDGE_CURVE('',#661,#671,#111,.T.);
#854=EDGE_CURVE('',#663,#660,#393,.T.);
#855=EDGE_CURVE('',#668,#569,#394,.T.);
#856=EDGE_CURVE('',#669,#568,#395,.T.);
#857=EDGE_CURVE('',#670,#563,#396,.T.);
#858=EDGE_CURVE('',#671,#578,#397,.T.);
#859=EDGE_CURVE('',#664,#573,#398,.T.);
#860=EDGE_CURVE('',#665,#572,#399,.T.);
#861=EDGE_CURVE('',#666,#571,#400,.T.);
#862=EDGE_CURVE('',#667,#570,#401,.T.);
#863=EDGE_CURVE('',#637,#585,#402,.T.);
#864=EDGE_CURVE('',#638,#584,#403,.T.);
#865=EDGE_CURVE('',#651,#583,#404,.T.);
#866=EDGE_CURVE('',#648,#582,#405,.T.);
#867=EDGE_CURVE('',#647,#581,#406,.T.);
#868=EDGE_CURVE('',#633,#580,#407,.T.);
#869=ORIENTED_EDGE('',*,*,#672,.T.);
#870=ORIENTED_EDGE('',*,*,#673,.T.);
#871=ORIENTED_EDGE('',*,*,#674,.F.);
#872=ORIENTED_EDGE('',*,*,#675,.F.);
#873=ORIENTED_EDGE('',*,*,#676,.T.);
#874=ORIENTED_EDGE('',*,*,#677,.T.);
#875=ORIENTED_EDGE('',*,*,#678,.F.);
#876=ORIENTED_EDGE('',*,*,#679,.F.);
#877=ORIENTED_EDGE('',*,*,#680,.F.);
#878=ORIENTED_EDGE('',*,*,#681,.T.);
#879=ORIENTED_EDGE('',*,*,#682,.F.);
#880=ORIENTED_EDGE('',*,*,#683,.F.);
#881=ORIENTED_EDGE('',*,*,#684,.T.);
#882=ORIENTED_EDGE('',*,*,#685,.T.);
#883=ORIENTED_EDGE('',*,*,#686,.F.);
#884=ORIENTED_EDGE('',*,*,#687,.F.);
#885=ORIENTED_EDGE('',*,*,#688,.T.);
#886=ORIENTED_EDGE('',*,*,#689,.T.);
#887=ORIENTED_EDGE('',*,*,#690,.T.);
#888=ORIENTED_EDGE('',*,*,#691,.T.);
#889=ORIENTED_EDGE('',*,*,#692,.T.);
#890=ORIENTED_EDGE('',*,*,#693,.T.);
#891=ORIENTED_EDGE('',*,*,#694,.T.);
#892=ORIENTED_EDGE('',*,*,#695,.T.);
#893=ORIENTED_EDGE('',*,*,#696,.T.);
#894=ORIENTED_EDGE('',*,*,#697,.T.);
#895=ORIENTED_EDGE('',*,*,#698,.T.);
#896=ORIENTED_EDGE('',*,*,#699,.T.);
#897=ORIENTED_EDGE('',*,*,#700,.T.);
#898=ORIENTED_EDGE('',*,*,#701,.T.);
#899=ORIENTED_EDGE('',*,*,#702,.T.);
#900=ORIENTED_EDGE('',*,*,#703,.T.);
#901=ORIENTED_EDGE('',*,*,#704,.T.);
#902=ORIENTED_EDGE('',*,*,#705,.T.);
#903=ORIENTED_EDGE('',*,*,#686,.T.);
#904=ORIENTED_EDGE('',*,*,#706,.T.);
#905=ORIENTED_EDGE('',*,*,#682,.T.);
#906=ORIENTED_EDGE('',*,*,#707,.T.);
#907=ORIENTED_EDGE('',*,*,#708,.T.);
#908=ORIENTED_EDGE('',*,*,#709,.T.);
#909=ORIENTED_EDGE('',*,*,#710,.T.);
#910=ORIENTED_EDGE('',*,*,#711,.T.);
#911=ORIENTED_EDGE('',*,*,#712,.T.);
#912=ORIENTED_EDGE('',*,*,#713,.T.);
#913=ORIENTED_EDGE('',*,*,#714,.T.);
#914=ORIENTED_EDGE('',*,*,#715,.T.);
#915=ORIENTED_EDGE('',*,*,#716,.T.);
#916=ORIENTED_EDGE('',*,*,#717,.T.);
#917=ORIENTED_EDGE('',*,*,#718,.T.);
#918=ORIENTED_EDGE('',*,*,#719,.T.);
#919=ORIENTED_EDGE('',*,*,#720,.T.);
#920=ORIENTED_EDGE('',*,*,#721,.T.);
#921=ORIENTED_EDGE('',*,*,#678,.T.);
#922=ORIENTED_EDGE('',*,*,#722,.T.);
#923=ORIENTED_EDGE('',*,*,#674,.T.);
#924=ORIENTED_EDGE('',*,*,#723,.T.);
#925=ORIENTED_EDGE('',*,*,#724,.T.);
#926=ORIENTED_EDGE('',*,*,#725,.T.);
#927=ORIENTED_EDGE('',*,*,#726,.T.);
#928=ORIENTED_EDGE('',*,*,#727,.T.);
#929=ORIENTED_EDGE('',*,*,#727,.F.);
#930=ORIENTED_EDGE('',*,*,#728,.F.);
#931=ORIENTED_EDGE('',*,*,#729,.F.);
#932=ORIENTED_EDGE('',*,*,#730,.T.);
#933=ORIENTED_EDGE('',*,*,#726,.F.);
#934=ORIENTED_EDGE('',*,*,#731,.F.);
#935=ORIENTED_EDGE('',*,*,#732,.F.);
#936=ORIENTED_EDGE('',*,*,#728,.T.);
#937=ORIENTED_EDGE('',*,*,#724,.F.);
#938=ORIENTED_EDGE('',*,*,#730,.F.);
#939=ORIENTED_EDGE('',*,*,#733,.F.);
#940=ORIENTED_EDGE('',*,*,#734,.T.);
#941=ORIENTED_EDGE('',*,*,#725,.F.);
#942=ORIENTED_EDGE('',*,*,#734,.F.);
#943=ORIENTED_EDGE('',*,*,#735,.F.);
#944=ORIENTED_EDGE('',*,*,#731,.T.);
#945=ORIENTED_EDGE('',*,*,#736,.T.);
#946=ORIENTED_EDGE('',*,*,#737,.T.);
#947=ORIENTED_EDGE('',*,*,#738,.T.);
#948=ORIENTED_EDGE('',*,*,#739,.T.);
#949=ORIENTED_EDGE('',*,*,#739,.F.);
#950=ORIENTED_EDGE('',*,*,#740,.F.);
#951=ORIENTED_EDGE('',*,*,#741,.F.);
#952=ORIENTED_EDGE('',*,*,#742,.T.);
#953=ORIENTED_EDGE('',*,*,#738,.F.);
#954=ORIENTED_EDGE('',*,*,#743,.F.);
#955=ORIENTED_EDGE('',*,*,#744,.F.);
#956=ORIENTED_EDGE('',*,*,#740,.T.);
#957=ORIENTED_EDGE('',*,*,#736,.F.);
#958=ORIENTED_EDGE('',*,*,#742,.F.);
#959=ORIENTED_EDGE('',*,*,#745,.F.);
#960=ORIENTED_EDGE('',*,*,#746,.T.);
#961=ORIENTED_EDGE('',*,*,#737,.F.);
#962=ORIENTED_EDGE('',*,*,#746,.F.);
#963=ORIENTED_EDGE('',*,*,#747,.F.);
#964=ORIENTED_EDGE('',*,*,#743,.T.);
#965=ORIENTED_EDGE('',*,*,#748,.T.);
#966=ORIENTED_EDGE('',*,*,#749,.T.);
#967=ORIENTED_EDGE('',*,*,#750,.T.);
#968=ORIENTED_EDGE('',*,*,#751,.T.);
#969=ORIENTED_EDGE('',*,*,#751,.F.);
#970=ORIENTED_EDGE('',*,*,#752,.F.);
#971=ORIENTED_EDGE('',*,*,#753,.F.);
#972=ORIENTED_EDGE('',*,*,#754,.T.);
#973=ORIENTED_EDGE('',*,*,#750,.F.);
#974=ORIENTED_EDGE('',*,*,#755,.F.);
#975=ORIENTED_EDGE('',*,*,#756,.F.);
#976=ORIENTED_EDGE('',*,*,#752,.T.);
#977=ORIENTED_EDGE('',*,*,#749,.F.);
#978=ORIENTED_EDGE('',*,*,#757,.F.);
#979=ORIENTED_EDGE('',*,*,#758,.F.);
#980=ORIENTED_EDGE('',*,*,#755,.T.);
#981=ORIENTED_EDGE('',*,*,#748,.F.);
#982=ORIENTED_EDGE('',*,*,#754,.F.);
#983=ORIENTED_EDGE('',*,*,#759,.F.);
#984=ORIENTED_EDGE('',*,*,#757,.T.);
#985=ORIENTED_EDGE('',*,*,#760,.T.);
#986=ORIENTED_EDGE('',*,*,#761,.T.);
#987=ORIENTED_EDGE('',*,*,#762,.T.);
#988=ORIENTED_EDGE('',*,*,#763,.T.);
#989=ORIENTED_EDGE('',*,*,#763,.F.);
#990=ORIENTED_EDGE('',*,*,#764,.F.);
#991=ORIENTED_EDGE('',*,*,#765,.F.);
#992=ORIENTED_EDGE('',*,*,#766,.T.);
#993=ORIENTED_EDGE('',*,*,#762,.F.);
#994=ORIENTED_EDGE('',*,*,#767,.F.);
#995=ORIENTED_EDGE('',*,*,#768,.F.);
#996=ORIENTED_EDGE('',*,*,#764,.T.);
#997=ORIENTED_EDGE('',*,*,#761,.F.);
#998=ORIENTED_EDGE('',*,*,#769,.F.);
#999=ORIENTED_EDGE('',*,*,#770,.F.);
#1000=ORIENTED_EDGE('',*,*,#767,.T.);
#1001=ORIENTED_EDGE('',*,*,#760,.F.);
#1002=ORIENTED_EDGE('',*,*,#766,.F.);
#1003=ORIENTED_EDGE('',*,*,#771,.F.);
#1004=ORIENTED_EDGE('',*,*,#769,.T.);
#1005=ORIENTED_EDGE('',*,*,#772,.F.);
#1006=ORIENTED_EDGE('',*,*,#773,.F.);
#1007=ORIENTED_EDGE('',*,*,#774,.F.);
#1008=ORIENTED_EDGE('',*,*,#680,.T.);
#1009=ORIENTED_EDGE('',*,*,#775,.F.);
#1010=ORIENTED_EDGE('',*,*,#676,.F.);
#1011=ORIENTED_EDGE('',*,*,#776,.T.);
#1012=ORIENTED_EDGE('',*,*,#675,.T.);
#1013=ORIENTED_EDGE('',*,*,#722,.F.);
#1014=ORIENTED_EDGE('',*,*,#677,.F.);
#1015=ORIENTED_EDGE('',*,*,#775,.T.);
#1016=ORIENTED_EDGE('',*,*,#683,.T.);
#1017=ORIENTED_EDGE('',*,*,#706,.F.);
#1018=ORIENTED_EDGE('',*,*,#685,.F.);
#1019=ORIENTED_EDGE('',*,*,#777,.T.);
#1020=ORIENTED_EDGE('',*,*,#778,.T.);
#1021=ORIENTED_EDGE('',*,*,#779,.F.);
#1022=ORIENTED_EDGE('',*,*,#723,.F.);
#1023=ORIENTED_EDGE('',*,*,#673,.F.);
#1024=ORIENTED_EDGE('',*,*,#780,.T.);
#1025=ORIENTED_EDGE('',*,*,#687,.T.);
#1026=ORIENTED_EDGE('',*,*,#705,.F.);
#1027=ORIENTED_EDGE('',*,*,#772,.T.);
#1028=ORIENTED_EDGE('',*,*,#679,.T.);
#1029=ORIENTED_EDGE('',*,*,#721,.F.);
#1030=ORIENTED_EDGE('',*,*,#781,.F.);
#1031=ORIENTED_EDGE('',*,*,#782,.F.);
#1032=ORIENTED_EDGE('',*,*,#684,.F.);
#1033=ORIENTED_EDGE('',*,*,#780,.F.);
#1034=ORIENTED_EDGE('',*,*,#672,.F.);
#1035=ORIENTED_EDGE('',*,*,#776,.F.);
#1036=ORIENTED_EDGE('',*,*,#773,.T.);
#1037=ORIENTED_EDGE('',*,*,#782,.T.);
#1038=ORIENTED_EDGE('',*,*,#783,.F.);
#1039=ORIENTED_EDGE('',*,*,#784,.T.);
#1040=ORIENTED_EDGE('',*,*,#785,.T.);
#1041=ORIENTED_EDGE('',*,*,#786,.T.);
#1042=ORIENTED_EDGE('',*,*,#787,.T.);
#1043=ORIENTED_EDGE('',*,*,#788,.T.);
#1044=ORIENTED_EDGE('',*,*,#789,.T.);
#1045=ORIENTED_EDGE('',*,*,#790,.T.);
#1046=ORIENTED_EDGE('',*,*,#791,.T.);
#1047=ORIENTED_EDGE('',*,*,#792,.T.);
#1048=ORIENTED_EDGE('',*,*,#789,.F.);
#1049=ORIENTED_EDGE('',*,*,#793,.T.);
#1050=ORIENTED_EDGE('',*,*,#794,.T.);
#1051=ORIENTED_EDGE('',*,*,#795,.T.);
#1052=ORIENTED_EDGE('',*,*,#796,.T.);
#1053=ORIENTED_EDGE('',*,*,#794,.F.);
#1054=ORIENTED_EDGE('',*,*,#797,.T.);
#1055=ORIENTED_EDGE('',*,*,#798,.T.);
#1056=ORIENTED_EDGE('',*,*,#799,.T.);
#1057=ORIENTED_EDGE('',*,*,#800,.T.);
#1058=ORIENTED_EDGE('',*,*,#801,.T.);
#1059=ORIENTED_EDGE('',*,*,#783,.T.);
#1060=ORIENTED_EDGE('',*,*,#802,.T.);
#1061=ORIENTED_EDGE('',*,*,#800,.F.);
#1062=ORIENTED_EDGE('',*,*,#803,.T.);
#1063=ORIENTED_EDGE('',*,*,#798,.F.);
#1064=ORIENTED_EDGE('',*,*,#804,.T.);
#1065=ORIENTED_EDGE('',*,*,#805,.T.);
#1066=ORIENTED_EDGE('',*,*,#806,.T.);
#1067=ORIENTED_EDGE('',*,*,#785,.F.);
#1068=ORIENTED_EDGE('',*,*,#807,.T.);
#1069=ORIENTED_EDGE('',*,*,#805,.F.);
#1070=ORIENTED_EDGE('',*,*,#808,.T.);
#1071=ORIENTED_EDGE('',*,*,#809,.T.);
#1072=ORIENTED_EDGE('',*,*,#810,.T.);
#1073=ORIENTED_EDGE('',*,*,#811,.T.);
#1074=ORIENTED_EDGE('',*,*,#812,.T.);
#1075=ORIENTED_EDGE('',*,*,#809,.F.);
#1076=ORIENTED_EDGE('',*,*,#791,.F.);
#1077=ORIENTED_EDGE('',*,*,#813,.T.);
#1078=ORIENTED_EDGE('',*,*,#811,.F.);
#1079=ORIENTED_EDGE('',*,*,#814,.T.);
#1080=ORIENTED_EDGE('',*,*,#792,.F.);
#1081=ORIENTED_EDGE('',*,*,#815,.T.);
#1082=ORIENTED_EDGE('',*,*,#816,.T.);
#1083=ORIENTED_EDGE('',*,*,#817,.T.);
#1084=ORIENTED_EDGE('',*,*,#818,.T.);
#1085=ORIENTED_EDGE('',*,*,#819,.T.);
#1086=ORIENTED_EDGE('',*,*,#816,.F.);
#1087=ORIENTED_EDGE('',*,*,#820,.T.);
#1088=ORIENTED_EDGE('',*,*,#788,.F.);
#1089=ORIENTED_EDGE('',*,*,#821,.T.);
#1090=ORIENTED_EDGE('',*,*,#818,.F.);
#1091=ORIENTED_EDGE('',*,*,#822,.T.);
#1092=ORIENTED_EDGE('',*,*,#819,.F.);
#1093=ORIENTED_EDGE('',*,*,#823,.T.);
#1094=ORIENTED_EDGE('',*,*,#714,.F.);
#1095=ORIENTED_EDGE('',*,*,#824,.F.);
#1096=ORIENTED_EDGE('',*,*,#821,.F.);
#1097=ORIENTED_EDGE('',*,*,#825,.T.);
#1098=ORIENTED_EDGE('',*,*,#715,.F.);
#1099=ORIENTED_EDGE('',*,*,#823,.F.);
#1100=ORIENTED_EDGE('',*,*,#787,.F.);
#1101=ORIENTED_EDGE('',*,*,#826,.T.);
#1102=ORIENTED_EDGE('',*,*,#716,.F.);
#1103=ORIENTED_EDGE('',*,*,#825,.F.);
#1104=ORIENTED_EDGE('',*,*,#795,.F.);
#1105=ORIENTED_EDGE('',*,*,#827,.T.);
#1106=ORIENTED_EDGE('',*,*,#717,.F.);
#1107=ORIENTED_EDGE('',*,*,#826,.F.);
#1108=ORIENTED_EDGE('',*,*,#796,.F.);
#1109=ORIENTED_EDGE('',*,*,#828,.T.);
#1110=ORIENTED_EDGE('',*,*,#718,.F.);
#1111=ORIENTED_EDGE('',*,*,#827,.F.);
#1112=ORIENTED_EDGE('',*,*,#803,.F.);
#1113=ORIENTED_EDGE('',*,*,#829,.T.);
#1114=ORIENTED_EDGE('',*,*,#719,.F.);
#1115=ORIENTED_EDGE('',*,*,#828,.F.);
#1116=ORIENTED_EDGE('',*,*,#799,.F.);
#1117=ORIENTED_EDGE('',*,*,#781,.T.);
#1118=ORIENTED_EDGE('',*,*,#720,.F.);
#1119=ORIENTED_EDGE('',*,*,#829,.F.);
#1120=ORIENTED_EDGE('',*,*,#801,.F.);
#1121=ORIENTED_EDGE('',*,*,#802,.F.);
#1122=ORIENTED_EDGE('',*,*,#797,.F.);
#1123=ORIENTED_EDGE('',*,*,#793,.F.);
#1124=ORIENTED_EDGE('',*,*,#822,.F.);
#1125=ORIENTED_EDGE('',*,*,#820,.F.);
#1126=ORIENTED_EDGE('',*,*,#815,.F.);
#1127=ORIENTED_EDGE('',*,*,#814,.F.);
#1128=ORIENTED_EDGE('',*,*,#810,.F.);
#1129=ORIENTED_EDGE('',*,*,#808,.F.);
#1130=ORIENTED_EDGE('',*,*,#804,.F.);
#1131=ORIENTED_EDGE('',*,*,#784,.F.);
#1132=ORIENTED_EDGE('',*,*,#830,.F.);
#1133=ORIENTED_EDGE('',*,*,#831,.T.);
#1134=ORIENTED_EDGE('',*,*,#832,.T.);
#1135=ORIENTED_EDGE('',*,*,#692,.F.);
#1136=ORIENTED_EDGE('',*,*,#833,.F.);
#1137=ORIENTED_EDGE('',*,*,#834,.T.);
#1138=ORIENTED_EDGE('',*,*,#835,.T.);
#1139=ORIENTED_EDGE('',*,*,#690,.F.);
#1140=ORIENTED_EDGE('',*,*,#836,.F.);
#1141=ORIENTED_EDGE('',*,*,#837,.T.);
#1142=ORIENTED_EDGE('',*,*,#838,.T.);
#1143=ORIENTED_EDGE('',*,*,#702,.F.);
#1144=ORIENTED_EDGE('',*,*,#839,.F.);
#1145=ORIENTED_EDGE('',*,*,#840,.T.);
#1146=ORIENTED_EDGE('',*,*,#841,.T.);
#1147=ORIENTED_EDGE('',*,*,#700,.F.);
#1148=ORIENTED_EDGE('',*,*,#842,.F.);
#1149=ORIENTED_EDGE('',*,*,#843,.F.);
#1150=ORIENTED_EDGE('',*,*,#844,.F.);
#1151=ORIENTED_EDGE('',*,*,#845,.F.);
#1152=ORIENTED_EDGE('',*,*,#846,.F.);
#1153=ORIENTED_EDGE('',*,*,#847,.F.);
#1154=ORIENTED_EDGE('',*,*,#848,.F.);
#1155=ORIENTED_EDGE('',*,*,#831,.F.);
#1156=ORIENTED_EDGE('',*,*,#849,.F.);
#1157=ORIENTED_EDGE('',*,*,#834,.F.);
#1158=ORIENTED_EDGE('',*,*,#850,.F.);
#1159=ORIENTED_EDGE('',*,*,#851,.F.);
#1160=ORIENTED_EDGE('',*,*,#778,.F.);
#1161=ORIENTED_EDGE('',*,*,#852,.F.);
#1162=ORIENTED_EDGE('',*,*,#853,.F.);
#1163=ORIENTED_EDGE('',*,*,#837,.F.);
#1164=ORIENTED_EDGE('',*,*,#854,.F.);
#1165=ORIENTED_EDGE('',*,*,#840,.F.);
#1166=ORIENTED_EDGE('',*,*,#847,.T.);
#1167=ORIENTED_EDGE('',*,*,#855,.T.);
#1168=ORIENTED_EDGE('',*,*,#694,.F.);
#1169=ORIENTED_EDGE('',*,*,#856,.F.);
#1170=ORIENTED_EDGE('',*,*,#832,.F.);
#1171=ORIENTED_EDGE('',*,*,#848,.T.);
#1172=ORIENTED_EDGE('',*,*,#856,.T.);
#1173=ORIENTED_EDGE('',*,*,#693,.F.);
#1174=ORIENTED_EDGE('',*,*,#835,.F.);
#1175=ORIENTED_EDGE('',*,*,#849,.T.);
#1176=ORIENTED_EDGE('',*,*,#830,.T.);
#1177=ORIENTED_EDGE('',*,*,#691,.F.);
#1178=ORIENTED_EDGE('',*,*,#732,.T.);
#1179=ORIENTED_EDGE('',*,*,#735,.T.);
#1180=ORIENTED_EDGE('',*,*,#733,.T.);
#1181=ORIENTED_EDGE('',*,*,#729,.T.);
#1182=ORIENTED_EDGE('',*,*,#857,.F.);
#1183=ORIENTED_EDGE('',*,*,#850,.T.);
#1184=ORIENTED_EDGE('',*,*,#833,.T.);
#1185=ORIENTED_EDGE('',*,*,#689,.F.);
#1186=ORIENTED_EDGE('',*,*,#779,.T.);
#1187=ORIENTED_EDGE('',*,*,#851,.T.);
#1188=ORIENTED_EDGE('',*,*,#857,.T.);
#1189=ORIENTED_EDGE('',*,*,#688,.F.);
#1190=ORIENTED_EDGE('',*,*,#768,.T.);
#1191=ORIENTED_EDGE('',*,*,#770,.T.);
#1192=ORIENTED_EDGE('',*,*,#771,.T.);
#1193=ORIENTED_EDGE('',*,*,#765,.T.);
#1194=ORIENTED_EDGE('',*,*,#858,.F.);
#1195=ORIENTED_EDGE('',*,*,#852,.T.);
#1196=ORIENTED_EDGE('',*,*,#777,.F.);
#1197=ORIENTED_EDGE('',*,*,#704,.F.);
#1198=ORIENTED_EDGE('',*,*,#744,.T.);
#1199=ORIENTED_EDGE('',*,*,#747,.T.);
#1200=ORIENTED_EDGE('',*,*,#745,.T.);
#1201=ORIENTED_EDGE('',*,*,#741,.T.);
#1202=ORIENTED_EDGE('',*,*,#838,.F.);
#1203=ORIENTED_EDGE('',*,*,#853,.T.);
#1204=ORIENTED_EDGE('',*,*,#858,.T.);
#1205=ORIENTED_EDGE('',*,*,#703,.F.);
#1206=ORIENTED_EDGE('',*,*,#841,.F.);
#1207=ORIENTED_EDGE('',*,*,#854,.T.);
#1208=ORIENTED_EDGE('',*,*,#836,.T.);
#1209=ORIENTED_EDGE('',*,*,#701,.F.);
#1210=ORIENTED_EDGE('',*,*,#756,.T.);
#1211=ORIENTED_EDGE('',*,*,#758,.T.);
#1212=ORIENTED_EDGE('',*,*,#759,.T.);
#1213=ORIENTED_EDGE('',*,*,#753,.T.);
#1214=ORIENTED_EDGE('',*,*,#859,.F.);
#1215=ORIENTED_EDGE('',*,*,#842,.T.);
#1216=ORIENTED_EDGE('',*,*,#839,.T.);
#1217=ORIENTED_EDGE('',*,*,#699,.F.);
#1218=ORIENTED_EDGE('',*,*,#860,.F.);
#1219=ORIENTED_EDGE('',*,*,#843,.T.);
#1220=ORIENTED_EDGE('',*,*,#859,.T.);
#1221=ORIENTED_EDGE('',*,*,#698,.F.);
#1222=ORIENTED_EDGE('',*,*,#861,.F.);
#1223=ORIENTED_EDGE('',*,*,#844,.T.);
#1224=ORIENTED_EDGE('',*,*,#860,.T.);
#1225=ORIENTED_EDGE('',*,*,#697,.F.);
#1226=ORIENTED_EDGE('',*,*,#862,.F.);
#1227=ORIENTED_EDGE('',*,*,#845,.T.);
#1228=ORIENTED_EDGE('',*,*,#861,.T.);
#1229=ORIENTED_EDGE('',*,*,#696,.F.);
#1230=ORIENTED_EDGE('',*,*,#855,.F.);
#1231=ORIENTED_EDGE('',*,*,#846,.T.);
#1232=ORIENTED_EDGE('',*,*,#862,.T.);
#1233=ORIENTED_EDGE('',*,*,#695,.F.);
#1234=ORIENTED_EDGE('',*,*,#817,.F.);
#1235=ORIENTED_EDGE('',*,*,#824,.T.);
#1236=ORIENTED_EDGE('',*,*,#713,.F.);
#1237=ORIENTED_EDGE('',*,*,#863,.F.);
#1238=ORIENTED_EDGE('',*,*,#790,.F.);
#1239=ORIENTED_EDGE('',*,*,#863,.T.);
#1240=ORIENTED_EDGE('',*,*,#712,.F.);
#1241=ORIENTED_EDGE('',*,*,#864,.F.);
#1242=ORIENTED_EDGE('',*,*,#813,.F.);
#1243=ORIENTED_EDGE('',*,*,#864,.T.);
#1244=ORIENTED_EDGE('',*,*,#711,.F.);
#1245=ORIENTED_EDGE('',*,*,#865,.F.);
#1246=ORIENTED_EDGE('',*,*,#812,.F.);
#1247=ORIENTED_EDGE('',*,*,#865,.T.);
#1248=ORIENTED_EDGE('',*,*,#710,.F.);
#1249=ORIENTED_EDGE('',*,*,#866,.F.);
#1250=ORIENTED_EDGE('',*,*,#807,.F.);
#1251=ORIENTED_EDGE('',*,*,#866,.T.);
#1252=ORIENTED_EDGE('',*,*,#709,.F.);
#1253=ORIENTED_EDGE('',*,*,#867,.F.);
#1254=ORIENTED_EDGE('',*,*,#806,.F.);
#1255=ORIENTED_EDGE('',*,*,#867,.T.);
#1256=ORIENTED_EDGE('',*,*,#708,.F.);
#1257=ORIENTED_EDGE('',*,*,#868,.F.);
#1258=ORIENTED_EDGE('',*,*,#774,.T.);
#1259=ORIENTED_EDGE('',*,*,#786,.F.);
#1260=ORIENTED_EDGE('',*,*,#868,.T.);
#1261=ORIENTED_EDGE('',*,*,#707,.F.);
#1262=ORIENTED_EDGE('',*,*,#681,.F.);
#1263=PLANE('',#1397);
#1264=PLANE('',#1398);
#1265=PLANE('',#1399);
#1266=PLANE('',#1400);
#1267=PLANE('',#1401);
#1268=PLANE('',#1419);
#1269=PLANE('',#1420);
#1270=PLANE('',#1421);
#1271=PLANE('',#1422);
#1272=PLANE('',#1426);
#1273=PLANE('',#1427);
#1274=PLANE('',#1428);
#1275=PLANE('',#1429);
#1276=PLANE('',#1433);
#1277=PLANE('',#1434);
#1278=PLANE('',#1435);
#1279=PLANE('',#1436);
#1280=PLANE('',#1440);
#1281=PLANE('',#1441);
#1282=PLANE('',#1442);
#1283=PLANE('',#1443);
#1284=PLANE('',#1448);
#1285=PLANE('',#1450);
#1286=PLANE('',#1452);
#1287=PLANE('',#1487);
#1288=PLANE('',#1489);
#1289=PLANE('',#1490);
#1290=PLANE('',#1492);
#1291=PLANE('',#1493);
#1292=PLANE('',#1502);
#1293=PLANE('',#1509);
#1294=PLANE('',#1510);
#1295=PLANE('',#1512);
#1296=PLANE('',#1513);
#1297=PLANE('',#1515);
#1298=PLANE('',#1516);
#1299=PLANE('',#1518);
#1300=PLANE('',#1520);
#1301=PLANE('',#1521);
#1302=PLANE('',#1523);
#1303=PLANE('',#1524);
#1304=PLANE('',#1526);
#1305=PLANE('',#1527);
#1306=ADVANCED_FACE('',(#112),#1263,.T.);
#1307=ADVANCED_FACE('',(#113),#1264,.T.);
#1308=ADVANCED_FACE('',(#114),#1265,.T.);
#1309=ADVANCED_FACE('',(#115),#1266,.T.);
#1310=ADVANCED_FACE('',(#116),#1267,.T.);
#1311=ADVANCED_FACE('',(#117),#43,.T.);
#1312=ADVANCED_FACE('',(#118),#1268,.F.);
#1313=ADVANCED_FACE('',(#119),#1269,.F.);
#1314=ADVANCED_FACE('',(#120),#1270,.F.);
#1315=ADVANCED_FACE('',(#121),#1271,.F.);
#1316=ADVANCED_FACE('',(#122),#44,.T.);
#1317=ADVANCED_FACE('',(#123),#1272,.F.);
#1318=ADVANCED_FACE('',(#124),#1273,.F.);
#1319=ADVANCED_FACE('',(#125),#1274,.F.);
#1320=ADVANCED_FACE('',(#126),#1275,.F.);
#1321=ADVANCED_FACE('',(#127),#45,.T.);
#1322=ADVANCED_FACE('',(#128),#1276,.T.);
#1323=ADVANCED_FACE('',(#129),#1277,.T.);
#1324=ADVANCED_FACE('',(#130),#1278,.T.);
#1325=ADVANCED_FACE('',(#131),#1279,.T.);
#1326=ADVANCED_FACE('',(#132),#46,.T.);
#1327=ADVANCED_FACE('',(#133),#1280,.T.);
#1328=ADVANCED_FACE('',(#134),#1281,.T.);
#1329=ADVANCED_FACE('',(#135),#1282,.T.);
#1330=ADVANCED_FACE('',(#136),#1283,.T.);
#1331=ADVANCED_FACE('',(#137),#47,.T.);
#1332=ADVANCED_FACE('',(#138),#1284,.F.);
#1333=ADVANCED_FACE('',(#139),#1285,.F.);
#1334=ADVANCED_FACE('',(#140),#1286,.T.);
#1335=ADVANCED_FACE('',(#141),#48,.F.);
#1336=ADVANCED_FACE('',(#142),#49,.T.);
#1337=ADVANCED_FACE('',(#143),#22,.F.);
#1338=ADVANCED_FACE('',(#144),#23,.F.);
#1339=ADVANCED_FACE('',(#145),#50,.T.);
#1340=ADVANCED_FACE('',(#146),#51,.T.);
#1341=ADVANCED_FACE('',(#147),#52,.T.);
#1342=ADVANCED_FACE('',(#148),#19,.T.);
#1343=ADVANCED_FACE('',(#149),#53,.T.);
#1344=ADVANCED_FACE('',(#150),#20,.T.);
#1345=ADVANCED_FACE('',(#151),#54,.T.);
#1346=ADVANCED_FACE('',(#152),#55,.T.);
#1347=ADVANCED_FACE('',(#153),#56,.T.);
#1348=ADVANCED_FACE('',(#154),#21,.T.);
#1349=ADVANCED_FACE('',(#155),#57,.T.);
#1350=ADVANCED_FACE('',(#156),#58,.F.);
#1351=ADVANCED_FACE('',(#157),#1287,.T.);
#1352=ADVANCED_FACE('',(#158),#59,.T.);
#1353=ADVANCED_FACE('',(#159),#1288,.T.);
#1354=ADVANCED_FACE('',(#160),#1289,.T.);
#1355=ADVANCED_FACE('',(#161),#60,.T.);
#1356=ADVANCED_FACE('',(#162),#1290,.T.);
#1357=ADVANCED_FACE('',(#163),#1291,.F.);
#1358=ADVANCED_FACE('',(#164),#61,.T.);
#1359=ADVANCED_FACE('',(#165),#62,.T.);
#1360=ADVANCED_FACE('',(#166),#63,.T.);
#1361=ADVANCED_FACE('',(#167),#64,.T.);
#1362=ADVANCED_FACE('',(#168),#1292,.T.);
#1363=ADVANCED_FACE('',(#169),#65,.F.);
#1364=ADVANCED_FACE('',(#170),#1293,.F.);
#1365=ADVANCED_FACE('',(#171,#15),#1294,.F.);
#1366=ADVANCED_FACE('',(#172),#66,.F.);
#1367=ADVANCED_FACE('',(#173,#16),#1295,.F.);
#1368=ADVANCED_FACE('',(#174,#17),#1296,.F.);
#1369=ADVANCED_FACE('',(#175),#67,.F.);
#1370=ADVANCED_FACE('',(#176,#18),#1297,.F.);
#1371=ADVANCED_FACE('',(#177),#1298,.F.);
#1372=ADVANCED_FACE('',(#178),#68,.F.);
#1373=ADVANCED_FACE('',(#179),#1299,.F.);
#1374=ADVANCED_FACE('',(#180),#69,.T.);
#1375=ADVANCED_FACE('',(#181),#1300,.F.);
#1376=ADVANCED_FACE('',(#182),#1301,.T.);
#1377=ADVANCED_FACE('',(#183),#70,.T.);
#1378=ADVANCED_FACE('',(#184),#1302,.T.);
#1379=ADVANCED_FACE('',(#185),#1303,.T.);
#1380=ADVANCED_FACE('',(#186),#71,.T.);
#1381=ADVANCED_FACE('',(#187),#1304,.T.);
#1382=ADVANCED_FACE('',(#188),#1305,.T.);
#1383=CLOSED_SHELL('',(#1306,#1307,#1308,#1309,#1310,#1311,#1312,#1313,
#1314,#1315,#1316,#1317,#1318,#1319,#1320,#1321,#1322,#1323,#1324,#1325,
#1326,#1327,#1328,#1329,#1330,#1331,#1332,#1333,#1334,#1335,#1336,#1337,
#1338,#1339,#1340,#1341,#1342,#1343,#1344,#1345,#1346,#1347,#1348,#1349,
#1350,#1351,#1352,#1353,#1354,#1355,#1356,#1357,#1358,#1359,#1360,#1361,
#1362,#1363,#1364,#1365,#1366,#1367,#1368,#1369,#1370,#1371,#1372,#1373,
#1374,#1375,#1376,#1377,#1378,#1379,#1380,#1381,#1382));
#1384=DERIVED_UNIT_ELEMENT(#1386,1.);
#1385=DERIVED_UNIT_ELEMENT(#2497,-3.);
#1386=(
MASS_UNIT()
NAMED_UNIT(*)
SI_UNIT(.KILO.,.GRAM.)
);
#1387=DERIVED_UNIT((#1384,#1385));
#1388=MEASURE_REPRESENTATION_ITEM('density measure',
POSITIVE_RATIO_MEASURE(7850.),#1387);
#1389=PROPERTY_DEFINITION_REPRESENTATION(#1394,#1391);
#1390=PROPERTY_DEFINITION_REPRESENTATION(#1395,#1392);
#1391=REPRESENTATION('material name',(#1393),#2492);
#1392=REPRESENTATION('density',(#1388),#2492);
#1393=DESCRIPTIVE_REPRESENTATION_ITEM('Steel','Steel');
#1394=PROPERTY_DEFINITION('material property','material name',#2505);
#1395=PROPERTY_DEFINITION('material property','density of part',#2505);
#1396=AXIS2_PLACEMENT_3D('',#1930,#1528,#1529);
#1397=AXIS2_PLACEMENT_3D('',#1931,#1530,#1531);
#1398=AXIS2_PLACEMENT_3D('',#1940,#1536,#1537);
#1399=AXIS2_PLACEMENT_3D('',#1949,#1542,#1543);
#1400=AXIS2_PLACEMENT_3D('',#1958,#1548,#1549);
#1401=AXIS2_PLACEMENT_3D('',#1967,#1554,#1555);
#1402=AXIS2_PLACEMENT_3D('',#1972,#1557,#1558);
#1403=AXIS2_PLACEMENT_3D('',#1974,#1559,#1560);
#1404=AXIS2_PLACEMENT_3D('',#1978,#1562,#1563);
#1405=AXIS2_PLACEMENT_3D('',#1982,#1565,#1566);
#1406=AXIS2_PLACEMENT_3D('',#1986,#1568,#1569);
#1407=AXIS2_PLACEMENT_3D('',#1990,#1571,#1572);
#1408=AXIS2_PLACEMENT_3D('',#1994,#1574,#1575);
#1409=AXIS2_PLACEMENT_3D('',#1998,#1577,#1578);
#1410=AXIS2_PLACEMENT_3D('',#2000,#1579,#1580);
#1411=AXIS2_PLACEMENT_3D('',#2010,#1586,#1587);
#1412=AXIS2_PLACEMENT_3D('',#2016,#1590,#1591);
#1413=AXIS2_PLACEMENT_3D('',#2020,#1593,#1594);
#1414=AXIS2_PLACEMENT_3D('',#2024,#1596,#1597);
#1415=AXIS2_PLACEMENT_3D('',#2030,#1600,#1601);
#1416=AXIS2_PLACEMENT_3D('',#2036,#1606,#1607);
#1417=AXIS2_PLACEMENT_3D('',#2039,#1608,#1609);
#1418=AXIS2_PLACEMENT_3D('',#2043,#1611,#1612);
#1419=AXIS2_PLACEMENT_3D('',#2045,#1614,#1615);
#1420=AXIS2_PLACEMENT_3D('',#2051,#1619,#1620);
#1421=AXIS2_PLACEMENT_3D('',#2055,#1623,#1624);
#1422=AXIS2_PLACEMENT_3D('',#2059,#1627,#1628);
#1423=AXIS2_PLACEMENT_3D('',#2061,#1630,#1631);
#1424=AXIS2_PLACEMENT_3D('',#2064,#1632,#1633);
#1425=AXIS2_PLACEMENT_3D('',#2068,#1635,#1636);
#1426=AXIS2_PLACEMENT_3D('',#2070,#1638,#1639);
#1427=AXIS2_PLACEMENT_3D('',#2076,#1643,#1644);
#1428=AXIS2_PLACEMENT_3D('',#2080,#1647,#1648);
#1429=AXIS2_PLACEMENT_3D('',#2084,#1651,#1652);
#1430=AXIS2_PLACEMENT_3D('',#2086,#1654,#1655);
#1431=AXIS2_PLACEMENT_3D('',#2089,#1656,#1657);
#1432=AXIS2_PLACEMENT_3D('',#2093,#1659,#1660);
#1433=AXIS2_PLACEMENT_3D('',#2095,#1662,#1663);
#1434=AXIS2_PLACEMENT_3D('',#2101,#1667,#1668);
#1435=AXIS2_PLACEMENT_3D('',#2105,#1671,#1672);
#1436=AXIS2_PLACEMENT_3D('',#2109,#1675,#1676);
#1437=AXIS2_PLACEMENT_3D('',#2111,#1678,#1679);
#1438=AXIS2_PLACEMENT_3D('',#2114,#1680,#1681);
#1439=AXIS2_PLACEMENT_3D('',#2118,#1683,#1684);
#1440=AXIS2_PLACEMENT_3D('',#2120,#1686,#1687);
#1441=AXIS2_PLACEMENT_3D('',#2126,#1691,#1692);
#1442=AXIS2_PLACEMENT_3D('',#2130,#1695,#1696);
#1443=AXIS2_PLACEMENT_3D('',#2134,#1699,#1700);
#1444=AXIS2_PLACEMENT_3D('',#2136,#1702,#1703);
#1445=AXIS2_PLACEMENT_3D('',#2138,#1704,#1705);
#1446=AXIS2_PLACEMENT_3D('',#2154,#1706,#1707);
#1447=AXIS2_PLACEMENT_3D('',#2155,#1708,#1709);
#1448=AXIS2_PLACEMENT_3D('',#2156,#1710,#1711);
#1449=AXIS2_PLACEMENT_3D('',#2157,#1712,#1713);
#1450=AXIS2_PLACEMENT_3D('',#2158,#1714,#1715);
#1451=AXIS2_PLACEMENT_3D('',#2164,#1719,#1720);
#1452=AXIS2_PLACEMENT_3D('',#2165,#1721,#1722);
#1453=AXIS2_PLACEMENT_3D('',#2169,#1725,#1726);
#1454=AXIS2_PLACEMENT_3D('',#2170,#1727,#1728);
#1455=AXIS2_PLACEMENT_3D('',#2172,#1729,#1730);
#1456=AXIS2_PLACEMENT_3D('',#2176,#1732,#1733);
#1457=AXIS2_PLACEMENT_3D('',#2243,#1735,#1736);
#1458=AXIS2_PLACEMENT_3D('',#2245,#1737,#1738);
#1459=AXIS2_PLACEMENT_3D('',#2246,#1739,#1740);
#1460=AXIS2_PLACEMENT_3D('',#2312,#1741,#1742);
#1461=AXIS2_PLACEMENT_3D('',#2314,#1743,#1744);
#1462=AXIS2_PLACEMENT_3D('',#2315,#1745,#1746);
#1463=AXIS2_PLACEMENT_3D('',#2316,#1747,#1748);
#1464=AXIS2_PLACEMENT_3D('',#2320,#1750,#1751);
#1465=AXIS2_PLACEMENT_3D('',#2322,#1753,#1754);
#1466=AXIS2_PLACEMENT_3D('',#2339,#1757,#1758);
#1467=AXIS2_PLACEMENT_3D('',#2343,#1760,#1761);
#1468=AXIS2_PLACEMENT_3D('',#2345,#1763,#1764);
#1469=AXIS2_PLACEMENT_3D('',#2346,#1765,#1766);
#1470=AXIS2_PLACEMENT_3D('',#2347,#1767,#1768);
#1471=AXIS2_PLACEMENT_3D('',#2348,#1769,#1770);
#1472=AXIS2_PLACEMENT_3D('',#2352,#1772,#1773);
#1473=AXIS2_PLACEMENT_3D('',#2354,#1775,#1776);
#1474=AXIS2_PLACEMENT_3D('',#2356,#1777,#1778);
#1475=AXIS2_PLACEMENT_3D('',#2358,#1779,#1780);
#1476=AXIS2_PLACEMENT_3D('',#2371,#1781,#1782);
#1477=AXIS2_PLACEMENT_3D('',#2375,#1784,#1785);
#1478=AXIS2_PLACEMENT_3D('',#2377,#1787,#1788);
#1479=AXIS2_PLACEMENT_3D('',#2380,#1791,#1792);
#1480=AXIS2_PLACEMENT_3D('',#2384,#1794,#1795);
#1481=AXIS2_PLACEMENT_3D('',#2386,#1797,#1798);
#1482=AXIS2_PLACEMENT_3D('',#2389,#1799,#1800);
#1483=AXIS2_PLACEMENT_3D('',#2390,#1801,#1802);
#1484=AXIS2_PLACEMENT_3D('',#2391,#1803,#1804);
#1485=AXIS2_PLACEMENT_3D('',#2392,#1805,#1806);
#1486=AXIS2_PLACEMENT_3D('',#2395,#1809,#1810);
#1487=AXIS2_PLACEMENT_3D('',#2398,#1813,#1814);
#1488=AXIS2_PLACEMENT_3D('',#2400,#1816,#1817);
#1489=AXIS2_PLACEMENT_3D('',#2402,#1819,#1820);
#1490=AXIS2_PLACEMENT_3D('',#2404,#1822,#1823);
#1491=AXIS2_PLACEMENT_3D('',#2406,#1825,#1826);
#1492=AXIS2_PLACEMENT_3D('',#2408,#1828,#1829);
#1493=AXIS2_PLACEMENT_3D('',#2409,#1830,#1831);
#1494=AXIS2_PLACEMENT_3D('',#2410,#1832,#1833);
#1495=AXIS2_PLACEMENT_3D('',#2414,#1835,#1836);
#1496=AXIS2_PLACEMENT_3D('',#2416,#1838,#1839);
#1497=AXIS2_PLACEMENT_3D('',#2420,#1841,#1842);
#1498=AXIS2_PLACEMENT_3D('',#2422,#1844,#1845);
#1499=AXIS2_PLACEMENT_3D('',#2426,#1847,#1848);
#1500=AXIS2_PLACEMENT_3D('',#2428,#1850,#1851);
#1501=AXIS2_PLACEMENT_3D('',#2432,#1853,#1854);
#1502=AXIS2_PLACEMENT_3D('',#2434,#1856,#1857);
#1503=AXIS2_PLACEMENT_3D('',#2438,#1859,#1860);
#1504=AXIS2_PLACEMENT_3D('',#2442,#1862,#1863);
#1505=AXIS2_PLACEMENT_3D('',#2446,#1865,#1866);
#1506=AXIS2_PLACEMENT_3D('',#2450,#1869,#1870);
#1507=AXIS2_PLACEMENT_3D('',#2454,#1873,#1874);
#1508=AXIS2_PLACEMENT_3D('',#2456,#1876,#1877);
#1509=AXIS2_PLACEMENT_3D('',#2459,#1880,#1881);
#1510=AXIS2_PLACEMENT_3D('',#2460,#1882,#1883);
#1511=AXIS2_PLACEMENT_3D('',#2461,#1884,#1885);
#1512=AXIS2_PLACEMENT_3D('',#2463,#1887,#1888);
#1513=AXIS2_PLACEMENT_3D('',#2464,#1889,#1890);
#1514=AXIS2_PLACEMENT_3D('',#2466,#1892,#1893);
#1515=AXIS2_PLACEMENT_3D('',#2467,#1894,#1895);
#1516=AXIS2_PLACEMENT_3D('',#2468,#1896,#1897);
#1517=AXIS2_PLACEMENT_3D('',#2470,#1899,#1900);
#1518=AXIS2_PLACEMENT_3D('',#2472,#1902,#1903);
#1519=AXIS2_PLACEMENT_3D('',#2474,#1905,#1906);
#1520=AXIS2_PLACEMENT_3D('',#2476,#1908,#1909);
#1521=AXIS2_PLACEMENT_3D('',#2477,#1910,#1911);
#1522=AXIS2_PLACEMENT_3D('',#2479,#1913,#1914);
#1523=AXIS2_PLACEMENT_3D('',#2481,#1916,#1917);
#1524=AXIS2_PLACEMENT_3D('',#2483,#1919,#1920);
#1525=AXIS2_PLACEMENT_3D('',#2485,#1922,#1923);
#1526=AXIS2_PLACEMENT_3D('',#2487,#1925,#1926);
#1527=AXIS2_PLACEMENT_3D('',#2489,#1928,#1929);
#1528=DIRECTION('axis',(0.,0.,1.));
#1529=DIRECTION('refdir',(1.,0.,0.));
#1530=DIRECTION('center_axis',(-1.,0.,0.));
#1531=DIRECTION('ref_axis',(0.,-1.,0.));
#1532=DIRECTION('',(0.,-1.,0.));
#1533=DIRECTION('',(0.,0.,1.));
#1534=DIRECTION('',(0.,-1.,0.));
#1535=DIRECTION('',(0.,0.,1.));
#1536=DIRECTION('center_axis',(1.,0.,0.));
#1537=DIRECTION('ref_axis',(0.,1.,0.));
#1538=DIRECTION('',(0.,1.,0.));
#1539=DIRECTION('',(0.,0.,1.));
#1540=DIRECTION('',(0.,1.,0.));
#1541=DIRECTION('',(0.,0.,1.));
#1542=DIRECTION('center_axis',(-1.,0.,0.));
#1543=DIRECTION('ref_axis',(0.,-1.,0.));
#1544=DIRECTION('',(0.,1.,0.));
#1545=DIRECTION('',(0.,0.,1.));
#1546=DIRECTION('',(0.,-1.,0.));
#1547=DIRECTION('',(0.,0.,1.));
#1548=DIRECTION('center_axis',(1.,0.,0.));
#1549=DIRECTION('ref_axis',(0.,1.,0.));
#1550=DIRECTION('',(0.,1.,0.));
#1551=DIRECTION('',(0.,0.,1.));
#1552=DIRECTION('',(0.,1.,0.));
#1553=DIRECTION('',(0.,0.,1.));
#1554=DIRECTION('center_axis',(0.,0.,1.));
#1555=DIRECTION('ref_axis',(1.,0.,0.));
#1556=DIRECTION('',(0.561944867237533,-0.827174689038169,0.));
#1557=DIRECTION('center_axis',(0.,0.,-1.));
#1558=DIRECTION('ref_axis',(1.,0.,0.));
#1559=DIRECTION('center_axis',(0.,0.,1.));
#1560=DIRECTION('ref_axis',(0.,1.,0.));
#1561=DIRECTION('',(-0.48564293117863,-0.874157276121539,0.));
#1562=DIRECTION('center_axis',(0.,0.,1.));
#1563=DIRECTION('ref_axis',(0.,1.,0.));
#1564=DIRECTION('',(0.340341543505949,-0.940301884377559,0.));
#1565=DIRECTION('center_axis',(0.,0.,-1.));
#1566=DIRECTION('ref_axis',(1.,0.,0.));
#1567=DIRECTION('',(-0.947162409448146,0.320754376631687,0.));
#1568=DIRECTION('center_axis',(0.,0.,1.));
#1569=DIRECTION('ref_axis',(-1.,0.,0.));
#1570=DIRECTION('',(-0.947162409448146,-0.320754376631688,0.));
#1571=DIRECTION('center_axis',(0.,0.,-1.));
#1572=DIRECTION('ref_axis',(1.,0.,0.));
#1573=DIRECTION('',(0.340341543505951,0.940301884377558,0.));
#1574=DIRECTION('center_axis',(0.,0.,1.));
#1575=DIRECTION('ref_axis',(0.,1.,0.));
#1576=DIRECTION('',(-0.485642931178631,0.874157276121538,0.));
#1577=DIRECTION('center_axis',(0.,0.,1.));
#1578=DIRECTION('ref_axis',(0.,1.,0.));
#1579=DIRECTION('center_axis',(0.,0.,-1.));
#1580=DIRECTION('ref_axis',(1.,0.,0.));
#1581=DIRECTION('',(0.561944867237533,0.827174689038169,0.));
#1582=DIRECTION('',(1.,0.,0.));
#1583=DIRECTION('',(-1.,0.,-4.30394906982158E-16));
#1584=DIRECTION('',(-1.,0.,0.));
#1585=DIRECTION('',(-0.561944867237533,-0.827174689038169,0.));
#1586=DIRECTION('center_axis',(0.,0.,1.));
#1587=DIRECTION('ref_axis',(-0.82717468903817,0.561944867237532,0.));
#1588=DIRECTION('',(0.485642931178631,-0.874157276121538,0.));
#1589=DIRECTION('',(-0.340341543505951,-0.940301884377558,0.));
#1590=DIRECTION('center_axis',(0.,0.,1.));
#1591=DIRECTION('ref_axis',(-0.940301884377558,0.340341543505951,0.));
#1592=DIRECTION('',(0.947162409448146,0.320754376631688,0.));
#1593=DIRECTION('center_axis',(0.,0.,-1.));
#1594=DIRECTION('ref_axis',(0.320754376631682,0.947162409448148,0.));
#1595=DIRECTION('',(0.947162409448146,-0.320754376631687,0.));
#1596=DIRECTION('center_axis',(0.,0.,1.));
#1597=DIRECTION('ref_axis',(-0.320754376631691,-0.947162409448145,0.));
#1598=DIRECTION('',(-0.340341543505949,0.940301884377559,0.));
#1599=DIRECTION('',(0.485642931178631,0.874157276121539,0.));
#1600=DIRECTION('center_axis',(0.,0.,1.));
#1601=DIRECTION('ref_axis',(0.851397453678016,-0.524521091921565,0.));
#1602=DIRECTION('',(-0.561944867237533,0.827174689038169,0.));
#1603=DIRECTION('',(-1.,0.,0.));
#1604=DIRECTION('',(-1.,0.,0.));
#1605=DIRECTION('',(1.,0.,0.));
#1606=DIRECTION('center_axis',(-0.485642931178984,-0.874157276121342,4.04426492295329E-13));
#1607=DIRECTION('ref_axis',(-0.874157276121351,0.485642931178968,-1.21682165517422E-12));
#1608=DIRECTION('center_axis',(0.961523947640823,0.274721127897378,1.71575929551302E-12));
#1609=DIRECTION('ref_axis',(-0.274721127897378,0.961523947640823,-1.14639555906209E-12));
#1610=DIRECTION('',(0.485642931178984,0.874157276121342,-4.04441154826625E-13));
#1611=DIRECTION('center_axis',(0.274721127897378,-0.961523947640823,0.));
#1612=DIRECTION('ref_axis',(-0.961523947640823,-0.274721127897378,-5.7445012867436E-13));
#1613=DIRECTION('',(-0.485642931178984,-0.874157276121342,4.04441154826136E-13));
#1614=DIRECTION('center_axis',(0.618122537769105,-0.343401409871724,0.707106781186543));
#1615=DIRECTION('ref_axis',(0.485642931178631,0.874157276121538,0.));
#1616=DIRECTION('',(-0.785081015728858,-0.224308861636817,0.577350269189631));
#1617=DIRECTION('',(0.485642931178631,0.874157276121539,4.71027737605135E-16));
#1618=DIRECTION('',(-0.224308861637679,0.785081015728269,0.577350269190097));
#1619=DIRECTION('center_axis',(0.274721127897378,-0.961523947640823,0.));
#1620=DIRECTION('ref_axis',(0.,0.,1.));
#1621=DIRECTION('',(-0.785081015727804,-0.224308861636515,-0.577350269191182));
#1622=DIRECTION('',(0.,0.,1.));
#1623=DIRECTION('center_axis',(0.961523947640823,0.274721127897378,1.71575929551302E-12));
#1624=DIRECTION('ref_axis',(2.12109897988687E-12,-1.17838832215937E-12,
-1.));
#1625=DIRECTION('',(1.17838832215937E-12,2.12109897988687E-12,-1.));
#1626=DIRECTION('',(-0.224308861635533,0.785081015727971,-0.577350269191337));
#1627=DIRECTION('center_axis',(0.618122537770323,-0.343401409873055,-0.707106781184833));
#1628=DIRECTION('ref_axis',(-0.485642931179338,-0.874157276121146,0.));
#1629=DIRECTION('',(-0.485642931178631,-0.874157276121539,8.09382662453449E-13));
#1630=DIRECTION('center_axis',(0.561944867237533,0.827174689038169,1.08246744900953E-15));
#1631=DIRECTION('ref_axis',(0.827174689038174,-0.561944867237525,1.57009245829121E-14));
#1632=DIRECTION('center_axis',(-0.982255858121397,-0.187545805568128,0.));
#1633=DIRECTION('ref_axis',(0.187545805568128,-0.982255858121397,1.03368101698673E-14));
#1634=DIRECTION('',(-0.561944867237533,-0.827174689038169,-1.09076608504408E-15));
#1635=DIRECTION('center_axis',(-0.187545805568128,0.982255858121397,0.));
#1636=DIRECTION('ref_axis',(0.982255858121397,0.187545805568128,1.1867650317084E-14));
#1637=DIRECTION('',(0.561944867237533,0.827174689038169,1.0907660850441E-15));
#1638=DIRECTION('center_axis',(-0.58490083184478,0.397355026276644,0.707106781186528));
#1639=DIRECTION('ref_axis',(-0.561944867237533,-0.827174689038169,-1.11022302462516E-15));
#1640=DIRECTION('',(0.802008549752334,0.15313050901371,0.577350269189648));
#1641=DIRECTION('',(-0.561944867237533,-0.827174689038169,-9.42055475210292E-16));
#1642=DIRECTION('',(0.15313050901371,-0.802008549752336,0.577350269189646));
#1643=DIRECTION('center_axis',(-0.187545805568128,0.982255858121397,0.));
#1644=DIRECTION('ref_axis',(0.,0.,1.));
#1645=DIRECTION('',(0.802008549752352,0.153130509013713,-0.577350269189623));
#1646=DIRECTION('',(0.,0.,1.));
#1647=DIRECTION('center_axis',(-0.982255858121397,-0.187545805568128,0.));
#1648=DIRECTION('ref_axis',(0.,0.,-1.));
#1649=DIRECTION('',(0.,0.,-1.));
#1650=DIRECTION('',(0.153130509013713,-0.802008549752352,-0.577350269189623));
#1651=DIRECTION('center_axis',(-0.584900831844761,0.397355026276633,-0.70710678118655));
#1652=DIRECTION('ref_axis',(0.561944867237533,0.827174689038169,1.11022302462516E-15));
#1653=DIRECTION('',(0.561944867237533,0.827174689038169,1.17756934401283E-15));
#1654=DIRECTION('center_axis',(0.485642931178985,-0.874157276121342,4.04426492295329E-13));
#1655=DIRECTION('ref_axis',(0.874157276121342,0.485642931178984,-1.20112073089162E-12));
#1656=DIRECTION('center_axis',(-0.961523947640823,0.274721127897378,1.71575929551302E-12));
#1657=DIRECTION('ref_axis',(0.274721127897378,0.961523947640823,-1.13529332903095E-12));
#1658=DIRECTION('',(-0.485642931178985,0.874157276121342,-4.04441154826136E-13));
#1659=DIRECTION('center_axis',(-0.274721127897378,-0.961523947640823,0.));
#1660=DIRECTION('ref_axis',(0.961523947640823,-0.274721127897378,-5.63347898643235E-13));
#1661=DIRECTION('',(0.485642931178985,-0.874157276121342,4.04401902515158E-13));
#1662=DIRECTION('center_axis',(0.618122537770322,0.343401409873055,0.707106781184833));
#1663=DIRECTION('ref_axis',(0.485642931179338,-0.874157276121146,0.));
#1664=DIRECTION('',(0.785081015727804,-0.224308861636515,-0.577350269191182));
#1665=DIRECTION('',(-0.485642931178631,0.874157276121538,-8.08833130092909E-13));
#1666=DIRECTION('',(0.224308861635533,0.785081015727971,-0.577350269191337));
#1667=DIRECTION('center_axis',(0.274721127897378,0.961523947640823,0.));
#1668=DIRECTION('ref_axis',(0.,0.,1.));
#1669=DIRECTION('',(0.785081015728858,-0.224308861636817,0.577350269189631));
#1670=DIRECTION('',(0.,0.,-1.));
#1671=DIRECTION('center_axis',(0.618122537769105,0.343401409871724,-0.707106781186543));
#1672=DIRECTION('ref_axis',(-0.485642931178631,0.874157276121538,0.));
#1673=DIRECTION('',(0.224308861637679,0.785081015728269,0.577350269190097));
#1674=DIRECTION('',(0.485642931178631,-0.874157276121538,0.));
#1675=DIRECTION('center_axis',(0.961523947640823,-0.274721127897378,-1.71575929551302E-12));
#1676=DIRECTION('ref_axis',(-2.12109897988687E-12,-1.17838832215937E-12,
-1.));
#1677=DIRECTION('',(1.17838832215937E-12,-2.12109897988687E-12,1.));
#1678=DIRECTION('center_axis',(-0.561944867237533,0.827174689038169,1.08246744900953E-15));
#1679=DIRECTION('ref_axis',(-0.827174689038171,-0.56194486723753,7.8504622934188E-15));
#1680=DIRECTION('center_axis',(0.982255858121397,-0.187545805568128,0.));
#1681=DIRECTION('ref_axis',(-0.187545805568128,-0.982255858121397,4.78569504951738E-15));
#1682=DIRECTION('',(0.561944867237533,-0.827174689038169,-1.0907660850441E-15));
#1683=DIRECTION('center_axis',(0.187545805568128,0.982255858121397,0.));
#1684=DIRECTION('ref_axis',(-0.982255858121397,0.187545805568128,6.31653519673407E-15));
#1685=DIRECTION('',(-0.561944867237533,0.827174689038169,1.09076608504408E-15));
#1686=DIRECTION('center_axis',(-0.584900831844761,-0.397355026276633,0.70710678118655));
#1687=DIRECTION('ref_axis',(-0.561944867237533,0.827174689038169,1.11022302462516E-15));
#1688=DIRECTION('',(-0.802008549752352,0.153130509013713,-0.577350269189623));
#1689=DIRECTION('',(0.561944867237533,-0.827174689038169,-1.17756934401283E-15));
#1690=DIRECTION('',(-0.153130509013713,-0.802008549752352,-0.577350269189623));
#1691=DIRECTION('center_axis',(-0.187545805568128,-0.982255858121397,0.));
#1692=DIRECTION('ref_axis',(0.,0.,1.));
#1693=DIRECTION('',(-0.802008549752334,0.15313050901371,0.577350269189648));
#1694=DIRECTION('',(0.,0.,-1.));
#1695=DIRECTION('center_axis',(-0.58490083184478,-0.397355026276644,-0.707106781186528));
#1696=DIRECTION('ref_axis',(0.561944867237533,-0.827174689038169,-1.11022302462516E-15));
#1697=DIRECTION('',(-0.15313050901371,-0.802008549752336,0.577350269189646));
#1698=DIRECTION('',(-0.561944867237533,0.827174689038169,1.09906472107867E-15));
#1699=DIRECTION('center_axis',(-0.982255858121397,0.187545805568128,0.));
#1700=DIRECTION('ref_axis',(0.,0.,-1.));
#1701=DIRECTION('',(0.,0.,1.));
#1702=DIRECTION('center_axis',(0.,1.,0.));
#1703=DIRECTION('ref_axis',(1.,0.,0.));
#1704=DIRECTION('center_axis',(0.,-1.,0.));
#1705=DIRECTION('ref_axis',(1.,0.,0.));
#1706=DIRECTION('center_axis',(0.,-1.,0.));
#1707=DIRECTION('ref_axis',(1.,0.,0.));
#1708=DIRECTION('center_axis',(0.,1.,0.));
#1709=DIRECTION('ref_axis',(1.,0.,0.));
#1710=DIRECTION('center_axis',(0.,-1.,0.));
#1711=DIRECTION('ref_axis',(1.,0.,0.));
#1712=DIRECTION('center_axis',(0.,-1.,0.));
#1713=DIRECTION('ref_axis',(-1.,0.,1.74838271594513E-16));
#1714=DIRECTION('center_axis',(0.,1.,0.));
#1715=DIRECTION('ref_axis',(-1.,0.,0.));
#1716=DIRECTION('',(0.,0.,-1.));
#1717=DIRECTION('',(1.,0.,0.));
#1718=DIRECTION('',(0.,0.,-1.));
#1719=DIRECTION('center_axis',(0.,1.,0.));
#1720=DIRECTION('ref_axis',(-1.,0.,0.));
#1721=DIRECTION('center_axis',(0.,1.,0.));
#1722=DIRECTION('ref_axis',(-1.,0.,0.));
#1723=DIRECTION('',(0.,0.,1.));
#1724=DIRECTION('',(1.,0.,0.));
#1725=DIRECTION('center_axis',(0.,-1.,0.));
#1726=DIRECTION('ref_axis',(-1.,0.,0.));
#1727=DIRECTION('center_axis',(1.,0.,0.));
#1728=DIRECTION('ref_axis',(0.,0.707106781186548,-0.707106781186547));
#1729=DIRECTION('center_axis',(0.883726447278096,-0.468003810220852,0.));
#1730=DIRECTION('ref_axis',(0.468003810220851,0.883726447278096,0.));
#1731=DIRECTION('',(-1.,0.,0.));
#1732=DIRECTION('center_axis',(0.883726447278098,0.468003810220848,0.));
#1733=DIRECTION('ref_axis',(-0.468003810220848,0.883726447278098,0.));
#1734=DIRECTION('',(1.,0.,0.));
#1735=DIRECTION('center_axis',(-3.60074586861581E-16,3.52677994619175E-16,
-1.));
#1736=DIRECTION('ref_axis',(0.940301884377558,0.340341543505951,-2.18547839493142E-16));
#1737=DIRECTION('center_axis',(0.96125083666157,0.275675223800458,-3.21323864338018E-16));
#1738=DIRECTION('ref_axis',(0.275675223800458,-0.961250836661569,0.));
#1739=DIRECTION('center_axis',(-0.255667234768954,-0.966764844760915,0.));
#1740=DIRECTION('ref_axis',(0.966764844760915,-0.255667234768954,0.));
#1741=DIRECTION('center_axis',(0.,0.,-1.));
#1742=DIRECTION('ref_axis',(0.320754376631687,-0.947162409448146,0.));
#1743=DIRECTION('center_axis',(0.255667234768955,-0.966764844760915,5.96005565738035E-16));
#1744=DIRECTION('ref_axis',(-0.966764844760915,-0.255667234768955,0.));
#1745=DIRECTION('center_axis',(-0.961250836661569,0.275675223800459,-3.84746511969927E-15));
#1746=DIRECTION('ref_axis',(-0.275675223800459,-0.961250836661569,0.));
#1747=DIRECTION('center_axis',(0.340341543505949,-0.940301884377559,0.));
#1748=DIRECTION('ref_axis',(0.664893838805862,0.240657813332553,-0.707106781186547));
#1749=DIRECTION('',(-0.340341543505949,0.940301884377559,0.));
#1750=DIRECTION('center_axis',(-0.0798241856534612,-0.996808958318876,0.));
#1751=DIRECTION('ref_axis',(-0.996808958318876,0.0798241856534612,0.));
#1752=DIRECTION('',(0.340341543505949,-0.940301884377559,0.));
#1753=DIRECTION('center_axis',(-0.485642931178631,-0.874157276121539,0.));
#1754=DIRECTION('ref_axis',(0.6181225377691,-0.343401409871721,-0.707106781186548));
#1755=DIRECTION('',(-0.485642931178631,-0.874157276121539,0.));
#1756=DIRECTION('',(0.485642931178631,0.874157276121539,0.));
#1757=DIRECTION('center_axis',(0.561944867237533,-0.827174689038169,0.));
#1758=DIRECTION('ref_axis',(0.584900831844765,0.397355026276633,-0.707106781186546));
#1759=DIRECTION('',(0.561944867237533,-0.827174689038169,0.));
#1760=DIRECTION('center_axis',(-0.561944867237533,0.827174689038169,0.));
#1761=DIRECTION('ref_axis',(0.827174689038169,0.561944867237533,0.));
#1762=DIRECTION('',(-0.561944867237533,0.827174689038169,0.));
#1763=DIRECTION('center_axis',(0.,0.,1.));
#1764=DIRECTION('ref_axis',(1.,0.,0.));
#1765=DIRECTION('center_axis',(0.,0.,1.));
#1766=DIRECTION('ref_axis',(0.999751558977817,0.0222894666025084,0.));
#1767=DIRECTION('center_axis',(0.,0.,-1.));
#1768=DIRECTION('ref_axis',(0.999751558977817,0.0222894666025084,0.));
#1769=DIRECTION('center_axis',(-0.561944867237533,-0.827174689038169,0.));
#1770=DIRECTION('ref_axis',(-0.584900831844763,0.397355026276633,-0.707106781186548));
#1771=DIRECTION('',(-0.561944867237533,-0.827174689038169,0.));
#1772=DIRECTION('center_axis',(0.561944867237533,0.827174689038169,0.));
#1773=DIRECTION('ref_axis',(0.,0.,-1.));
#1774=DIRECTION('',(0.561944867237533,0.827174689038169,0.));
#1775=DIRECTION('center_axis',(0.,0.,1.));
#1776=DIRECTION('ref_axis',(-0.999806720031989,0.0196601774884118,0.));
#1777=DIRECTION('center_axis',(0.,0.,-1.));
#1778=DIRECTION('ref_axis',(-0.999751558977817,0.0222894666025081,0.));
#1779=DIRECTION('center_axis',(0.,0.,1.));
#1780=DIRECTION('ref_axis',(-0.999751558977817,0.0222894666025081,0.));
#1781=DIRECTION('center_axis',(0.485642931178631,-0.874157276121538,0.));
#1782=DIRECTION('ref_axis',(-0.6181225377691,-0.343401409871722,-0.707106781186548));
#1783=DIRECTION('',(0.485642931178631,-0.874157276121538,0.));
#1784=DIRECTION('center_axis',(-0.0798241856534545,0.996808958318876,1.16186903588266E-15));
#1785=DIRECTION('ref_axis',(-0.996808958318876,-0.0798241856534545,-2.55230452880194E-15));
#1786=DIRECTION('',(-0.485642931178631,0.874157276121538,0.));
#1787=DIRECTION('center_axis',(-0.340341543505951,-0.940301884377558,0.));
#1788=DIRECTION('ref_axis',(-0.66489383880586,0.240657813332554,-0.707106781186548));
#1789=DIRECTION('',(0.340341543505951,0.940301884377558,0.));
#1790=DIRECTION('',(-0.340341543505951,-0.940301884377558,0.));
#1791=DIRECTION('center_axis',(0.947162409448146,0.320754376631688,0.));
#1792=DIRECTION('ref_axis',(0.22680759481153,-0.669744962605774,-0.707106781186547));
#1793=DIRECTION('',(0.947162409448146,0.320754376631688,0.));
#1794=DIRECTION('center_axis',(-0.947162409448146,-0.320754376631687,0.));
#1795=DIRECTION('ref_axis',(0.,0.,-1.));
#1796=DIRECTION('',(-0.947162409448146,-0.320754376631688,0.));
#1797=DIRECTION('center_axis',(0.,0.,1.));
#1798=DIRECTION('ref_axis',(1.,0.,0.));
#1799=DIRECTION('center_axis',(-0.947162409448148,0.320754376631681,0.));
#1800=DIRECTION('ref_axis',(0.,0.,-1.));
#1801=DIRECTION('center_axis',(0.,0.,1.));
#1802=DIRECTION('ref_axis',(0.,1.,0.));
#1803=DIRECTION('center_axis',(0.,0.,-1.));
#1804=DIRECTION('ref_axis',(0.,1.,0.));
#1805=DIRECTION('center_axis',(-0.947162409448146,0.320754376631687,0.));
#1806=DIRECTION('ref_axis',(-0.22680759481153,-0.669744962605774,-0.707106781186547));
#1807=DIRECTION('',(-0.947162409448146,0.320754376631687,0.));
#1808=DIRECTION('',(0.947162409448146,-0.320754376631687,0.));
#1809=DIRECTION('center_axis',(0.,0.,1.));
#1810=DIRECTION('ref_axis',(0.320754376631682,0.947162409448148,0.));
#1811=DIRECTION('',(0.,0.,1.));
#1812=DIRECTION('',(0.,0.,1.));
#1813=DIRECTION('center_axis',(-0.320754376631687,-0.947162409448146,0.));
#1814=DIRECTION('ref_axis',(0.947162409448146,-0.320754376631687,0.));
#1815=DIRECTION('',(0.,0.,1.));
#1816=DIRECTION('center_axis',(0.,0.,1.));
#1817=DIRECTION('ref_axis',(-0.320754376631691,-0.947162409448145,0.));
#1818=DIRECTION('',(0.,0.,1.));
#1819=DIRECTION('center_axis',(0.940301884377559,0.340341543505949,0.));
#1820=DIRECTION('ref_axis',(-0.340341543505949,0.940301884377559,0.));
#1821=DIRECTION('',(0.,0.,1.));
#1822=DIRECTION('center_axis',(0.874157276121539,-0.485642931178631,0.));
#1823=DIRECTION('ref_axis',(0.485642931178631,0.874157276121539,0.));
#1824=DIRECTION('',(0.,0.,1.));
#1825=DIRECTION('center_axis',(0.,0.,1.));
#1826=DIRECTION('ref_axis',(0.851397453678016,-0.524521091921565,0.));
#1827=DIRECTION('',(0.,0.,1.));
#1828=DIRECTION('center_axis',(0.827174689038169,0.561944867237533,0.));
#1829=DIRECTION('ref_axis',(-0.561944867237533,0.827174689038169,0.));
#1830=DIRECTION('center_axis',(0.,0.,1.));
#1831=DIRECTION('ref_axis',(1.,0.,0.));
#1832=DIRECTION('center_axis',(0.,0.,1.));
#1833=DIRECTION('ref_axis',(0.,1.,0.));
#1834=DIRECTION('',(0.,0.,1.));
#1835=DIRECTION('center_axis',(0.,0.,1.));
#1836=DIRECTION('ref_axis',(0.,1.,0.));
#1837=DIRECTION('',(0.,0.,1.));
#1838=DIRECTION('center_axis',(0.,0.,1.));
#1839=DIRECTION('ref_axis',(0.,1.,0.));
#1840=DIRECTION('',(0.,0.,1.));
#1841=DIRECTION('center_axis',(0.,0.,1.));
#1842=DIRECTION('ref_axis',(0.,1.,0.));
#1843=DIRECTION('',(0.,0.,1.));
#1844=DIRECTION('center_axis',(0.,0.,1.));
#1845=DIRECTION('ref_axis',(0.,1.,0.));
#1846=DIRECTION('',(0.,0.,1.));
#1847=DIRECTION('center_axis',(0.,0.,1.));
#1848=DIRECTION('ref_axis',(0.,1.,0.));
#1849=DIRECTION('',(0.,0.,1.));
#1850=DIRECTION('center_axis',(0.,0.,1.));
#1851=DIRECTION('ref_axis',(0.,1.,0.));
#1852=DIRECTION('',(0.,0.,1.));
#1853=DIRECTION('center_axis',(0.,0.,1.));
#1854=DIRECTION('ref_axis',(0.,1.,0.));
#1855=DIRECTION('',(0.,0.,1.));
#1856=DIRECTION('center_axis',(0.,0.,1.));
#1857=DIRECTION('ref_axis',(1.,0.,0.));
#1858=DIRECTION('',(0.340341543505951,0.940301884377558,0.));
#1859=DIRECTION('center_axis',(0.,0.,-1.));
#1860=DIRECTION('ref_axis',(-0.940301884377558,0.340341543505951,0.));
#1861=DIRECTION('',(-0.947162409448146,-0.320754376631688,0.));
#1862=DIRECTION('center_axis',(0.,0.,1.));
#1863=DIRECTION('ref_axis',(0.320754376631682,0.947162409448148,0.));
#1864=DIRECTION('',(-0.947162409448146,0.320754376631687,0.));
#1865=DIRECTION('center_axis',(0.,0.,-1.));
#1866=DIRECTION('ref_axis',(-0.320754376631691,-0.947162409448145,0.));
#1867=DIRECTION('',(0.340341543505949,-0.940301884377559,0.));
#1868=DIRECTION('',(-0.485642931178631,-0.874157276121539,0.));
#1869=DIRECTION('center_axis',(0.,0.,-1.));
#1870=DIRECTION('ref_axis',(0.851397453678016,-0.524521091921565,0.));
#1871=DIRECTION('',(0.561944867237533,-0.827174689038169,0.));
#1872=DIRECTION('',(0.561944867237533,0.827174689038169,0.));
#1873=DIRECTION('center_axis',(0.,0.,-1.));
#1874=DIRECTION('ref_axis',(-0.82717468903817,0.561944867237532,0.));
#1875=DIRECTION('',(-0.485642931178631,0.874157276121538,0.));
#1876=DIRECTION('center_axis',(0.,0.,1.));
#1877=DIRECTION('ref_axis',(-0.320754376631691,-0.947162409448145,0.));
#1878=DIRECTION('',(0.,0.,1.));
#1879=DIRECTION('',(0.,0.,1.));
#1880=DIRECTION('center_axis',(0.940301884377559,0.340341543505949,0.));
#1881=DIRECTION('ref_axis',(-0.340341543505949,0.940301884377559,0.));
#1882=DIRECTION('center_axis',(0.874157276121539,-0.485642931178631,0.));
#1883=DIRECTION('ref_axis',(0.485642931178631,0.874157276121539,0.));
#1884=DIRECTION('center_axis',(0.,0.,1.));
#1885=DIRECTION('ref_axis',(0.851397453678016,-0.524521091921565,0.));
#1886=DIRECTION('',(0.,0.,1.));
#1887=DIRECTION('center_axis',(0.827174689038169,0.561944867237533,0.));
#1888=DIRECTION('ref_axis',(-0.561944867237533,0.827174689038169,0.));
#1889=DIRECTION('center_axis',(-0.827174689038169,0.561944867237533,0.));
#1890=DIRECTION('ref_axis',(-0.561944867237533,-0.827174689038169,0.));
#1891=DIRECTION('',(0.,0.,1.));
#1892=DIRECTION('center_axis',(0.,0.,1.));
#1893=DIRECTION('ref_axis',(-0.82717468903817,0.561944867237532,0.));
#1894=DIRECTION('center_axis',(-0.874157276121538,-0.485642931178631,0.));
#1895=DIRECTION('ref_axis',(0.485642931178631,-0.874157276121538,0.));
#1896=DIRECTION('center_axis',(-0.940301884377558,0.340341543505951,0.));
#1897=DIRECTION('ref_axis',(-0.340341543505951,-0.940301884377558,0.));
#1898=DIRECTION('',(0.,0.,1.));
#1899=DIRECTION('center_axis',(0.,0.,1.));
#1900=DIRECTION('ref_axis',(-0.940301884377558,0.340341543505951,0.));
#1901=DIRECTION('',(0.,0.,1.));
#1902=DIRECTION('center_axis',(0.320754376631688,-0.947162409448146,0.));
#1903=DIRECTION('ref_axis',(0.947162409448146,0.320754376631688,0.));
#1904=DIRECTION('',(0.,0.,1.));
#1905=DIRECTION('center_axis',(0.,0.,1.));
#1906=DIRECTION('ref_axis',(0.320754376631682,0.947162409448148,0.));
#1907=DIRECTION('',(0.,0.,1.));
#1908=DIRECTION('center_axis',(-0.320754376631687,-0.947162409448146,0.));
#1909=DIRECTION('ref_axis',(0.947162409448146,-0.320754376631687,0.));
#1910=DIRECTION('center_axis',(0.320754376631688,-0.947162409448146,0.));
#1911=DIRECTION('ref_axis',(0.947162409448146,0.320754376631688,0.));
#1912=DIRECTION('',(0.,0.,1.));
#1913=DIRECTION('center_axis',(0.,0.,1.));
#1914=DIRECTION('ref_axis',(-0.940301884377558,0.340341543505951,0.));
#1915=DIRECTION('',(0.,0.,1.));
#1916=DIRECTION('center_axis',(-0.940301884377558,0.340341543505951,0.));
#1917=DIRECTION('ref_axis',(-0.340341543505951,-0.940301884377558,0.));
#1918=DIRECTION('',(0.,0.,1.));
#1919=DIRECTION('center_axis',(-0.874157276121538,-0.485642931178631,0.));
#1920=DIRECTION('ref_axis',(0.485642931178631,-0.874157276121538,0.));
#1921=DIRECTION('',(0.,0.,1.));
#1922=DIRECTION('center_axis',(0.,0.,1.));
#1923=DIRECTION('ref_axis',(-0.82717468903817,0.561944867237532,0.));
#1924=DIRECTION('',(0.,0.,1.));
#1925=DIRECTION('center_axis',(-0.827174689038169,0.561944867237533,0.));
#1926=DIRECTION('ref_axis',(-0.561944867237533,-0.827174689038169,0.));
#1927=DIRECTION('',(0.,0.,1.));
#1928=DIRECTION('center_axis',(0.,1.,0.));
#1929=DIRECTION('ref_axis',(-1.,0.,0.));
#1930=CARTESIAN_POINT('',(0.,0.,0.));
#1931=CARTESIAN_POINT('Origin',(5.64423791766852,2.41462495819468,0.74));
#1932=CARTESIAN_POINT('',(5.64423791766852,2.41462495819468,0.74));
#1933=CARTESIAN_POINT('',(5.64423791766852,2.11462495819468,0.74));
#1934=CARTESIAN_POINT('',(5.64423791766852,2.21462495819468,0.74));
#1935=CARTESIAN_POINT('',(5.64423791766852,2.11462495819468,0.79));
#1936=CARTESIAN_POINT('',(5.64423791766852,2.11462495819468,0.74));
#1937=CARTESIAN_POINT('',(5.64423791766852,2.41462495819468,0.79));
#1938=CARTESIAN_POINT('',(5.64423791766852,2.21462495819468,0.79));
#1939=CARTESIAN_POINT('',(5.64423791766852,2.41462495819468,0.74));
#1940=CARTESIAN_POINT('Origin',(5.70457924217278,2.21462495819468,0.74));
#1941=CARTESIAN_POINT('',(5.70457924217278,2.21462495819468,0.74));
#1942=CARTESIAN_POINT('',(5.70457924217278,2.41462495819468,0.74));
#1943=CARTESIAN_POINT('',(5.70457924217278,2.11462495819468,0.74));
#1944=CARTESIAN_POINT('',(5.70457924217278,2.41462495819468,0.79));
#1945=CARTESIAN_POINT('',(5.70457924217278,2.41462495819468,0.74));
#1946=CARTESIAN_POINT('',(5.70457924217278,2.21462495819468,0.79));
#1947=CARTESIAN_POINT('',(5.70457924217278,2.11462495819468,0.79));
#1948=CARTESIAN_POINT('',(5.70457924217278,2.21462495819468,0.74));
#1949=CARTESIAN_POINT('Origin',(4.58389659316427,2.41462495819468,0.74));
#1950=CARTESIAN_POINT('',(4.58389659316427,2.21462495819468,0.74));
#1951=CARTESIAN_POINT('',(4.58389659316427,2.41462495819468,0.74));
#1952=CARTESIAN_POINT('',(4.58389659316427,2.11462495819468,0.74));
#1953=CARTESIAN_POINT('',(4.58389659316427,2.21462495819468,0.79));
#1954=CARTESIAN_POINT('',(4.58389659316427,2.21462495819468,0.74));
#1955=CARTESIAN_POINT('',(4.58389659316427,2.41462495819468,0.79));
#1956=CARTESIAN_POINT('',(4.58389659316427,2.11462495819468,0.79));
#1957=CARTESIAN_POINT('',(4.58389659316427,2.41462495819468,0.74));
#1958=CARTESIAN_POINT('Origin',(4.64423791766852,2.11462495819468,0.74));
#1959=CARTESIAN_POINT('',(4.64423791766852,2.11462495819468,0.74));
#1960=CARTESIAN_POINT('',(4.64423791766852,2.41462495819468,0.74));
#1961=CARTESIAN_POINT('',(4.64423791766852,2.11462495819468,0.74));
#1962=CARTESIAN_POINT('',(4.64423791766852,2.41462495819468,0.79));
#1963=CARTESIAN_POINT('',(4.64423791766852,2.41462495819468,0.74));
#1964=CARTESIAN_POINT('',(4.64423791766852,2.11462495819468,0.79));
#1965=CARTESIAN_POINT('',(4.64423791766852,2.11462495819468,0.79));
#1966=CARTESIAN_POINT('',(4.64423791766852,2.11462495819468,0.74));
#1967=CARTESIAN_POINT('Origin',(5.14423791766852,-0.601774451062744,0.79));
#1968=CARTESIAN_POINT('',(5.66923266232795,2.11462495819468,0.79));
#1969=CARTESIAN_POINT('',(6.41517744757947,1.01660506024043,0.79));
#1970=CARTESIAN_POINT('',(5.63947318870223,2.15843047147093,0.79));
#1971=CARTESIAN_POINT('',(6.44943490798281,-0.519948059474207,0.79));
#1972=CARTESIAN_POINT('Origin',(5.245331454453,0.22186489228362,0.79));
#1973=CARTESIAN_POINT('',(6.44715892573846,-0.5238358755485,0.79));
#1974=CARTESIAN_POINT('Origin',(6.53457465335061,-0.572400168666363,0.79));
#1975=CARTESIAN_POINT('',(5.71258445749077,-1.84606991839434,0.79));
#1976=CARTESIAN_POINT('',(6.44715892573846,-0.5238358755485,0.79));
#1977=CARTESIAN_POINT('',(5.70596999666517,-1.9286683658628,0.79));
#1978=CARTESIAN_POINT('Origin',(5.80000018510293,-1.8946342115122,0.79));
#1979=CARTESIAN_POINT('',(6.16038688215538,-3.18413970596957,0.79));
#1980=CARTESIAN_POINT('',(6.07088363525066,-2.93685848706381,0.79));
#1981=CARTESIAN_POINT('',(6.03428125605445,-3.31289010126498,0.79));
#1982=CARTESIAN_POINT('Origin',(6.06635669371763,-3.21817386032017,0.79));
#1983=CARTESIAN_POINT('',(5.24046423065803,-3.0440657870811,0.79));
#1984=CARTESIAN_POINT('',(6.03428125605445,-3.31289010126498,0.79));
#1985=CARTESIAN_POINT('',(5.04801160467902,-3.0440657870811,0.79));
#1986=CARTESIAN_POINT('Origin',(5.14423791766852,-3.32821450991555,0.79));
#1987=CARTESIAN_POINT('',(4.25419457928259,-3.31289010126498,0.79));
#1988=CARTESIAN_POINT('',(4.25419457928259,-3.31289010126498,0.79));
#1989=CARTESIAN_POINT('',(4.12808895318167,-3.18413970596957,0.79));
#1990=CARTESIAN_POINT('Origin',(4.22211914161942,-3.21817386032017,0.79));
#1991=CARTESIAN_POINT('',(4.58250583867188,-1.9286683658628,0.79));
#1992=CARTESIAN_POINT('',(4.58250583867188,-1.9286683658628,0.79));
#1993=CARTESIAN_POINT('',(4.57589137784628,-1.84606991839434,0.79));
#1994=CARTESIAN_POINT('Origin',(4.48847565023412,-1.8946342115122,0.79));
#1995=CARTESIAN_POINT('',(3.84131690959859,-0.523835875548502,0.79));
#1996=CARTESIAN_POINT('',(3.84131690959859,-0.523835875548502,0.79));
#1997=CARTESIAN_POINT('',(3.83904092735424,-0.519948059474208,0.79));
#1998=CARTESIAN_POINT('Origin',(3.75390118198644,-0.572400168666365,0.79));
#1999=CARTESIAN_POINT('',(3.87329838775758,1.01660506024043,0.79));
#2000=CARTESIAN_POINT('Origin',(5.04314438088405,0.22186489228362,0.79));
#2001=CARTESIAN_POINT('',(4.6192431730091,2.11462495819468,0.79));
#2002=CARTESIAN_POINT('',(4.64900264663482,2.15843047147093,0.79));
#2003=CARTESIAN_POINT('',(4.566285177731,2.11462495819468,0.79));
#2004=CARTESIAN_POINT('',(5.14423791766852,2.41462495819468,0.79));
#2005=CARTESIAN_POINT('',(4.566285177731,2.21462495819468,0.79));
#2006=CARTESIAN_POINT('',(4.566285177731,2.21462495819468,0.79));
#2007=CARTESIAN_POINT('',(3.79058091885376,1.07279954696418,0.79));
#2008=CARTESIAN_POINT('',(4.566285177731,2.21462495819468,0.79));
#2009=CARTESIAN_POINT('',(3.75390118198644,-0.572400168666365,0.79));
#2010=CARTESIAN_POINT('Origin',(5.04314438088405,0.22186489228362,0.79));
#2011=CARTESIAN_POINT('',(4.48847565023412,-1.8946342115122,0.79));
#2012=CARTESIAN_POINT('',(3.75390118198644,-0.572400168666365,0.79));
#2013=CARTESIAN_POINT('',(4.03405876474391,-3.15010555161898,0.79));
#2014=CARTESIAN_POINT('',(4.48847565023412,-1.8946342115122,0.79));
#2015=CARTESIAN_POINT('',(4.28627001694576,-3.4076063422098,0.79));
#2016=CARTESIAN_POINT('Origin',(4.22211914161942,-3.21817386032017,0.79));
#2017=CARTESIAN_POINT('',(5.08008704234219,-3.13878202802591,0.79));
#2018=CARTESIAN_POINT('',(4.28627001694576,-3.4076063422098,0.79));
#2019=CARTESIAN_POINT('',(5.20838879299486,-3.13878202802591,0.79));
#2020=CARTESIAN_POINT('Origin',(5.14423791766852,-3.32821450991555,0.79));
#2021=CARTESIAN_POINT('',(6.00220581839129,-3.4076063422098,0.79));
#2022=CARTESIAN_POINT('',(6.00220581839129,-3.4076063422098,0.79));
#2023=CARTESIAN_POINT('',(6.25441707059314,-3.15010555161898,0.79));
#2024=CARTESIAN_POINT('Origin',(6.06635669371763,-3.21817386032017,0.79));
#2025=CARTESIAN_POINT('',(5.80000018510293,-1.8946342115122,0.79));
#2026=CARTESIAN_POINT('',(6.16491382368841,-2.90282433271321,0.79));
#2027=CARTESIAN_POINT('',(6.53457465335061,-0.572400168666363,0.79));
#2028=CARTESIAN_POINT('',(6.53457465335061,-0.572400168666363,0.79));
#2029=CARTESIAN_POINT('',(6.49789491648329,1.07279954696418,0.79));
#2030=CARTESIAN_POINT('Origin',(5.245331454453,0.22186489228362,0.79));
#2031=CARTESIAN_POINT('',(5.72219065760605,2.21462495819468,0.79));
#2032=CARTESIAN_POINT('',(5.72219065760605,2.21462495819468,0.79));
#2033=CARTESIAN_POINT('',(4.566285177731,2.21462495819468,0.79));
#2034=CARTESIAN_POINT('',(5.14423791766852,2.41462495819468,0.79));
#2035=CARTESIAN_POINT('',(4.566285177731,2.11462495819468,0.79));
#2036=CARTESIAN_POINT('Origin',(6.06482283390104,-1.176831846934,0.660629921259822));
#2037=CARTESIAN_POINT('',(6.01144112360532,-1.24998944549425,0.649494381395869));
#2038=CARTESIAN_POINT('',(6.01144112360528,-1.24998944549426,0.671765461123821));
#2039=CARTESIAN_POINT('Origin',(6.01576744058114,-1.26513155490972,0.660629921259863));
#2040=CARTESIAN_POINT('',(6.09873611780542,-1.09285845593416,0.671765461123748));
#2041=CARTESIAN_POINT('',(6.05508862070537,-1.17142395071417,0.671765461123784));
#2042=CARTESIAN_POINT('',(6.09873611780546,-1.09285845593415,0.649494381395796));
#2043=CARTESIAN_POINT('Origin',(6.11387822722091,-1.0885321389583,0.660629921259781));
#2044=CARTESIAN_POINT('',(6.05508862070539,-1.17142395071419,0.649494381395832));
#2045=CARTESIAN_POINT('Origin',(6.13712944962222,-1.08188893255793,0.621259842519685));
#2046=CARTESIAN_POINT('',(6.13712944962222,-1.08188893255793,0.621259842519685));
#2047=CARTESIAN_POINT('',(6.11928430254479,-1.08698754600862,0.634383202099738));
#2048=CARTESIAN_POINT('',(6.02241064698159,-1.28838277731105,0.621259842519685));
#2049=CARTESIAN_POINT('',(5.92485695355646,-1.46397942547611,0.621259842519777));
#2050=CARTESIAN_POINT('',(6.00711480662948,-1.23484733607889,0.660629921259811));
#2051=CARTESIAN_POINT('Origin',(6.13712944962222,-1.08188893255793,0.7));
#2052=CARTESIAN_POINT('',(6.13712944962222,-1.08188893255793,0.7));
#2053=CARTESIAN_POINT('',(6.08359400839003,-1.09718477290998,0.660629921259757));
#2054=CARTESIAN_POINT('',(6.13712944962209,-1.08188893255797,0.35));
#2055=CARTESIAN_POINT('Origin',(6.02241064698159,-1.28838277731105,0.621259842519685));
#2056=CARTESIAN_POINT('',(6.02241064698143,-1.28838277731096,0.7));
#2057=CARTESIAN_POINT('',(6.02241064698193,-1.28838277731027,0.310629921260616));
#2058=CARTESIAN_POINT('',(6.01731203353076,-1.27053763023354,0.686876640419901));
#2059=CARTESIAN_POINT('Origin',(6.02241064698143,-1.28838277731096,0.7));
#2060=CARTESIAN_POINT('',(5.86749755223628,-1.56722634785242,0.700000000000357));
#2061=CARTESIAN_POINT('Origin',(4.26029266636044,1.55582677168746,0.660175815710669));
#2062=CARTESIAN_POINT('',(4.32000888989674,1.62391211421984,0.64904027584668));
#2063=CARTESIAN_POINT('',(4.32000888989674,1.62391211421984,0.671311355574658));
#2064=CARTESIAN_POINT('Origin',(4.31705541264296,1.63938071041459,0.660175815710669));
#2065=CARTESIAN_POINT('',(4.21899851627269,1.47522631021411,0.671311355574658));
#2066=CARTESIAN_POINT('',(4.26950370308471,1.54956921221697,0.671311355574658));
#2067=CARTESIAN_POINT('',(4.21899851627269,1.47522631021411,0.649040275846679));
#2068=CARTESIAN_POINT('Origin',(4.20352992007793,1.47227283296033,0.660175815710668));
#2069=CARTESIAN_POINT('',(4.26950370308471,1.54956921221697,0.64904027584668));
#2070=CARTESIAN_POINT('Origin',(4.17977736615737,1.46773766849936,0.62080573697051));
#2071=CARTESIAN_POINT('',(4.17977736615737,1.46773766849936,0.62080573697051));
#2072=CARTESIAN_POINT('',(4.19800728159406,1.4712183748222,0.633929096550564));
#2073=CARTESIAN_POINT('',(4.31252024818199,1.66313326433515,0.62080573697051));
#2074=CARTESIAN_POINT('',(4.41439000639609,1.81308406998514,0.620805736970509));
#2075=CARTESIAN_POINT('',(4.32296236715052,1.60844351802508,0.660175815710668));
#2076=CARTESIAN_POINT('Origin',(4.17977736615737,1.46773766849936,0.699545894450825));
#2077=CARTESIAN_POINT('',(4.17977736615737,1.46773766849936,0.699545894450825));
#2078=CARTESIAN_POINT('',(4.23446711246744,1.47817978746789,0.660175815710668));
#2079=CARTESIAN_POINT('',(4.17977736615737,1.46773766849936,0.349772947225412));
#2080=CARTESIAN_POINT('Origin',(4.31252024818199,1.66313326433515,0.62080573697051));
#2081=CARTESIAN_POINT('',(4.31252024818199,1.66313326433515,0.699545894450825));
#2082=CARTESIAN_POINT('',(4.31252024818199,1.66313326433515,0.310402868485255));
#2083=CARTESIAN_POINT('',(4.31600095450483,1.64490334889846,0.686422534870773));
#2084=CARTESIAN_POINT('Origin',(4.31252024818199,1.66313326433515,0.699545894450825));
#2085=CARTESIAN_POINT('',(4.4807614474084,1.91078186790304,0.699545894450827));
#2086=CARTESIAN_POINT('Origin',(4.22365300144088,-1.17683184693129,0.660629921259821));
#2087=CARTESIAN_POINT('',(4.27703471173285,-1.24998944549047,0.671765461121037));
#2088=CARTESIAN_POINT('',(4.27703471173282,-1.24998944549046,0.649494381398652));
#2089=CARTESIAN_POINT('Origin',(4.27270839475807,-1.26513155490215,0.660629921259862));
#2090=CARTESIAN_POINT('',(4.18973971753538,-1.09285845593523,0.64949438139858));
#2091=CARTESIAN_POINT('',(4.2333872146341,-1.17142395071284,0.649494381398616));
#2092=CARTESIAN_POINT('',(4.18973971753542,-1.09285845593524,0.671765461120964));
#2093=CARTESIAN_POINT('Origin',(4.17459760812371,-1.08853213896046,0.660629921259781));
#2094=CARTESIAN_POINT('',(4.23338721463412,-1.17142395071282,0.671765461121));
#2095=CARTESIAN_POINT('Origin',(4.26606518835562,-1.28838277731096,0.7));
#2096=CARTESIAN_POINT('',(4.15134638571483,-1.08188893255793,0.7));
#2097=CARTESIAN_POINT('',(4.20488182694702,-1.09718477290998,0.660629921259757));
#2098=CARTESIAN_POINT('',(4.26606518835562,-1.28838277731096,0.7));
#2099=CARTESIAN_POINT('',(4.05369104897693,-0.906109326429506,0.699999999999747));
#2100=CARTESIAN_POINT('',(4.27116380180629,-1.27053763023354,0.686876640419901));
#2101=CARTESIAN_POINT('Origin',(4.15134638571483,-1.08188893255793,0.7));
#2102=CARTESIAN_POINT('',(4.15134638571483,-1.08188893255793,0.621259842519685));
#2103=CARTESIAN_POINT('',(4.16919153279227,-1.08698754600862,0.634383202099738));
#2104=CARTESIAN_POINT('',(4.15134638571496,-1.08188893255797,0.35));
#2105=CARTESIAN_POINT('Origin',(4.15134638571483,-1.08188893255793,0.621259842519685));
#2106=CARTESIAN_POINT('',(4.26606518835546,-1.28838277731105,0.621259842519685));
#2107=CARTESIAN_POINT('',(4.28136102870757,-1.23484733607889,0.660629921259811));
#2108=CARTESIAN_POINT('',(3.99633164765675,-0.802862404053194,0.621259842519775));
#2109=CARTESIAN_POINT('Origin',(4.26606518835546,-1.28838277731105,0.621259842519685));
#2110=CARTESIAN_POINT('',(4.26606518835513,-1.28838277731027,0.310629921258781));
#2111=CARTESIAN_POINT('Origin',(6.028183168972,1.55582677168433,0.660175815710669));
#2112=CARTESIAN_POINT('',(5.96846694543958,1.62391211421597,0.671311355571874));
#2113=CARTESIAN_POINT('',(5.96846694543958,1.62391211421597,0.649040275849463));
#2114=CARTESIAN_POINT('Origin',(5.97142042269262,1.63938071040686,0.660175815710669));
#2115=CARTESIAN_POINT('',(6.0694773190605,1.47522631021485,0.649040275849463));
#2116=CARTESIAN_POINT('',(6.01897213225004,1.54956921221541,0.649040275849463));
#2117=CARTESIAN_POINT('',(6.0694773190605,1.47522631021485,0.671311355571874));
#2118=CARTESIAN_POINT('Origin',(6.08494591525139,1.47227283296181,0.660175815710669));
#2119=CARTESIAN_POINT('',(6.01897213225004,1.54956921221541,0.671311355571874));
#2120=CARTESIAN_POINT('Origin',(5.97595558715506,1.66313326433515,0.699545894450825));
#2121=CARTESIAN_POINT('',(6.10869846917968,1.46773766849936,0.699545894450825));
#2122=CARTESIAN_POINT('',(6.05400872286961,1.47817978746789,0.660175815710668));
#2123=CARTESIAN_POINT('',(5.97595558715506,1.66313326433515,0.699545894450825));
#2124=CARTESIAN_POINT('',(6.19556651736727,1.33986916228779,0.699545894450825));
#2125=CARTESIAN_POINT('',(5.97247488083222,1.64490334889846,0.686422534870773));
#2126=CARTESIAN_POINT('Origin',(6.10869846917968,1.46773766849936,0.699545894450825));
#2127=CARTESIAN_POINT('',(6.10869846917968,1.46773766849936,0.62080573697051));
#2128=CARTESIAN_POINT('',(6.09046855374299,1.4712183748222,0.633929096550564));
#2129=CARTESIAN_POINT('',(6.10869846917968,1.46773766849936,0.349772947225412));
#2130=CARTESIAN_POINT('Origin',(6.10869846917968,1.46773766849936,0.62080573697051));
#2131=CARTESIAN_POINT('',(5.97595558715506,1.66313326433515,0.62080573697051));
#2132=CARTESIAN_POINT('',(5.96551346818653,1.60844351802508,0.660175815710668));
#2133=CARTESIAN_POINT('',(6.26193795837958,1.24217136436989,0.620805736970509));
#2134=CARTESIAN_POINT('Origin',(5.97595558715506,1.66313326433515,0.62080573697051));
#2135=CARTESIAN_POINT('',(5.97595558715506,1.66313326433515,0.310402868485255));
#2136=CARTESIAN_POINT('Origin',(5.14423791766852,2.11462495819468,0.74));
#2137=CARTESIAN_POINT('',(5.4911995869451,2.21462495819468,0.3));
#2138=CARTESIAN_POINT('Origin',(5.14423791766852,2.21462495819468,0.74));
#2139=CARTESIAN_POINT('',(4.79727624839195,2.21462495819468,0.3));
#2140=CARTESIAN_POINT('Ctrl Pts',(4.79727624839195,2.21462495819468,0.3));
#2141=CARTESIAN_POINT('Ctrl Pts',(4.83972279155204,2.21462495819468,0.266528810295805));
#2142=CARTESIAN_POINT('Ctrl Pts',(4.88860990850762,2.20895741409058,0.238247580221244));
#2143=CARTESIAN_POINT('Ctrl Pts',(4.97348016988512,2.19954675845638,0.205147885167912));
#2144=CARTESIAN_POINT('Ctrl Pts',(5.00760221454257,2.19590235608692,0.195452971288283));
#2145=CARTESIAN_POINT('Ctrl Pts',(5.07623917968355,2.19082977392415,0.182705685640961));
#2146=CARTESIAN_POINT('Ctrl Pts',(5.11075721290517,2.18943028131736,0.179658675495741));
#2147=CARTESIAN_POINT('Ctrl Pts',(5.17771862243188,2.18943028131736,0.179658675495741));
#2148=CARTESIAN_POINT('Ctrl Pts',(5.2122366556535,2.19082977392415,0.182705685640961));
#2149=CARTESIAN_POINT('Ctrl Pts',(5.28087362079448,2.19590235608692,0.195452971288283));
#2150=CARTESIAN_POINT('Ctrl Pts',(5.31499566545193,2.19954675845638,0.205147885167912));
#2151=CARTESIAN_POINT('Ctrl Pts',(5.39986592682943,2.20895741409058,0.238247580221244));
#2152=CARTESIAN_POINT('Ctrl Pts',(5.44875304378501,2.21462495819468,0.266528810295806));
#2153=CARTESIAN_POINT('Ctrl Pts',(5.4911995869451,2.21462495819468,0.3));
#2154=CARTESIAN_POINT('Origin',(5.14423791766852,2.21462495819468,0.74));
#2155=CARTESIAN_POINT('Origin',(5.14423791766852,2.41462495819468,0.74));
#2156=CARTESIAN_POINT('Origin',(5.14423791766852,2.41462495819468,0.45982933774787));
#2157=CARTESIAN_POINT('Origin',(5.14423791766852,2.41462495819468,0.74));
#2158=CARTESIAN_POINT('Origin',(5.72219065760605,2.11462495819468,0.));
#2159=CARTESIAN_POINT('',(4.6192431730091,2.11462495819468,0.1));
#2160=CARTESIAN_POINT('',(4.6192431730091,2.11462495819468,0.));
#2161=CARTESIAN_POINT('',(5.66923266232795,2.11462495819468,0.1));
#2162=CARTESIAN_POINT('',(5.43321428763729,2.11462495819468,0.1));
#2163=CARTESIAN_POINT('',(5.66923266232795,2.11462495819468,0.));
#2164=CARTESIAN_POINT('Origin',(5.14423791766852,2.11462495819468,0.74));
#2165=CARTESIAN_POINT('Origin',(5.72219065760605,2.21462495819468,0.));
#2166=CARTESIAN_POINT('',(5.72219065760605,2.21462495819468,0.3));
#2167=CARTESIAN_POINT('',(5.72219065760605,2.21462495819468,0.));
#2168=CARTESIAN_POINT('',(5.43321428763729,2.21462495819468,0.3));
#2169=CARTESIAN_POINT('Origin',(5.14423791766852,2.21462495819468,0.74));
#2170=CARTESIAN_POINT('Origin',(5.43321428763729,1.91462495819468,0.3));
#2171=CARTESIAN_POINT('',(5.56331667177175,1.91462495819468,0.));
#2172=CARTESIAN_POINT('Origin',(5.56331667177175,1.91462495819468,0.3));
#2173=CARTESIAN_POINT('',(4.7251591635653,1.91462495819468,0.));
#2174=CARTESIAN_POINT('',(5.43321428763729,1.91462495819468,0.));
#2175=CARTESIAN_POINT('',(4.566285177731,2.21462495819468,0.3));
#2176=CARTESIAN_POINT('Origin',(4.7251591635653,1.91462495819468,0.3));
#2177=CARTESIAN_POINT('',(5.43321428763729,2.21462495819468,0.3));
#2178=CARTESIAN_POINT('Ctrl Pts',(5.90159890535574,-3.05680049902906,4.37095678986282E-17));
#2179=CARTESIAN_POINT('Ctrl Pts',(5.98077111649594,-3.07773810386901,2.10452437600953E-16));
#2180=CARTESIAN_POINT('Ctrl Pts',(6.08593840549471,-3.10555027568325,0.0314081921800941));
#2181=CARTESIAN_POINT('Ctrl Pts',(6.17973090952367,-3.13035431182202,0.111460002200873));
#2182=CARTESIAN_POINT('Ctrl Pts',(6.22216306533481,-3.14157577069106,0.168733710214136));
#2183=CARTESIAN_POINT('Ctrl Pts',(6.2440769703471,-3.14737104503088,0.222037097351574));
#2184=CARTESIAN_POINT('Ctrl Pts',(6.25293344814481,-3.149713198038,0.266341355355248));
#2185=CARTESIAN_POINT('Ctrl Pts',(6.25441707059314,-3.15010555161898,0.288780026237179));
#2186=CARTESIAN_POINT('Ctrl Pts',(6.25441707059314,-3.15010555161898,0.299999999999999));
#2187=CARTESIAN_POINT('Ctrl Pts',(5.90159890535574,-3.05680049902906,4.37095678986282E-17));
#2188=CARTESIAN_POINT('Ctrl Pts',(5.975381014339,-3.08324125075346,2.10452437600953E-16));
#2189=CARTESIAN_POINT('Ctrl Pts',(6.07341344036548,-3.11814964560168,0.0240789093714819));
#2190=CARTESIAN_POINT('Ctrl Pts',(6.17130962730999,-3.15232081451596,0.0925031953685559));
#2191=CARTESIAN_POINT('Ctrl Pts',(6.22069395611364,-3.17009744999488,0.145541627274738));
#2192=CARTESIAN_POINT('Ctrl Pts',(6.25180356348388,-3.18261043353124,0.202225427807719));
#2193=CARTESIAN_POINT('Ctrl Pts',(6.26638112102099,-3.18910601739237,0.256402618709846));
#2194=CARTESIAN_POINT('Ctrl Pts',(6.26896814488478,-3.19030752765517,0.285455523064904));
#2195=CARTESIAN_POINT('Ctrl Pts',(6.26896814488478,-3.19030752765517,0.299999999999999));
#2196=CARTESIAN_POINT('Ctrl Pts',(5.90159890535574,-3.05680049902906,4.37095678986282E-17));
#2197=CARTESIAN_POINT('Ctrl Pts',(5.96460081002513,-3.09424754452235,2.10452437600954E-16));
#2198=CARTESIAN_POINT('Ctrl Pts',(6.04801625305014,-3.14339207090962,0.0138329436299254));
#2199=CARTESIAN_POINT('Ctrl Pts',(6.14488814675711,-3.19962985935906,0.0634713197907016));
#2200=CARTESIAN_POINT('Ctrl Pts',(6.20086043262693,-3.23314143366411,0.108496676892175));
#2201=CARTESIAN_POINT('Ctrl Pts',(6.24413254158755,-3.26132854259278,0.169470914497697));
#2202=CARTESIAN_POINT('Ctrl Pts',(6.26706272775217,-3.27725461151016,0.239735156775286));
#2203=CARTESIAN_POINT('Ctrl Pts',(6.27131007736222,-3.28026220736671,0.279878865413013));
#2204=CARTESIAN_POINT('Ctrl Pts',(6.27131007736222,-3.28026220736671,0.3));
#2205=CARTESIAN_POINT('Ctrl Pts',(5.90159890535574,-3.05680049902906,4.37095678986282E-17));
#2206=CARTESIAN_POINT('Ctrl Pts',(5.94843050355431,-3.11075698517569,2.10452437600953E-16));
#2207=CARTESIAN_POINT('Ctrl Pts',(6.00998912796839,-3.1819721779808,0.0108080015859903));
#2208=CARTESIAN_POINT('Ctrl Pts',(6.08418723606366,-3.26803592469045,0.0543311099662364));
#2209=CARTESIAN_POINT('Ctrl Pts',(6.12943379217591,-3.31991659090673,0.0965092432656948));
#2210=CARTESIAN_POINT('Ctrl Pts',(6.16782882138082,-3.36268910263817,0.158639141915196));
#2211=CARTESIAN_POINT('Ctrl Pts',(6.18941277872181,-3.38622810543097,0.234174545642281));
#2212=CARTESIAN_POINT('Ctrl Pts',(6.19348234162841,-3.39064616362383,0.278018556171458));
#2213=CARTESIAN_POINT('Ctrl Pts',(6.19348234162841,-3.39064616362383,0.3));
#2214=CARTESIAN_POINT('Ctrl Pts',(5.90159890535574,-3.05680049902906,4.37095678986282E-17));
#2215=CARTESIAN_POINT('Ctrl Pts',(5.93495524816196,-3.12451485238681,2.10452437600954E-16));
#2216=CARTESIAN_POINT('Ctrl Pts',(5.97882579737628,-3.21440659289918,0.0184094749041604));
#2217=CARTESIAN_POINT('Ctrl Pts',(6.02563608888261,-3.31206518644317,0.0768070890072172));
#2218=CARTESIAN_POINT('Ctrl Pts',(6.05204095644837,-3.36523808475287,0.125719962312867));
#2219=CARTESIAN_POINT('Ctrl Pts',(6.07288993996257,-3.40294560675606,0.184846734362261));
#2220=CARTESIAN_POINT('Ctrl Pts',(6.08436395103224,-3.42195262953772,0.247589739330728));
#2221=CARTESIAN_POINT('Ctrl Pts',(6.08651563522102,-3.42541738779632,0.282507187317851));
#2222=CARTESIAN_POINT('Ctrl Pts',(6.08651563522102,-3.42541738779632,0.3));
#2223=CARTESIAN_POINT('Ctrl Pts',(5.90159890535574,-3.05680049902906,4.37095678986282E-17));
#2224=CARTESIAN_POINT('Ctrl Pts',(5.92687009492655,-3.13276957271348,2.10452437600953E-16));
#2225=CARTESIAN_POINT('Ctrl Pts',(5.96030645995135,-3.23377096963376,0.0277373844282803));
#2226=CARTESIAN_POINT('Ctrl Pts',(5.99178283602319,-3.32896623365365,0.101995553842239));
#2227=CARTESIAN_POINT('Ctrl Pts',(6.00723698872979,-3.37454912863589,0.157166020610148));
#2228=CARTESIAN_POINT('Ctrl Pts',(6.01694749942762,-3.40084108492871,0.212160667892705));
#2229=CARTESIAN_POINT('Ctrl Pts',(6.02161598045407,-3.41244071346075,0.261387025463182));
#2230=CARTESIAN_POINT('Ctrl Pts',(6.02245346498205,-3.41446316126817,0.28712337317377));
#2231=CARTESIAN_POINT('Ctrl Pts',(6.02245346498205,-3.41446316126817,0.3));
#2232=CARTESIAN_POINT('Ctrl Pts',(5.90159890535574,-3.05680049902906,4.37095678986282E-17));
#2233=CARTESIAN_POINT('Ctrl Pts',(5.92417504384809,-3.1355211461557,2.10452437600953E-16));
#2234=CARTESIAN_POINT('Ctrl Pts',(5.95416373870841,-3.24008860647176,0.0314081921800942));
#2235=CARTESIAN_POINT('Ctrl Pts',(5.98090888741661,-3.33334615866659,0.111460002200873));
#2236=CARTESIAN_POINT('Ctrl Pts',(5.99300851444893,-3.37553629983261,0.168733710214136));
#2237=CARTESIAN_POINT('Ctrl Pts',(5.99925731497301,-3.39732521741867,0.222037097351575));
#2238=CARTESIAN_POINT('Ctrl Pts',(6.00178276003051,-3.40613118170156,0.266341355355248));
#2239=CARTESIAN_POINT('Ctrl Pts',(6.00220581839129,-3.4076063422098,0.28878002623718));
#2240=CARTESIAN_POINT('Ctrl Pts',(6.00220581839129,-3.4076063422098,0.3));
#2241=CARTESIAN_POINT('',(6.25441707059314,-3.15010555161898,0.3));
#2242=CARTESIAN_POINT('',(6.00220581839129,-3.4076063422098,0.3));
#2243=CARTESIAN_POINT('Origin',(6.06635669371763,-3.21817386032017,0.3));
#2244=CARTESIAN_POINT('',(5.90159890535574,-3.05680049902906,0.));
#2245=CARTESIAN_POINT('Origin',(5.90159890535574,-3.05680049902906,0.3));
#2246=CARTESIAN_POINT('Origin',(5.90159890535574,-3.05680049902906,0.3));
#2247=CARTESIAN_POINT('Ctrl Pts',(4.38687692998131,-3.05680049902906,-4.37095678986282E-17));
#2248=CARTESIAN_POINT('Ctrl Pts',(4.36430079148896,-3.1355211461557,-1.9083562940068E-16));
#2249=CARTESIAN_POINT('Ctrl Pts',(4.33431150212652,-3.24009067943883,0.0314031306196131));
#2250=CARTESIAN_POINT('Ctrl Pts',(4.3075666435936,-3.33334721982264,0.111457405296909));
#2251=CARTESIAN_POINT('Ctrl Pts',(4.29546706047774,-3.3755372078565,0.168731481182305));
#2252=CARTESIAN_POINT('Ctrl Pts',(4.28921843906373,-3.39732550090436,0.222036409912351));
#2253=CARTESIAN_POINT('Ctrl Pts',(4.28669301558282,-3.40613138995193,0.266340847676821));
#2254=CARTESIAN_POINT('Ctrl Pts',(4.28627001694576,-3.4076063422098,0.288780026237179));
#2255=CARTESIAN_POINT('Ctrl Pts',(4.28627001694576,-3.4076063422098,0.3));
#2256=CARTESIAN_POINT('Ctrl Pts',(4.38687692998131,-3.05680049902906,-4.37095678986282E-17));
#2257=CARTESIAN_POINT('Ctrl Pts',(4.35891068933203,-3.13001799927125,-1.81214022504606E-16));
#2258=CARTESIAN_POINT('Ctrl Pts',(4.32197483065564,-3.22731009732044,0.0240803495616002));
#2259=CARTESIAN_POINT('Ctrl Pts',(4.28578015622345,-3.32447457410184,0.0925045646785551));
#2260=CARTESIAN_POINT('Ctrl Pts',(4.26698233868204,-3.37347851080448,0.14554266636747));
#2261=CARTESIAN_POINT('Ctrl Pts',(4.25382656388069,-3.40431979379846,0.202225779892175));
#2262=CARTESIAN_POINT('Ctrl Pts',(4.24702970407128,-3.41875910543644,0.256402863709765));
#2263=CARTESIAN_POINT('Ctrl Pts',(4.24577472376423,-3.42131998032655,0.285455523064904));
#2264=CARTESIAN_POINT('Ctrl Pts',(4.24577472376423,-3.42131998032655,0.3));
#2265=CARTESIAN_POINT('Ctrl Pts',(4.38687692998131,-3.05680049902906,-4.37095678986282E-17));
#2266=CARTESIAN_POINT('Ctrl Pts',(4.34813048501815,-3.11901170550236,-1.61970808712457E-16));
#2267=CARTESIAN_POINT('Ctrl Pts',(4.2972583026702,-3.20139683799695,0.0138426919948758));
#2268=CARTESIAN_POINT('Ctrl Pts',(4.23902486276718,-3.2970788070915,0.0634774876855143));
#2269=CARTESIAN_POINT('Ctrl Pts',(4.20435993350224,-3.35234286691095,0.108501655463656));
#2270=CARTESIAN_POINT('Ctrl Pts',(4.17528375290718,-3.39501826104945,0.169472444039808));
#2271=CARTESIAN_POINT('Ctrl Pts',(4.15888555407715,-3.41761275526638,0.239736304477179));
#2272=CARTESIAN_POINT('Ctrl Pts',(4.15579138318956,-3.42179599909228,0.279878865413013));
#2273=CARTESIAN_POINT('Ctrl Pts',(4.15579138318956,-3.42179599909228,0.3));
#2274=CARTESIAN_POINT('Ctrl Pts',(4.38687692998131,-3.05680049902906,-4.37095678986282E-17));
#2275=CARTESIAN_POINT('Ctrl Pts',(4.33196017854733,-3.10250226484902,-1.33105988024235E-16));
#2276=CARTESIAN_POINT('Ctrl Pts',(4.25947774521022,-3.16257884362355,0.0108197291216282));
#2277=CARTESIAN_POINT('Ctrl Pts',(4.17189493190369,-3.23497200093106,0.0543380943325233));
#2278=CARTESIAN_POINT('Ctrl Pts',(4.11908700252408,-3.27913114174205,0.0965147200068978));
#2279=CARTESIAN_POINT('Ctrl Pts',(4.07552899873586,-3.31662709376015,0.158640510784096));
#2280=CARTESIAN_POINT('Ctrl Pts',(4.05154716159474,-3.33771762988682,0.234175677236302));
#2281=CARTESIAN_POINT('Ctrl Pts',(4.04704617320257,-3.34169365737354,0.278018556171459));
#2282=CARTESIAN_POINT('Ctrl Pts',(4.04704617320257,-3.34169365737354,0.3));
#2283=CARTESIAN_POINT('Ctrl Pts',(4.38687692998131,-3.05680049902906,-4.37095678986282E-17));
#2284=CARTESIAN_POINT('Ctrl Pts',(4.31848492315498,-3.0887443976379,-1.0905197078405E-16));
#2285=CARTESIAN_POINT('Ctrl Pts',(4.22769710481411,-3.1307448830978,0.0184153873809889));
#2286=CARTESIAN_POINT('Ctrl Pts',(4.12908963529045,-3.17551665553147,0.0768109216687229));
#2287=CARTESIAN_POINT('Ctrl Pts',(4.07538099451361,-3.20081193450371,0.125723026765019));
#2288=CARTESIAN_POINT('Ctrl Pts',(4.03725097253527,-3.22087228730672,0.184847658431729));
#2289=CARTESIAN_POINT('Ctrl Pts',(4.01801018196435,-3.23194926921432,0.247590438576508));
#2290=CARTESIAN_POINT('Ctrl Pts',(4.01450219259081,-3.23402810078526,0.28250718731785));
#2291=CARTESIAN_POINT('Ctrl Pts',(4.01450219259081,-3.23402810078526,0.3));
#2292=CARTESIAN_POINT('Ctrl Pts',(4.38687692998131,-3.05680049902906,-4.37095678986282E-17));
#2293=CARTESIAN_POINT('Ctrl Pts',(4.31039976991958,-3.08048967731123,-9.46195604399387E-17));
#2294=CARTESIAN_POINT('Ctrl Pts',(4.20872662797126,-3.11182474757963,0.0277348706874302));
#2295=CARTESIAN_POINT('Ctrl Pts',(4.11289913121968,-3.14131799644304,0.101994021859805));
#2296=CARTESIAN_POINT('Ctrl Pts',(4.06700503487623,-3.15582262039674,0.157164557573467));
#2297=CARTESIAN_POINT('Ctrl Pts',(4.04051697106332,-3.1649847274808,0.212159946842731));
#2298=CARTESIAN_POINT('Ctrl Pts',(4.02882277281342,-3.16941141588463,0.261386584555259));
#2299=CARTESIAN_POINT('Ctrl Pts',(4.02678322759809,-3.17020653963707,0.28712337317377));
#2300=CARTESIAN_POINT('Ctrl Pts',(4.02678322759809,-3.17020653963707,0.3));
#2301=CARTESIAN_POINT('Ctrl Pts',(4.38687692998131,-3.05680049902906,-4.37095678986282E-17));
#2302=CARTESIAN_POINT('Ctrl Pts',(4.30770471884111,-3.07773810386901,-8.98087569919016E-17));
#2303=CARTESIAN_POINT('Ctrl Pts',(4.20253534498414,-3.10555082703753,0.0314031306196139));
#2304=CARTESIAN_POINT('Ctrl Pts',(4.10874385857023,-3.1303545940614,0.111457405296909));
#2305=CARTESIAN_POINT('Ctrl Pts',(4.06631185676967,-3.14157601220134,0.168731481182306));
#2306=CARTESIAN_POINT('Ctrl Pts',(4.0443985798781,-3.14737112043056,0.222036409912352));
#2307=CARTESIAN_POINT('Ctrl Pts',(4.03554217774729,-3.14971325342708,0.266340847676821));
#2308=CARTESIAN_POINT('Ctrl Pts',(4.03405876474391,-3.15010555161898,0.288780026237179));
#2309=CARTESIAN_POINT('Ctrl Pts',(4.03405876474391,-3.15010555161898,0.3));
#2310=CARTESIAN_POINT('',(4.28627001694576,-3.4076063422098,0.3));
#2311=CARTESIAN_POINT('',(4.03405876474391,-3.15010555161898,0.3));
#2312=CARTESIAN_POINT('Origin',(4.22211914161942,-3.21817386032017,0.3));
#2313=CARTESIAN_POINT('',(4.38687692998131,-3.05680049902906,0.));
#2314=CARTESIAN_POINT('Origin',(4.38687692998131,-3.05680049902906,0.3));
#2315=CARTESIAN_POINT('Origin',(4.38687692998131,-3.05680049902906,0.3));
#2316=CARTESIAN_POINT('Origin',(5.50026587170124,-1.9479902024051,0.3));
#2317=CARTESIAN_POINT('',(5.47143017779184,-1.86832241621294,0.));
#2318=CARTESIAN_POINT('',(5.50026587170124,-1.9479902024051,0.));
#2319=CARTESIAN_POINT('',(5.80000018510293,-1.8946342115122,0.3));
#2320=CARTESIAN_POINT('Origin',(5.47143017779184,-1.86832241621294,0.3));
#2321=CARTESIAN_POINT('',(5.78235643701451,-1.84588773935331,0.3));
#2322=CARTESIAN_POINT('Origin',(5.73485032554178,-1.39416615026306,0.3));
#2323=CARTESIAN_POINT('',(6.53457465335061,-0.572400168666363,0.3));
#2324=CARTESIAN_POINT('',(5.99709750837824,-1.53985902961664,0.3));
#2325=CARTESIAN_POINT('',(6.27579116009831,-0.420472648061302,0.));
#2326=CARTESIAN_POINT('',(5.73485032554178,-1.39416615026306,0.));
#2327=CARTESIAN_POINT('Ctrl Pts',(6.27579116009899,-0.420472648061727,0.));
#2328=CARTESIAN_POINT('Ctrl Pts',(6.27611578186603,-0.420663834270861,1.00989248261882E-15));
#2329=CARTESIAN_POINT('Ctrl Pts',(6.2764404044637,-0.420855018410307,7.09208264554734E-7));
#2330=CARTESIAN_POINT('Ctrl Pts',(6.31126526983574,-0.441364597707088,0.000152874190107393));
#2331=CARTESIAN_POINT('Ctrl Pts',(6.34540679767163,-0.461442060677391,0.00831262088560203));
#2332=CARTESIAN_POINT('Ctrl Pts',(6.40816409744804,-0.498307030211043,0.0393103562639161));
#2333=CARTESIAN_POINT('Ctrl Pts',(6.43629384057274,-0.514810655498981,0.0614926279330347));
#2334=CARTESIAN_POINT('Ctrl Pts',(6.48363737320217,-0.542568961959284,0.117103045607907));
#2335=CARTESIAN_POINT('Ctrl Pts',(6.50240061491351,-0.5535599424766,0.149996509071033));
#2336=CARTESIAN_POINT('Ctrl Pts',(6.52799102606414,-0.568546733215306,0.222263625193082));
#2337=CARTESIAN_POINT('Ctrl Pts',(6.53457465335062,-0.572400168666349,0.260944855128744));
#2338=CARTESIAN_POINT('Ctrl Pts',(6.53457465335062,-0.572400168666349,0.3));
#2339=CARTESIAN_POINT('Origin',(6.42520547422369,0.645937149623045,0.3));
#2340=CARTESIAN_POINT('',(6.49789491648329,1.07279954696418,0.3));
#2341=CARTESIAN_POINT('',(6.67335788093514,0.814520609794305,0.3));
#2342=CARTESIAN_POINT('',(6.24974250977184,0.904216086792922,0.));
#2343=CARTESIAN_POINT('Origin',(6.24974250977184,0.904216086792922,0.3));
#2344=CARTESIAN_POINT('',(6.42520547422369,0.645937149623045,0.));
#2345=CARTESIAN_POINT('Origin',(5.245331454453,0.22186489228362,0.3));
#2346=CARTESIAN_POINT('Origin',(5.245331454453,0.22186489228362,0.));
#2347=CARTESIAN_POINT('Origin',(5.245331454453,0.22186489228362,0.3));
#2348=CARTESIAN_POINT('Origin',(4.25112249055198,1.21684985523829,0.3));
#2349=CARTESIAN_POINT('',(4.03873332556521,0.904216086792923,0.));
#2350=CARTESIAN_POINT('',(4.25112249055198,1.21684985523829,0.));
#2351=CARTESIAN_POINT('',(3.79058091885376,1.07279954696418,0.3));
#2352=CARTESIAN_POINT('Origin',(4.03873332556521,0.904216086792923,0.3));
#2353=CARTESIAN_POINT('',(4.00297008384053,1.38543331540955,0.3));
#2354=CARTESIAN_POINT('Origin',(5.04314438088405,0.22186489228362,0.3));
#2355=CARTESIAN_POINT('',(3.75390118198644,-0.572400168666365,0.3));
#2356=CARTESIAN_POINT('Origin',(5.04314438088405,0.22186489228362,0.3));
#2357=CARTESIAN_POINT('',(4.01268467523876,-0.420472648061331,0.));
#2358=CARTESIAN_POINT('Origin',(5.04314438088405,0.22186489228362,0.));
#2359=CARTESIAN_POINT('Ctrl Pts',(4.01268467523919,-0.42047264806109,0.));
#2360=CARTESIAN_POINT('Ctrl Pts',(4.01236005347178,-0.420663834270443,-6.20733871798683E-16));
#2361=CARTESIAN_POINT('Ctrl Pts',(4.0120354308737,-0.420855018410092,7.09208262986478E-7));
#2362=CARTESIAN_POINT('Ctrl Pts',(3.97721056550075,-0.441364597707848,0.00015287419011415));
#2363=CARTESIAN_POINT('Ctrl Pts',(3.9430690376653,-0.461442060677488,0.00831262088567061));
#2364=CARTESIAN_POINT('Ctrl Pts',(3.88031173788903,-0.498307030211037,0.0393103562639074));
#2365=CARTESIAN_POINT('Ctrl Pts',(3.85218199476432,-0.514810655498977,0.0614926279330253));
#2366=CARTESIAN_POINT('Ctrl Pts',(3.80483846213488,-0.542568961959283,0.117103045607905));
#2367=CARTESIAN_POINT('Ctrl Pts',(3.78607522042353,-0.553559942476601,0.149996509071035));
#2368=CARTESIAN_POINT('Ctrl Pts',(3.7604848092729,-0.568546733215305,0.222263625193091));
#2369=CARTESIAN_POINT('Ctrl Pts',(3.75390118198643,-0.572400168666346,0.260944855128748));
#2370=CARTESIAN_POINT('Ctrl Pts',(3.75390118198643,-0.572400168666346,0.3));
#2371=CARTESIAN_POINT('Origin',(4.18633827567143,-0.733049128840137,0.3));
#2372=CARTESIAN_POINT('',(4.81704565754521,-1.86832241621294,0.));
#2373=CARTESIAN_POINT('',(4.18633827567143,-0.733049128840137,0.));
#2374=CARTESIAN_POINT('',(4.48847565023412,-1.8946342115122,0.3));
#2375=CARTESIAN_POINT('Origin',(4.81704565754521,-1.86832241621294,0.3));
#2376=CARTESIAN_POINT('',(3.92409109283497,-0.878742008193726,0.3));
#2377=CARTESIAN_POINT('Origin',(5.01541840638092,-1.32025453235171,0.3));
#2378=CARTESIAN_POINT('',(4.73332784106765,-1.21815206929993,0.3));
#2379=CARTESIAN_POINT('',(5.01541840638092,-1.32025453235171,0.));
#2380=CARTESIAN_POINT('Origin',(5.00110730645409,-2.84879279142951,0.3));
#2381=CARTESIAN_POINT('',(4.98386072935268,-2.85463330519147,0.));
#2382=CARTESIAN_POINT('',(5.00110730645409,-2.84879279142951,0.));
#2383=CARTESIAN_POINT('',(5.08008704234219,-3.13878202802591,0.3));
#2384=CARTESIAN_POINT('Origin',(4.98386072935268,-2.85463330519147,0.3));
#2385=CARTESIAN_POINT('',(5.0973336194436,-3.13294151426395,0.3));
#2386=CARTESIAN_POINT('Origin',(5.14423791766852,-3.32821450991555,0.3));
#2387=CARTESIAN_POINT('',(5.30461510598437,-2.85463330519147,0.));
#2388=CARTESIAN_POINT('',(5.20838879299486,-3.13878202802591,0.3));
#2389=CARTESIAN_POINT('Origin',(5.30461510598437,-2.85463330519147,0.3));
#2390=CARTESIAN_POINT('Origin',(5.14423791766852,-3.32821450991555,0.3));
#2391=CARTESIAN_POINT('Origin',(5.14423791766852,-3.32821450991555,0.));
#2392=CARTESIAN_POINT('Origin',(4.89046001618475,-2.71438063433757,0.3));
#2393=CARTESIAN_POINT('',(4.79423370319524,-2.99852935717201,0.3));
#2394=CARTESIAN_POINT('',(4.89046001618475,-2.71438063433757,0.));
#2395=CARTESIAN_POINT('Origin',(5.14423791766852,-3.32821450991555,0.));
#2396=CARTESIAN_POINT('',(5.20838879299486,-3.13878202802591,0.));
#2397=CARTESIAN_POINT('',(5.08008704234219,-3.13878202802591,0.));
#2398=CARTESIAN_POINT('Origin',(5.20838879299486,-3.13878202802591,0.));
#2399=CARTESIAN_POINT('',(6.00220581839129,-3.4076063422098,0.));
#2400=CARTESIAN_POINT('Origin',(6.06635669371763,-3.21817386032017,0.));
#2401=CARTESIAN_POINT('',(6.25441707059314,-3.15010555161898,0.));
#2402=CARTESIAN_POINT('Origin',(6.25441707059314,-3.15010555161898,0.));
#2403=CARTESIAN_POINT('',(5.80000018510293,-1.8946342115122,0.));
#2404=CARTESIAN_POINT('Origin',(5.80000018510293,-1.8946342115122,0.));
#2405=CARTESIAN_POINT('',(6.53457465335061,-0.572400168666363,0.));
#2406=CARTESIAN_POINT('Origin',(5.245331454453,0.22186489228362,0.));
#2407=CARTESIAN_POINT('',(6.49789491648329,1.07279954696418,0.));
#2408=CARTESIAN_POINT('Origin',(6.49789491648329,1.07279954696418,0.));
#2409=CARTESIAN_POINT('Origin',(5.14423791766852,-0.601774451062744,0.));
#2410=CARTESIAN_POINT('Origin',(5.80000018510293,-1.8946342115122,0.));
#2411=CARTESIAN_POINT('',(5.71258445749077,-1.84606991839434,0.1));
#2412=CARTESIAN_POINT('',(5.71258445749077,-1.84606991839434,0.));
#2413=CARTESIAN_POINT('',(5.70596999666517,-1.9286683658628,0.1));
#2414=CARTESIAN_POINT('Origin',(5.80000018510293,-1.8946342115122,0.1));
#2415=CARTESIAN_POINT('',(5.70596999666517,-1.9286683658628,0.74));
#2416=CARTESIAN_POINT('Origin',(6.53457465335061,-0.572400168666363,0.));
#2417=CARTESIAN_POINT('',(6.44943490798281,-0.519948059474207,0.1));
#2418=CARTESIAN_POINT('',(6.44943490798281,-0.519948059474207,0.));
#2419=CARTESIAN_POINT('',(6.44715892573846,-0.5238358755485,0.1));
#2420=CARTESIAN_POINT('Origin',(6.53457465335061,-0.572400168666363,0.1));
#2421=CARTESIAN_POINT('',(6.44715892573846,-0.5238358755485,0.74));
#2422=CARTESIAN_POINT('Origin',(3.75390118198644,-0.572400168666365,0.));
#2423=CARTESIAN_POINT('',(3.84131690959859,-0.523835875548502,0.1));
#2424=CARTESIAN_POINT('',(3.84131690959859,-0.523835875548502,0.));
#2425=CARTESIAN_POINT('',(3.83904092735424,-0.519948059474208,0.1));
#2426=CARTESIAN_POINT('Origin',(3.75390118198644,-0.572400168666365,0.1));
#2427=CARTESIAN_POINT('',(3.83904092735424,-0.519948059474208,0.74));
#2428=CARTESIAN_POINT('Origin',(4.48847565023412,-1.8946342115122,0.));
#2429=CARTESIAN_POINT('',(4.58250583867188,-1.9286683658628,0.1));
#2430=CARTESIAN_POINT('',(4.58250583867188,-1.9286683658628,0.));
#2431=CARTESIAN_POINT('',(4.57589137784628,-1.84606991839434,0.1));
#2432=CARTESIAN_POINT('Origin',(4.48847565023412,-1.8946342115122,0.1));
#2433=CARTESIAN_POINT('',(4.57589137784628,-1.84606991839434,0.74));
#2434=CARTESIAN_POINT('Origin',(5.14423791766852,-0.601774451062744,0.1));
#2435=CARTESIAN_POINT('',(4.12808895318167,-3.18413970596957,0.1));
#2436=CARTESIAN_POINT('',(4.8273580295054,-1.25218622365052,0.1));
#2437=CARTESIAN_POINT('',(4.25419457928259,-3.31289010126498,0.1));
#2438=CARTESIAN_POINT('Origin',(4.22211914161942,-3.21817386032017,0.1));
#2439=CARTESIAN_POINT('',(5.04801160467902,-3.0440657870811,0.1));
#2440=CARTESIAN_POINT('',(5.06525818178043,-3.03822527331914,0.1));
#2441=CARTESIAN_POINT('',(5.24046423065803,-3.0440657870811,0.1));
#2442=CARTESIAN_POINT('Origin',(5.14423791766852,-3.32821450991555,0.1));
#2443=CARTESIAN_POINT('',(6.03428125605446,-3.31289010126498,0.1));
#2444=CARTESIAN_POINT('',(4.82630914085841,-2.9038131162272,0.1));
#2445=CARTESIAN_POINT('',(6.16038688215538,-3.18413970596957,0.1));
#2446=CARTESIAN_POINT('Origin',(6.06635669371763,-3.21817386032017,0.1));
#2447=CARTESIAN_POINT('',(5.68832624857675,-1.87992189370391,0.1));
#2448=CARTESIAN_POINT('',(5.90968178076608,-1.49129473649878,0.1));
#2449=CARTESIAN_POINT('',(6.41517744757947,1.01660506024043,0.1));
#2450=CARTESIAN_POINT('Origin',(5.245331454453,0.22186489228362,0.1));
#2451=CARTESIAN_POINT('',(6.59064041203133,0.758326123070552,0.1));
#2452=CARTESIAN_POINT('',(3.87329838775758,1.01660506024043,0.1));
#2453=CARTESIAN_POINT('',(4.08568755274434,1.3292388286858,0.1));
#2454=CARTESIAN_POINT('Origin',(5.04314438088405,0.22186489228362,0.1));
#2455=CARTESIAN_POINT('',(4.01150682044712,-0.830177715075863,0.1));
#2456=CARTESIAN_POINT('Origin',(6.06635669371763,-3.21817386032017,0.));
#2457=CARTESIAN_POINT('',(6.03428125605445,-3.31289010126498,0.74));
#2458=CARTESIAN_POINT('',(6.16038688215538,-3.18413970596957,0.));
#2459=CARTESIAN_POINT('Origin',(6.16038688215538,-3.18413970596957,0.));
#2460=CARTESIAN_POINT('Origin',(5.71258445749077,-1.84606991839434,0.));
#2461=CARTESIAN_POINT('Origin',(5.245331454453,0.22186489228362,0.));
#2462=CARTESIAN_POINT('',(6.41517744757947,1.01660506024043,0.));
#2463=CARTESIAN_POINT('Origin',(6.41517744757947,1.01660506024043,0.));
#2464=CARTESIAN_POINT('Origin',(4.64900264663482,2.15843047147093,0.));
#2465=CARTESIAN_POINT('',(3.87329838775758,1.01660506024043,0.));
#2466=CARTESIAN_POINT('Origin',(5.04314438088405,0.22186489228362,0.));
#2467=CARTESIAN_POINT('Origin',(3.84131690959859,-0.523835875548502,0.));
#2468=CARTESIAN_POINT('Origin',(4.58250583867188,-1.9286683658628,0.));
#2469=CARTESIAN_POINT('',(4.12808895318167,-3.18413970596957,0.));
#2470=CARTESIAN_POINT('Origin',(4.22211914161942,-3.21817386032017,0.));
#2471=CARTESIAN_POINT('',(4.25419457928259,-3.31289010126498,0.));
#2472=CARTESIAN_POINT('Origin',(4.25419457928259,-3.31289010126498,0.));
#2473=CARTESIAN_POINT('',(5.04801160467902,-3.0440657870811,0.));
#2474=CARTESIAN_POINT('Origin',(5.14423791766852,-3.32821450991555,0.));
#2475=CARTESIAN_POINT('',(5.24046423065803,-3.0440657870811,0.));
#2476=CARTESIAN_POINT('Origin',(5.24046423065803,-3.0440657870811,0.));
#2477=CARTESIAN_POINT('Origin',(4.28627001694576,-3.4076063422098,0.));
#2478=CARTESIAN_POINT('',(4.28627001694576,-3.4076063422098,0.));
#2479=CARTESIAN_POINT('Origin',(4.22211914161942,-3.21817386032017,0.));
#2480=CARTESIAN_POINT('',(4.03405876474391,-3.15010555161898,0.));
#2481=CARTESIAN_POINT('Origin',(4.48847565023412,-1.8946342115122,0.));
#2482=CARTESIAN_POINT('',(4.48847565023412,-1.8946342115122,0.));
#2483=CARTESIAN_POINT('Origin',(3.75390118198644,-0.572400168666365,0.));
#2484=CARTESIAN_POINT('',(3.75390118198644,-0.572400168666365,0.));
#2485=CARTESIAN_POINT('Origin',(5.04314438088405,0.22186489228362,0.));
#2486=CARTESIAN_POINT('',(3.79058091885376,1.07279954696418,0.));
#2487=CARTESIAN_POINT('Origin',(4.566285177731,2.21462495819468,0.));
#2488=CARTESIAN_POINT('',(4.566285177731,2.21462495819468,0.));
#2489=CARTESIAN_POINT('Origin',(5.72219065760605,2.21462495819468,0.));
#2490=UNCERTAINTY_MEASURE_WITH_UNIT(LENGTH_MEASURE(0.000393700787401575),
#2495,'DISTANCE_ACCURACY_VALUE',
'Maximum model space distance between geometric entities at asserted c
onnectivities');
#2491=UNCERTAINTY_MEASURE_WITH_UNIT(LENGTH_MEASURE(0.000393700787401575),
#2495,'DISTANCE_ACCURACY_VALUE',
'Maximum model space distance between geometric entities at asserted c
onnectivities');
#2492=(
GEOMETRIC_REPRESENTATION_CONTEXT(3)
GLOBAL_UNCERTAINTY_ASSIGNED_CONTEXT((#2490))
GLOBAL_UNIT_ASSIGNED_CONTEXT((#2495,#2499,#2500))
REPRESENTATION_CONTEXT('','3D')
);
#2493=(
GEOMETRIC_REPRESENTATION_CONTEXT(3)
GLOBAL_UNCERTAINTY_ASSIGNED_CONTEXT((#2491))
GLOBAL_UNIT_ASSIGNED_CONTEXT((#2495,#2499,#2500))
REPRESENTATION_CONTEXT('','3D')
);
#2494=DIMENSIONAL_EXPONENTS(1.,0.,0.,0.,0.,0.,0.);
#2495=(
CONVERSION_BASED_UNIT('inch',#2498)
LENGTH_UNIT()
NAMED_UNIT(#2494)
);
#2496=(
LENGTH_UNIT()
NAMED_UNIT(*)
SI_UNIT(.MILLI.,.METRE.)
);
#2497=(
LENGTH_UNIT()
NAMED_UNIT(*)
SI_UNIT($,.METRE.)
);
#2498=LENGTH_MEASURE_WITH_UNIT(LENGTH_MEASURE(25.4),#2496);
#2499=(
NAMED_UNIT(*)
PLANE_ANGLE_UNIT()
SI_UNIT($,.RADIAN.)
);
#2500=(
NAMED_UNIT(*)
SI_UNIT($,.STERADIAN.)
SOLID_ANGLE_UNIT()
);
#2501=SHAPE_DEFINITION_REPRESENTATION(#2502,#2503);
#2502=PRODUCT_DEFINITION_SHAPE('',$,#2505);
#2503=SHAPE_REPRESENTATION('',(#1396),#2492);
#2504=PRODUCT_DEFINITION_CONTEXT('part definition',#2509,'design');
#2505=PRODUCT_DEFINITION('2026-06-02-16-10-59-230','koi case bottom',#2506,
#2504);
#2506=PRODUCT_DEFINITION_FORMATION('',$,#2511);
#2507=PRODUCT_RELATED_PRODUCT_CATEGORY('koi case bottom',
'koi case bottom',(#2511));
#2508=APPLICATION_PROTOCOL_DEFINITION('international standard',
'automotive_design',2009,#2509);
#2509=APPLICATION_CONTEXT(
'Core Data for Automotive Mechanical Design Process');
#2510=PRODUCT_CONTEXT('part definition',#2509,'mechanical');
#2511=PRODUCT('2026-06-02-16-10-59-230','koi case bottom',$,(#2510));
#2512=PRESENTATION_STYLE_ASSIGNMENT((#2514));
#2513=PRESENTATION_STYLE_ASSIGNMENT((#2515));
#2514=SURFACE_STYLE_USAGE(.BOTH.,#2516);
#2515=SURFACE_STYLE_USAGE(.BOTH.,#2517);
#2516=SURFACE_SIDE_STYLE('',(#2518));
#2517=SURFACE_SIDE_STYLE('',(#2519));
#2518=SURFACE_STYLE_FILL_AREA(#2520);
#2519=SURFACE_STYLE_FILL_AREA(#2521);
#2520=FILL_AREA_STYLE('Steel - Satin',(#2522));
#2521=FILL_AREA_STYLE('Plastic-seagreen',(#2523));
#2522=FILL_AREA_STYLE_COLOUR('Steel - Satin',#2524);
#2523=FILL_AREA_STYLE_COLOUR('Plastic-seagreen',#2525);
#2524=COLOUR_RGB('Steel - Satin',0.627450980392157,0.627450980392157,0.627450980392157);
#2525=COLOUR_RGB('Plastic-seagreen',0.627450980392157,0.870588235294118,
1.);
ENDSEC;
END-ISO-10303-21;
