ISO-10303-21;
HEADER;
/* Generated by software containing ST-Developer
 * from STEP Tools, Inc. (www.steptools.com) 
 */

FILE_DESCRIPTION(
/* description */ (''),
/* implementation_level */ '2;1');

FILE_NAME(
/* name */ 'koi case bottom.step',
/* time_stamp */ '2026-06-10T17:10:48-04:00',
/* author */ (''),
/* organization */ (''),
/* preprocessor_version */ 'ST-DEVELOPER v20.1',
/* originating_system */ 'Autodesk Translation Framework v15.8.0.0',
/* authorisation */ '');

FILE_SCHEMA (('AUTOMOTIVE_DESIGN { 1 0 10303 214 3 1 1 }'));
ENDSEC;

DATA;
#10=MECHANICAL_DESIGN_GEOMETRIC_PRESENTATION_REPRESENTATION('',(#13),#2829);
#11=SHAPE_REPRESENTATION_RELATIONSHIP('SRR','None',#2839,#12);
#12=ADVANCED_BREP_SHAPE_REPRESENTATION('',(#14),#2828);
#13=STYLED_ITEM('',(#2849),#14);
#14=MANIFOLD_SOLID_BREP('Body1',#1575);
#15=TOROIDAL_SURFACE('',#1688,1.21426715375776,0.3);
#16=TOROIDAL_SURFACE('',#1693,1.21426715375777,0.3);
#17=TOROIDAL_SURFACE('',#1701,0.500000000000003,0.3);
#18=B_SPLINE_SURFACE_WITH_KNOTS('',3,3,((#2514,#2515,#2516,#2517,#2518,
#2519,#2520,#2521,#2522),(#2523,#2524,#2525,#2526,#2527,#2528,#2529,#2530,
#2531),(#2532,#2533,#2534,#2535,#2536,#2537,#2538,#2539,#2540),(#2541,#2542,
#2543,#2544,#2545,#2546,#2547,#2548,#2549),(#2550,#2551,#2552,#2553,#2554,
#2555,#2556,#2557,#2558),(#2559,#2560,#2561,#2562,#2563,#2564,#2565,#2566,
#2567),(#2568,#2569,#2570,#2571,#2572,#2573,#2574,#2575,#2576)),
 .UNSPECIFIED.,.F.,.F.,.F.,(4,1,1,1,4),(4,1,1,1,1,1,4),(0.,0.285714285714286,
0.571428571428571,0.857142857142857,1.),(-1.5707963267949,-0.897597901025655,
-0.673198425769241,-0.448798950512828,-0.224399475256414,-0.112199737628207,
-1.0927391974657E-16),.UNSPECIFIED.);
#19=B_SPLINE_SURFACE_WITH_KNOTS('',3,3,((#2583,#2584,#2585,#2586,#2587,
#2588,#2589,#2590,#2591),(#2592,#2593,#2594,#2595,#2596,#2597,#2598,#2599,
#2600),(#2601,#2602,#2603,#2604,#2605,#2606,#2607,#2608,#2609),(#2610,#2611,
#2612,#2613,#2614,#2615,#2616,#2617,#2618),(#2619,#2620,#2621,#2622,#2623,
#2624,#2625,#2626,#2627),(#2628,#2629,#2630,#2631,#2632,#2633,#2634,#2635,
#2636),(#2637,#2638,#2639,#2640,#2641,#2642,#2643,#2644,#2645)),
 .UNSPECIFIED.,.F.,.F.,.F.,(4,1,1,1,4),(4,1,1,1,1,1,4),(0.,0.285714285714286,
0.571428571428571,0.857142857142857,1.),(-1.5707963267949,-0.897597901025655,
-0.673198425769241,-0.448798950512827,-0.224399475256414,-0.112199737628207,
0.),.UNSPECIFIED.);
#20=B_SPLINE_CURVE_WITH_KNOTS('',3,(#2476,#2477,#2478,#2479,#2480,#2481,
#2482,#2483,#2484,#2485,#2486,#2487,#2488,#2489),.UNSPECIFIED.,.F.,.F.,
(4,2,2,2,2,2,4),(1.80215158461625,2.20632124244936,2.46144421274611,2.71656718304286,
2.9716901533396,3.22681312363635,3.63098278146946),.UNSPECIFIED.);
#21=B_SPLINE_CURVE_WITH_KNOTS('',3,(#2663,#2664,#2665,#2666,#2667,#2668,
#2669,#2670,#2671,#2672,#2673,#2674),.UNSPECIFIED.,.F.,.F.,(4,2,2,2,2,4),
(-0.0028707429284754,0.,0.305097686599009,0.602818481790505,0.900460262350682,
1.19806440320812),.UNSPECIFIED.);
#22=B_SPLINE_CURVE_WITH_KNOTS('',3,(#2695,#2696,#2697,#2698,#2699,#2700,
#2701,#2702,#2703,#2704,#2705,#2706),.UNSPECIFIED.,.F.,.F.,(4,2,2,2,2,4),
(-2.39899954993271,-2.39612880700031,-2.09103112032658,-1.79331032506077,
-1.49566854442629,-1.1980644034946),.UNSPECIFIED.);
#23=ELLIPSE('',#1637,0.0222710797279697,0.0157480315);
#24=ELLIPSE('',#1638,0.0222710797279877,0.0157480315);
#25=ELLIPSE('',#1644,0.0222710797279787,0.0157480315);
#26=ELLIPSE('',#1645,0.0222710797279787,0.0157480315);
#27=ELLIPSE('',#1651,0.022271079722402,0.015748031496063);
#28=ELLIPSE('',#1652,0.0222710797224199,0.015748031496063);
#29=ELLIPSE('',#1658,0.022271079722411,0.015748031496063);
#30=ELLIPSE('',#1659,0.0222710797224109,0.015748031496063);
#31=ELLIPSE('',#1675,0.339471564898854,0.3);
#32=ELLIPSE('',#1676,0.339471564898854,0.3);
#33=ELLIPSE('',#1678,0.364947243530198,0.3);
#34=ELLIPSE('',#1679,0.364947243530198,0.3);
#35=ELLIPSE('',#1681,0.364947243530199,0.3);
#36=ELLIPSE('',#1682,0.3649472435302,0.3);
#37=ELLIPSE('',#1684,0.329621844355435,0.3);
#38=ELLIPSE('',#1697,0.329621844355435,0.3);
#39=FACE_BOUND('',#193,.T.);
#40=FACE_BOUND('',#196,.T.);
#41=FACE_BOUND('',#199,.T.);
#42=FACE_BOUND('',#202,.T.);
#43=FACE_BOUND('',#259,.T.);
#44=FACE_BOUND('',#260,.T.);
#45=FACE_BOUND('',#261,.T.);
#46=FACE_BOUND('',#262,.T.);
#47=FACE_BOUND('',#268,.T.);
#48=FACE_BOUND('',#269,.T.);
#49=FACE_BOUND('',#270,.T.);
#50=FACE_BOUND('',#271,.T.);
#51=FACE_BOUND('',#275,.T.);
#52=FACE_BOUND('',#278,.T.);
#53=FACE_BOUND('',#280,.T.);
#54=FACE_BOUND('',#283,.T.);
#55=PLANE('',#1592);
#56=PLANE('',#1597);
#57=PLANE('',#1602);
#58=PLANE('',#1607);
#59=PLANE('',#1617);
#60=PLANE('',#1618);
#61=PLANE('',#1619);
#62=PLANE('',#1620);
#63=PLANE('',#1621);
#64=PLANE('',#1639);
#65=PLANE('',#1640);
#66=PLANE('',#1641);
#67=PLANE('',#1642);
#68=PLANE('',#1646);
#69=PLANE('',#1647);
#70=PLANE('',#1648);
#71=PLANE('',#1649);
#72=PLANE('',#1653);
#73=PLANE('',#1654);
#74=PLANE('',#1655);
#75=PLANE('',#1656);
#76=PLANE('',#1660);
#77=PLANE('',#1661);
#78=PLANE('',#1662);
#79=PLANE('',#1663);
#80=PLANE('',#1668);
#81=PLANE('',#1670);
#82=PLANE('',#1672);
#83=PLANE('',#1707);
#84=PLANE('',#1709);
#85=PLANE('',#1710);
#86=PLANE('',#1712);
#87=PLANE('',#1713);
#88=PLANE('',#1722);
#89=PLANE('',#1729);
#90=PLANE('',#1730);
#91=PLANE('',#1732);
#92=PLANE('',#1733);
#93=PLANE('',#1735);
#94=PLANE('',#1736);
#95=PLANE('',#1738);
#96=PLANE('',#1740);
#97=PLANE('',#1741);
#98=PLANE('',#1743);
#99=PLANE('',#1744);
#100=PLANE('',#1746);
#101=PLANE('',#1747);
#102=FACE_OUTER_BOUND('',#191,.T.);
#103=FACE_OUTER_BOUND('',#192,.T.);
#104=FACE_OUTER_BOUND('',#194,.T.);
#105=FACE_OUTER_BOUND('',#195,.T.);
#106=FACE_OUTER_BOUND('',#197,.T.);
#107=FACE_OUTER_BOUND('',#198,.T.);
#108=FACE_OUTER_BOUND('',#200,.T.);
#109=FACE_OUTER_BOUND('',#201,.T.);
#110=FACE_OUTER_BOUND('',#203,.T.);
#111=FACE_OUTER_BOUND('',#204,.T.);
#112=FACE_OUTER_BOUND('',#205,.T.);
#113=FACE_OUTER_BOUND('',#206,.T.);
#114=FACE_OUTER_BOUND('',#207,.T.);
#115=FACE_OUTER_BOUND('',#208,.T.);
#116=FACE_OUTER_BOUND('',#209,.T.);
#117=FACE_OUTER_BOUND('',#210,.T.);
#118=FACE_OUTER_BOUND('',#211,.T.);
#119=FACE_OUTER_BOUND('',#212,.T.);
#120=FACE_OUTER_BOUND('',#213,.T.);
#121=FACE_OUTER_BOUND('',#214,.T.);
#122=FACE_OUTER_BOUND('',#215,.T.);
#123=FACE_OUTER_BOUND('',#216,.T.);
#124=FACE_OUTER_BOUND('',#217,.T.);
#125=FACE_OUTER_BOUND('',#218,.T.);
#126=FACE_OUTER_BOUND('',#219,.T.);
#127=FACE_OUTER_BOUND('',#220,.T.);
#128=FACE_OUTER_BOUND('',#221,.T.);
#129=FACE_OUTER_BOUND('',#222,.T.);
#130=FACE_OUTER_BOUND('',#223,.T.);
#131=FACE_OUTER_BOUND('',#224,.T.);
#132=FACE_OUTER_BOUND('',#225,.T.);
#133=FACE_OUTER_BOUND('',#226,.T.);
#134=FACE_OUTER_BOUND('',#227,.T.);
#135=FACE_OUTER_BOUND('',#228,.T.);
#136=FACE_OUTER_BOUND('',#229,.T.);
#137=FACE_OUTER_BOUND('',#230,.T.);
#138=FACE_OUTER_BOUND('',#231,.T.);
#139=FACE_OUTER_BOUND('',#232,.T.);
#140=FACE_OUTER_BOUND('',#233,.T.);
#141=FACE_OUTER_BOUND('',#234,.T.);
#142=FACE_OUTER_BOUND('',#235,.T.);
#143=FACE_OUTER_BOUND('',#236,.T.);
#144=FACE_OUTER_BOUND('',#237,.T.);
#145=FACE_OUTER_BOUND('',#238,.T.);
#146=FACE_OUTER_BOUND('',#239,.T.);
#147=FACE_OUTER_BOUND('',#240,.T.);
#148=FACE_OUTER_BOUND('',#241,.T.);
#149=FACE_OUTER_BOUND('',#242,.T.);
#150=FACE_OUTER_BOUND('',#243,.T.);
#151=FACE_OUTER_BOUND('',#244,.T.);
#152=FACE_OUTER_BOUND('',#245,.T.);
#153=FACE_OUTER_BOUND('',#246,.T.);
#154=FACE_OUTER_BOUND('',#247,.T.);
#155=FACE_OUTER_BOUND('',#248,.T.);
#156=FACE_OUTER_BOUND('',#249,.T.);
#157=FACE_OUTER_BOUND('',#250,.T.);
#158=FACE_OUTER_BOUND('',#251,.T.);
#159=FACE_OUTER_BOUND('',#252,.T.);
#160=FACE_OUTER_BOUND('',#253,.T.);
#161=FACE_OUTER_BOUND('',#254,.T.);
#162=FACE_OUTER_BOUND('',#255,.T.);
#163=FACE_OUTER_BOUND('',#256,.T.);
#164=FACE_OUTER_BOUND('',#257,.T.);
#165=FACE_OUTER_BOUND('',#258,.T.);
#166=FACE_OUTER_BOUND('',#263,.T.);
#167=FACE_OUTER_BOUND('',#264,.T.);
#168=FACE_OUTER_BOUND('',#265,.T.);
#169=FACE_OUTER_BOUND('',#266,.T.);
#170=FACE_OUTER_BOUND('',#267,.T.);
#171=FACE_OUTER_BOUND('',#272,.T.);
#172=FACE_OUTER_BOUND('',#273,.T.);
#173=FACE_OUTER_BOUND('',#274,.T.);
#174=FACE_OUTER_BOUND('',#276,.T.);
#175=FACE_OUTER_BOUND('',#277,.T.);
#176=FACE_OUTER_BOUND('',#279,.T.);
#177=FACE_OUTER_BOUND('',#281,.T.);
#178=FACE_OUTER_BOUND('',#282,.T.);
#179=FACE_OUTER_BOUND('',#284,.T.);
#180=FACE_OUTER_BOUND('',#285,.T.);
#181=FACE_OUTER_BOUND('',#286,.T.);
#182=FACE_OUTER_BOUND('',#287,.T.);
#183=FACE_OUTER_BOUND('',#288,.T.);
#184=FACE_OUTER_BOUND('',#289,.T.);
#185=FACE_OUTER_BOUND('',#290,.T.);
#186=FACE_OUTER_BOUND('',#291,.T.);
#187=FACE_OUTER_BOUND('',#292,.T.);
#188=FACE_OUTER_BOUND('',#293,.T.);
#189=FACE_OUTER_BOUND('',#294,.T.);
#190=FACE_OUTER_BOUND('',#295,.T.);
#191=EDGE_LOOP('',(#1007,#1008,#1009,#1010));
#192=EDGE_LOOP('',(#1011));
#193=EDGE_LOOP('',(#1012));
#194=EDGE_LOOP('',(#1013,#1014,#1015,#1016));
#195=EDGE_LOOP('',(#1017));
#196=EDGE_LOOP('',(#1018));
#197=EDGE_LOOP('',(#1019,#1020,#1021,#1022));
#198=EDGE_LOOP('',(#1023));
#199=EDGE_LOOP('',(#1024));
#200=EDGE_LOOP('',(#1025,#1026,#1027,#1028));
#201=EDGE_LOOP('',(#1029));
#202=EDGE_LOOP('',(#1030));
#203=EDGE_LOOP('',(#1031,#1032,#1033,#1034));
#204=EDGE_LOOP('',(#1035,#1036,#1037,#1038));
#205=EDGE_LOOP('',(#1039,#1040,#1041,#1042));
#206=EDGE_LOOP('',(#1043,#1044,#1045,#1046));
#207=EDGE_LOOP('',(#1047,#1048,#1049,#1050));
#208=EDGE_LOOP('',(#1051,#1052,#1053,#1054));
#209=EDGE_LOOP('',(#1055,#1056,#1057,#1058));
#210=EDGE_LOOP('',(#1059,#1060,#1061,#1062));
#211=EDGE_LOOP('',(#1063,#1064,#1065,#1066,#1067,#1068,#1069,#1070,#1071,
#1072,#1073,#1074,#1075,#1076,#1077,#1078,#1079,#1080,#1081,#1082,#1083,
#1084,#1085,#1086,#1087,#1088,#1089,#1090,#1091,#1092,#1093,#1094,#1095,
#1096,#1097,#1098,#1099,#1100,#1101,#1102));
#212=EDGE_LOOP('',(#1103,#1104,#1105,#1106));
#213=EDGE_LOOP('',(#1107,#1108,#1109,#1110));
#214=EDGE_LOOP('',(#1111,#1112,#1113,#1114));
#215=EDGE_LOOP('',(#1115,#1116,#1117,#1118));
#216=EDGE_LOOP('',(#1119,#1120,#1121,#1122));
#217=EDGE_LOOP('',(#1123,#1124,#1125,#1126));
#218=EDGE_LOOP('',(#1127,#1128,#1129,#1130));
#219=EDGE_LOOP('',(#1131,#1132,#1133,#1134));
#220=EDGE_LOOP('',(#1135,#1136,#1137,#1138));
#221=EDGE_LOOP('',(#1139,#1140,#1141,#1142));
#222=EDGE_LOOP('',(#1143,#1144,#1145,#1146));
#223=EDGE_LOOP('',(#1147,#1148,#1149,#1150));
#224=EDGE_LOOP('',(#1151,#1152,#1153,#1154));
#225=EDGE_LOOP('',(#1155,#1156,#1157,#1158));
#226=EDGE_LOOP('',(#1159,#1160,#1161,#1162));
#227=EDGE_LOOP('',(#1163,#1164,#1165,#1166));
#228=EDGE_LOOP('',(#1167,#1168,#1169,#1170));
#229=EDGE_LOOP('',(#1171,#1172,#1173,#1174));
#230=EDGE_LOOP('',(#1175,#1176,#1177,#1178));
#231=EDGE_LOOP('',(#1179,#1180,#1181,#1182));
#232=EDGE_LOOP('',(#1183,#1184,#1185,#1186,#1187,#1188));
#233=EDGE_LOOP('',(#1189,#1190,#1191,#1192,#1193,#1194,#1195,#1196));
#234=EDGE_LOOP('',(#1197,#1198,#1199,#1200,#1201,#1202,#1203,#1204));
#235=EDGE_LOOP('',(#1205,#1206,#1207,#1208,#1209));
#236=EDGE_LOOP('',(#1210,#1211,#1212,#1213));
#237=EDGE_LOOP('',(#1214,#1215,#1216,#1217,#1218,#1219));
#238=EDGE_LOOP('',(#1220,#1221,#1222));
#239=EDGE_LOOP('',(#1223,#1224,#1225));
#240=EDGE_LOOP('',(#1226,#1227,#1228,#1229));
#241=EDGE_LOOP('',(#1230,#1231,#1232,#1233));
#242=EDGE_LOOP('',(#1234,#1235,#1236,#1237));
#243=EDGE_LOOP('',(#1238,#1239,#1240,#1241));
#244=EDGE_LOOP('',(#1242,#1243,#1244,#1245));
#245=EDGE_LOOP('',(#1246,#1247,#1248,#1249));
#246=EDGE_LOOP('',(#1250,#1251,#1252,#1253));
#247=EDGE_LOOP('',(#1254,#1255,#1256,#1257));
#248=EDGE_LOOP('',(#1258,#1259,#1260,#1261));
#249=EDGE_LOOP('',(#1262,#1263,#1264,#1265));
#250=EDGE_LOOP('',(#1266,#1267,#1268,#1269));
#251=EDGE_LOOP('',(#1270,#1271,#1272,#1273));
#252=EDGE_LOOP('',(#1274,#1275,#1276,#1277));
#253=EDGE_LOOP('',(#1278,#1279,#1280,#1281));
#254=EDGE_LOOP('',(#1282,#1283,#1284,#1285));
#255=EDGE_LOOP('',(#1286,#1287,#1288,#1289));
#256=EDGE_LOOP('',(#1290,#1291,#1292,#1293));
#257=EDGE_LOOP('',(#1294,#1295,#1296,#1297));
#258=EDGE_LOOP('',(#1298,#1299,#1300,#1301,#1302,#1303,#1304,#1305,#1306,
#1307,#1308,#1309));
#259=EDGE_LOOP('',(#1310));
#260=EDGE_LOOP('',(#1311));
#261=EDGE_LOOP('',(#1312));
#262=EDGE_LOOP('',(#1313));
#263=EDGE_LOOP('',(#1314,#1315,#1316,#1317));
#264=EDGE_LOOP('',(#1318,#1319,#1320,#1321));
#265=EDGE_LOOP('',(#1322,#1323,#1324,#1325));
#266=EDGE_LOOP('',(#1326,#1327,#1328,#1329));
#267=EDGE_LOOP('',(#1330,#1331,#1332,#1333,#1334,#1335,#1336,#1337,#1338,
#1339,#1340,#1341,#1342,#1343,#1344,#1345,#1346,#1347));
#268=EDGE_LOOP('',(#1348));
#269=EDGE_LOOP('',(#1349));
#270=EDGE_LOOP('',(#1350));
#271=EDGE_LOOP('',(#1351));
#272=EDGE_LOOP('',(#1352,#1353,#1354,#1355));
#273=EDGE_LOOP('',(#1356,#1357,#1358,#1359));
#274=EDGE_LOOP('',(#1360,#1361,#1362,#1363));
#275=EDGE_LOOP('',(#1364,#1365,#1366,#1367));
#276=EDGE_LOOP('',(#1368,#1369,#1370,#1371));
#277=EDGE_LOOP('',(#1372,#1373,#1374,#1375));
#278=EDGE_LOOP('',(#1376,#1377,#1378,#1379));
#279=EDGE_LOOP('',(#1380,#1381,#1382,#1383));
#280=EDGE_LOOP('',(#1384,#1385,#1386,#1387));
#281=EDGE_LOOP('',(#1388,#1389,#1390,#1391));
#282=EDGE_LOOP('',(#1392,#1393,#1394,#1395));
#283=EDGE_LOOP('',(#1396,#1397,#1398,#1399));
#284=EDGE_LOOP('',(#1400,#1401,#1402,#1403));
#285=EDGE_LOOP('',(#1404,#1405,#1406,#1407));
#286=EDGE_LOOP('',(#1408,#1409,#1410,#1411));
#287=EDGE_LOOP('',(#1412,#1413,#1414,#1415));
#288=EDGE_LOOP('',(#1416,#1417,#1418,#1419));
#289=EDGE_LOOP('',(#1420,#1421,#1422,#1423));
#290=EDGE_LOOP('',(#1424,#1425,#1426,#1427));
#291=EDGE_LOOP('',(#1428,#1429,#1430,#1431));
#292=EDGE_LOOP('',(#1432,#1433,#1434,#1435));
#293=EDGE_LOOP('',(#1436,#1437,#1438,#1439));
#294=EDGE_LOOP('',(#1440,#1441,#1442,#1443));
#295=EDGE_LOOP('',(#1444,#1445,#1446,#1447,#1448));
#296=LINE('',#2219,#442);
#297=LINE('',#2228,#443);
#298=LINE('',#2237,#444);
#299=LINE('',#2246,#445);
#300=LINE('',#2254,#446);
#301=LINE('',#2258,#447);
#302=LINE('',#2262,#448);
#303=LINE('',#2266,#449);
#304=LINE('',#2270,#450);
#305=LINE('',#2272,#451);
#306=LINE('',#2274,#452);
#307=LINE('',#2275,#453);
#308=LINE('',#2279,#454);
#309=LINE('',#2281,#455);
#310=LINE('',#2283,#456);
#311=LINE('',#2284,#457);
#312=LINE('',#2288,#458);
#313=LINE('',#2290,#459);
#314=LINE('',#2292,#460);
#315=LINE('',#2293,#461);
#316=LINE('',#2297,#462);
#317=LINE('',#2299,#463);
#318=LINE('',#2301,#464);
#319=LINE('',#2302,#465);
#320=LINE('',#2306,#466);
#321=LINE('',#2312,#467);
#322=LINE('',#2316,#468);
#323=LINE('',#2320,#469);
#324=LINE('',#2324,#470);
#325=LINE('',#2328,#471);
#326=LINE('',#2332,#472);
#327=LINE('',#2338,#473);
#328=LINE('',#2339,#474);
#329=LINE('',#2340,#475);
#330=LINE('',#2342,#476);
#331=LINE('',#2344,#477);
#332=LINE('',#2348,#478);
#333=LINE('',#2350,#479);
#334=LINE('',#2354,#480);
#335=LINE('',#2358,#481);
#336=LINE('',#2362,#482);
#337=LINE('',#2364,#483);
#338=LINE('',#2368,#484);
#339=LINE('',#2369,#485);
#340=LINE('',#2370,#486);
#341=LINE('',#2371,#487);
#342=LINE('',#2377,#488);
#343=LINE('',#2380,#489);
#344=LINE('',#2383,#490);
#345=LINE('',#2385,#491);
#346=LINE('',#2386,#492);
#347=LINE('',#2389,#493);
#348=LINE('',#2390,#494);
#349=LINE('',#2393,#495);
#350=LINE('',#2394,#496);
#351=LINE('',#2396,#497);
#352=LINE('',#2402,#498);
#353=LINE('',#2405,#499);
#354=LINE('',#2408,#500);
#355=LINE('',#2410,#501);
#356=LINE('',#2411,#502);
#357=LINE('',#2414,#503);
#358=LINE('',#2415,#504);
#359=LINE('',#2418,#505);
#360=LINE('',#2419,#506);
#361=LINE('',#2421,#507);
#362=LINE('',#2427,#508);
#363=LINE('',#2430,#509);
#364=LINE('',#2433,#510);
#365=LINE('',#2435,#511);
#366=LINE('',#2436,#512);
#367=LINE('',#2439,#513);
#368=LINE('',#2440,#514);
#369=LINE('',#2443,#515);
#370=LINE('',#2444,#516);
#371=LINE('',#2446,#517);
#372=LINE('',#2452,#518);
#373=LINE('',#2455,#519);
#374=LINE('',#2458,#520);
#375=LINE('',#2460,#521);
#376=LINE('',#2461,#522);
#377=LINE('',#2464,#523);
#378=LINE('',#2465,#524);
#379=LINE('',#2468,#525);
#380=LINE('',#2469,#526);
#381=LINE('',#2471,#527);
#382=LINE('',#2496,#528);
#383=LINE('',#2498,#529);
#384=LINE('',#2499,#530);
#385=LINE('',#2503,#531);
#386=LINE('',#2504,#532);
#387=LINE('',#2510,#533);
#388=LINE('',#2513,#534);
#389=LINE('',#2654,#535);
#390=LINE('',#2657,#536);
#391=LINE('',#2660,#537);
#392=LINE('',#2662,#538);
#393=LINE('',#2677,#539);
#394=LINE('',#2680,#540);
#395=LINE('',#2686,#541);
#396=LINE('',#2689,#542);
#397=LINE('',#2709,#543);
#398=LINE('',#2712,#544);
#399=LINE('',#2714,#545);
#400=LINE('',#2715,#546);
#401=LINE('',#2718,#547);
#402=LINE('',#2721,#548);
#403=LINE('',#2729,#549);
#404=LINE('',#2730,#550);
#405=LINE('',#2732,#551);
#406=LINE('',#2733,#552);
#407=LINE('',#2735,#553);
#408=LINE('',#2737,#554);
#409=LINE('',#2739,#555);
#410=LINE('',#2741,#556);
#411=LINE('',#2743,#557);
#412=LINE('',#2748,#558);
#413=LINE('',#2751,#559);
#414=LINE('',#2754,#560);
#415=LINE('',#2757,#561);
#416=LINE('',#2760,#562);
#417=LINE('',#2763,#563);
#418=LINE('',#2766,#564);
#419=LINE('',#2769,#565);
#420=LINE('',#2772,#566);
#421=LINE('',#2776,#567);
#422=LINE('',#2780,#568);
#423=LINE('',#2783,#569);
#424=LINE('',#2784,#570);
#425=LINE('',#2787,#571);
#426=LINE('',#2789,#572);
#427=LINE('',#2791,#573);
#428=LINE('',#2793,#574);
#429=LINE('',#2794,#575);
#430=LINE('',#2798,#576);
#431=LINE('',#2801,#577);
#432=LINE('',#2805,#578);
#433=LINE('',#2807,#579);
#434=LINE('',#2809,#580);
#435=LINE('',#2811,#581);
#436=LINE('',#2814,#582);
#437=LINE('',#2816,#583);
#438=LINE('',#2818,#584);
#439=LINE('',#2820,#585);
#440=LINE('',#2822,#586);
#441=LINE('',#2824,#587);
#442=VECTOR('',#1754,0.0723385826771654);
#443=VECTOR('',#1765,0.0723385826771654);
#444=VECTOR('',#1776,0.0723385826771654);
#445=VECTOR('',#1787,0.0723385826771654);
#446=VECTOR('',#1798,0.0413385826771655);
#447=VECTOR('',#1803,0.0413385826771655);
#448=VECTOR('',#1808,0.0413385826771655);
#449=VECTOR('',#1813,0.0413385826771655);
#450=VECTOR('',#1816,0.393700787401575);
#451=VECTOR('',#1817,0.393700787401575);
#452=VECTOR('',#1818,0.393700787401575);
#453=VECTOR('',#1819,0.393700787401575);
#454=VECTOR('',#1822,0.393700787401575);
#455=VECTOR('',#1823,0.393700787401575);
#456=VECTOR('',#1824,0.393700787401575);
#457=VECTOR('',#1825,0.393700787401575);
#458=VECTOR('',#1828,0.393700787401575);
#459=VECTOR('',#1829,0.393700787401575);
#460=VECTOR('',#1830,0.393700787401575);
#461=VECTOR('',#1831,0.393700787401575);
#462=VECTOR('',#1834,0.393700787401575);
#463=VECTOR('',#1835,0.393700787401575);
#464=VECTOR('',#1836,0.393700787401575);
#465=VECTOR('',#1837,0.393700787401575);
#466=VECTOR('',#1840,0.393700787401575);
#467=VECTOR('',#1845,0.393700787401575);
#468=VECTOR('',#1848,0.393700787401575);
#469=VECTOR('',#1851,0.393700787401575);
#470=VECTOR('',#1854,0.393700787401575);
#471=VECTOR('',#1857,0.393700787401575);
#472=VECTOR('',#1860,0.393700787401575);
#473=VECTOR('',#1865,0.393700787401575);
#474=VECTOR('',#1866,0.393700787401575);
#475=VECTOR('',#1867,0.393700787401575);
#476=VECTOR('',#1868,0.393700787401575);
#477=VECTOR('',#1869,0.393700787401575);
#478=VECTOR('',#1872,0.393700787401575);
#479=VECTOR('',#1873,0.393700787401575);
#480=VECTOR('',#1876,0.393700787401575);
#481=VECTOR('',#1879,0.393700787401575);
#482=VECTOR('',#1882,0.393700787401575);
#483=VECTOR('',#1883,0.393700787401575);
#484=VECTOR('',#1886,0.393700787401575);
#485=VECTOR('',#1887,0.393700787401575);
#486=VECTOR('',#1888,0.393700787401575);
#487=VECTOR('',#1889,0.393700787401575);
#488=VECTOR('',#1894,0.393700787401575);
#489=VECTOR('',#1897,0.393700787401575);
#490=VECTOR('',#1900,0.393700787401575);
#491=VECTOR('',#1901,0.393700787401575);
#492=VECTOR('',#1902,0.393700787401575);
#493=VECTOR('',#1905,0.393700787401575);
#494=VECTOR('',#1906,0.393700787401575);
#495=VECTOR('',#1909,0.393700787401575);
#496=VECTOR('',#1910,0.393700787401575);
#497=VECTOR('',#1913,0.393700787401575);
#498=VECTOR('',#1918,0.393700787401575);
#499=VECTOR('',#1921,0.393700787401575);
#500=VECTOR('',#1924,0.393700787401575);
#501=VECTOR('',#1925,0.393700787401575);
#502=VECTOR('',#1926,0.393700787401575);
#503=VECTOR('',#1929,0.393700787401575);
#504=VECTOR('',#1930,0.393700787401575);
#505=VECTOR('',#1933,0.393700787401575);
#506=VECTOR('',#1934,0.393700787401575);
#507=VECTOR('',#1937,0.393700787401575);
#508=VECTOR('',#1942,0.393700787401575);
#509=VECTOR('',#1945,0.393700787401575);
#510=VECTOR('',#1948,0.393700787401575);
#511=VECTOR('',#1949,0.393700787401575);
#512=VECTOR('',#1950,0.393700787401575);
#513=VECTOR('',#1953,0.393700787401575);
#514=VECTOR('',#1954,0.393700787401575);
#515=VECTOR('',#1957,0.393700787401575);
#516=VECTOR('',#1958,0.393700787401575);
#517=VECTOR('',#1961,0.393700787401575);
#518=VECTOR('',#1966,0.393700787401575);
#519=VECTOR('',#1969,0.393700787401575);
#520=VECTOR('',#1972,0.393700787401575);
#521=VECTOR('',#1973,0.393700787401575);
#522=VECTOR('',#1974,0.393700787401575);
#523=VECTOR('',#1977,0.393700787401575);
#524=VECTOR('',#1978,0.393700787401575);
#525=VECTOR('',#1981,0.393700787401575);
#526=VECTOR('',#1982,0.393700787401575);
#527=VECTOR('',#1985,0.393700787401575);
#528=VECTOR('',#2000,0.393700787401575);
#529=VECTOR('',#2001,0.393700787401575);
#530=VECTOR('',#2002,0.393700787401575);
#531=VECTOR('',#2007,0.393700787401575);
#532=VECTOR('',#2008,0.393700787401575);
#533=VECTOR('',#2015,0.393700787401575);
#534=VECTOR('',#2018,0.393700787401575);
#535=VECTOR('',#2033,0.393700787401575);
#536=VECTOR('',#2036,0.393700787401575);
#537=VECTOR('',#2039,0.393700787401575);
#538=VECTOR('',#2040,0.393700787401575);
#539=VECTOR('',#2043,0.393700787401575);
#540=VECTOR('',#2046,0.393700787401575);
#541=VECTOR('',#2055,0.393700787401575);
#542=VECTOR('',#2058,0.393700787401575);
#543=VECTOR('',#2067,0.393700787401575);
#544=VECTOR('',#2070,0.393700787401575);
#545=VECTOR('',#2073,0.393700787401575);
#546=VECTOR('',#2074,0.393700787401575);
#547=VECTOR('',#2077,0.393700787401575);
#548=VECTOR('',#2080,0.393700787401575);
#549=VECTOR('',#2091,0.393700787401575);
#550=VECTOR('',#2092,0.393700787401575);
#551=VECTOR('',#2095,0.393700787401575);
#552=VECTOR('',#2096,0.393700787401575);
#553=VECTOR('',#2099,0.393700787401575);
#554=VECTOR('',#2102,0.393700787401575);
#555=VECTOR('',#2105,0.393700787401575);
#556=VECTOR('',#2108,0.393700787401575);
#557=VECTOR('',#2111,0.393700787401575);
#558=VECTOR('',#2118,0.393700787401575);
#559=VECTOR('',#2121,0.393700787401575);
#560=VECTOR('',#2124,0.393700787401575);
#561=VECTOR('',#2127,0.393700787401575);
#562=VECTOR('',#2130,0.393700787401575);
#563=VECTOR('',#2133,0.393700787401575);
#564=VECTOR('',#2136,0.393700787401575);
#565=VECTOR('',#2139,0.393700787401575);
#566=VECTOR('',#2142,0.393700787401575);
#567=VECTOR('',#2145,0.393700787401575);
#568=VECTOR('',#2148,0.393700787401575);
#569=VECTOR('',#2151,0.393700787401575);
#570=VECTOR('',#2152,0.393700787401575);
#571=VECTOR('',#2155,0.393700787401575);
#572=VECTOR('',#2156,0.393700787401575);
#573=VECTOR('',#2159,0.393700787401575);
#574=VECTOR('',#2162,0.393700787401575);
#575=VECTOR('',#2163,0.393700787401575);
#576=VECTOR('',#2170,0.393700787401575);
#577=VECTOR('',#2175,0.393700787401575);
#578=VECTOR('',#2182,0.393700787401575);
#579=VECTOR('',#2185,0.393700787401575);
#580=VECTOR('',#2188,0.393700787401575);
#581=VECTOR('',#2191,0.393700787401575);
#582=VECTOR('',#2196,0.393700787401575);
#583=VECTOR('',#2199,0.393700787401575);
#584=VECTOR('',#2202,0.393700787401575);
#585=VECTOR('',#2205,0.393700787401575);
#586=VECTOR('',#2208,0.393700787401575);
#587=VECTOR('',#2211,0.393700787401575);
#588=CIRCLE('',#1590,0.0723385826771654);
#589=CIRCLE('',#1591,0.0723385826771654);
#590=CIRCLE('',#1593,0.0413385826771655);
#591=CIRCLE('',#1595,0.0723385826771654);
#592=CIRCLE('',#1596,0.0723385826771654);
#593=CIRCLE('',#1598,0.0413385826771655);
#594=CIRCLE('',#1600,0.0723385826771654);
#595=CIRCLE('',#1601,0.0723385826771654);
#596=CIRCLE('',#1603,0.0413385826771655);
#597=CIRCLE('',#1605,0.0723385826771654);
#598=CIRCLE('',#1606,0.0723385826771654);
#599=CIRCLE('',#1608,0.0413385826771655);
#600=CIRCLE('',#1610,0.0413385826771655);
#601=CIRCLE('',#1612,0.0413385826771655);
#602=CIRCLE('',#1614,0.0413385826771655);
#603=CIRCLE('',#1616,0.0413385826771655);
#604=CIRCLE('',#1622,1.41426715375777);
#605=CIRCLE('',#1623,0.1);
#606=CIRCLE('',#1624,0.1);
#607=CIRCLE('',#1625,0.0999999999999997);
#608=CIRCLE('',#1626,0.300000000000003);
#609=CIRCLE('',#1627,0.0999999999999994);
#610=CIRCLE('',#1628,0.1);
#611=CIRCLE('',#1629,0.1);
#612=CIRCLE('',#1630,1.41426715375777);
#613=CIRCLE('',#1631,1.51426715375777);
#614=CIRCLE('',#1632,0.199999999999999);
#615=CIRCLE('',#1633,0.200000000000003);
#616=CIRCLE('',#1634,0.2);
#617=CIRCLE('',#1635,1.51426715375777);
#618=CIRCLE('',#1665,0.560341324504259);
#619=CIRCLE('',#1666,0.560341324504259);
#620=CIRCLE('',#1667,0.560341324504259);
#621=CIRCLE('',#1669,0.5);
#622=CIRCLE('',#1671,0.5);
#623=CIRCLE('',#1677,0.199999999999999);
#624=CIRCLE('',#1680,0.2);
#625=CIRCLE('',#1687,0.300000000000001);
#626=CIRCLE('',#1689,1.21426715375777);
#627=CIRCLE('',#1690,1.51426715375777);
#628=CIRCLE('',#1692,0.3);
#629=CIRCLE('',#1694,1.51426715375776);
#630=CIRCLE('',#1695,1.21426715375777);
#631=CIRCLE('',#1700,0.3);
#632=CIRCLE('',#1702,0.3);
#633=CIRCLE('',#1703,0.200000000000003);
#634=CIRCLE('',#1704,0.500000000000003);
#635=CIRCLE('',#1715,0.1);
#636=CIRCLE('',#1717,0.1);
#637=CIRCLE('',#1719,0.1);
#638=CIRCLE('',#1721,0.1);
#639=CIRCLE('',#1723,0.0999999999999994);
#640=CIRCLE('',#1724,0.300000000000003);
#641=CIRCLE('',#1725,0.0999999999999997);
#642=CIRCLE('',#1726,1.41426715375777);
#643=CIRCLE('',#1727,1.41426715375777);
#644=VERTEX_POINT('',#2216);
#645=VERTEX_POINT('',#2218);
#646=VERTEX_POINT('',#2222);
#647=VERTEX_POINT('',#2225);
#648=VERTEX_POINT('',#2227);
#649=VERTEX_POINT('',#2231);
#650=VERTEX_POINT('',#2234);
#651=VERTEX_POINT('',#2236);
#652=VERTEX_POINT('',#2240);
#653=VERTEX_POINT('',#2243);
#654=VERTEX_POINT('',#2245);
#655=VERTEX_POINT('',#2249);
#656=VERTEX_POINT('',#2252);
#657=VERTEX_POINT('',#2256);
#658=VERTEX_POINT('',#2260);
#659=VERTEX_POINT('',#2264);
#660=VERTEX_POINT('',#2268);
#661=VERTEX_POINT('',#2269);
#662=VERTEX_POINT('',#2271);
#663=VERTEX_POINT('',#2273);
#664=VERTEX_POINT('',#2277);
#665=VERTEX_POINT('',#2278);
#666=VERTEX_POINT('',#2280);
#667=VERTEX_POINT('',#2282);
#668=VERTEX_POINT('',#2286);
#669=VERTEX_POINT('',#2287);
#670=VERTEX_POINT('',#2289);
#671=VERTEX_POINT('',#2291);
#672=VERTEX_POINT('',#2295);
#673=VERTEX_POINT('',#2296);
#674=VERTEX_POINT('',#2298);
#675=VERTEX_POINT('',#2300);
#676=VERTEX_POINT('',#2304);
#677=VERTEX_POINT('',#2305);
#678=VERTEX_POINT('',#2307);
#679=VERTEX_POINT('',#2309);
#680=VERTEX_POINT('',#2311);
#681=VERTEX_POINT('',#2313);
#682=VERTEX_POINT('',#2315);
#683=VERTEX_POINT('',#2317);
#684=VERTEX_POINT('',#2319);
#685=VERTEX_POINT('',#2321);
#686=VERTEX_POINT('',#2323);
#687=VERTEX_POINT('',#2325);
#688=VERTEX_POINT('',#2327);
#689=VERTEX_POINT('',#2329);
#690=VERTEX_POINT('',#2331);
#691=VERTEX_POINT('',#2333);
#692=VERTEX_POINT('',#2335);
#693=VERTEX_POINT('',#2337);
#694=VERTEX_POINT('',#2341);
#695=VERTEX_POINT('',#2343);
#696=VERTEX_POINT('',#2345);
#697=VERTEX_POINT('',#2347);
#698=VERTEX_POINT('',#2349);
#699=VERTEX_POINT('',#2351);
#700=VERTEX_POINT('',#2353);
#701=VERTEX_POINT('',#2355);
#702=VERTEX_POINT('',#2357);
#703=VERTEX_POINT('',#2359);
#704=VERTEX_POINT('',#2361);
#705=VERTEX_POINT('',#2363);
#706=VERTEX_POINT('',#2365);
#707=VERTEX_POINT('',#2367);
#708=VERTEX_POINT('',#2373);
#709=VERTEX_POINT('',#2374);
#710=VERTEX_POINT('',#2376);
#711=VERTEX_POINT('',#2378);
#712=VERTEX_POINT('',#2382);
#713=VERTEX_POINT('',#2384);
#714=VERTEX_POINT('',#2388);
#715=VERTEX_POINT('',#2392);
#716=VERTEX_POINT('',#2398);
#717=VERTEX_POINT('',#2399);
#718=VERTEX_POINT('',#2401);
#719=VERTEX_POINT('',#2403);
#720=VERTEX_POINT('',#2407);
#721=VERTEX_POINT('',#2409);
#722=VERTEX_POINT('',#2413);
#723=VERTEX_POINT('',#2417);
#724=VERTEX_POINT('',#2423);
#725=VERTEX_POINT('',#2424);
#726=VERTEX_POINT('',#2426);
#727=VERTEX_POINT('',#2428);
#728=VERTEX_POINT('',#2432);
#729=VERTEX_POINT('',#2434);
#730=VERTEX_POINT('',#2438);
#731=VERTEX_POINT('',#2442);
#732=VERTEX_POINT('',#2448);
#733=VERTEX_POINT('',#2449);
#734=VERTEX_POINT('',#2451);
#735=VERTEX_POINT('',#2453);
#736=VERTEX_POINT('',#2457);
#737=VERTEX_POINT('',#2459);
#738=VERTEX_POINT('',#2463);
#739=VERTEX_POINT('',#2467);
#740=VERTEX_POINT('',#2473);
#741=VERTEX_POINT('',#2475);
#742=VERTEX_POINT('',#2495);
#743=VERTEX_POINT('',#2497);
#744=VERTEX_POINT('',#2502);
#745=VERTEX_POINT('',#2507);
#746=VERTEX_POINT('',#2509);
#747=VERTEX_POINT('',#2511);
#748=VERTEX_POINT('',#2577);
#749=VERTEX_POINT('',#2578);
#750=VERTEX_POINT('',#2580);
#751=VERTEX_POINT('',#2646);
#752=VERTEX_POINT('',#2647);
#753=VERTEX_POINT('',#2649);
#754=VERTEX_POINT('',#2653);
#755=VERTEX_POINT('',#2655);
#756=VERTEX_POINT('',#2659);
#757=VERTEX_POINT('',#2661);
#758=VERTEX_POINT('',#2676);
#759=VERTEX_POINT('',#2678);
#760=VERTEX_POINT('',#2685);
#761=VERTEX_POINT('',#2687);
#762=VERTEX_POINT('',#2691);
#763=VERTEX_POINT('',#2693);
#764=VERTEX_POINT('',#2708);
#765=VERTEX_POINT('',#2710);
#766=VERTEX_POINT('',#2717);
#767=VERTEX_POINT('',#2719);
#768=VERTEX_POINT('',#2723);
#769=VERTEX_POINT('',#2724);
#770=VERTEX_POINT('',#2747);
#771=VERTEX_POINT('',#2749);
#772=VERTEX_POINT('',#2753);
#773=VERTEX_POINT('',#2755);
#774=VERTEX_POINT('',#2759);
#775=VERTEX_POINT('',#2761);
#776=VERTEX_POINT('',#2765);
#777=VERTEX_POINT('',#2767);
#778=VERTEX_POINT('',#2771);
#779=VERTEX_POINT('',#2773);
#780=VERTEX_POINT('',#2775);
#781=VERTEX_POINT('',#2777);
#782=VERTEX_POINT('',#2779);
#783=VERTEX_POINT('',#2781);
#784=VERTEX_POINT('',#2785);
#785=VERTEX_POINT('',#2788);
#786=EDGE_CURVE('',#644,#644,#588,.T.);
#787=EDGE_CURVE('',#644,#645,#296,.T.);
#788=EDGE_CURVE('',#645,#645,#589,.T.);
#789=EDGE_CURVE('',#646,#646,#590,.T.);
#790=EDGE_CURVE('',#647,#647,#591,.T.);
#791=EDGE_CURVE('',#647,#648,#297,.T.);
#792=EDGE_CURVE('',#648,#648,#592,.T.);
#793=EDGE_CURVE('',#649,#649,#593,.T.);
#794=EDGE_CURVE('',#650,#650,#594,.T.);
#795=EDGE_CURVE('',#650,#651,#298,.T.);
#796=EDGE_CURVE('',#651,#651,#595,.T.);
#797=EDGE_CURVE('',#652,#652,#596,.T.);
#798=EDGE_CURVE('',#653,#653,#597,.T.);
#799=EDGE_CURVE('',#653,#654,#299,.T.);
#800=EDGE_CURVE('',#654,#654,#598,.T.);
#801=EDGE_CURVE('',#655,#655,#599,.T.);
#802=EDGE_CURVE('',#656,#656,#600,.T.);
#803=EDGE_CURVE('',#656,#646,#300,.T.);
#804=EDGE_CURVE('',#657,#657,#601,.T.);
#805=EDGE_CURVE('',#657,#655,#301,.T.);
#806=EDGE_CURVE('',#658,#658,#602,.T.);
#807=EDGE_CURVE('',#658,#652,#302,.T.);
#808=EDGE_CURVE('',#659,#659,#603,.T.);
#809=EDGE_CURVE('',#659,#649,#303,.T.);
#810=EDGE_CURVE('',#660,#661,#304,.T.);
#811=EDGE_CURVE('',#661,#662,#305,.T.);
#812=EDGE_CURVE('',#663,#662,#306,.T.);
#813=EDGE_CURVE('',#660,#663,#307,.T.);
#814=EDGE_CURVE('',#664,#665,#308,.T.);
#815=EDGE_CURVE('',#665,#666,#309,.T.);
#816=EDGE_CURVE('',#667,#666,#310,.T.);
#817=EDGE_CURVE('',#664,#667,#311,.T.);
#818=EDGE_CURVE('',#668,#669,#312,.T.);
#819=EDGE_CURVE('',#668,#670,#313,.T.);
#820=EDGE_CURVE('',#671,#670,#314,.T.);
#821=EDGE_CURVE('',#669,#671,#315,.T.);
#822=EDGE_CURVE('',#672,#673,#316,.T.);
#823=EDGE_CURVE('',#673,#674,#317,.T.);
#824=EDGE_CURVE('',#675,#674,#318,.T.);
#825=EDGE_CURVE('',#672,#675,#319,.T.);
#826=EDGE_CURVE('',#676,#677,#320,.T.);
#827=EDGE_CURVE('',#677,#678,#604,.T.);
#828=EDGE_CURVE('',#678,#679,#605,.T.);
#829=EDGE_CURVE('',#679,#680,#321,.T.);
#830=EDGE_CURVE('',#680,#681,#606,.T.);
#831=EDGE_CURVE('',#681,#682,#322,.T.);
#832=EDGE_CURVE('',#682,#683,#607,.T.);
#833=EDGE_CURVE('',#683,#684,#323,.T.);
#834=EDGE_CURVE('',#684,#685,#608,.T.);
#835=EDGE_CURVE('',#685,#686,#324,.T.);
#836=EDGE_CURVE('',#686,#687,#609,.T.);
#837=EDGE_CURVE('',#687,#688,#325,.T.);
#838=EDGE_CURVE('',#688,#689,#610,.T.);
#839=EDGE_CURVE('',#689,#690,#326,.T.);
#840=EDGE_CURVE('',#690,#691,#611,.T.);
#841=EDGE_CURVE('',#691,#692,#612,.T.);
#842=EDGE_CURVE('',#692,#693,#327,.T.);
#843=EDGE_CURVE('',#693,#675,#328,.T.);
#844=EDGE_CURVE('',#674,#671,#329,.T.);
#845=EDGE_CURVE('',#670,#694,#330,.T.);
#846=EDGE_CURVE('',#694,#695,#331,.T.);
#847=EDGE_CURVE('',#695,#696,#613,.T.);
#848=EDGE_CURVE('',#696,#697,#332,.T.);
#849=EDGE_CURVE('',#697,#698,#333,.T.);
#850=EDGE_CURVE('',#698,#699,#614,.T.);
#851=EDGE_CURVE('',#699,#700,#334,.T.);
#852=EDGE_CURVE('',#700,#701,#615,.T.);
#853=EDGE_CURVE('',#701,#702,#335,.T.);
#854=EDGE_CURVE('',#702,#703,#616,.T.);
#855=EDGE_CURVE('',#703,#704,#336,.T.);
#856=EDGE_CURVE('',#704,#705,#337,.T.);
#857=EDGE_CURVE('',#705,#706,#617,.T.);
#858=EDGE_CURVE('',#706,#707,#338,.T.);
#859=EDGE_CURVE('',#707,#667,#339,.T.);
#860=EDGE_CURVE('',#666,#663,#340,.T.);
#861=EDGE_CURVE('',#662,#676,#341,.T.);
#862=EDGE_CURVE('',#708,#709,#23,.T.);
#863=EDGE_CURVE('',#709,#710,#342,.T.);
#864=EDGE_CURVE('',#710,#711,#24,.T.);
#865=EDGE_CURVE('',#711,#708,#343,.T.);
#866=EDGE_CURVE('',#712,#711,#344,.T.);
#867=EDGE_CURVE('',#713,#712,#345,.T.);
#868=EDGE_CURVE('',#713,#708,#346,.T.);
#869=EDGE_CURVE('',#714,#710,#347,.T.);
#870=EDGE_CURVE('',#712,#714,#348,.T.);
#871=EDGE_CURVE('',#715,#713,#349,.T.);
#872=EDGE_CURVE('',#715,#709,#350,.T.);
#873=EDGE_CURVE('',#714,#715,#351,.T.);
#874=EDGE_CURVE('',#716,#717,#25,.T.);
#875=EDGE_CURVE('',#717,#718,#352,.T.);
#876=EDGE_CURVE('',#718,#719,#26,.T.);
#877=EDGE_CURVE('',#719,#716,#353,.T.);
#878=EDGE_CURVE('',#720,#719,#354,.T.);
#879=EDGE_CURVE('',#721,#720,#355,.T.);
#880=EDGE_CURVE('',#721,#716,#356,.T.);
#881=EDGE_CURVE('',#722,#718,#357,.T.);
#882=EDGE_CURVE('',#720,#722,#358,.T.);
#883=EDGE_CURVE('',#723,#721,#359,.T.);
#884=EDGE_CURVE('',#723,#717,#360,.T.);
#885=EDGE_CURVE('',#722,#723,#361,.T.);
#886=EDGE_CURVE('',#724,#725,#27,.T.);
#887=EDGE_CURVE('',#725,#726,#362,.T.);
#888=EDGE_CURVE('',#726,#727,#28,.T.);
#889=EDGE_CURVE('',#727,#724,#363,.T.);
#890=EDGE_CURVE('',#728,#727,#364,.T.);
#891=EDGE_CURVE('',#729,#728,#365,.T.);
#892=EDGE_CURVE('',#729,#724,#366,.T.);
#893=EDGE_CURVE('',#730,#726,#367,.T.);
#894=EDGE_CURVE('',#728,#730,#368,.T.);
#895=EDGE_CURVE('',#731,#725,#369,.T.);
#896=EDGE_CURVE('',#730,#731,#370,.T.);
#897=EDGE_CURVE('',#731,#729,#371,.T.);
#898=EDGE_CURVE('',#732,#733,#29,.T.);
#899=EDGE_CURVE('',#733,#734,#372,.T.);
#900=EDGE_CURVE('',#734,#735,#30,.T.);
#901=EDGE_CURVE('',#735,#732,#373,.T.);
#902=EDGE_CURVE('',#736,#735,#374,.T.);
#903=EDGE_CURVE('',#737,#736,#375,.T.);
#904=EDGE_CURVE('',#737,#732,#376,.T.);
#905=EDGE_CURVE('',#738,#734,#377,.T.);
#906=EDGE_CURVE('',#736,#738,#378,.T.);
#907=EDGE_CURVE('',#739,#733,#379,.T.);
#908=EDGE_CURVE('',#738,#739,#380,.T.);
#909=EDGE_CURVE('',#739,#737,#381,.T.);
#910=EDGE_CURVE('',#740,#664,#618,.T.);
#911=EDGE_CURVE('',#741,#740,#20,.T.);
#912=EDGE_CURVE('',#668,#741,#619,.T.);
#913=EDGE_CURVE('',#665,#669,#620,.T.);
#914=EDGE_CURVE('',#673,#660,#621,.T.);
#915=EDGE_CURVE('',#693,#742,#382,.T.);
#916=EDGE_CURVE('',#742,#743,#383,.T.);
#917=EDGE_CURVE('',#676,#743,#384,.T.);
#918=EDGE_CURVE('',#661,#672,#622,.T.);
#919=EDGE_CURVE('',#744,#707,#385,.T.);
#920=EDGE_CURVE('',#740,#744,#386,.T.);
#921=EDGE_CURVE('',#745,#744,#31,.T.);
#922=EDGE_CURVE('',#745,#746,#387,.T.);
#923=EDGE_CURVE('',#746,#747,#32,.T.);
#924=EDGE_CURVE('',#747,#741,#388,.T.);
#925=EDGE_CURVE('',#748,#749,#623,.T.);
#926=EDGE_CURVE('',#749,#750,#33,.T.);
#927=EDGE_CURVE('',#750,#748,#34,.T.);
#928=EDGE_CURVE('',#751,#752,#624,.T.);
#929=EDGE_CURVE('',#752,#753,#35,.T.);
#930=EDGE_CURVE('',#753,#751,#36,.T.);
#931=EDGE_CURVE('',#750,#754,#389,.T.);
#932=EDGE_CURVE('',#754,#755,#37,.T.);
#933=EDGE_CURVE('',#755,#748,#390,.T.);
#934=EDGE_CURVE('',#756,#755,#391,.T.);
#935=EDGE_CURVE('',#754,#757,#392,.T.);
#936=EDGE_CURVE('',#757,#756,#21,.T.);
#937=EDGE_CURVE('',#744,#758,#393,.T.);
#938=EDGE_CURVE('',#758,#759,#625,.T.);
#939=EDGE_CURVE('',#759,#745,#394,.T.);
#940=EDGE_CURVE('',#757,#759,#626,.T.);
#941=EDGE_CURVE('',#758,#756,#627,.T.);
#942=EDGE_CURVE('',#746,#760,#395,.T.);
#943=EDGE_CURVE('',#760,#761,#628,.T.);
#944=EDGE_CURVE('',#761,#747,#396,.T.);
#945=EDGE_CURVE('',#762,#761,#629,.T.);
#946=EDGE_CURVE('',#760,#763,#630,.T.);
#947=EDGE_CURVE('',#763,#762,#22,.T.);
#948=EDGE_CURVE('',#763,#764,#397,.T.);
#949=EDGE_CURVE('',#764,#765,#38,.T.);
#950=EDGE_CURVE('',#765,#762,#398,.T.);
#951=EDGE_CURVE('',#752,#765,#399,.T.);
#952=EDGE_CURVE('',#764,#753,#400,.T.);
#953=EDGE_CURVE('',#753,#766,#401,.T.);
#954=EDGE_CURVE('',#766,#767,#631,.T.);
#955=EDGE_CURVE('',#767,#751,#402,.T.);
#956=EDGE_CURVE('',#768,#769,#632,.T.);
#957=EDGE_CURVE('',#769,#767,#633,.T.);
#958=EDGE_CURVE('',#766,#768,#634,.T.);
#959=EDGE_CURVE('',#749,#769,#403,.T.);
#960=EDGE_CURVE('',#768,#750,#404,.T.);
#961=EDGE_CURVE('',#769,#701,#405,.T.);
#962=EDGE_CURVE('',#767,#700,#406,.T.);
#963=EDGE_CURVE('',#749,#702,#407,.T.);
#964=EDGE_CURVE('',#748,#703,#408,.T.);
#965=EDGE_CURVE('',#755,#704,#409,.T.);
#966=EDGE_CURVE('',#756,#705,#410,.T.);
#967=EDGE_CURVE('',#758,#706,#411,.T.);
#968=EDGE_CURVE('',#770,#680,#412,.T.);
#969=EDGE_CURVE('',#770,#771,#635,.T.);
#970=EDGE_CURVE('',#771,#681,#413,.T.);
#971=EDGE_CURVE('',#772,#678,#414,.T.);
#972=EDGE_CURVE('',#772,#773,#636,.T.);
#973=EDGE_CURVE('',#773,#679,#415,.T.);
#974=EDGE_CURVE('',#774,#690,#416,.T.);
#975=EDGE_CURVE('',#774,#775,#637,.T.);
#976=EDGE_CURVE('',#775,#691,#417,.T.);
#977=EDGE_CURVE('',#776,#688,#418,.T.);
#978=EDGE_CURVE('',#776,#777,#638,.T.);
#979=EDGE_CURVE('',#777,#689,#419,.T.);
#980=EDGE_CURVE('',#778,#776,#420,.T.);
#981=EDGE_CURVE('',#779,#778,#639,.T.);
#982=EDGE_CURVE('',#780,#779,#421,.T.);
#983=EDGE_CURVE('',#781,#780,#640,.T.);
#984=EDGE_CURVE('',#782,#781,#422,.T.);
#985=EDGE_CURVE('',#783,#782,#641,.T.);
#986=EDGE_CURVE('',#771,#783,#423,.T.);
#987=EDGE_CURVE('',#773,#770,#424,.T.);
#988=EDGE_CURVE('',#784,#772,#642,.T.);
#989=EDGE_CURVE('',#743,#784,#425,.T.);
#990=EDGE_CURVE('',#785,#742,#426,.T.);
#991=EDGE_CURVE('',#775,#785,#643,.T.);
#992=EDGE_CURVE('',#777,#774,#427,.T.);
#993=EDGE_CURVE('',#782,#683,#428,.T.);
#994=EDGE_CURVE('',#783,#682,#429,.T.);
#995=EDGE_CURVE('',#784,#677,#430,.T.);
#996=EDGE_CURVE('',#785,#692,#431,.T.);
#997=EDGE_CURVE('',#778,#687,#432,.T.);
#998=EDGE_CURVE('',#779,#686,#433,.T.);
#999=EDGE_CURVE('',#780,#685,#434,.T.);
#1000=EDGE_CURVE('',#781,#684,#435,.T.);
#1001=EDGE_CURVE('',#751,#699,#436,.T.);
#1002=EDGE_CURVE('',#752,#698,#437,.T.);
#1003=EDGE_CURVE('',#765,#697,#438,.T.);
#1004=EDGE_CURVE('',#762,#696,#439,.T.);
#1005=EDGE_CURVE('',#761,#695,#440,.T.);
#1006=EDGE_CURVE('',#747,#694,#441,.T.);
#1007=ORIENTED_EDGE('',*,*,#786,.F.);
#1008=ORIENTED_EDGE('',*,*,#787,.T.);
#1009=ORIENTED_EDGE('',*,*,#788,.T.);
#1010=ORIENTED_EDGE('',*,*,#787,.F.);
#1011=ORIENTED_EDGE('',*,*,#788,.F.);
#1012=ORIENTED_EDGE('',*,*,#789,.F.);
#1013=ORIENTED_EDGE('',*,*,#790,.F.);
#1014=ORIENTED_EDGE('',*,*,#791,.T.);
#1015=ORIENTED_EDGE('',*,*,#792,.T.);
#1016=ORIENTED_EDGE('',*,*,#791,.F.);
#1017=ORIENTED_EDGE('',*,*,#792,.F.);
#1018=ORIENTED_EDGE('',*,*,#793,.F.);
#1019=ORIENTED_EDGE('',*,*,#794,.F.);
#1020=ORIENTED_EDGE('',*,*,#795,.T.);
#1021=ORIENTED_EDGE('',*,*,#796,.T.);
#1022=ORIENTED_EDGE('',*,*,#795,.F.);
#1023=ORIENTED_EDGE('',*,*,#796,.F.);
#1024=ORIENTED_EDGE('',*,*,#797,.F.);
#1025=ORIENTED_EDGE('',*,*,#798,.F.);
#1026=ORIENTED_EDGE('',*,*,#799,.T.);
#1027=ORIENTED_EDGE('',*,*,#800,.T.);
#1028=ORIENTED_EDGE('',*,*,#799,.F.);
#1029=ORIENTED_EDGE('',*,*,#800,.F.);
#1030=ORIENTED_EDGE('',*,*,#801,.F.);
#1031=ORIENTED_EDGE('',*,*,#802,.F.);
#1032=ORIENTED_EDGE('',*,*,#803,.T.);
#1033=ORIENTED_EDGE('',*,*,#789,.T.);
#1034=ORIENTED_EDGE('',*,*,#803,.F.);
#1035=ORIENTED_EDGE('',*,*,#804,.F.);
#1036=ORIENTED_EDGE('',*,*,#805,.T.);
#1037=ORIENTED_EDGE('',*,*,#801,.T.);
#1038=ORIENTED_EDGE('',*,*,#805,.F.);
#1039=ORIENTED_EDGE('',*,*,#806,.F.);
#1040=ORIENTED_EDGE('',*,*,#807,.T.);
#1041=ORIENTED_EDGE('',*,*,#797,.T.);
#1042=ORIENTED_EDGE('',*,*,#807,.F.);
#1043=ORIENTED_EDGE('',*,*,#808,.F.);
#1044=ORIENTED_EDGE('',*,*,#809,.T.);
#1045=ORIENTED_EDGE('',*,*,#793,.T.);
#1046=ORIENTED_EDGE('',*,*,#809,.F.);
#1047=ORIENTED_EDGE('',*,*,#810,.T.);
#1048=ORIENTED_EDGE('',*,*,#811,.T.);
#1049=ORIENTED_EDGE('',*,*,#812,.F.);
#1050=ORIENTED_EDGE('',*,*,#813,.F.);
#1051=ORIENTED_EDGE('',*,*,#814,.T.);
#1052=ORIENTED_EDGE('',*,*,#815,.T.);
#1053=ORIENTED_EDGE('',*,*,#816,.F.);
#1054=ORIENTED_EDGE('',*,*,#817,.F.);
#1055=ORIENTED_EDGE('',*,*,#818,.F.);
#1056=ORIENTED_EDGE('',*,*,#819,.T.);
#1057=ORIENTED_EDGE('',*,*,#820,.F.);
#1058=ORIENTED_EDGE('',*,*,#821,.F.);
#1059=ORIENTED_EDGE('',*,*,#822,.T.);
#1060=ORIENTED_EDGE('',*,*,#823,.T.);
#1061=ORIENTED_EDGE('',*,*,#824,.F.);
#1062=ORIENTED_EDGE('',*,*,#825,.F.);
#1063=ORIENTED_EDGE('',*,*,#826,.T.);
#1064=ORIENTED_EDGE('',*,*,#827,.T.);
#1065=ORIENTED_EDGE('',*,*,#828,.T.);
#1066=ORIENTED_EDGE('',*,*,#829,.T.);
#1067=ORIENTED_EDGE('',*,*,#830,.T.);
#1068=ORIENTED_EDGE('',*,*,#831,.T.);
#1069=ORIENTED_EDGE('',*,*,#832,.T.);
#1070=ORIENTED_EDGE('',*,*,#833,.T.);
#1071=ORIENTED_EDGE('',*,*,#834,.T.);
#1072=ORIENTED_EDGE('',*,*,#835,.T.);
#1073=ORIENTED_EDGE('',*,*,#836,.T.);
#1074=ORIENTED_EDGE('',*,*,#837,.T.);
#1075=ORIENTED_EDGE('',*,*,#838,.T.);
#1076=ORIENTED_EDGE('',*,*,#839,.T.);
#1077=ORIENTED_EDGE('',*,*,#840,.T.);
#1078=ORIENTED_EDGE('',*,*,#841,.T.);
#1079=ORIENTED_EDGE('',*,*,#842,.T.);
#1080=ORIENTED_EDGE('',*,*,#843,.T.);
#1081=ORIENTED_EDGE('',*,*,#824,.T.);
#1082=ORIENTED_EDGE('',*,*,#844,.T.);
#1083=ORIENTED_EDGE('',*,*,#820,.T.);
#1084=ORIENTED_EDGE('',*,*,#845,.T.);
#1085=ORIENTED_EDGE('',*,*,#846,.T.);
#1086=ORIENTED_EDGE('',*,*,#847,.T.);
#1087=ORIENTED_EDGE('',*,*,#848,.T.);
#1088=ORIENTED_EDGE('',*,*,#849,.T.);
#1089=ORIENTED_EDGE('',*,*,#850,.T.);
#1090=ORIENTED_EDGE('',*,*,#851,.T.);
#1091=ORIENTED_EDGE('',*,*,#852,.T.);
#1092=ORIENTED_EDGE('',*,*,#853,.T.);
#1093=ORIENTED_EDGE('',*,*,#854,.T.);
#1094=ORIENTED_EDGE('',*,*,#855,.T.);
#1095=ORIENTED_EDGE('',*,*,#856,.T.);
#1096=ORIENTED_EDGE('',*,*,#857,.T.);
#1097=ORIENTED_EDGE('',*,*,#858,.T.);
#1098=ORIENTED_EDGE('',*,*,#859,.T.);
#1099=ORIENTED_EDGE('',*,*,#816,.T.);
#1100=ORIENTED_EDGE('',*,*,#860,.T.);
#1101=ORIENTED_EDGE('',*,*,#812,.T.);
#1102=ORIENTED_EDGE('',*,*,#861,.T.);
#1103=ORIENTED_EDGE('',*,*,#862,.T.);
#1104=ORIENTED_EDGE('',*,*,#863,.T.);
#1105=ORIENTED_EDGE('',*,*,#864,.T.);
#1106=ORIENTED_EDGE('',*,*,#865,.T.);
#1107=ORIENTED_EDGE('',*,*,#865,.F.);
#1108=ORIENTED_EDGE('',*,*,#866,.F.);
#1109=ORIENTED_EDGE('',*,*,#867,.F.);
#1110=ORIENTED_EDGE('',*,*,#868,.T.);
#1111=ORIENTED_EDGE('',*,*,#864,.F.);
#1112=ORIENTED_EDGE('',*,*,#869,.F.);
#1113=ORIENTED_EDGE('',*,*,#870,.F.);
#1114=ORIENTED_EDGE('',*,*,#866,.T.);
#1115=ORIENTED_EDGE('',*,*,#862,.F.);
#1116=ORIENTED_EDGE('',*,*,#868,.F.);
#1117=ORIENTED_EDGE('',*,*,#871,.F.);
#1118=ORIENTED_EDGE('',*,*,#872,.T.);
#1119=ORIENTED_EDGE('',*,*,#863,.F.);
#1120=ORIENTED_EDGE('',*,*,#872,.F.);
#1121=ORIENTED_EDGE('',*,*,#873,.F.);
#1122=ORIENTED_EDGE('',*,*,#869,.T.);
#1123=ORIENTED_EDGE('',*,*,#874,.T.);
#1124=ORIENTED_EDGE('',*,*,#875,.T.);
#1125=ORIENTED_EDGE('',*,*,#876,.T.);
#1126=ORIENTED_EDGE('',*,*,#877,.T.);
#1127=ORIENTED_EDGE('',*,*,#877,.F.);
#1128=ORIENTED_EDGE('',*,*,#878,.F.);
#1129=ORIENTED_EDGE('',*,*,#879,.F.);
#1130=ORIENTED_EDGE('',*,*,#880,.T.);
#1131=ORIENTED_EDGE('',*,*,#876,.F.);
#1132=ORIENTED_EDGE('',*,*,#881,.F.);
#1133=ORIENTED_EDGE('',*,*,#882,.F.);
#1134=ORIENTED_EDGE('',*,*,#878,.T.);
#1135=ORIENTED_EDGE('',*,*,#874,.F.);
#1136=ORIENTED_EDGE('',*,*,#880,.F.);
#1137=ORIENTED_EDGE('',*,*,#883,.F.);
#1138=ORIENTED_EDGE('',*,*,#884,.T.);
#1139=ORIENTED_EDGE('',*,*,#875,.F.);
#1140=ORIENTED_EDGE('',*,*,#884,.F.);
#1141=ORIENTED_EDGE('',*,*,#885,.F.);
#1142=ORIENTED_EDGE('',*,*,#881,.T.);
#1143=ORIENTED_EDGE('',*,*,#886,.T.);
#1144=ORIENTED_EDGE('',*,*,#887,.T.);
#1145=ORIENTED_EDGE('',*,*,#888,.T.);
#1146=ORIENTED_EDGE('',*,*,#889,.T.);
#1147=ORIENTED_EDGE('',*,*,#889,.F.);
#1148=ORIENTED_EDGE('',*,*,#890,.F.);
#1149=ORIENTED_EDGE('',*,*,#891,.F.);
#1150=ORIENTED_EDGE('',*,*,#892,.T.);
#1151=ORIENTED_EDGE('',*,*,#888,.F.);
#1152=ORIENTED_EDGE('',*,*,#893,.F.);
#1153=ORIENTED_EDGE('',*,*,#894,.F.);
#1154=ORIENTED_EDGE('',*,*,#890,.T.);
#1155=ORIENTED_EDGE('',*,*,#887,.F.);
#1156=ORIENTED_EDGE('',*,*,#895,.F.);
#1157=ORIENTED_EDGE('',*,*,#896,.F.);
#1158=ORIENTED_EDGE('',*,*,#893,.T.);
#1159=ORIENTED_EDGE('',*,*,#886,.F.);
#1160=ORIENTED_EDGE('',*,*,#892,.F.);
#1161=ORIENTED_EDGE('',*,*,#897,.F.);
#1162=ORIENTED_EDGE('',*,*,#895,.T.);
#1163=ORIENTED_EDGE('',*,*,#898,.T.);
#1164=ORIENTED_EDGE('',*,*,#899,.T.);
#1165=ORIENTED_EDGE('',*,*,#900,.T.);
#1166=ORIENTED_EDGE('',*,*,#901,.T.);
#1167=ORIENTED_EDGE('',*,*,#901,.F.);
#1168=ORIENTED_EDGE('',*,*,#902,.F.);
#1169=ORIENTED_EDGE('',*,*,#903,.F.);
#1170=ORIENTED_EDGE('',*,*,#904,.T.);
#1171=ORIENTED_EDGE('',*,*,#900,.F.);
#1172=ORIENTED_EDGE('',*,*,#905,.F.);
#1173=ORIENTED_EDGE('',*,*,#906,.F.);
#1174=ORIENTED_EDGE('',*,*,#902,.T.);
#1175=ORIENTED_EDGE('',*,*,#899,.F.);
#1176=ORIENTED_EDGE('',*,*,#907,.F.);
#1177=ORIENTED_EDGE('',*,*,#908,.F.);
#1178=ORIENTED_EDGE('',*,*,#905,.T.);
#1179=ORIENTED_EDGE('',*,*,#898,.F.);
#1180=ORIENTED_EDGE('',*,*,#904,.F.);
#1181=ORIENTED_EDGE('',*,*,#909,.F.);
#1182=ORIENTED_EDGE('',*,*,#907,.T.);
#1183=ORIENTED_EDGE('',*,*,#910,.F.);
#1184=ORIENTED_EDGE('',*,*,#911,.F.);
#1185=ORIENTED_EDGE('',*,*,#912,.F.);
#1186=ORIENTED_EDGE('',*,*,#818,.T.);
#1187=ORIENTED_EDGE('',*,*,#913,.F.);
#1188=ORIENTED_EDGE('',*,*,#814,.F.);
#1189=ORIENTED_EDGE('',*,*,#914,.T.);
#1190=ORIENTED_EDGE('',*,*,#813,.T.);
#1191=ORIENTED_EDGE('',*,*,#860,.F.);
#1192=ORIENTED_EDGE('',*,*,#815,.F.);
#1193=ORIENTED_EDGE('',*,*,#913,.T.);
#1194=ORIENTED_EDGE('',*,*,#821,.T.);
#1195=ORIENTED_EDGE('',*,*,#844,.F.);
#1196=ORIENTED_EDGE('',*,*,#823,.F.);
#1197=ORIENTED_EDGE('',*,*,#915,.T.);
#1198=ORIENTED_EDGE('',*,*,#916,.T.);
#1199=ORIENTED_EDGE('',*,*,#917,.F.);
#1200=ORIENTED_EDGE('',*,*,#861,.F.);
#1201=ORIENTED_EDGE('',*,*,#811,.F.);
#1202=ORIENTED_EDGE('',*,*,#918,.T.);
#1203=ORIENTED_EDGE('',*,*,#825,.T.);
#1204=ORIENTED_EDGE('',*,*,#843,.F.);
#1205=ORIENTED_EDGE('',*,*,#910,.T.);
#1206=ORIENTED_EDGE('',*,*,#817,.T.);
#1207=ORIENTED_EDGE('',*,*,#859,.F.);
#1208=ORIENTED_EDGE('',*,*,#919,.F.);
#1209=ORIENTED_EDGE('',*,*,#920,.F.);
#1210=ORIENTED_EDGE('',*,*,#822,.F.);
#1211=ORIENTED_EDGE('',*,*,#918,.F.);
#1212=ORIENTED_EDGE('',*,*,#810,.F.);
#1213=ORIENTED_EDGE('',*,*,#914,.F.);
#1214=ORIENTED_EDGE('',*,*,#911,.T.);
#1215=ORIENTED_EDGE('',*,*,#920,.T.);
#1216=ORIENTED_EDGE('',*,*,#921,.F.);
#1217=ORIENTED_EDGE('',*,*,#922,.T.);
#1218=ORIENTED_EDGE('',*,*,#923,.T.);
#1219=ORIENTED_EDGE('',*,*,#924,.T.);
#1220=ORIENTED_EDGE('',*,*,#925,.T.);
#1221=ORIENTED_EDGE('',*,*,#926,.T.);
#1222=ORIENTED_EDGE('',*,*,#927,.T.);
#1223=ORIENTED_EDGE('',*,*,#928,.T.);
#1224=ORIENTED_EDGE('',*,*,#929,.T.);
#1225=ORIENTED_EDGE('',*,*,#930,.T.);
#1226=ORIENTED_EDGE('',*,*,#927,.F.);
#1227=ORIENTED_EDGE('',*,*,#931,.T.);
#1228=ORIENTED_EDGE('',*,*,#932,.T.);
#1229=ORIENTED_EDGE('',*,*,#933,.T.);
#1230=ORIENTED_EDGE('',*,*,#934,.T.);
#1231=ORIENTED_EDGE('',*,*,#932,.F.);
#1232=ORIENTED_EDGE('',*,*,#935,.T.);
#1233=ORIENTED_EDGE('',*,*,#936,.T.);
#1234=ORIENTED_EDGE('',*,*,#937,.T.);
#1235=ORIENTED_EDGE('',*,*,#938,.T.);
#1236=ORIENTED_EDGE('',*,*,#939,.T.);
#1237=ORIENTED_EDGE('',*,*,#921,.T.);
#1238=ORIENTED_EDGE('',*,*,#940,.T.);
#1239=ORIENTED_EDGE('',*,*,#938,.F.);
#1240=ORIENTED_EDGE('',*,*,#941,.T.);
#1241=ORIENTED_EDGE('',*,*,#936,.F.);
#1242=ORIENTED_EDGE('',*,*,#942,.T.);
#1243=ORIENTED_EDGE('',*,*,#943,.T.);
#1244=ORIENTED_EDGE('',*,*,#944,.T.);
#1245=ORIENTED_EDGE('',*,*,#923,.F.);
#1246=ORIENTED_EDGE('',*,*,#945,.T.);
#1247=ORIENTED_EDGE('',*,*,#943,.F.);
#1248=ORIENTED_EDGE('',*,*,#946,.T.);
#1249=ORIENTED_EDGE('',*,*,#947,.T.);
#1250=ORIENTED_EDGE('',*,*,#948,.T.);
#1251=ORIENTED_EDGE('',*,*,#949,.T.);
#1252=ORIENTED_EDGE('',*,*,#950,.T.);
#1253=ORIENTED_EDGE('',*,*,#947,.F.);
#1254=ORIENTED_EDGE('',*,*,#929,.F.);
#1255=ORIENTED_EDGE('',*,*,#951,.T.);
#1256=ORIENTED_EDGE('',*,*,#949,.F.);
#1257=ORIENTED_EDGE('',*,*,#952,.T.);
#1258=ORIENTED_EDGE('',*,*,#930,.F.);
#1259=ORIENTED_EDGE('',*,*,#953,.T.);
#1260=ORIENTED_EDGE('',*,*,#954,.T.);
#1261=ORIENTED_EDGE('',*,*,#955,.T.);
#1262=ORIENTED_EDGE('',*,*,#956,.T.);
#1263=ORIENTED_EDGE('',*,*,#957,.T.);
#1264=ORIENTED_EDGE('',*,*,#954,.F.);
#1265=ORIENTED_EDGE('',*,*,#958,.T.);
#1266=ORIENTED_EDGE('',*,*,#926,.F.);
#1267=ORIENTED_EDGE('',*,*,#959,.T.);
#1268=ORIENTED_EDGE('',*,*,#956,.F.);
#1269=ORIENTED_EDGE('',*,*,#960,.T.);
#1270=ORIENTED_EDGE('',*,*,#957,.F.);
#1271=ORIENTED_EDGE('',*,*,#961,.T.);
#1272=ORIENTED_EDGE('',*,*,#852,.F.);
#1273=ORIENTED_EDGE('',*,*,#962,.F.);
#1274=ORIENTED_EDGE('',*,*,#959,.F.);
#1275=ORIENTED_EDGE('',*,*,#963,.T.);
#1276=ORIENTED_EDGE('',*,*,#853,.F.);
#1277=ORIENTED_EDGE('',*,*,#961,.F.);
#1278=ORIENTED_EDGE('',*,*,#925,.F.);
#1279=ORIENTED_EDGE('',*,*,#964,.T.);
#1280=ORIENTED_EDGE('',*,*,#854,.F.);
#1281=ORIENTED_EDGE('',*,*,#963,.F.);
#1282=ORIENTED_EDGE('',*,*,#933,.F.);
#1283=ORIENTED_EDGE('',*,*,#965,.T.);
#1284=ORIENTED_EDGE('',*,*,#855,.F.);
#1285=ORIENTED_EDGE('',*,*,#964,.F.);
#1286=ORIENTED_EDGE('',*,*,#934,.F.);
#1287=ORIENTED_EDGE('',*,*,#966,.T.);
#1288=ORIENTED_EDGE('',*,*,#856,.F.);
#1289=ORIENTED_EDGE('',*,*,#965,.F.);
#1290=ORIENTED_EDGE('',*,*,#941,.F.);
#1291=ORIENTED_EDGE('',*,*,#967,.T.);
#1292=ORIENTED_EDGE('',*,*,#857,.F.);
#1293=ORIENTED_EDGE('',*,*,#966,.F.);
#1294=ORIENTED_EDGE('',*,*,#937,.F.);
#1295=ORIENTED_EDGE('',*,*,#919,.T.);
#1296=ORIENTED_EDGE('',*,*,#858,.F.);
#1297=ORIENTED_EDGE('',*,*,#967,.F.);
#1298=ORIENTED_EDGE('',*,*,#939,.F.);
#1299=ORIENTED_EDGE('',*,*,#940,.F.);
#1300=ORIENTED_EDGE('',*,*,#935,.F.);
#1301=ORIENTED_EDGE('',*,*,#931,.F.);
#1302=ORIENTED_EDGE('',*,*,#960,.F.);
#1303=ORIENTED_EDGE('',*,*,#958,.F.);
#1304=ORIENTED_EDGE('',*,*,#953,.F.);
#1305=ORIENTED_EDGE('',*,*,#952,.F.);
#1306=ORIENTED_EDGE('',*,*,#948,.F.);
#1307=ORIENTED_EDGE('',*,*,#946,.F.);
#1308=ORIENTED_EDGE('',*,*,#942,.F.);
#1309=ORIENTED_EDGE('',*,*,#922,.F.);
#1310=ORIENTED_EDGE('',*,*,#798,.T.);
#1311=ORIENTED_EDGE('',*,*,#794,.T.);
#1312=ORIENTED_EDGE('',*,*,#790,.T.);
#1313=ORIENTED_EDGE('',*,*,#786,.T.);
#1314=ORIENTED_EDGE('',*,*,#968,.F.);
#1315=ORIENTED_EDGE('',*,*,#969,.T.);
#1316=ORIENTED_EDGE('',*,*,#970,.T.);
#1317=ORIENTED_EDGE('',*,*,#830,.F.);
#1318=ORIENTED_EDGE('',*,*,#971,.F.);
#1319=ORIENTED_EDGE('',*,*,#972,.T.);
#1320=ORIENTED_EDGE('',*,*,#973,.T.);
#1321=ORIENTED_EDGE('',*,*,#828,.F.);
#1322=ORIENTED_EDGE('',*,*,#974,.F.);
#1323=ORIENTED_EDGE('',*,*,#975,.T.);
#1324=ORIENTED_EDGE('',*,*,#976,.T.);
#1325=ORIENTED_EDGE('',*,*,#840,.F.);
#1326=ORIENTED_EDGE('',*,*,#977,.F.);
#1327=ORIENTED_EDGE('',*,*,#978,.T.);
#1328=ORIENTED_EDGE('',*,*,#979,.T.);
#1329=ORIENTED_EDGE('',*,*,#838,.F.);
#1330=ORIENTED_EDGE('',*,*,#980,.F.);
#1331=ORIENTED_EDGE('',*,*,#981,.F.);
#1332=ORIENTED_EDGE('',*,*,#982,.F.);
#1333=ORIENTED_EDGE('',*,*,#983,.F.);
#1334=ORIENTED_EDGE('',*,*,#984,.F.);
#1335=ORIENTED_EDGE('',*,*,#985,.F.);
#1336=ORIENTED_EDGE('',*,*,#986,.F.);
#1337=ORIENTED_EDGE('',*,*,#969,.F.);
#1338=ORIENTED_EDGE('',*,*,#987,.F.);
#1339=ORIENTED_EDGE('',*,*,#972,.F.);
#1340=ORIENTED_EDGE('',*,*,#988,.F.);
#1341=ORIENTED_EDGE('',*,*,#989,.F.);
#1342=ORIENTED_EDGE('',*,*,#916,.F.);
#1343=ORIENTED_EDGE('',*,*,#990,.F.);
#1344=ORIENTED_EDGE('',*,*,#991,.F.);
#1345=ORIENTED_EDGE('',*,*,#975,.F.);
#1346=ORIENTED_EDGE('',*,*,#992,.F.);
#1347=ORIENTED_EDGE('',*,*,#978,.F.);
#1348=ORIENTED_EDGE('',*,*,#802,.T.);
#1349=ORIENTED_EDGE('',*,*,#804,.T.);
#1350=ORIENTED_EDGE('',*,*,#806,.T.);
#1351=ORIENTED_EDGE('',*,*,#808,.T.);
#1352=ORIENTED_EDGE('',*,*,#985,.T.);
#1353=ORIENTED_EDGE('',*,*,#993,.T.);
#1354=ORIENTED_EDGE('',*,*,#832,.F.);
#1355=ORIENTED_EDGE('',*,*,#994,.F.);
#1356=ORIENTED_EDGE('',*,*,#970,.F.);
#1357=ORIENTED_EDGE('',*,*,#986,.T.);
#1358=ORIENTED_EDGE('',*,*,#994,.T.);
#1359=ORIENTED_EDGE('',*,*,#831,.F.);
#1360=ORIENTED_EDGE('',*,*,#973,.F.);
#1361=ORIENTED_EDGE('',*,*,#987,.T.);
#1362=ORIENTED_EDGE('',*,*,#968,.T.);
#1363=ORIENTED_EDGE('',*,*,#829,.F.);
#1364=ORIENTED_EDGE('',*,*,#870,.T.);
#1365=ORIENTED_EDGE('',*,*,#873,.T.);
#1366=ORIENTED_EDGE('',*,*,#871,.T.);
#1367=ORIENTED_EDGE('',*,*,#867,.T.);
#1368=ORIENTED_EDGE('',*,*,#995,.F.);
#1369=ORIENTED_EDGE('',*,*,#988,.T.);
#1370=ORIENTED_EDGE('',*,*,#971,.T.);
#1371=ORIENTED_EDGE('',*,*,#827,.F.);
#1372=ORIENTED_EDGE('',*,*,#917,.T.);
#1373=ORIENTED_EDGE('',*,*,#989,.T.);
#1374=ORIENTED_EDGE('',*,*,#995,.T.);
#1375=ORIENTED_EDGE('',*,*,#826,.F.);
#1376=ORIENTED_EDGE('',*,*,#906,.T.);
#1377=ORIENTED_EDGE('',*,*,#908,.T.);
#1378=ORIENTED_EDGE('',*,*,#909,.T.);
#1379=ORIENTED_EDGE('',*,*,#903,.T.);
#1380=ORIENTED_EDGE('',*,*,#996,.F.);
#1381=ORIENTED_EDGE('',*,*,#990,.T.);
#1382=ORIENTED_EDGE('',*,*,#915,.F.);
#1383=ORIENTED_EDGE('',*,*,#842,.F.);
#1384=ORIENTED_EDGE('',*,*,#882,.T.);
#1385=ORIENTED_EDGE('',*,*,#885,.T.);
#1386=ORIENTED_EDGE('',*,*,#883,.T.);
#1387=ORIENTED_EDGE('',*,*,#879,.T.);
#1388=ORIENTED_EDGE('',*,*,#976,.F.);
#1389=ORIENTED_EDGE('',*,*,#991,.T.);
#1390=ORIENTED_EDGE('',*,*,#996,.T.);
#1391=ORIENTED_EDGE('',*,*,#841,.F.);
#1392=ORIENTED_EDGE('',*,*,#979,.F.);
#1393=ORIENTED_EDGE('',*,*,#992,.T.);
#1394=ORIENTED_EDGE('',*,*,#974,.T.);
#1395=ORIENTED_EDGE('',*,*,#839,.F.);
#1396=ORIENTED_EDGE('',*,*,#894,.T.);
#1397=ORIENTED_EDGE('',*,*,#896,.T.);
#1398=ORIENTED_EDGE('',*,*,#897,.T.);
#1399=ORIENTED_EDGE('',*,*,#891,.T.);
#1400=ORIENTED_EDGE('',*,*,#997,.F.);
#1401=ORIENTED_EDGE('',*,*,#980,.T.);
#1402=ORIENTED_EDGE('',*,*,#977,.T.);
#1403=ORIENTED_EDGE('',*,*,#837,.F.);
#1404=ORIENTED_EDGE('',*,*,#998,.F.);
#1405=ORIENTED_EDGE('',*,*,#981,.T.);
#1406=ORIENTED_EDGE('',*,*,#997,.T.);
#1407=ORIENTED_EDGE('',*,*,#836,.F.);
#1408=ORIENTED_EDGE('',*,*,#999,.F.);
#1409=ORIENTED_EDGE('',*,*,#982,.T.);
#1410=ORIENTED_EDGE('',*,*,#998,.T.);
#1411=ORIENTED_EDGE('',*,*,#835,.F.);
#1412=ORIENTED_EDGE('',*,*,#1000,.F.);
#1413=ORIENTED_EDGE('',*,*,#983,.T.);
#1414=ORIENTED_EDGE('',*,*,#999,.T.);
#1415=ORIENTED_EDGE('',*,*,#834,.F.);
#1416=ORIENTED_EDGE('',*,*,#993,.F.);
#1417=ORIENTED_EDGE('',*,*,#984,.T.);
#1418=ORIENTED_EDGE('',*,*,#1000,.T.);
#1419=ORIENTED_EDGE('',*,*,#833,.F.);
#1420=ORIENTED_EDGE('',*,*,#955,.F.);
#1421=ORIENTED_EDGE('',*,*,#962,.T.);
#1422=ORIENTED_EDGE('',*,*,#851,.F.);
#1423=ORIENTED_EDGE('',*,*,#1001,.F.);
#1424=ORIENTED_EDGE('',*,*,#928,.F.);
#1425=ORIENTED_EDGE('',*,*,#1001,.T.);
#1426=ORIENTED_EDGE('',*,*,#850,.F.);
#1427=ORIENTED_EDGE('',*,*,#1002,.F.);
#1428=ORIENTED_EDGE('',*,*,#951,.F.);
#1429=ORIENTED_EDGE('',*,*,#1002,.T.);
#1430=ORIENTED_EDGE('',*,*,#849,.F.);
#1431=ORIENTED_EDGE('',*,*,#1003,.F.);
#1432=ORIENTED_EDGE('',*,*,#950,.F.);
#1433=ORIENTED_EDGE('',*,*,#1003,.T.);
#1434=ORIENTED_EDGE('',*,*,#848,.F.);
#1435=ORIENTED_EDGE('',*,*,#1004,.F.);
#1436=ORIENTED_EDGE('',*,*,#945,.F.);
#1437=ORIENTED_EDGE('',*,*,#1004,.T.);
#1438=ORIENTED_EDGE('',*,*,#847,.F.);
#1439=ORIENTED_EDGE('',*,*,#1005,.F.);
#1440=ORIENTED_EDGE('',*,*,#944,.F.);
#1441=ORIENTED_EDGE('',*,*,#1005,.T.);
#1442=ORIENTED_EDGE('',*,*,#846,.F.);
#1443=ORIENTED_EDGE('',*,*,#1006,.F.);
#1444=ORIENTED_EDGE('',*,*,#912,.T.);
#1445=ORIENTED_EDGE('',*,*,#924,.F.);
#1446=ORIENTED_EDGE('',*,*,#1006,.T.);
#1447=ORIENTED_EDGE('',*,*,#845,.F.);
#1448=ORIENTED_EDGE('',*,*,#819,.F.);
#1449=CYLINDRICAL_SURFACE('',#1589,0.0723385826771654);
#1450=CYLINDRICAL_SURFACE('',#1594,0.0723385826771654);
#1451=CYLINDRICAL_SURFACE('',#1599,0.0723385826771654);
#1452=CYLINDRICAL_SURFACE('',#1604,0.0723385826771654);
#1453=CYLINDRICAL_SURFACE('',#1609,0.0413385826771655);
#1454=CYLINDRICAL_SURFACE('',#1611,0.0413385826771655);
#1455=CYLINDRICAL_SURFACE('',#1613,0.0413385826771655);
#1456=CYLINDRICAL_SURFACE('',#1615,0.0413385826771655);
#1457=CYLINDRICAL_SURFACE('',#1636,0.0157480315);
#1458=CYLINDRICAL_SURFACE('',#1643,0.0157480315);
#1459=CYLINDRICAL_SURFACE('',#1650,0.015748031496063);
#1460=CYLINDRICAL_SURFACE('',#1657,0.015748031496063);
#1461=CYLINDRICAL_SURFACE('',#1664,0.560341324504259);
#1462=CYLINDRICAL_SURFACE('',#1673,0.5);
#1463=CYLINDRICAL_SURFACE('',#1674,0.3);
#1464=CYLINDRICAL_SURFACE('',#1683,0.3);
#1465=CYLINDRICAL_SURFACE('',#1685,0.3);
#1466=CYLINDRICAL_SURFACE('',#1686,0.3);
#1467=CYLINDRICAL_SURFACE('',#1691,0.3);
#1468=CYLINDRICAL_SURFACE('',#1696,0.3);
#1469=CYLINDRICAL_SURFACE('',#1698,0.3);
#1470=CYLINDRICAL_SURFACE('',#1699,0.3);
#1471=CYLINDRICAL_SURFACE('',#1705,0.3);
#1472=CYLINDRICAL_SURFACE('',#1706,0.200000000000003);
#1473=CYLINDRICAL_SURFACE('',#1708,0.2);
#1474=CYLINDRICAL_SURFACE('',#1711,1.51426715375777);
#1475=CYLINDRICAL_SURFACE('',#1714,0.1);
#1476=CYLINDRICAL_SURFACE('',#1716,0.1);
#1477=CYLINDRICAL_SURFACE('',#1718,0.1);
#1478=CYLINDRICAL_SURFACE('',#1720,0.1);
#1479=CYLINDRICAL_SURFACE('',#1728,0.0999999999999997);
#1480=CYLINDRICAL_SURFACE('',#1731,1.41426715375777);
#1481=CYLINDRICAL_SURFACE('',#1734,1.41426715375777);
#1482=CYLINDRICAL_SURFACE('',#1737,0.0999999999999994);
#1483=CYLINDRICAL_SURFACE('',#1739,0.300000000000003);
#1484=CYLINDRICAL_SURFACE('',#1742,0.199999999999999);
#1485=CYLINDRICAL_SURFACE('',#1745,1.51426715375777);
#1486=ADVANCED_FACE('',(#102),#1449,.F.);
#1487=ADVANCED_FACE('',(#103,#39),#55,.T.);
#1488=ADVANCED_FACE('',(#104),#1450,.F.);
#1489=ADVANCED_FACE('',(#105,#40),#56,.T.);
#1490=ADVANCED_FACE('',(#106),#1451,.F.);
#1491=ADVANCED_FACE('',(#107,#41),#57,.T.);
#1492=ADVANCED_FACE('',(#108),#1452,.F.);
#1493=ADVANCED_FACE('',(#109,#42),#58,.T.);
#1494=ADVANCED_FACE('',(#110),#1453,.F.);
#1495=ADVANCED_FACE('',(#111),#1454,.F.);
#1496=ADVANCED_FACE('',(#112),#1455,.F.);
#1497=ADVANCED_FACE('',(#113),#1456,.F.);
#1498=ADVANCED_FACE('',(#114),#59,.T.);
#1499=ADVANCED_FACE('',(#115),#60,.T.);
#1500=ADVANCED_FACE('',(#116),#61,.T.);
#1501=ADVANCED_FACE('',(#117),#62,.T.);
#1502=ADVANCED_FACE('',(#118),#63,.T.);
#1503=ADVANCED_FACE('',(#119),#1457,.T.);
#1504=ADVANCED_FACE('',(#120),#64,.F.);
#1505=ADVANCED_FACE('',(#121),#65,.F.);
#1506=ADVANCED_FACE('',(#122),#66,.F.);
#1507=ADVANCED_FACE('',(#123),#67,.F.);
#1508=ADVANCED_FACE('',(#124),#1458,.T.);
#1509=ADVANCED_FACE('',(#125),#68,.F.);
#1510=ADVANCED_FACE('',(#126),#69,.F.);
#1511=ADVANCED_FACE('',(#127),#70,.F.);
#1512=ADVANCED_FACE('',(#128),#71,.F.);
#1513=ADVANCED_FACE('',(#129),#1459,.T.);
#1514=ADVANCED_FACE('',(#130),#72,.T.);
#1515=ADVANCED_FACE('',(#131),#73,.T.);
#1516=ADVANCED_FACE('',(#132),#74,.T.);
#1517=ADVANCED_FACE('',(#133),#75,.T.);
#1518=ADVANCED_FACE('',(#134),#1460,.T.);
#1519=ADVANCED_FACE('',(#135),#76,.T.);
#1520=ADVANCED_FACE('',(#136),#77,.T.);
#1521=ADVANCED_FACE('',(#137),#78,.T.);
#1522=ADVANCED_FACE('',(#138),#79,.T.);
#1523=ADVANCED_FACE('',(#139),#1461,.T.);
#1524=ADVANCED_FACE('',(#140),#80,.F.);
#1525=ADVANCED_FACE('',(#141),#81,.F.);
#1526=ADVANCED_FACE('',(#142),#82,.T.);
#1527=ADVANCED_FACE('',(#143),#1462,.F.);
#1528=ADVANCED_FACE('',(#144),#1463,.T.);
#1529=ADVANCED_FACE('',(#145),#18,.F.);
#1530=ADVANCED_FACE('',(#146),#19,.F.);
#1531=ADVANCED_FACE('',(#147),#1464,.T.);
#1532=ADVANCED_FACE('',(#148),#1465,.T.);
#1533=ADVANCED_FACE('',(#149),#1466,.T.);
#1534=ADVANCED_FACE('',(#150),#15,.T.);
#1535=ADVANCED_FACE('',(#151),#1467,.T.);
#1536=ADVANCED_FACE('',(#152),#16,.T.);
#1537=ADVANCED_FACE('',(#153),#1468,.T.);
#1538=ADVANCED_FACE('',(#154),#1469,.T.);
#1539=ADVANCED_FACE('',(#155),#1470,.T.);
#1540=ADVANCED_FACE('',(#156),#17,.T.);
#1541=ADVANCED_FACE('',(#157),#1471,.T.);
#1542=ADVANCED_FACE('',(#158),#1472,.F.);
#1543=ADVANCED_FACE('',(#159),#83,.T.);
#1544=ADVANCED_FACE('',(#160),#1473,.T.);
#1545=ADVANCED_FACE('',(#161),#84,.T.);
#1546=ADVANCED_FACE('',(#162),#85,.T.);
#1547=ADVANCED_FACE('',(#163),#1474,.T.);
#1548=ADVANCED_FACE('',(#164),#86,.T.);
#1549=ADVANCED_FACE('',(#165,#43,#44,#45,#46),#87,.F.);
#1550=ADVANCED_FACE('',(#166),#1475,.T.);
#1551=ADVANCED_FACE('',(#167),#1476,.T.);
#1552=ADVANCED_FACE('',(#168),#1477,.T.);
#1553=ADVANCED_FACE('',(#169),#1478,.T.);
#1554=ADVANCED_FACE('',(#170,#47,#48,#49,#50),#88,.T.);
#1555=ADVANCED_FACE('',(#171),#1479,.F.);
#1556=ADVANCED_FACE('',(#172),#89,.F.);
#1557=ADVANCED_FACE('',(#173,#51),#90,.F.);
#1558=ADVANCED_FACE('',(#174),#1480,.F.);
#1559=ADVANCED_FACE('',(#175,#52),#91,.F.);
#1560=ADVANCED_FACE('',(#176,#53),#92,.F.);
#1561=ADVANCED_FACE('',(#177),#1481,.F.);
#1562=ADVANCED_FACE('',(#178,#54),#93,.F.);
#1563=ADVANCED_FACE('',(#179),#94,.F.);
#1564=ADVANCED_FACE('',(#180),#1482,.F.);
#1565=ADVANCED_FACE('',(#181),#95,.F.);
#1566=ADVANCED_FACE('',(#182),#1483,.T.);
#1567=ADVANCED_FACE('',(#183),#96,.F.);
#1568=ADVANCED_FACE('',(#184),#97,.T.);
#1569=ADVANCED_FACE('',(#185),#1484,.T.);
#1570=ADVANCED_FACE('',(#186),#98,.T.);
#1571=ADVANCED_FACE('',(#187),#99,.T.);
#1572=ADVANCED_FACE('',(#188),#1485,.T.);
#1573=ADVANCED_FACE('',(#189),#100,.T.);
#1574=ADVANCED_FACE('',(#190),#101,.T.);
#1575=CLOSED_SHELL('',(#1486,#1487,#1488,#1489,#1490,#1491,#1492,#1493,
#1494,#1495,#1496,#1497,#1498,#1499,#1500,#1501,#1502,#1503,#1504,#1505,
#1506,#1507,#1508,#1509,#1510,#1511,#1512,#1513,#1514,#1515,#1516,#1517,
#1518,#1519,#1520,#1521,#1522,#1523,#1524,#1525,#1526,#1527,#1528,#1529,
#1530,#1531,#1532,#1533,#1534,#1535,#1536,#1537,#1538,#1539,#1540,#1541,
#1542,#1543,#1544,#1545,#1546,#1547,#1548,#1549,#1550,#1551,#1552,#1553,
#1554,#1555,#1556,#1557,#1558,#1559,#1560,#1561,#1562,#1563,#1564,#1565,
#1566,#1567,#1568,#1569,#1570,#1571,#1572,#1573,#1574));
#1576=DERIVED_UNIT_ELEMENT(#1578,1.);
#1577=DERIVED_UNIT_ELEMENT(#2833,-3.);
#1578=(
MASS_UNIT()
NAMED_UNIT(*)
SI_UNIT(.KILO.,.GRAM.)
);
#1579=DERIVED_UNIT((#1576,#1577));
#1580=MEASURE_REPRESENTATION_ITEM('density measure',
POSITIVE_RATIO_MEASURE(7850.),#1579);
#1581=PROPERTY_DEFINITION_REPRESENTATION(#1586,#1583);
#1582=PROPERTY_DEFINITION_REPRESENTATION(#1587,#1584);
#1583=REPRESENTATION('material name',(#1585),#2828);
#1584=REPRESENTATION('density',(#1580),#2828);
#1585=DESCRIPTIVE_REPRESENTATION_ITEM('Steel','Steel');
#1586=PROPERTY_DEFINITION('material property','material name',#2841);
#1587=PROPERTY_DEFINITION('material property','density of part',#2841);
#1588=AXIS2_PLACEMENT_3D('',#2214,#1748,#1749);
#1589=AXIS2_PLACEMENT_3D('',#2215,#1750,#1751);
#1590=AXIS2_PLACEMENT_3D('',#2217,#1752,#1753);
#1591=AXIS2_PLACEMENT_3D('',#2220,#1755,#1756);
#1592=AXIS2_PLACEMENT_3D('',#2221,#1757,#1758);
#1593=AXIS2_PLACEMENT_3D('',#2223,#1759,#1760);
#1594=AXIS2_PLACEMENT_3D('',#2224,#1761,#1762);
#1595=AXIS2_PLACEMENT_3D('',#2226,#1763,#1764);
#1596=AXIS2_PLACEMENT_3D('',#2229,#1766,#1767);
#1597=AXIS2_PLACEMENT_3D('',#2230,#1768,#1769);
#1598=AXIS2_PLACEMENT_3D('',#2232,#1770,#1771);
#1599=AXIS2_PLACEMENT_3D('',#2233,#1772,#1773);
#1600=AXIS2_PLACEMENT_3D('',#2235,#1774,#1775);
#1601=AXIS2_PLACEMENT_3D('',#2238,#1777,#1778);
#1602=AXIS2_PLACEMENT_3D('',#2239,#1779,#1780);
#1603=AXIS2_PLACEMENT_3D('',#2241,#1781,#1782);
#1604=AXIS2_PLACEMENT_3D('',#2242,#1783,#1784);
#1605=AXIS2_PLACEMENT_3D('',#2244,#1785,#1786);
#1606=AXIS2_PLACEMENT_3D('',#2247,#1788,#1789);
#1607=AXIS2_PLACEMENT_3D('',#2248,#1790,#1791);
#1608=AXIS2_PLACEMENT_3D('',#2250,#1792,#1793);
#1609=AXIS2_PLACEMENT_3D('',#2251,#1794,#1795);
#1610=AXIS2_PLACEMENT_3D('',#2253,#1796,#1797);
#1611=AXIS2_PLACEMENT_3D('',#2255,#1799,#1800);
#1612=AXIS2_PLACEMENT_3D('',#2257,#1801,#1802);
#1613=AXIS2_PLACEMENT_3D('',#2259,#1804,#1805);
#1614=AXIS2_PLACEMENT_3D('',#2261,#1806,#1807);
#1615=AXIS2_PLACEMENT_3D('',#2263,#1809,#1810);
#1616=AXIS2_PLACEMENT_3D('',#2265,#1811,#1812);
#1617=AXIS2_PLACEMENT_3D('',#2267,#1814,#1815);
#1618=AXIS2_PLACEMENT_3D('',#2276,#1820,#1821);
#1619=AXIS2_PLACEMENT_3D('',#2285,#1826,#1827);
#1620=AXIS2_PLACEMENT_3D('',#2294,#1832,#1833);
#1621=AXIS2_PLACEMENT_3D('',#2303,#1838,#1839);
#1622=AXIS2_PLACEMENT_3D('',#2308,#1841,#1842);
#1623=AXIS2_PLACEMENT_3D('',#2310,#1843,#1844);
#1624=AXIS2_PLACEMENT_3D('',#2314,#1846,#1847);
#1625=AXIS2_PLACEMENT_3D('',#2318,#1849,#1850);
#1626=AXIS2_PLACEMENT_3D('',#2322,#1852,#1853);
#1627=AXIS2_PLACEMENT_3D('',#2326,#1855,#1856);
#1628=AXIS2_PLACEMENT_3D('',#2330,#1858,#1859);
#1629=AXIS2_PLACEMENT_3D('',#2334,#1861,#1862);
#1630=AXIS2_PLACEMENT_3D('',#2336,#1863,#1864);
#1631=AXIS2_PLACEMENT_3D('',#2346,#1870,#1871);
#1632=AXIS2_PLACEMENT_3D('',#2352,#1874,#1875);
#1633=AXIS2_PLACEMENT_3D('',#2356,#1877,#1878);
#1634=AXIS2_PLACEMENT_3D('',#2360,#1880,#1881);
#1635=AXIS2_PLACEMENT_3D('',#2366,#1884,#1885);
#1636=AXIS2_PLACEMENT_3D('',#2372,#1890,#1891);
#1637=AXIS2_PLACEMENT_3D('',#2375,#1892,#1893);
#1638=AXIS2_PLACEMENT_3D('',#2379,#1895,#1896);
#1639=AXIS2_PLACEMENT_3D('',#2381,#1898,#1899);
#1640=AXIS2_PLACEMENT_3D('',#2387,#1903,#1904);
#1641=AXIS2_PLACEMENT_3D('',#2391,#1907,#1908);
#1642=AXIS2_PLACEMENT_3D('',#2395,#1911,#1912);
#1643=AXIS2_PLACEMENT_3D('',#2397,#1914,#1915);
#1644=AXIS2_PLACEMENT_3D('',#2400,#1916,#1917);
#1645=AXIS2_PLACEMENT_3D('',#2404,#1919,#1920);
#1646=AXIS2_PLACEMENT_3D('',#2406,#1922,#1923);
#1647=AXIS2_PLACEMENT_3D('',#2412,#1927,#1928);
#1648=AXIS2_PLACEMENT_3D('',#2416,#1931,#1932);
#1649=AXIS2_PLACEMENT_3D('',#2420,#1935,#1936);
#1650=AXIS2_PLACEMENT_3D('',#2422,#1938,#1939);
#1651=AXIS2_PLACEMENT_3D('',#2425,#1940,#1941);
#1652=AXIS2_PLACEMENT_3D('',#2429,#1943,#1944);
#1653=AXIS2_PLACEMENT_3D('',#2431,#1946,#1947);
#1654=AXIS2_PLACEMENT_3D('',#2437,#1951,#1952);
#1655=AXIS2_PLACEMENT_3D('',#2441,#1955,#1956);
#1656=AXIS2_PLACEMENT_3D('',#2445,#1959,#1960);
#1657=AXIS2_PLACEMENT_3D('',#2447,#1962,#1963);
#1658=AXIS2_PLACEMENT_3D('',#2450,#1964,#1965);
#1659=AXIS2_PLACEMENT_3D('',#2454,#1967,#1968);
#1660=AXIS2_PLACEMENT_3D('',#2456,#1970,#1971);
#1661=AXIS2_PLACEMENT_3D('',#2462,#1975,#1976);
#1662=AXIS2_PLACEMENT_3D('',#2466,#1979,#1980);
#1663=AXIS2_PLACEMENT_3D('',#2470,#1983,#1984);
#1664=AXIS2_PLACEMENT_3D('',#2472,#1986,#1987);
#1665=AXIS2_PLACEMENT_3D('',#2474,#1988,#1989);
#1666=AXIS2_PLACEMENT_3D('',#2490,#1990,#1991);
#1667=AXIS2_PLACEMENT_3D('',#2491,#1992,#1993);
#1668=AXIS2_PLACEMENT_3D('',#2492,#1994,#1995);
#1669=AXIS2_PLACEMENT_3D('',#2493,#1996,#1997);
#1670=AXIS2_PLACEMENT_3D('',#2494,#1998,#1999);
#1671=AXIS2_PLACEMENT_3D('',#2500,#2003,#2004);
#1672=AXIS2_PLACEMENT_3D('',#2501,#2005,#2006);
#1673=AXIS2_PLACEMENT_3D('',#2505,#2009,#2010);
#1674=AXIS2_PLACEMENT_3D('',#2506,#2011,#2012);
#1675=AXIS2_PLACEMENT_3D('',#2508,#2013,#2014);
#1676=AXIS2_PLACEMENT_3D('',#2512,#2016,#2017);
#1677=AXIS2_PLACEMENT_3D('',#2579,#2019,#2020);
#1678=AXIS2_PLACEMENT_3D('',#2581,#2021,#2022);
#1679=AXIS2_PLACEMENT_3D('',#2582,#2023,#2024);
#1680=AXIS2_PLACEMENT_3D('',#2648,#2025,#2026);
#1681=AXIS2_PLACEMENT_3D('',#2650,#2027,#2028);
#1682=AXIS2_PLACEMENT_3D('',#2651,#2029,#2030);
#1683=AXIS2_PLACEMENT_3D('',#2652,#2031,#2032);
#1684=AXIS2_PLACEMENT_3D('',#2656,#2034,#2035);
#1685=AXIS2_PLACEMENT_3D('',#2658,#2037,#2038);
#1686=AXIS2_PLACEMENT_3D('',#2675,#2041,#2042);
#1687=AXIS2_PLACEMENT_3D('',#2679,#2044,#2045);
#1688=AXIS2_PLACEMENT_3D('',#2681,#2047,#2048);
#1689=AXIS2_PLACEMENT_3D('',#2682,#2049,#2050);
#1690=AXIS2_PLACEMENT_3D('',#2683,#2051,#2052);
#1691=AXIS2_PLACEMENT_3D('',#2684,#2053,#2054);
#1692=AXIS2_PLACEMENT_3D('',#2688,#2056,#2057);
#1693=AXIS2_PLACEMENT_3D('',#2690,#2059,#2060);
#1694=AXIS2_PLACEMENT_3D('',#2692,#2061,#2062);
#1695=AXIS2_PLACEMENT_3D('',#2694,#2063,#2064);
#1696=AXIS2_PLACEMENT_3D('',#2707,#2065,#2066);
#1697=AXIS2_PLACEMENT_3D('',#2711,#2068,#2069);
#1698=AXIS2_PLACEMENT_3D('',#2713,#2071,#2072);
#1699=AXIS2_PLACEMENT_3D('',#2716,#2075,#2076);
#1700=AXIS2_PLACEMENT_3D('',#2720,#2078,#2079);
#1701=AXIS2_PLACEMENT_3D('',#2722,#2081,#2082);
#1702=AXIS2_PLACEMENT_3D('',#2725,#2083,#2084);
#1703=AXIS2_PLACEMENT_3D('',#2726,#2085,#2086);
#1704=AXIS2_PLACEMENT_3D('',#2727,#2087,#2088);
#1705=AXIS2_PLACEMENT_3D('',#2728,#2089,#2090);
#1706=AXIS2_PLACEMENT_3D('',#2731,#2093,#2094);
#1707=AXIS2_PLACEMENT_3D('',#2734,#2097,#2098);
#1708=AXIS2_PLACEMENT_3D('',#2736,#2100,#2101);
#1709=AXIS2_PLACEMENT_3D('',#2738,#2103,#2104);
#1710=AXIS2_PLACEMENT_3D('',#2740,#2106,#2107);
#1711=AXIS2_PLACEMENT_3D('',#2742,#2109,#2110);
#1712=AXIS2_PLACEMENT_3D('',#2744,#2112,#2113);
#1713=AXIS2_PLACEMENT_3D('',#2745,#2114,#2115);
#1714=AXIS2_PLACEMENT_3D('',#2746,#2116,#2117);
#1715=AXIS2_PLACEMENT_3D('',#2750,#2119,#2120);
#1716=AXIS2_PLACEMENT_3D('',#2752,#2122,#2123);
#1717=AXIS2_PLACEMENT_3D('',#2756,#2125,#2126);
#1718=AXIS2_PLACEMENT_3D('',#2758,#2128,#2129);
#1719=AXIS2_PLACEMENT_3D('',#2762,#2131,#2132);
#1720=AXIS2_PLACEMENT_3D('',#2764,#2134,#2135);
#1721=AXIS2_PLACEMENT_3D('',#2768,#2137,#2138);
#1722=AXIS2_PLACEMENT_3D('',#2770,#2140,#2141);
#1723=AXIS2_PLACEMENT_3D('',#2774,#2143,#2144);
#1724=AXIS2_PLACEMENT_3D('',#2778,#2146,#2147);
#1725=AXIS2_PLACEMENT_3D('',#2782,#2149,#2150);
#1726=AXIS2_PLACEMENT_3D('',#2786,#2153,#2154);
#1727=AXIS2_PLACEMENT_3D('',#2790,#2157,#2158);
#1728=AXIS2_PLACEMENT_3D('',#2792,#2160,#2161);
#1729=AXIS2_PLACEMENT_3D('',#2795,#2164,#2165);
#1730=AXIS2_PLACEMENT_3D('',#2796,#2166,#2167);
#1731=AXIS2_PLACEMENT_3D('',#2797,#2168,#2169);
#1732=AXIS2_PLACEMENT_3D('',#2799,#2171,#2172);
#1733=AXIS2_PLACEMENT_3D('',#2800,#2173,#2174);
#1734=AXIS2_PLACEMENT_3D('',#2802,#2176,#2177);
#1735=AXIS2_PLACEMENT_3D('',#2803,#2178,#2179);
#1736=AXIS2_PLACEMENT_3D('',#2804,#2180,#2181);
#1737=AXIS2_PLACEMENT_3D('',#2806,#2183,#2184);
#1738=AXIS2_PLACEMENT_3D('',#2808,#2186,#2187);
#1739=AXIS2_PLACEMENT_3D('',#2810,#2189,#2190);
#1740=AXIS2_PLACEMENT_3D('',#2812,#2192,#2193);
#1741=AXIS2_PLACEMENT_3D('',#2813,#2194,#2195);
#1742=AXIS2_PLACEMENT_3D('',#2815,#2197,#2198);
#1743=AXIS2_PLACEMENT_3D('',#2817,#2200,#2201);
#1744=AXIS2_PLACEMENT_3D('',#2819,#2203,#2204);
#1745=AXIS2_PLACEMENT_3D('',#2821,#2206,#2207);
#1746=AXIS2_PLACEMENT_3D('',#2823,#2209,#2210);
#1747=AXIS2_PLACEMENT_3D('',#2825,#2212,#2213);
#1748=DIRECTION('axis',(0.,0.,1.));
#1749=DIRECTION('refdir',(1.,0.,0.));
#1750=DIRECTION('center_axis',(0.,0.,1.));
#1751=DIRECTION('ref_axis',(1.,0.,0.));
#1752=DIRECTION('center_axis',(0.,0.,1.));
#1753=DIRECTION('ref_axis',(1.,0.,0.));
#1754=DIRECTION('',(0.,0.,1.));
#1755=DIRECTION('center_axis',(0.,0.,1.));
#1756=DIRECTION('ref_axis',(1.,0.,0.));
#1757=DIRECTION('center_axis',(0.,0.,-1.));
#1758=DIRECTION('ref_axis',(1.,0.,0.));
#1759=DIRECTION('center_axis',(0.,0.,-1.));
#1760=DIRECTION('ref_axis',(-1.,0.,0.));
#1761=DIRECTION('center_axis',(0.,0.,1.));
#1762=DIRECTION('ref_axis',(1.,0.,0.));
#1763=DIRECTION('center_axis',(0.,0.,1.));
#1764=DIRECTION('ref_axis',(1.,0.,0.));
#1765=DIRECTION('',(0.,0.,1.));
#1766=DIRECTION('center_axis',(0.,0.,1.));
#1767=DIRECTION('ref_axis',(1.,0.,0.));
#1768=DIRECTION('center_axis',(0.,0.,-1.));
#1769=DIRECTION('ref_axis',(1.,0.,0.));
#1770=DIRECTION('center_axis',(0.,0.,-1.));
#1771=DIRECTION('ref_axis',(-1.,0.,0.));
#1772=DIRECTION('center_axis',(0.,0.,1.));
#1773=DIRECTION('ref_axis',(1.,0.,0.));
#1774=DIRECTION('center_axis',(0.,0.,1.));
#1775=DIRECTION('ref_axis',(1.,0.,0.));
#1776=DIRECTION('',(0.,0.,1.));
#1777=DIRECTION('center_axis',(0.,0.,1.));
#1778=DIRECTION('ref_axis',(1.,0.,0.));
#1779=DIRECTION('center_axis',(0.,0.,-1.));
#1780=DIRECTION('ref_axis',(1.,0.,0.));
#1781=DIRECTION('center_axis',(0.,0.,-1.));
#1782=DIRECTION('ref_axis',(-1.,0.,0.));
#1783=DIRECTION('center_axis',(0.,0.,1.));
#1784=DIRECTION('ref_axis',(1.,0.,0.));
#1785=DIRECTION('center_axis',(0.,0.,1.));
#1786=DIRECTION('ref_axis',(1.,0.,0.));
#1787=DIRECTION('',(0.,0.,1.));
#1788=DIRECTION('center_axis',(0.,0.,1.));
#1789=DIRECTION('ref_axis',(1.,0.,0.));
#1790=DIRECTION('center_axis',(0.,0.,-1.));
#1791=DIRECTION('ref_axis',(1.,0.,0.));
#1792=DIRECTION('center_axis',(0.,0.,-1.));
#1793=DIRECTION('ref_axis',(-1.,0.,0.));
#1794=DIRECTION('center_axis',(0.,0.,-1.));
#1795=DIRECTION('ref_axis',(-1.,0.,0.));
#1796=DIRECTION('center_axis',(0.,0.,-1.));
#1797=DIRECTION('ref_axis',(-1.,0.,0.));
#1798=DIRECTION('',(0.,0.,-1.));
#1799=DIRECTION('center_axis',(0.,0.,-1.));
#1800=DIRECTION('ref_axis',(-1.,0.,0.));
#1801=DIRECTION('center_axis',(0.,0.,-1.));
#1802=DIRECTION('ref_axis',(-1.,0.,0.));
#1803=DIRECTION('',(0.,0.,-1.));
#1804=DIRECTION('center_axis',(0.,0.,-1.));
#1805=DIRECTION('ref_axis',(-1.,0.,0.));
#1806=DIRECTION('center_axis',(0.,0.,-1.));
#1807=DIRECTION('ref_axis',(-1.,0.,0.));
#1808=DIRECTION('',(0.,0.,-1.));
#1809=DIRECTION('center_axis',(0.,0.,-1.));
#1810=DIRECTION('ref_axis',(-1.,0.,0.));
#1811=DIRECTION('center_axis',(0.,0.,-1.));
#1812=DIRECTION('ref_axis',(-1.,0.,0.));
#1813=DIRECTION('',(0.,0.,-1.));
#1814=DIRECTION('center_axis',(-1.,0.,0.));
#1815=DIRECTION('ref_axis',(0.,-1.,0.));
#1816=DIRECTION('',(0.,-1.,0.));
#1817=DIRECTION('',(0.,0.,1.));
#1818=DIRECTION('',(0.,-1.,0.));
#1819=DIRECTION('',(0.,0.,1.));
#1820=DIRECTION('center_axis',(1.,0.,0.));
#1821=DIRECTION('ref_axis',(0.,1.,0.));
#1822=DIRECTION('',(0.,1.,0.));
#1823=DIRECTION('',(0.,0.,1.));
#1824=DIRECTION('',(0.,1.,0.));
#1825=DIRECTION('',(0.,0.,1.));
#1826=DIRECTION('center_axis',(-1.,0.,0.));
#1827=DIRECTION('ref_axis',(0.,-1.,0.));
#1828=DIRECTION('',(0.,1.,0.));
#1829=DIRECTION('',(0.,0.,1.));
#1830=DIRECTION('',(0.,-1.,0.));
#1831=DIRECTION('',(0.,0.,1.));
#1832=DIRECTION('center_axis',(1.,0.,0.));
#1833=DIRECTION('ref_axis',(0.,1.,0.));
#1834=DIRECTION('',(0.,1.,0.));
#1835=DIRECTION('',(0.,0.,1.));
#1836=DIRECTION('',(0.,1.,0.));
#1837=DIRECTION('',(0.,0.,1.));
#1838=DIRECTION('center_axis',(0.,0.,1.));
#1839=DIRECTION('ref_axis',(1.,0.,0.));
#1840=DIRECTION('',(0.561944867237533,-0.827174689038169,0.));
#1841=DIRECTION('center_axis',(0.,0.,-1.));
#1842=DIRECTION('ref_axis',(1.,0.,0.));
#1843=DIRECTION('center_axis',(0.,0.,1.));
#1844=DIRECTION('ref_axis',(0.,1.,0.));
#1845=DIRECTION('',(-0.48564293117863,-0.874157276121539,0.));
#1846=DIRECTION('center_axis',(0.,0.,1.));
#1847=DIRECTION('ref_axis',(0.,1.,0.));
#1848=DIRECTION('',(0.340341543505949,-0.940301884377559,0.));
#1849=DIRECTION('center_axis',(0.,0.,-1.));
#1850=DIRECTION('ref_axis',(1.,0.,0.));
#1851=DIRECTION('',(-0.947162409448146,0.320754376631687,0.));
#1852=DIRECTION('center_axis',(0.,0.,1.));
#1853=DIRECTION('ref_axis',(-1.,0.,0.));
#1854=DIRECTION('',(-0.947162409448146,-0.320754376631688,0.));
#1855=DIRECTION('center_axis',(0.,0.,-1.));
#1856=DIRECTION('ref_axis',(1.,0.,0.));
#1857=DIRECTION('',(0.340341543505951,0.940301884377558,0.));
#1858=DIRECTION('center_axis',(0.,0.,1.));
#1859=DIRECTION('ref_axis',(0.,1.,0.));
#1860=DIRECTION('',(-0.485642931178631,0.874157276121538,0.));
#1861=DIRECTION('center_axis',(0.,0.,1.));
#1862=DIRECTION('ref_axis',(0.,1.,0.));
#1863=DIRECTION('center_axis',(0.,0.,-1.));
#1864=DIRECTION('ref_axis',(1.,0.,0.));
#1865=DIRECTION('',(0.561944867237533,0.827174689038169,0.));
#1866=DIRECTION('',(1.,0.,0.));
#1867=DIRECTION('',(-1.,0.,-4.30394906982158E-16));
#1868=DIRECTION('',(-1.,0.,0.));
#1869=DIRECTION('',(-0.561944867237533,-0.827174689038169,0.));
#1870=DIRECTION('center_axis',(0.,0.,1.));
#1871=DIRECTION('ref_axis',(-0.82717468903817,0.561944867237532,0.));
#1872=DIRECTION('',(0.485642931178631,-0.874157276121538,0.));
#1873=DIRECTION('',(-0.340341543505951,-0.940301884377558,0.));
#1874=DIRECTION('center_axis',(0.,0.,1.));
#1875=DIRECTION('ref_axis',(-0.940301884377558,0.340341543505951,0.));
#1876=DIRECTION('',(0.947162409448146,0.320754376631688,0.));
#1877=DIRECTION('center_axis',(0.,0.,-1.));
#1878=DIRECTION('ref_axis',(0.320754376631682,0.947162409448148,0.));
#1879=DIRECTION('',(0.947162409448146,-0.320754376631687,0.));
#1880=DIRECTION('center_axis',(0.,0.,1.));
#1881=DIRECTION('ref_axis',(-0.320754376631691,-0.947162409448145,0.));
#1882=DIRECTION('',(-0.340341543505949,0.940301884377559,0.));
#1883=DIRECTION('',(0.485642931178631,0.874157276121539,0.));
#1884=DIRECTION('center_axis',(0.,0.,1.));
#1885=DIRECTION('ref_axis',(0.851397453678016,-0.524521091921565,0.));
#1886=DIRECTION('',(-0.561944867237533,0.827174689038169,0.));
#1887=DIRECTION('',(-1.,0.,0.));
#1888=DIRECTION('',(-1.,0.,0.));
#1889=DIRECTION('',(1.,0.,0.));
#1890=DIRECTION('center_axis',(-0.485642931178984,-0.874157276121342,4.04426492295329E-13));
#1891=DIRECTION('ref_axis',(-0.874157276121351,0.485642931178968,-1.21682165517422E-12));
#1892=DIRECTION('center_axis',(0.961523947640823,0.274721127897378,1.71575929551302E-12));
#1893=DIRECTION('ref_axis',(-0.274721127897378,0.961523947640823,-1.14639555906209E-12));
#1894=DIRECTION('',(0.485642931178984,0.874157276121342,-4.04441154826625E-13));
#1895=DIRECTION('center_axis',(0.274721127897378,-0.961523947640823,0.));
#1896=DIRECTION('ref_axis',(-0.961523947640823,-0.274721127897378,-5.7445012867436E-13));
#1897=DIRECTION('',(-0.485642931178984,-0.874157276121342,4.04441154826136E-13));
#1898=DIRECTION('center_axis',(0.618122537769105,-0.343401409871724,0.707106781186543));
#1899=DIRECTION('ref_axis',(0.485642931178631,0.874157276121538,0.));
#1900=DIRECTION('',(-0.785081015728858,-0.224308861636817,0.577350269189631));
#1901=DIRECTION('',(0.485642931178631,0.874157276121539,4.71027737605135E-16));
#1902=DIRECTION('',(-0.224308861637679,0.785081015728269,0.577350269190097));
#1903=DIRECTION('center_axis',(0.274721127897378,-0.961523947640823,0.));
#1904=DIRECTION('ref_axis',(0.,0.,1.));
#1905=DIRECTION('',(-0.785081015727804,-0.224308861636515,-0.577350269191182));
#1906=DIRECTION('',(0.,0.,1.));
#1907=DIRECTION('center_axis',(0.961523947640823,0.274721127897378,1.71575929551302E-12));
#1908=DIRECTION('ref_axis',(2.12109897988687E-12,-1.17838832215937E-12,
-1.));
#1909=DIRECTION('',(1.17838832215937E-12,2.12109897988687E-12,-1.));
#1910=DIRECTION('',(-0.224308861635533,0.785081015727971,-0.577350269191337));
#1911=DIRECTION('center_axis',(0.618122537770323,-0.343401409873055,-0.707106781184833));
#1912=DIRECTION('ref_axis',(-0.485642931179338,-0.874157276121146,0.));
#1913=DIRECTION('',(-0.485642931178631,-0.874157276121539,8.09382662453449E-13));
#1914=DIRECTION('center_axis',(0.561944867237533,0.827174689038169,1.11022302462516E-15));
#1915=DIRECTION('ref_axis',(0.827174689038174,-0.561944867237525,1.57009245829121E-14));
#1916=DIRECTION('center_axis',(-0.982255858121397,-0.187545805568128,0.));
#1917=DIRECTION('ref_axis',(0.187545805568128,-0.982255858121397,1.03171840141338E-14));
#1918=DIRECTION('',(-0.561944867237533,-0.827174689038169,-1.0653915613848E-15));
#1919=DIRECTION('center_axis',(-0.187545805568128,0.982255858121397,0.));
#1920=DIRECTION('ref_axis',(0.982255858121397,0.187545805568128,1.18872764728176E-14));
#1921=DIRECTION('',(0.561944867237533,0.827174689038169,1.14389618431901E-15));
#1922=DIRECTION('center_axis',(-0.58490083184478,0.397355026276644,0.707106781186528));
#1923=DIRECTION('ref_axis',(-0.561944867237533,-0.827174689038169,-1.11022302462516E-15));
#1924=DIRECTION('',(0.802008549752334,0.15313050901371,0.577350269189648));
#1925=DIRECTION('',(-0.561944867237533,-0.827174689038169,-1.09906472107867E-15));
#1926=DIRECTION('',(0.15313050901371,-0.802008549752336,0.577350269189646));
#1927=DIRECTION('center_axis',(-0.187545805568128,0.982255858121397,0.));
#1928=DIRECTION('ref_axis',(0.,0.,1.));
#1929=DIRECTION('',(0.802008549752352,0.153130509013713,-0.577350269189623));
#1930=DIRECTION('',(0.,0.,1.));
#1931=DIRECTION('center_axis',(-0.982255858121397,-0.187545805568128,0.));
#1932=DIRECTION('ref_axis',(0.,0.,-1.));
#1933=DIRECTION('',(0.,0.,-1.));
#1934=DIRECTION('',(0.153130509013713,-0.802008549752352,-0.577350269189623));
#1935=DIRECTION('center_axis',(-0.584900831844761,0.397355026276633,-0.70710678118655));
#1936=DIRECTION('ref_axis',(0.561944867237533,0.827174689038169,1.11022302462516E-15));
#1937=DIRECTION('',(0.561944867237533,0.827174689038169,1.17756934401283E-15));
#1938=DIRECTION('center_axis',(0.485642931178985,-0.874157276121342,4.04426492295329E-13));
#1939=DIRECTION('ref_axis',(0.874157276121342,0.485642931178984,-1.20112073089162E-12));
#1940=DIRECTION('center_axis',(-0.961523947640823,0.274721127897378,1.71575929551302E-12));
#1941=DIRECTION('ref_axis',(0.274721127897378,0.961523947640823,-1.13529332903095E-12));
#1942=DIRECTION('',(-0.485642931178985,0.874157276121342,-4.04441154826136E-13));
#1943=DIRECTION('center_axis',(-0.274721127897378,-0.961523947640823,0.));
#1944=DIRECTION('ref_axis',(0.961523947640823,-0.274721127897378,-5.63347898643235E-13));
#1945=DIRECTION('',(0.485642931178985,-0.874157276121342,4.04401902515158E-13));
#1946=DIRECTION('center_axis',(0.618122537770322,0.343401409873055,0.707106781184833));
#1947=DIRECTION('ref_axis',(0.485642931179338,-0.874157276121146,0.));
#1948=DIRECTION('',(0.785081015727804,-0.224308861636515,-0.577350269191182));
#1949=DIRECTION('',(-0.485642931178631,0.874157276121538,-8.08833130092909E-13));
#1950=DIRECTION('',(0.224308861635533,0.785081015727971,-0.577350269191337));
#1951=DIRECTION('center_axis',(0.274721127897378,0.961523947640823,0.));
#1952=DIRECTION('ref_axis',(0.,0.,1.));
#1953=DIRECTION('',(0.785081015728858,-0.224308861636817,0.577350269189631));
#1954=DIRECTION('',(0.,0.,-1.));
#1955=DIRECTION('center_axis',(0.618122537769105,0.343401409871724,-0.707106781186543));
#1956=DIRECTION('ref_axis',(-0.485642931178631,0.874157276121538,0.));
#1957=DIRECTION('',(0.224308861637679,0.785081015728269,0.577350269190097));
#1958=DIRECTION('',(0.485642931178631,-0.874157276121538,0.));
#1959=DIRECTION('center_axis',(0.961523947640823,-0.274721127897378,-1.71575929551302E-12));
#1960=DIRECTION('ref_axis',(-2.12109897988687E-12,-1.17838832215937E-12,
-1.));
#1961=DIRECTION('',(1.17838832215937E-12,-2.12109897988687E-12,1.));
#1962=DIRECTION('center_axis',(-0.561944867237533,0.827174689038169,1.11022302462516E-15));
#1963=DIRECTION('ref_axis',(-0.827174689038171,-0.56194486723753,7.8504622934188E-15));
#1964=DIRECTION('center_axis',(0.982255858121397,-0.187545805568128,0.));
#1965=DIRECTION('ref_axis',(-0.187545805568128,-0.982255858121397,4.76606889378383E-15));
#1966=DIRECTION('',(0.561944867237533,-0.827174689038169,-1.14389618431901E-15));
#1967=DIRECTION('center_axis',(0.187545805568128,0.982255858121397,0.));
#1968=DIRECTION('ref_axis',(-0.982255858121397,0.187545805568128,6.33616135246762E-15));
#1969=DIRECTION('',(-0.561944867237533,0.827174689038169,1.1046438728519E-15));
#1970=DIRECTION('center_axis',(-0.584900831844761,-0.397355026276633,0.70710678118655));
#1971=DIRECTION('ref_axis',(-0.561944867237533,0.827174689038169,1.11022302462516E-15));
#1972=DIRECTION('',(-0.802008549752352,0.153130509013713,-0.577350269189623));
#1973=DIRECTION('',(0.561944867237533,-0.827174689038169,-1.17756934401283E-15));
#1974=DIRECTION('',(-0.153130509013713,-0.802008549752352,-0.577350269189623));
#1975=DIRECTION('center_axis',(-0.187545805568128,-0.982255858121397,0.));
#1976=DIRECTION('ref_axis',(0.,0.,1.));
#1977=DIRECTION('',(-0.802008549752334,0.15313050901371,0.577350269189648));
#1978=DIRECTION('',(0.,0.,-1.));
#1979=DIRECTION('center_axis',(-0.58490083184478,-0.397355026276644,-0.707106781186528));
#1980=DIRECTION('ref_axis',(0.561944867237533,-0.827174689038169,-1.11022302462516E-15));
#1981=DIRECTION('',(-0.15313050901371,-0.802008549752336,0.577350269189646));
#1982=DIRECTION('',(-0.561944867237533,0.827174689038169,1.09906472107867E-15));
#1983=DIRECTION('center_axis',(-0.982255858121397,0.187545805568128,0.));
#1984=DIRECTION('ref_axis',(0.,0.,-1.));
#1985=DIRECTION('',(0.,0.,1.));
#1986=DIRECTION('center_axis',(0.,1.,0.));
#1987=DIRECTION('ref_axis',(1.,0.,0.));
#1988=DIRECTION('center_axis',(0.,-1.,0.));
#1989=DIRECTION('ref_axis',(1.,0.,0.));
#1990=DIRECTION('center_axis',(0.,-1.,0.));
#1991=DIRECTION('ref_axis',(1.,0.,0.));
#1992=DIRECTION('center_axis',(0.,1.,0.));
#1993=DIRECTION('ref_axis',(1.,0.,0.));
#1994=DIRECTION('center_axis',(0.,-1.,0.));
#1995=DIRECTION('ref_axis',(1.,0.,0.));
#1996=DIRECTION('center_axis',(0.,-1.,0.));
#1997=DIRECTION('ref_axis',(-1.,0.,1.74838271594513E-16));
#1998=DIRECTION('center_axis',(0.,1.,0.));
#1999=DIRECTION('ref_axis',(-1.,0.,0.));
#2000=DIRECTION('',(0.,0.,-1.));
#2001=DIRECTION('',(1.,0.,0.));
#2002=DIRECTION('',(0.,0.,-1.));
#2003=DIRECTION('center_axis',(0.,1.,0.));
#2004=DIRECTION('ref_axis',(-1.,0.,0.));
#2005=DIRECTION('center_axis',(0.,1.,0.));
#2006=DIRECTION('ref_axis',(-1.,0.,0.));
#2007=DIRECTION('',(0.,0.,1.));
#2008=DIRECTION('',(1.,0.,0.));
#2009=DIRECTION('center_axis',(0.,-1.,0.));
#2010=DIRECTION('ref_axis',(-1.,0.,0.));
#2011=DIRECTION('center_axis',(1.,0.,0.));
#2012=DIRECTION('ref_axis',(0.,0.707106781186548,-0.707106781186547));
#2013=DIRECTION('center_axis',(0.883726447278096,-0.468003810220852,0.));
#2014=DIRECTION('ref_axis',(0.468003810220851,0.883726447278096,0.));
#2015=DIRECTION('',(-1.,0.,0.));
#2016=DIRECTION('center_axis',(0.883726447278098,0.468003810220848,0.));
#2017=DIRECTION('ref_axis',(-0.468003810220848,0.883726447278098,0.));
#2018=DIRECTION('',(1.,0.,0.));
#2019=DIRECTION('center_axis',(-3.60074586861581E-16,3.52677994619175E-16,
-1.));
#2020=DIRECTION('ref_axis',(0.940301884377558,0.340341543505951,-2.18547839493142E-16));
#2021=DIRECTION('center_axis',(0.96125083666157,0.275675223800458,-3.21323864338018E-16));
#2022=DIRECTION('ref_axis',(0.275675223800458,-0.961250836661569,0.));
#2023=DIRECTION('center_axis',(-0.255667234768954,-0.966764844760915,0.));
#2024=DIRECTION('ref_axis',(0.966764844760915,-0.255667234768954,0.));
#2025=DIRECTION('center_axis',(0.,0.,-1.));
#2026=DIRECTION('ref_axis',(0.320754376631687,-0.947162409448146,0.));
#2027=DIRECTION('center_axis',(0.255667234768955,-0.966764844760915,5.96005565738035E-16));
#2028=DIRECTION('ref_axis',(-0.966764844760915,-0.255667234768955,0.));
#2029=DIRECTION('center_axis',(-0.961250836661569,0.275675223800459,-3.84746511969927E-15));
#2030=DIRECTION('ref_axis',(-0.275675223800459,-0.961250836661569,0.));
#2031=DIRECTION('center_axis',(0.340341543505949,-0.940301884377559,0.));
#2032=DIRECTION('ref_axis',(0.664893838805862,0.240657813332553,-0.707106781186547));
#2033=DIRECTION('',(-0.340341543505949,0.940301884377559,0.));
#2034=DIRECTION('center_axis',(-0.0798241856534612,-0.996808958318876,0.));
#2035=DIRECTION('ref_axis',(-0.996808958318876,0.0798241856534612,0.));
#2036=DIRECTION('',(0.340341543505949,-0.940301884377559,0.));
#2037=DIRECTION('center_axis',(-0.485642931178631,-0.874157276121539,0.));
#2038=DIRECTION('ref_axis',(0.6181225377691,-0.343401409871721,-0.707106781186548));
#2039=DIRECTION('',(-0.485642931178631,-0.874157276121539,0.));
#2040=DIRECTION('',(0.485642931178631,0.874157276121539,0.));
#2041=DIRECTION('center_axis',(0.561944867237533,-0.827174689038169,0.));
#2042=DIRECTION('ref_axis',(0.584900831844765,0.397355026276633,-0.707106781186546));
#2043=DIRECTION('',(0.561944867237533,-0.827174689038169,0.));
#2044=DIRECTION('center_axis',(-0.561944867237533,0.827174689038169,0.));
#2045=DIRECTION('ref_axis',(0.827174689038169,0.561944867237533,0.));
#2046=DIRECTION('',(-0.561944867237533,0.827174689038169,0.));
#2047=DIRECTION('center_axis',(0.,0.,1.));
#2048=DIRECTION('ref_axis',(1.,0.,0.));
#2049=DIRECTION('center_axis',(0.,0.,1.));
#2050=DIRECTION('ref_axis',(0.999751558977817,0.0222894666025084,0.));
#2051=DIRECTION('center_axis',(0.,0.,-1.));
#2052=DIRECTION('ref_axis',(0.999751558977817,0.0222894666025084,0.));
#2053=DIRECTION('center_axis',(-0.561944867237533,-0.827174689038169,0.));
#2054=DIRECTION('ref_axis',(-0.584900831844763,0.397355026276633,-0.707106781186548));
#2055=DIRECTION('',(-0.561944867237533,-0.827174689038169,0.));
#2056=DIRECTION('center_axis',(0.561944867237533,0.827174689038169,0.));
#2057=DIRECTION('ref_axis',(0.,0.,-1.));
#2058=DIRECTION('',(0.561944867237533,0.827174689038169,0.));
#2059=DIRECTION('center_axis',(0.,0.,1.));
#2060=DIRECTION('ref_axis',(-0.999806720031989,0.0196601774884118,0.));
#2061=DIRECTION('center_axis',(0.,0.,-1.));
#2062=DIRECTION('ref_axis',(-0.999751558977817,0.0222894666025081,0.));
#2063=DIRECTION('center_axis',(0.,0.,1.));
#2064=DIRECTION('ref_axis',(-0.999751558977817,0.0222894666025081,0.));
#2065=DIRECTION('center_axis',(0.485642931178631,-0.874157276121538,0.));
#2066=DIRECTION('ref_axis',(-0.6181225377691,-0.343401409871722,-0.707106781186548));
#2067=DIRECTION('',(0.485642931178631,-0.874157276121538,0.));
#2068=DIRECTION('center_axis',(-0.0798241856534545,0.996808958318876,1.16186903588266E-15));
#2069=DIRECTION('ref_axis',(-0.996808958318876,-0.0798241856534545,-2.55230452880194E-15));
#2070=DIRECTION('',(-0.485642931178631,0.874157276121538,0.));
#2071=DIRECTION('center_axis',(-0.340341543505951,-0.940301884377558,0.));
#2072=DIRECTION('ref_axis',(-0.66489383880586,0.240657813332554,-0.707106781186548));
#2073=DIRECTION('',(0.340341543505951,0.940301884377558,0.));
#2074=DIRECTION('',(-0.340341543505951,-0.940301884377558,0.));
#2075=DIRECTION('center_axis',(0.947162409448146,0.320754376631688,0.));
#2076=DIRECTION('ref_axis',(0.22680759481153,-0.669744962605774,-0.707106781186547));
#2077=DIRECTION('',(0.947162409448146,0.320754376631688,0.));
#2078=DIRECTION('center_axis',(-0.947162409448146,-0.320754376631687,0.));
#2079=DIRECTION('ref_axis',(0.,0.,-1.));
#2080=DIRECTION('',(-0.947162409448146,-0.320754376631688,0.));
#2081=DIRECTION('center_axis',(0.,0.,1.));
#2082=DIRECTION('ref_axis',(1.,0.,0.));
#2083=DIRECTION('center_axis',(-0.947162409448148,0.320754376631681,0.));
#2084=DIRECTION('ref_axis',(0.,0.,-1.));
#2085=DIRECTION('center_axis',(0.,0.,1.));
#2086=DIRECTION('ref_axis',(0.,1.,0.));
#2087=DIRECTION('center_axis',(0.,0.,-1.));
#2088=DIRECTION('ref_axis',(0.,1.,0.));
#2089=DIRECTION('center_axis',(-0.947162409448146,0.320754376631687,0.));
#2090=DIRECTION('ref_axis',(-0.22680759481153,-0.669744962605774,-0.707106781186547));
#2091=DIRECTION('',(-0.947162409448146,0.320754376631687,0.));
#2092=DIRECTION('',(0.947162409448146,-0.320754376631687,0.));
#2093=DIRECTION('center_axis',(0.,0.,1.));
#2094=DIRECTION('ref_axis',(0.320754376631682,0.947162409448148,0.));
#2095=DIRECTION('',(0.,0.,1.));
#2096=DIRECTION('',(0.,0.,1.));
#2097=DIRECTION('center_axis',(-0.320754376631687,-0.947162409448146,0.));
#2098=DIRECTION('ref_axis',(0.947162409448146,-0.320754376631687,0.));
#2099=DIRECTION('',(0.,0.,1.));
#2100=DIRECTION('center_axis',(0.,0.,1.));
#2101=DIRECTION('ref_axis',(-0.320754376631691,-0.947162409448145,0.));
#2102=DIRECTION('',(0.,0.,1.));
#2103=DIRECTION('center_axis',(0.940301884377559,0.340341543505949,0.));
#2104=DIRECTION('ref_axis',(-0.340341543505949,0.940301884377559,0.));
#2105=DIRECTION('',(0.,0.,1.));
#2106=DIRECTION('center_axis',(0.874157276121539,-0.485642931178631,0.));
#2107=DIRECTION('ref_axis',(0.485642931178631,0.874157276121539,0.));
#2108=DIRECTION('',(0.,0.,1.));
#2109=DIRECTION('center_axis',(0.,0.,1.));
#2110=DIRECTION('ref_axis',(0.851397453678016,-0.524521091921565,0.));
#2111=DIRECTION('',(0.,0.,1.));
#2112=DIRECTION('center_axis',(0.827174689038169,0.561944867237533,0.));
#2113=DIRECTION('ref_axis',(-0.561944867237533,0.827174689038169,0.));
#2114=DIRECTION('center_axis',(0.,0.,1.));
#2115=DIRECTION('ref_axis',(1.,0.,0.));
#2116=DIRECTION('center_axis',(0.,0.,1.));
#2117=DIRECTION('ref_axis',(0.,1.,0.));
#2118=DIRECTION('',(0.,0.,1.));
#2119=DIRECTION('center_axis',(0.,0.,1.));
#2120=DIRECTION('ref_axis',(0.,1.,0.));
#2121=DIRECTION('',(0.,0.,1.));
#2122=DIRECTION('center_axis',(0.,0.,1.));
#2123=DIRECTION('ref_axis',(0.,1.,0.));
#2124=DIRECTION('',(0.,0.,1.));
#2125=DIRECTION('center_axis',(0.,0.,1.));
#2126=DIRECTION('ref_axis',(0.,1.,0.));
#2127=DIRECTION('',(0.,0.,1.));
#2128=DIRECTION('center_axis',(0.,0.,1.));
#2129=DIRECTION('ref_axis',(0.,1.,0.));
#2130=DIRECTION('',(0.,0.,1.));
#2131=DIRECTION('center_axis',(0.,0.,1.));
#2132=DIRECTION('ref_axis',(0.,1.,0.));
#2133=DIRECTION('',(0.,0.,1.));
#2134=DIRECTION('center_axis',(0.,0.,1.));
#2135=DIRECTION('ref_axis',(0.,1.,0.));
#2136=DIRECTION('',(0.,0.,1.));
#2137=DIRECTION('center_axis',(0.,0.,1.));
#2138=DIRECTION('ref_axis',(0.,1.,0.));
#2139=DIRECTION('',(0.,0.,1.));
#2140=DIRECTION('center_axis',(0.,0.,1.));
#2141=DIRECTION('ref_axis',(1.,0.,0.));
#2142=DIRECTION('',(0.340341543505951,0.940301884377558,0.));
#2143=DIRECTION('center_axis',(0.,0.,-1.));
#2144=DIRECTION('ref_axis',(-0.940301884377558,0.340341543505951,0.));
#2145=DIRECTION('',(-0.947162409448146,-0.320754376631688,0.));
#2146=DIRECTION('center_axis',(0.,0.,1.));
#2147=DIRECTION('ref_axis',(0.320754376631682,0.947162409448148,0.));
#2148=DIRECTION('',(-0.947162409448146,0.320754376631687,0.));
#2149=DIRECTION('center_axis',(0.,0.,-1.));
#2150=DIRECTION('ref_axis',(-0.320754376631691,-0.947162409448145,0.));
#2151=DIRECTION('',(0.340341543505949,-0.940301884377559,0.));
#2152=DIRECTION('',(-0.485642931178631,-0.874157276121539,0.));
#2153=DIRECTION('center_axis',(0.,0.,-1.));
#2154=DIRECTION('ref_axis',(0.851397453678016,-0.524521091921565,0.));
#2155=DIRECTION('',(0.561944867237533,-0.827174689038169,0.));
#2156=DIRECTION('',(0.561944867237533,0.827174689038169,0.));
#2157=DIRECTION('center_axis',(0.,0.,-1.));
#2158=DIRECTION('ref_axis',(-0.82717468903817,0.561944867237532,0.));
#2159=DIRECTION('',(-0.485642931178631,0.874157276121538,0.));
#2160=DIRECTION('center_axis',(0.,0.,1.));
#2161=DIRECTION('ref_axis',(-0.320754376631691,-0.947162409448145,0.));
#2162=DIRECTION('',(0.,0.,1.));
#2163=DIRECTION('',(0.,0.,1.));
#2164=DIRECTION('center_axis',(0.940301884377559,0.340341543505949,0.));
#2165=DIRECTION('ref_axis',(-0.340341543505949,0.940301884377559,0.));
#2166=DIRECTION('center_axis',(0.874157276121539,-0.485642931178631,0.));
#2167=DIRECTION('ref_axis',(0.485642931178631,0.874157276121539,0.));
#2168=DIRECTION('center_axis',(0.,0.,1.));
#2169=DIRECTION('ref_axis',(0.851397453678016,-0.524521091921565,0.));
#2170=DIRECTION('',(0.,0.,1.));
#2171=DIRECTION('center_axis',(0.827174689038169,0.561944867237533,0.));
#2172=DIRECTION('ref_axis',(-0.561944867237533,0.827174689038169,0.));
#2173=DIRECTION('center_axis',(-0.827174689038169,0.561944867237533,0.));
#2174=DIRECTION('ref_axis',(-0.561944867237533,-0.827174689038169,0.));
#2175=DIRECTION('',(0.,0.,1.));
#2176=DIRECTION('center_axis',(0.,0.,1.));
#2177=DIRECTION('ref_axis',(-0.82717468903817,0.561944867237532,0.));
#2178=DIRECTION('center_axis',(-0.874157276121538,-0.485642931178631,0.));
#2179=DIRECTION('ref_axis',(0.485642931178631,-0.874157276121538,0.));
#2180=DIRECTION('center_axis',(-0.940301884377558,0.340341543505951,0.));
#2181=DIRECTION('ref_axis',(-0.340341543505951,-0.940301884377558,0.));
#2182=DIRECTION('',(0.,0.,1.));
#2183=DIRECTION('center_axis',(0.,0.,1.));
#2184=DIRECTION('ref_axis',(-0.940301884377558,0.340341543505951,0.));
#2185=DIRECTION('',(0.,0.,1.));
#2186=DIRECTION('center_axis',(0.320754376631688,-0.947162409448146,0.));
#2187=DIRECTION('ref_axis',(0.947162409448146,0.320754376631688,0.));
#2188=DIRECTION('',(0.,0.,1.));
#2189=DIRECTION('center_axis',(0.,0.,1.));
#2190=DIRECTION('ref_axis',(0.320754376631682,0.947162409448148,0.));
#2191=DIRECTION('',(0.,0.,1.));
#2192=DIRECTION('center_axis',(-0.320754376631687,-0.947162409448146,0.));
#2193=DIRECTION('ref_axis',(0.947162409448146,-0.320754376631687,0.));
#2194=DIRECTION('center_axis',(0.320754376631688,-0.947162409448146,0.));
#2195=DIRECTION('ref_axis',(0.947162409448146,0.320754376631688,0.));
#2196=DIRECTION('',(0.,0.,1.));
#2197=DIRECTION('center_axis',(0.,0.,1.));
#2198=DIRECTION('ref_axis',(-0.940301884377558,0.340341543505951,0.));
#2199=DIRECTION('',(0.,0.,1.));
#2200=DIRECTION('center_axis',(-0.940301884377558,0.340341543505951,0.));
#2201=DIRECTION('ref_axis',(-0.340341543505951,-0.940301884377558,0.));
#2202=DIRECTION('',(0.,0.,1.));
#2203=DIRECTION('center_axis',(-0.874157276121538,-0.485642931178631,0.));
#2204=DIRECTION('ref_axis',(0.485642931178631,-0.874157276121538,0.));
#2205=DIRECTION('',(0.,0.,1.));
#2206=DIRECTION('center_axis',(0.,0.,1.));
#2207=DIRECTION('ref_axis',(-0.82717468903817,0.561944867237532,0.));
#2208=DIRECTION('',(0.,0.,1.));
#2209=DIRECTION('center_axis',(-0.827174689038169,0.561944867237533,0.));
#2210=DIRECTION('ref_axis',(-0.561944867237533,-0.827174689038169,0.));
#2211=DIRECTION('',(0.,0.,1.));
#2212=DIRECTION('center_axis',(0.,1.,0.));
#2213=DIRECTION('ref_axis',(-1.,0.,0.));
#2214=CARTESIAN_POINT('',(0.,0.,0.));
#2215=CARTESIAN_POINT('Origin',(4.0454764849845,-0.0725488679655939,0.));
#2216=CARTESIAN_POINT('',(3.97313790230733,-0.0725488679655939,0.));
#2217=CARTESIAN_POINT('Origin',(4.0454764849845,-0.0725488679655939,0.));
#2218=CARTESIAN_POINT('',(3.97313790230733,-0.0725488679655939,0.05));
#2219=CARTESIAN_POINT('',(3.97313790230733,-0.0725488679655939,0.));
#2220=CARTESIAN_POINT('Origin',(4.0454764849845,-0.0725488679655939,0.05));
#2221=CARTESIAN_POINT('Origin',(4.0454764849845,-0.0725488679655939,0.05));
#2222=CARTESIAN_POINT('',(4.08681506766166,-0.0725488679655939,0.05));
#2223=CARTESIAN_POINT('Origin',(4.0454764849845,-0.0725488679655939,0.05));
#2224=CARTESIAN_POINT('Origin',(6.21083081569315,-0.084359891587629,0.));
#2225=CARTESIAN_POINT('',(6.13849223301599,-0.084359891587629,0.));
#2226=CARTESIAN_POINT('Origin',(6.21083081569315,-0.084359891587629,0.));
#2227=CARTESIAN_POINT('',(6.13849223301599,-0.084359891587629,0.05));
#2228=CARTESIAN_POINT('',(6.13849223301599,-0.084359891587629,0.));
#2229=CARTESIAN_POINT('Origin',(6.21083081569315,-0.084359891587629,0.05));
#2230=CARTESIAN_POINT('Origin',(6.21083081569315,-0.084359891587629,0.05));
#2231=CARTESIAN_POINT('',(6.25216939837032,-0.084359891587629,0.05));
#2232=CARTESIAN_POINT('Origin',(6.21083081569315,-0.084359891587629,0.05));
#2233=CARTESIAN_POINT('Origin',(5.13602766608685,1.49438026589267,0.));
#2234=CARTESIAN_POINT('',(5.06368908340969,1.49438026589267,0.));
#2235=CARTESIAN_POINT('Origin',(5.13602766608685,1.49438026589267,0.));
#2236=CARTESIAN_POINT('',(5.06368908340969,1.49438026589267,0.05));
#2237=CARTESIAN_POINT('',(5.06368908340969,1.49438026589267,0.));
#2238=CARTESIAN_POINT('Origin',(5.13602766608685,1.49438026589267,0.05));
#2239=CARTESIAN_POINT('Origin',(5.13602766608685,1.49438026589267,0.05));
#2240=CARTESIAN_POINT('',(5.17736624876402,1.49438026589267,0.05));
#2241=CARTESIAN_POINT('Origin',(5.13602766608685,1.49438026589267,0.05));
#2242=CARTESIAN_POINT('Origin',(5.14390168183489,-2.04892682072148,0.));
#2243=CARTESIAN_POINT('',(5.07156309915773,-2.04892682072148,0.));
#2244=CARTESIAN_POINT('Origin',(5.14390168183489,-2.04892682072148,0.));
#2245=CARTESIAN_POINT('',(5.07156309915773,-2.04892682072148,0.05));
#2246=CARTESIAN_POINT('',(5.07156309915773,-2.04892682072148,0.));
#2247=CARTESIAN_POINT('Origin',(5.14390168183489,-2.04892682072148,0.05));
#2248=CARTESIAN_POINT('Origin',(5.14390168183489,-2.04892682072148,0.05));
#2249=CARTESIAN_POINT('',(5.18524026451206,-2.04892682072148,0.05));
#2250=CARTESIAN_POINT('Origin',(5.14390168183489,-2.04892682072148,0.05));
#2251=CARTESIAN_POINT('Origin',(4.0454764849845,-0.0725488679655939,0.1));
#2252=CARTESIAN_POINT('',(4.08681506766166,-0.0725488679655939,0.1));
#2253=CARTESIAN_POINT('Origin',(4.0454764849845,-0.0725488679655939,0.1));
#2254=CARTESIAN_POINT('',(4.08681506766166,-0.0725488679655939,0.1));
#2255=CARTESIAN_POINT('Origin',(5.14390168183489,-2.04892682072148,0.1));
#2256=CARTESIAN_POINT('',(5.18524026451206,-2.04892682072148,0.1));
#2257=CARTESIAN_POINT('Origin',(5.14390168183489,-2.04892682072148,0.1));
#2258=CARTESIAN_POINT('',(5.18524026451206,-2.04892682072148,0.1));
#2259=CARTESIAN_POINT('Origin',(5.13602766608685,1.49438026589267,0.1));
#2260=CARTESIAN_POINT('',(5.17736624876402,1.49438026589267,0.1));
#2261=CARTESIAN_POINT('Origin',(5.13602766608685,1.49438026589267,0.1));
#2262=CARTESIAN_POINT('',(5.17736624876402,1.49438026589267,0.1));
#2263=CARTESIAN_POINT('Origin',(6.21083081569315,-0.084359891587629,0.1));
#2264=CARTESIAN_POINT('',(6.25216939837032,-0.084359891587629,0.1));
#2265=CARTESIAN_POINT('Origin',(6.21083081569315,-0.084359891587629,0.1));
#2266=CARTESIAN_POINT('',(6.25216939837032,-0.084359891587629,0.1));
#2267=CARTESIAN_POINT('Origin',(5.64423791766852,2.41462495819468,0.74));
#2268=CARTESIAN_POINT('',(5.64423791766852,2.41462495819468,0.74));
#2269=CARTESIAN_POINT('',(5.64423791766852,2.11462495819468,0.74));
#2270=CARTESIAN_POINT('',(5.64423791766852,2.21462495819468,0.74));
#2271=CARTESIAN_POINT('',(5.64423791766852,2.11462495819468,0.79));
#2272=CARTESIAN_POINT('',(5.64423791766852,2.11462495819468,0.74));
#2273=CARTESIAN_POINT('',(5.64423791766852,2.41462495819468,0.79));
#2274=CARTESIAN_POINT('',(5.64423791766852,2.21462495819468,0.79));
#2275=CARTESIAN_POINT('',(5.64423791766852,2.41462495819468,0.74));
#2276=CARTESIAN_POINT('Origin',(5.70457924217278,2.21462495819468,0.74));
#2277=CARTESIAN_POINT('',(5.70457924217278,2.21462495819468,0.74));
#2278=CARTESIAN_POINT('',(5.70457924217278,2.41462495819468,0.74));
#2279=CARTESIAN_POINT('',(5.70457924217278,2.11462495819468,0.74));
#2280=CARTESIAN_POINT('',(5.70457924217278,2.41462495819468,0.79));
#2281=CARTESIAN_POINT('',(5.70457924217278,2.41462495819468,0.74));
#2282=CARTESIAN_POINT('',(5.70457924217278,2.21462495819468,0.79));
#2283=CARTESIAN_POINT('',(5.70457924217278,2.11462495819468,0.79));
#2284=CARTESIAN_POINT('',(5.70457924217278,2.21462495819468,0.74));
#2285=CARTESIAN_POINT('Origin',(4.58389659316427,2.41462495819468,0.74));
#2286=CARTESIAN_POINT('',(4.58389659316427,2.21462495819468,0.74));
#2287=CARTESIAN_POINT('',(4.58389659316427,2.41462495819468,0.74));
#2288=CARTESIAN_POINT('',(4.58389659316427,2.11462495819468,0.74));
#2289=CARTESIAN_POINT('',(4.58389659316427,2.21462495819468,0.79));
#2290=CARTESIAN_POINT('',(4.58389659316427,2.21462495819468,0.74));
#2291=CARTESIAN_POINT('',(4.58389659316427,2.41462495819468,0.79));
#2292=CARTESIAN_POINT('',(4.58389659316427,2.11462495819468,0.79));
#2293=CARTESIAN_POINT('',(4.58389659316427,2.41462495819468,0.74));
#2294=CARTESIAN_POINT('Origin',(4.64423791766852,2.11462495819468,0.74));
#2295=CARTESIAN_POINT('',(4.64423791766852,2.11462495819468,0.74));
#2296=CARTESIAN_POINT('',(4.64423791766852,2.41462495819468,0.74));
#2297=CARTESIAN_POINT('',(4.64423791766852,2.11462495819468,0.74));
#2298=CARTESIAN_POINT('',(4.64423791766852,2.41462495819468,0.79));
#2299=CARTESIAN_POINT('',(4.64423791766852,2.41462495819468,0.74));
#2300=CARTESIAN_POINT('',(4.64423791766852,2.11462495819468,0.79));
#2301=CARTESIAN_POINT('',(4.64423791766852,2.11462495819468,0.79));
#2302=CARTESIAN_POINT('',(4.64423791766852,2.11462495819468,0.74));
#2303=CARTESIAN_POINT('Origin',(5.14423791766852,-0.601774451062744,0.79));
#2304=CARTESIAN_POINT('',(5.66923266232795,2.11462495819468,0.79));
#2305=CARTESIAN_POINT('',(6.41517744757947,1.01660506024043,0.79));
#2306=CARTESIAN_POINT('',(5.63947318870223,2.15843047147093,0.79));
#2307=CARTESIAN_POINT('',(6.44943490798281,-0.519948059474207,0.79));
#2308=CARTESIAN_POINT('Origin',(5.245331454453,0.22186489228362,0.79));
#2309=CARTESIAN_POINT('',(6.44715892573846,-0.5238358755485,0.79));
#2310=CARTESIAN_POINT('Origin',(6.53457465335061,-0.572400168666363,0.79));
#2311=CARTESIAN_POINT('',(5.71258445749077,-1.84606991839434,0.79));
#2312=CARTESIAN_POINT('',(6.44715892573846,-0.5238358755485,0.79));
#2313=CARTESIAN_POINT('',(5.70596999666517,-1.9286683658628,0.79));
#2314=CARTESIAN_POINT('Origin',(5.80000018510293,-1.8946342115122,0.79));
#2315=CARTESIAN_POINT('',(6.16038688215538,-3.18413970596957,0.79));
#2316=CARTESIAN_POINT('',(6.07088363525066,-2.93685848706381,0.79));
#2317=CARTESIAN_POINT('',(6.03428125605445,-3.31289010126498,0.79));
#2318=CARTESIAN_POINT('Origin',(6.06635669371763,-3.21817386032017,0.79));
#2319=CARTESIAN_POINT('',(5.24046423065803,-3.0440657870811,0.79));
#2320=CARTESIAN_POINT('',(6.03428125605445,-3.31289010126498,0.79));
#2321=CARTESIAN_POINT('',(5.04801160467902,-3.0440657870811,0.79));
#2322=CARTESIAN_POINT('Origin',(5.14423791766852,-3.32821450991555,0.79));
#2323=CARTESIAN_POINT('',(4.25419457928259,-3.31289010126498,0.79));
#2324=CARTESIAN_POINT('',(4.25419457928259,-3.31289010126498,0.79));
#2325=CARTESIAN_POINT('',(4.12808895318167,-3.18413970596957,0.79));
#2326=CARTESIAN_POINT('Origin',(4.22211914161942,-3.21817386032017,0.79));
#2327=CARTESIAN_POINT('',(4.58250583867188,-1.9286683658628,0.79));
#2328=CARTESIAN_POINT('',(4.58250583867188,-1.9286683658628,0.79));
#2329=CARTESIAN_POINT('',(4.57589137784628,-1.84606991839434,0.79));
#2330=CARTESIAN_POINT('Origin',(4.48847565023412,-1.8946342115122,0.79));
#2331=CARTESIAN_POINT('',(3.84131690959859,-0.523835875548502,0.79));
#2332=CARTESIAN_POINT('',(3.84131690959859,-0.523835875548502,0.79));
#2333=CARTESIAN_POINT('',(3.83904092735424,-0.519948059474208,0.79));
#2334=CARTESIAN_POINT('Origin',(3.75390118198644,-0.572400168666365,0.79));
#2335=CARTESIAN_POINT('',(3.87329838775758,1.01660506024043,0.79));
#2336=CARTESIAN_POINT('Origin',(5.04314438088405,0.22186489228362,0.79));
#2337=CARTESIAN_POINT('',(4.6192431730091,2.11462495819468,0.79));
#2338=CARTESIAN_POINT('',(4.64900264663482,2.15843047147093,0.79));
#2339=CARTESIAN_POINT('',(4.566285177731,2.11462495819468,0.79));
#2340=CARTESIAN_POINT('',(5.14423791766852,2.41462495819468,0.79));
#2341=CARTESIAN_POINT('',(4.566285177731,2.21462495819468,0.79));
#2342=CARTESIAN_POINT('',(4.566285177731,2.21462495819468,0.79));
#2343=CARTESIAN_POINT('',(3.79058091885376,1.07279954696418,0.79));
#2344=CARTESIAN_POINT('',(4.566285177731,2.21462495819468,0.79));
#2345=CARTESIAN_POINT('',(3.75390118198644,-0.572400168666365,0.79));
#2346=CARTESIAN_POINT('Origin',(5.04314438088405,0.22186489228362,0.79));
#2347=CARTESIAN_POINT('',(4.48847565023412,-1.8946342115122,0.79));
#2348=CARTESIAN_POINT('',(3.75390118198644,-0.572400168666365,0.79));
#2349=CARTESIAN_POINT('',(4.03405876474391,-3.15010555161898,0.79));
#2350=CARTESIAN_POINT('',(4.48847565023412,-1.8946342115122,0.79));
#2351=CARTESIAN_POINT('',(4.28627001694576,-3.4076063422098,0.79));
#2352=CARTESIAN_POINT('Origin',(4.22211914161942,-3.21817386032017,0.79));
#2353=CARTESIAN_POINT('',(5.08008704234219,-3.13878202802591,0.79));
#2354=CARTESIAN_POINT('',(4.28627001694576,-3.4076063422098,0.79));
#2355=CARTESIAN_POINT('',(5.20838879299486,-3.13878202802591,0.79));
#2356=CARTESIAN_POINT('Origin',(5.14423791766852,-3.32821450991555,0.79));
#2357=CARTESIAN_POINT('',(6.00220581839129,-3.4076063422098,0.79));
#2358=CARTESIAN_POINT('',(6.00220581839129,-3.4076063422098,0.79));
#2359=CARTESIAN_POINT('',(6.25441707059314,-3.15010555161898,0.79));
#2360=CARTESIAN_POINT('Origin',(6.06635669371763,-3.21817386032017,0.79));
#2361=CARTESIAN_POINT('',(5.80000018510293,-1.8946342115122,0.79));
#2362=CARTESIAN_POINT('',(6.16491382368841,-2.90282433271321,0.79));
#2363=CARTESIAN_POINT('',(6.53457465335061,-0.572400168666363,0.79));
#2364=CARTESIAN_POINT('',(6.53457465335061,-0.572400168666363,0.79));
#2365=CARTESIAN_POINT('',(6.49789491648329,1.07279954696418,0.79));
#2366=CARTESIAN_POINT('Origin',(5.245331454453,0.22186489228362,0.79));
#2367=CARTESIAN_POINT('',(5.72219065760605,2.21462495819468,0.79));
#2368=CARTESIAN_POINT('',(5.72219065760605,2.21462495819468,0.79));
#2369=CARTESIAN_POINT('',(4.566285177731,2.21462495819468,0.79));
#2370=CARTESIAN_POINT('',(5.14423791766852,2.41462495819468,0.79));
#2371=CARTESIAN_POINT('',(4.566285177731,2.11462495819468,0.79));
#2372=CARTESIAN_POINT('Origin',(6.06482283390104,-1.176831846934,0.660629921259822));
#2373=CARTESIAN_POINT('',(6.01144112360532,-1.24998944549425,0.649494381395869));
#2374=CARTESIAN_POINT('',(6.01144112360528,-1.24998944549426,0.671765461123821));
#2375=CARTESIAN_POINT('Origin',(6.01576744058114,-1.26513155490972,0.660629921259863));
#2376=CARTESIAN_POINT('',(6.09873611780542,-1.09285845593416,0.671765461123748));
#2377=CARTESIAN_POINT('',(6.05508862070537,-1.17142395071417,0.671765461123784));
#2378=CARTESIAN_POINT('',(6.09873611780546,-1.09285845593415,0.649494381395796));
#2379=CARTESIAN_POINT('Origin',(6.11387822722091,-1.0885321389583,0.660629921259781));
#2380=CARTESIAN_POINT('',(6.05508862070539,-1.17142395071419,0.649494381395832));
#2381=CARTESIAN_POINT('Origin',(6.13712944962222,-1.08188893255793,0.621259842519685));
#2382=CARTESIAN_POINT('',(6.13712944962222,-1.08188893255793,0.621259842519685));
#2383=CARTESIAN_POINT('',(6.11928430254479,-1.08698754600862,0.634383202099738));
#2384=CARTESIAN_POINT('',(6.02241064698159,-1.28838277731105,0.621259842519685));
#2385=CARTESIAN_POINT('',(5.92485695355646,-1.46397942547611,0.621259842519777));
#2386=CARTESIAN_POINT('',(6.00711480662948,-1.23484733607889,0.660629921259811));
#2387=CARTESIAN_POINT('Origin',(6.13712944962222,-1.08188893255793,0.7));
#2388=CARTESIAN_POINT('',(6.13712944962222,-1.08188893255793,0.7));
#2389=CARTESIAN_POINT('',(6.08359400839003,-1.09718477290998,0.660629921259757));
#2390=CARTESIAN_POINT('',(6.13712944962209,-1.08188893255797,0.35));
#2391=CARTESIAN_POINT('Origin',(6.02241064698159,-1.28838277731105,0.621259842519685));
#2392=CARTESIAN_POINT('',(6.02241064698143,-1.28838277731096,0.7));
#2393=CARTESIAN_POINT('',(6.02241064698193,-1.28838277731027,0.310629921260616));
#2394=CARTESIAN_POINT('',(6.01731203353076,-1.27053763023354,0.686876640419901));
#2395=CARTESIAN_POINT('Origin',(6.02241064698143,-1.28838277731096,0.7));
#2396=CARTESIAN_POINT('',(5.86749755223628,-1.56722634785242,0.700000000000357));
#2397=CARTESIAN_POINT('Origin',(4.26029266636044,1.55582677168746,0.660175815710669));
#2398=CARTESIAN_POINT('',(4.32000888989674,1.62391211421984,0.64904027584668));
#2399=CARTESIAN_POINT('',(4.32000888989674,1.62391211421984,0.671311355574658));
#2400=CARTESIAN_POINT('Origin',(4.31705541264296,1.63938071041459,0.660175815710669));
#2401=CARTESIAN_POINT('',(4.21899851627269,1.47522631021411,0.671311355574658));
#2402=CARTESIAN_POINT('',(4.26950370308471,1.54956921221697,0.671311355574658));
#2403=CARTESIAN_POINT('',(4.21899851627269,1.47522631021411,0.649040275846679));
#2404=CARTESIAN_POINT('Origin',(4.20352992007793,1.47227283296033,0.660175815710668));
#2405=CARTESIAN_POINT('',(4.26950370308471,1.54956921221697,0.64904027584668));
#2406=CARTESIAN_POINT('Origin',(4.17977736615737,1.46773766849936,0.62080573697051));
#2407=CARTESIAN_POINT('',(4.17977736615737,1.46773766849936,0.62080573697051));
#2408=CARTESIAN_POINT('',(4.19800728159406,1.4712183748222,0.633929096550564));
#2409=CARTESIAN_POINT('',(4.31252024818199,1.66313326433515,0.62080573697051));
#2410=CARTESIAN_POINT('',(4.41439000639609,1.81308406998514,0.620805736970509));
#2411=CARTESIAN_POINT('',(4.32296236715052,1.60844351802508,0.660175815710668));
#2412=CARTESIAN_POINT('Origin',(4.17977736615737,1.46773766849936,0.699545894450825));
#2413=CARTESIAN_POINT('',(4.17977736615737,1.46773766849936,0.699545894450825));
#2414=CARTESIAN_POINT('',(4.23446711246744,1.47817978746789,0.660175815710668));
#2415=CARTESIAN_POINT('',(4.17977736615737,1.46773766849936,0.349772947225412));
#2416=CARTESIAN_POINT('Origin',(4.31252024818199,1.66313326433515,0.62080573697051));
#2417=CARTESIAN_POINT('',(4.31252024818199,1.66313326433515,0.699545894450825));
#2418=CARTESIAN_POINT('',(4.31252024818199,1.66313326433515,0.310402868485255));
#2419=CARTESIAN_POINT('',(4.31600095450483,1.64490334889846,0.686422534870773));
#2420=CARTESIAN_POINT('Origin',(4.31252024818199,1.66313326433515,0.699545894450825));
#2421=CARTESIAN_POINT('',(4.4807614474084,1.91078186790304,0.699545894450827));
#2422=CARTESIAN_POINT('Origin',(4.22365300144088,-1.17683184693129,0.660629921259821));
#2423=CARTESIAN_POINT('',(4.27703471173285,-1.24998944549047,0.671765461121037));
#2424=CARTESIAN_POINT('',(4.27703471173282,-1.24998944549046,0.649494381398652));
#2425=CARTESIAN_POINT('Origin',(4.27270839475807,-1.26513155490215,0.660629921259862));
#2426=CARTESIAN_POINT('',(4.18973971753538,-1.09285845593523,0.64949438139858));
#2427=CARTESIAN_POINT('',(4.2333872146341,-1.17142395071284,0.649494381398616));
#2428=CARTESIAN_POINT('',(4.18973971753542,-1.09285845593524,0.671765461120964));
#2429=CARTESIAN_POINT('Origin',(4.17459760812371,-1.08853213896046,0.660629921259781));
#2430=CARTESIAN_POINT('',(4.23338721463412,-1.17142395071282,0.671765461121));
#2431=CARTESIAN_POINT('Origin',(4.26606518835562,-1.28838277731096,0.7));
#2432=CARTESIAN_POINT('',(4.15134638571483,-1.08188893255793,0.7));
#2433=CARTESIAN_POINT('',(4.20488182694702,-1.09718477290998,0.660629921259757));
#2434=CARTESIAN_POINT('',(4.26606518835562,-1.28838277731096,0.7));
#2435=CARTESIAN_POINT('',(4.05369104897693,-0.906109326429506,0.699999999999747));
#2436=CARTESIAN_POINT('',(4.27116380180629,-1.27053763023354,0.686876640419901));
#2437=CARTESIAN_POINT('Origin',(4.15134638571483,-1.08188893255793,0.7));
#2438=CARTESIAN_POINT('',(4.15134638571483,-1.08188893255793,0.621259842519685));
#2439=CARTESIAN_POINT('',(4.16919153279227,-1.08698754600862,0.634383202099738));
#2440=CARTESIAN_POINT('',(4.15134638571496,-1.08188893255797,0.35));
#2441=CARTESIAN_POINT('Origin',(4.15134638571483,-1.08188893255793,0.621259842519685));
#2442=CARTESIAN_POINT('',(4.26606518835546,-1.28838277731105,0.621259842519685));
#2443=CARTESIAN_POINT('',(4.28136102870757,-1.23484733607889,0.660629921259811));
#2444=CARTESIAN_POINT('',(3.99633164765675,-0.802862404053194,0.621259842519775));
#2445=CARTESIAN_POINT('Origin',(4.26606518835546,-1.28838277731105,0.621259842519685));
#2446=CARTESIAN_POINT('',(4.26606518835513,-1.28838277731027,0.310629921258781));
#2447=CARTESIAN_POINT('Origin',(6.028183168972,1.55582677168433,0.660175815710669));
#2448=CARTESIAN_POINT('',(5.96846694543958,1.62391211421597,0.671311355571874));
#2449=CARTESIAN_POINT('',(5.96846694543958,1.62391211421597,0.649040275849463));
#2450=CARTESIAN_POINT('Origin',(5.97142042269262,1.63938071040686,0.660175815710669));
#2451=CARTESIAN_POINT('',(6.0694773190605,1.47522631021485,0.649040275849463));
#2452=CARTESIAN_POINT('',(6.01897213225004,1.54956921221541,0.649040275849463));
#2453=CARTESIAN_POINT('',(6.0694773190605,1.47522631021485,0.671311355571874));
#2454=CARTESIAN_POINT('Origin',(6.08494591525139,1.47227283296181,0.660175815710669));
#2455=CARTESIAN_POINT('',(6.01897213225004,1.54956921221541,0.671311355571874));
#2456=CARTESIAN_POINT('Origin',(5.97595558715506,1.66313326433515,0.699545894450825));
#2457=CARTESIAN_POINT('',(6.10869846917968,1.46773766849936,0.699545894450825));
#2458=CARTESIAN_POINT('',(6.05400872286961,1.47817978746789,0.660175815710668));
#2459=CARTESIAN_POINT('',(5.97595558715506,1.66313326433515,0.699545894450825));
#2460=CARTESIAN_POINT('',(6.19556651736727,1.33986916228779,0.699545894450825));
#2461=CARTESIAN_POINT('',(5.97247488083222,1.64490334889846,0.686422534870773));
#2462=CARTESIAN_POINT('Origin',(6.10869846917968,1.46773766849936,0.699545894450825));
#2463=CARTESIAN_POINT('',(6.10869846917968,1.46773766849936,0.62080573697051));
#2464=CARTESIAN_POINT('',(6.09046855374299,1.4712183748222,0.633929096550564));
#2465=CARTESIAN_POINT('',(6.10869846917968,1.46773766849936,0.349772947225412));
#2466=CARTESIAN_POINT('Origin',(6.10869846917968,1.46773766849936,0.62080573697051));
#2467=CARTESIAN_POINT('',(5.97595558715506,1.66313326433515,0.62080573697051));
#2468=CARTESIAN_POINT('',(5.96551346818653,1.60844351802508,0.660175815710668));
#2469=CARTESIAN_POINT('',(6.26193795837958,1.24217136436989,0.62080573697051));
#2470=CARTESIAN_POINT('Origin',(5.97595558715506,1.66313326433515,0.62080573697051));
#2471=CARTESIAN_POINT('',(5.97595558715506,1.66313326433515,0.310402868485255));
#2472=CARTESIAN_POINT('Origin',(5.14423791766852,2.11462495819468,0.74));
#2473=CARTESIAN_POINT('',(5.4911995869451,2.21462495819468,0.3));
#2474=CARTESIAN_POINT('Origin',(5.14423791766852,2.21462495819468,0.74));
#2475=CARTESIAN_POINT('',(4.79727624839195,2.21462495819468,0.3));
#2476=CARTESIAN_POINT('Ctrl Pts',(4.79727624839195,2.21462495819468,0.3));
#2477=CARTESIAN_POINT('Ctrl Pts',(4.83972279155204,2.21462495819468,0.266528810295805));
#2478=CARTESIAN_POINT('Ctrl Pts',(4.88860990850762,2.20895741409058,0.238247580221244));
#2479=CARTESIAN_POINT('Ctrl Pts',(4.97348016988512,2.19954675845638,0.205147885167912));
#2480=CARTESIAN_POINT('Ctrl Pts',(5.00760221454257,2.19590235608692,0.195452971288283));
#2481=CARTESIAN_POINT('Ctrl Pts',(5.07623917968355,2.19082977392415,0.182705685640961));
#2482=CARTESIAN_POINT('Ctrl Pts',(5.11075721290517,2.18943028131736,0.179658675495741));
#2483=CARTESIAN_POINT('Ctrl Pts',(5.17771862243188,2.18943028131736,0.179658675495741));
#2484=CARTESIAN_POINT('Ctrl Pts',(5.2122366556535,2.19082977392415,0.182705685640961));
#2485=CARTESIAN_POINT('Ctrl Pts',(5.28087362079448,2.19590235608692,0.195452971288283));
#2486=CARTESIAN_POINT('Ctrl Pts',(5.31499566545193,2.19954675845638,0.205147885167912));
#2487=CARTESIAN_POINT('Ctrl Pts',(5.39986592682943,2.20895741409058,0.238247580221244));
#2488=CARTESIAN_POINT('Ctrl Pts',(5.44875304378501,2.21462495819468,0.266528810295806));
#2489=CARTESIAN_POINT('Ctrl Pts',(5.4911995869451,2.21462495819468,0.3));
#2490=CARTESIAN_POINT('Origin',(5.14423791766852,2.21462495819468,0.74));
#2491=CARTESIAN_POINT('Origin',(5.14423791766852,2.41462495819468,0.74));
#2492=CARTESIAN_POINT('Origin',(5.14423791766852,2.41462495819468,0.45982933774787));
#2493=CARTESIAN_POINT('Origin',(5.14423791766852,2.41462495819468,0.74));
#2494=CARTESIAN_POINT('Origin',(5.72219065760605,2.11462495819468,0.));
#2495=CARTESIAN_POINT('',(4.6192431730091,2.11462495819468,0.1));
#2496=CARTESIAN_POINT('',(4.6192431730091,2.11462495819468,0.));
#2497=CARTESIAN_POINT('',(5.66923266232795,2.11462495819468,0.1));
#2498=CARTESIAN_POINT('',(5.43321428763729,2.11462495819468,0.1));
#2499=CARTESIAN_POINT('',(5.66923266232795,2.11462495819468,0.));
#2500=CARTESIAN_POINT('Origin',(5.14423791766852,2.11462495819468,0.74));
#2501=CARTESIAN_POINT('Origin',(5.72219065760605,2.21462495819468,0.));
#2502=CARTESIAN_POINT('',(5.72219065760605,2.21462495819468,0.3));
#2503=CARTESIAN_POINT('',(5.72219065760605,2.21462495819468,0.));
#2504=CARTESIAN_POINT('',(5.43321428763729,2.21462495819468,0.3));
#2505=CARTESIAN_POINT('Origin',(5.14423791766852,2.21462495819468,0.74));
#2506=CARTESIAN_POINT('Origin',(5.43321428763729,1.91462495819468,0.3));
#2507=CARTESIAN_POINT('',(5.56331667177175,1.91462495819468,0.));
#2508=CARTESIAN_POINT('Origin',(5.56331667177175,1.91462495819468,0.3));
#2509=CARTESIAN_POINT('',(4.7251591635653,1.91462495819468,0.));
#2510=CARTESIAN_POINT('',(5.43321428763729,1.91462495819468,0.));
#2511=CARTESIAN_POINT('',(4.566285177731,2.21462495819468,0.3));
#2512=CARTESIAN_POINT('Origin',(4.7251591635653,1.91462495819468,0.3));
#2513=CARTESIAN_POINT('',(5.43321428763729,2.21462495819468,0.3));
#2514=CARTESIAN_POINT('Ctrl Pts',(5.90159890535574,-3.05680049902906,4.37095678986282E-17));
#2515=CARTESIAN_POINT('Ctrl Pts',(5.98077111649594,-3.07773810386901,2.10452437600953E-16));
#2516=CARTESIAN_POINT('Ctrl Pts',(6.08593840549471,-3.10555027568325,0.0314081921800941));
#2517=CARTESIAN_POINT('Ctrl Pts',(6.17973090952367,-3.13035431182202,0.111460002200873));
#2518=CARTESIAN_POINT('Ctrl Pts',(6.22216306533481,-3.14157577069106,0.168733710214136));
#2519=CARTESIAN_POINT('Ctrl Pts',(6.2440769703471,-3.14737104503088,0.222037097351574));
#2520=CARTESIAN_POINT('Ctrl Pts',(6.25293344814481,-3.149713198038,0.266341355355248));
#2521=CARTESIAN_POINT('Ctrl Pts',(6.25441707059314,-3.15010555161898,0.288780026237179));
#2522=CARTESIAN_POINT('Ctrl Pts',(6.25441707059314,-3.15010555161898,0.299999999999999));
#2523=CARTESIAN_POINT('Ctrl Pts',(5.90159890535574,-3.05680049902906,4.37095678986282E-17));
#2524=CARTESIAN_POINT('Ctrl Pts',(5.975381014339,-3.08324125075346,2.10452437600953E-16));
#2525=CARTESIAN_POINT('Ctrl Pts',(6.07341344036548,-3.11814964560168,0.0240789093714819));
#2526=CARTESIAN_POINT('Ctrl Pts',(6.17130962730999,-3.15232081451596,0.0925031953685559));
#2527=CARTESIAN_POINT('Ctrl Pts',(6.22069395611364,-3.17009744999488,0.145541627274738));
#2528=CARTESIAN_POINT('Ctrl Pts',(6.25180356348388,-3.18261043353124,0.202225427807719));
#2529=CARTESIAN_POINT('Ctrl Pts',(6.26638112102099,-3.18910601739237,0.256402618709846));
#2530=CARTESIAN_POINT('Ctrl Pts',(6.26896814488478,-3.19030752765517,0.285455523064904));
#2531=CARTESIAN_POINT('Ctrl Pts',(6.26896814488478,-3.19030752765517,0.299999999999999));
#2532=CARTESIAN_POINT('Ctrl Pts',(5.90159890535574,-3.05680049902906,4.37095678986282E-17));
#2533=CARTESIAN_POINT('Ctrl Pts',(5.96460081002513,-3.09424754452235,2.10452437600954E-16));
#2534=CARTESIAN_POINT('Ctrl Pts',(6.04801625305014,-3.14339207090962,0.0138329436299254));
#2535=CARTESIAN_POINT('Ctrl Pts',(6.14488814675711,-3.19962985935906,0.0634713197907016));
#2536=CARTESIAN_POINT('Ctrl Pts',(6.20086043262693,-3.23314143366411,0.108496676892175));
#2537=CARTESIAN_POINT('Ctrl Pts',(6.24413254158755,-3.26132854259278,0.169470914497697));
#2538=CARTESIAN_POINT('Ctrl Pts',(6.26706272775217,-3.27725461151016,0.239735156775286));
#2539=CARTESIAN_POINT('Ctrl Pts',(6.27131007736222,-3.28026220736671,0.279878865413013));
#2540=CARTESIAN_POINT('Ctrl Pts',(6.27131007736222,-3.28026220736671,0.3));
#2541=CARTESIAN_POINT('Ctrl Pts',(5.90159890535574,-3.05680049902906,4.37095678986282E-17));
#2542=CARTESIAN_POINT('Ctrl Pts',(5.94843050355431,-3.11075698517569,2.10452437600953E-16));
#2543=CARTESIAN_POINT('Ctrl Pts',(6.00998912796839,-3.1819721779808,0.0108080015859903));
#2544=CARTESIAN_POINT('Ctrl Pts',(6.08418723606366,-3.26803592469045,0.0543311099662364));
#2545=CARTESIAN_POINT('Ctrl Pts',(6.12943379217591,-3.31991659090673,0.0965092432656948));
#2546=CARTESIAN_POINT('Ctrl Pts',(6.16782882138082,-3.36268910263817,0.158639141915196));
#2547=CARTESIAN_POINT('Ctrl Pts',(6.18941277872181,-3.38622810543097,0.234174545642281));
#2548=CARTESIAN_POINT('Ctrl Pts',(6.19348234162841,-3.39064616362383,0.278018556171458));
#2549=CARTESIAN_POINT('Ctrl Pts',(6.19348234162841,-3.39064616362383,0.3));
#2550=CARTESIAN_POINT('Ctrl Pts',(5.90159890535574,-3.05680049902906,4.37095678986282E-17));
#2551=CARTESIAN_POINT('Ctrl Pts',(5.93495524816196,-3.12451485238681,2.10452437600954E-16));
#2552=CARTESIAN_POINT('Ctrl Pts',(5.97882579737628,-3.21440659289918,0.0184094749041604));
#2553=CARTESIAN_POINT('Ctrl Pts',(6.02563608888261,-3.31206518644317,0.0768070890072172));
#2554=CARTESIAN_POINT('Ctrl Pts',(6.05204095644837,-3.36523808475287,0.125719962312867));
#2555=CARTESIAN_POINT('Ctrl Pts',(6.07288993996257,-3.40294560675606,0.184846734362261));
#2556=CARTESIAN_POINT('Ctrl Pts',(6.08436395103224,-3.42195262953772,0.247589739330728));
#2557=CARTESIAN_POINT('Ctrl Pts',(6.08651563522102,-3.42541738779632,0.282507187317851));
#2558=CARTESIAN_POINT('Ctrl Pts',(6.08651563522102,-3.42541738779632,0.3));
#2559=CARTESIAN_POINT('Ctrl Pts',(5.90159890535574,-3.05680049902906,4.37095678986282E-17));
#2560=CARTESIAN_POINT('Ctrl Pts',(5.92687009492655,-3.13276957271348,2.10452437600953E-16));
#2561=CARTESIAN_POINT('Ctrl Pts',(5.96030645995135,-3.23377096963376,0.0277373844282803));
#2562=CARTESIAN_POINT('Ctrl Pts',(5.99178283602319,-3.32896623365365,0.101995553842239));
#2563=CARTESIAN_POINT('Ctrl Pts',(6.00723698872979,-3.37454912863589,0.157166020610148));
#2564=CARTESIAN_POINT('Ctrl Pts',(6.01694749942762,-3.40084108492871,0.212160667892705));
#2565=CARTESIAN_POINT('Ctrl Pts',(6.02161598045407,-3.41244071346075,0.261387025463182));
#2566=CARTESIAN_POINT('Ctrl Pts',(6.02245346498205,-3.41446316126817,0.28712337317377));
#2567=CARTESIAN_POINT('Ctrl Pts',(6.02245346498205,-3.41446316126817,0.3));
#2568=CARTESIAN_POINT('Ctrl Pts',(5.90159890535574,-3.05680049902906,4.37095678986282E-17));
#2569=CARTESIAN_POINT('Ctrl Pts',(5.92417504384809,-3.1355211461557,2.10452437600953E-16));
#2570=CARTESIAN_POINT('Ctrl Pts',(5.95416373870841,-3.24008860647176,0.0314081921800942));
#2571=CARTESIAN_POINT('Ctrl Pts',(5.98090888741661,-3.33334615866659,0.111460002200873));
#2572=CARTESIAN_POINT('Ctrl Pts',(5.99300851444893,-3.37553629983261,0.168733710214136));
#2573=CARTESIAN_POINT('Ctrl Pts',(5.99925731497301,-3.39732521741867,0.222037097351575));
#2574=CARTESIAN_POINT('Ctrl Pts',(6.00178276003051,-3.40613118170156,0.266341355355248));
#2575=CARTESIAN_POINT('Ctrl Pts',(6.00220581839129,-3.4076063422098,0.28878002623718));
#2576=CARTESIAN_POINT('Ctrl Pts',(6.00220581839129,-3.4076063422098,0.3));
#2577=CARTESIAN_POINT('',(6.25441707059314,-3.15010555161898,0.3));
#2578=CARTESIAN_POINT('',(6.00220581839129,-3.4076063422098,0.3));
#2579=CARTESIAN_POINT('Origin',(6.06635669371763,-3.21817386032017,0.3));
#2580=CARTESIAN_POINT('',(5.90159890535574,-3.05680049902906,0.));
#2581=CARTESIAN_POINT('Origin',(5.90159890535574,-3.05680049902906,0.3));
#2582=CARTESIAN_POINT('Origin',(5.90159890535574,-3.05680049902906,0.3));
#2583=CARTESIAN_POINT('Ctrl Pts',(4.38687692998131,-3.05680049902906,-4.37095678986282E-17));
#2584=CARTESIAN_POINT('Ctrl Pts',(4.36430079148896,-3.1355211461557,-1.9083562940068E-16));
#2585=CARTESIAN_POINT('Ctrl Pts',(4.33431150212652,-3.24009067943883,0.0314031306196131));
#2586=CARTESIAN_POINT('Ctrl Pts',(4.3075666435936,-3.33334721982264,0.111457405296909));
#2587=CARTESIAN_POINT('Ctrl Pts',(4.29546706047774,-3.3755372078565,0.168731481182305));
#2588=CARTESIAN_POINT('Ctrl Pts',(4.28921843906373,-3.39732550090436,0.222036409912351));
#2589=CARTESIAN_POINT('Ctrl Pts',(4.28669301558282,-3.40613138995193,0.266340847676821));
#2590=CARTESIAN_POINT('Ctrl Pts',(4.28627001694576,-3.4076063422098,0.288780026237179));
#2591=CARTESIAN_POINT('Ctrl Pts',(4.28627001694576,-3.4076063422098,0.3));
#2592=CARTESIAN_POINT('Ctrl Pts',(4.38687692998131,-3.05680049902906,-4.37095678986282E-17));
#2593=CARTESIAN_POINT('Ctrl Pts',(4.35891068933203,-3.13001799927125,-1.81214022504606E-16));
#2594=CARTESIAN_POINT('Ctrl Pts',(4.32197483065564,-3.22731009732044,0.0240803495616002));
#2595=CARTESIAN_POINT('Ctrl Pts',(4.28578015622345,-3.32447457410184,0.0925045646785551));
#2596=CARTESIAN_POINT('Ctrl Pts',(4.26698233868204,-3.37347851080448,0.14554266636747));
#2597=CARTESIAN_POINT('Ctrl Pts',(4.25382656388069,-3.40431979379846,0.202225779892175));
#2598=CARTESIAN_POINT('Ctrl Pts',(4.24702970407128,-3.41875910543644,0.256402863709765));
#2599=CARTESIAN_POINT('Ctrl Pts',(4.24577472376423,-3.42131998032655,0.285455523064904));
#2600=CARTESIAN_POINT('Ctrl Pts',(4.24577472376423,-3.42131998032655,0.3));
#2601=CARTESIAN_POINT('Ctrl Pts',(4.38687692998131,-3.05680049902906,-4.37095678986282E-17));
#2602=CARTESIAN_POINT('Ctrl Pts',(4.34813048501815,-3.11901170550236,-1.61970808712457E-16));
#2603=CARTESIAN_POINT('Ctrl Pts',(4.2972583026702,-3.20139683799695,0.0138426919948758));
#2604=CARTESIAN_POINT('Ctrl Pts',(4.23902486276718,-3.2970788070915,0.0634774876855143));
#2605=CARTESIAN_POINT('Ctrl Pts',(4.20435993350224,-3.35234286691095,0.108501655463656));
#2606=CARTESIAN_POINT('Ctrl Pts',(4.17528375290718,-3.39501826104945,0.169472444039808));
#2607=CARTESIAN_POINT('Ctrl Pts',(4.15888555407715,-3.41761275526638,0.239736304477179));
#2608=CARTESIAN_POINT('Ctrl Pts',(4.15579138318956,-3.42179599909228,0.279878865413013));
#2609=CARTESIAN_POINT('Ctrl Pts',(4.15579138318956,-3.42179599909228,0.3));
#2610=CARTESIAN_POINT('Ctrl Pts',(4.38687692998131,-3.05680049902906,-4.37095678986282E-17));
#2611=CARTESIAN_POINT('Ctrl Pts',(4.33196017854733,-3.10250226484902,-1.33105988024235E-16));
#2612=CARTESIAN_POINT('Ctrl Pts',(4.25947774521022,-3.16257884362355,0.0108197291216282));
#2613=CARTESIAN_POINT('Ctrl Pts',(4.17189493190369,-3.23497200093106,0.0543380943325233));
#2614=CARTESIAN_POINT('Ctrl Pts',(4.11908700252408,-3.27913114174205,0.0965147200068978));
#2615=CARTESIAN_POINT('Ctrl Pts',(4.07552899873586,-3.31662709376015,0.158640510784096));
#2616=CARTESIAN_POINT('Ctrl Pts',(4.05154716159474,-3.33771762988682,0.234175677236302));
#2617=CARTESIAN_POINT('Ctrl Pts',(4.04704617320257,-3.34169365737354,0.278018556171459));
#2618=CARTESIAN_POINT('Ctrl Pts',(4.04704617320257,-3.34169365737354,0.3));
#2619=CARTESIAN_POINT('Ctrl Pts',(4.38687692998131,-3.05680049902906,-4.37095678986282E-17));
#2620=CARTESIAN_POINT('Ctrl Pts',(4.31848492315498,-3.0887443976379,-1.0905197078405E-16));
#2621=CARTESIAN_POINT('Ctrl Pts',(4.22769710481411,-3.1307448830978,0.0184153873809889));
#2622=CARTESIAN_POINT('Ctrl Pts',(4.12908963529045,-3.17551665553147,0.0768109216687229));
#2623=CARTESIAN_POINT('Ctrl Pts',(4.07538099451361,-3.20081193450371,0.125723026765019));
#2624=CARTESIAN_POINT('Ctrl Pts',(4.03725097253527,-3.22087228730672,0.184847658431729));
#2625=CARTESIAN_POINT('Ctrl Pts',(4.01801018196435,-3.23194926921432,0.247590438576508));
#2626=CARTESIAN_POINT('Ctrl Pts',(4.01450219259081,-3.23402810078526,0.28250718731785));
#2627=CARTESIAN_POINT('Ctrl Pts',(4.01450219259081,-3.23402810078526,0.3));
#2628=CARTESIAN_POINT('Ctrl Pts',(4.38687692998131,-3.05680049902906,-4.37095678986282E-17));
#2629=CARTESIAN_POINT('Ctrl Pts',(4.31039976991958,-3.08048967731123,-9.46195604399387E-17));
#2630=CARTESIAN_POINT('Ctrl Pts',(4.20872662797126,-3.11182474757963,0.0277348706874302));
#2631=CARTESIAN_POINT('Ctrl Pts',(4.11289913121968,-3.14131799644304,0.101994021859805));
#2632=CARTESIAN_POINT('Ctrl Pts',(4.06700503487623,-3.15582262039674,0.157164557573467));
#2633=CARTESIAN_POINT('Ctrl Pts',(4.04051697106332,-3.1649847274808,0.212159946842731));
#2634=CARTESIAN_POINT('Ctrl Pts',(4.02882277281342,-3.16941141588463,0.261386584555259));
#2635=CARTESIAN_POINT('Ctrl Pts',(4.02678322759809,-3.17020653963707,0.28712337317377));
#2636=CARTESIAN_POINT('Ctrl Pts',(4.02678322759809,-3.17020653963707,0.3));
#2637=CARTESIAN_POINT('Ctrl Pts',(4.38687692998131,-3.05680049902906,-4.37095678986282E-17));
#2638=CARTESIAN_POINT('Ctrl Pts',(4.30770471884111,-3.07773810386901,-8.98087569919016E-17));
#2639=CARTESIAN_POINT('Ctrl Pts',(4.20253534498414,-3.10555082703753,0.0314031306196139));
#2640=CARTESIAN_POINT('Ctrl Pts',(4.10874385857023,-3.1303545940614,0.111457405296909));
#2641=CARTESIAN_POINT('Ctrl Pts',(4.06631185676967,-3.14157601220134,0.168731481182306));
#2642=CARTESIAN_POINT('Ctrl Pts',(4.0443985798781,-3.14737112043056,0.222036409912352));
#2643=CARTESIAN_POINT('Ctrl Pts',(4.03554217774729,-3.14971325342708,0.266340847676821));
#2644=CARTESIAN_POINT('Ctrl Pts',(4.03405876474391,-3.15010555161898,0.288780026237179));
#2645=CARTESIAN_POINT('Ctrl Pts',(4.03405876474391,-3.15010555161898,0.3));
#2646=CARTESIAN_POINT('',(4.28627001694576,-3.4076063422098,0.3));
#2647=CARTESIAN_POINT('',(4.03405876474391,-3.15010555161898,0.3));
#2648=CARTESIAN_POINT('Origin',(4.22211914161942,-3.21817386032017,0.3));
#2649=CARTESIAN_POINT('',(4.38687692998131,-3.05680049902906,0.));
#2650=CARTESIAN_POINT('Origin',(4.38687692998131,-3.05680049902906,0.3));
#2651=CARTESIAN_POINT('Origin',(4.38687692998131,-3.05680049902906,0.3));
#2652=CARTESIAN_POINT('Origin',(5.50026587170124,-1.9479902024051,0.3));
#2653=CARTESIAN_POINT('',(5.47143017779184,-1.86832241621294,0.));
#2654=CARTESIAN_POINT('',(5.50026587170124,-1.9479902024051,0.));
#2655=CARTESIAN_POINT('',(5.80000018510293,-1.8946342115122,0.3));
#2656=CARTESIAN_POINT('Origin',(5.47143017779184,-1.86832241621294,0.3));
#2657=CARTESIAN_POINT('',(5.78235643701451,-1.84588773935331,0.3));
#2658=CARTESIAN_POINT('Origin',(5.73485032554178,-1.39416615026306,0.3));
#2659=CARTESIAN_POINT('',(6.53457465335061,-0.572400168666363,0.3));
#2660=CARTESIAN_POINT('',(5.99709750837824,-1.53985902961664,0.3));
#2661=CARTESIAN_POINT('',(6.27579116009831,-0.420472648061302,0.));
#2662=CARTESIAN_POINT('',(5.73485032554178,-1.39416615026306,0.));
#2663=CARTESIAN_POINT('Ctrl Pts',(6.27579116009899,-0.420472648061727,0.));
#2664=CARTESIAN_POINT('Ctrl Pts',(6.27611578186603,-0.420663834270861,1.00989248261882E-15));
#2665=CARTESIAN_POINT('Ctrl Pts',(6.2764404044637,-0.420855018410307,7.09208264554734E-7));
#2666=CARTESIAN_POINT('Ctrl Pts',(6.31126526983574,-0.441364597707088,0.000152874190107393));
#2667=CARTESIAN_POINT('Ctrl Pts',(6.34540679767163,-0.461442060677391,0.00831262088560203));
#2668=CARTESIAN_POINT('Ctrl Pts',(6.40816409744804,-0.498307030211043,0.0393103562639161));
#2669=CARTESIAN_POINT('Ctrl Pts',(6.43629384057274,-0.514810655498981,0.0614926279330347));
#2670=CARTESIAN_POINT('Ctrl Pts',(6.48363737320217,-0.542568961959284,0.117103045607907));
#2671=CARTESIAN_POINT('Ctrl Pts',(6.50240061491351,-0.5535599424766,0.149996509071033));
#2672=CARTESIAN_POINT('Ctrl Pts',(6.52799102606414,-0.568546733215306,0.222263625193082));
#2673=CARTESIAN_POINT('Ctrl Pts',(6.53457465335062,-0.572400168666349,0.260944855128744));
#2674=CARTESIAN_POINT('Ctrl Pts',(6.53457465335062,-0.572400168666349,0.3));
#2675=CARTESIAN_POINT('Origin',(6.42520547422369,0.645937149623045,0.3));
#2676=CARTESIAN_POINT('',(6.49789491648329,1.07279954696418,0.3));
#2677=CARTESIAN_POINT('',(6.67335788093514,0.814520609794305,0.3));
#2678=CARTESIAN_POINT('',(6.24974250977184,0.904216086792922,0.));
#2679=CARTESIAN_POINT('Origin',(6.24974250977184,0.904216086792922,0.3));
#2680=CARTESIAN_POINT('',(6.42520547422369,0.645937149623045,0.));
#2681=CARTESIAN_POINT('Origin',(5.245331454453,0.22186489228362,0.3));
#2682=CARTESIAN_POINT('Origin',(5.245331454453,0.22186489228362,0.));
#2683=CARTESIAN_POINT('Origin',(5.245331454453,0.22186489228362,0.3));
#2684=CARTESIAN_POINT('Origin',(4.25112249055198,1.21684985523829,0.3));
#2685=CARTESIAN_POINT('',(4.03873332556521,0.904216086792923,0.));
#2686=CARTESIAN_POINT('',(4.25112249055198,1.21684985523829,0.));
#2687=CARTESIAN_POINT('',(3.79058091885376,1.07279954696418,0.3));
#2688=CARTESIAN_POINT('Origin',(4.03873332556521,0.904216086792923,0.3));
#2689=CARTESIAN_POINT('',(4.00297008384053,1.38543331540955,0.3));
#2690=CARTESIAN_POINT('Origin',(5.04314438088405,0.22186489228362,0.3));
#2691=CARTESIAN_POINT('',(3.75390118198644,-0.572400168666365,0.3));
#2692=CARTESIAN_POINT('Origin',(5.04314438088405,0.22186489228362,0.3));
#2693=CARTESIAN_POINT('',(4.01268467523876,-0.420472648061331,0.));
#2694=CARTESIAN_POINT('Origin',(5.04314438088405,0.22186489228362,0.));
#2695=CARTESIAN_POINT('Ctrl Pts',(4.01268467523919,-0.42047264806109,0.));
#2696=CARTESIAN_POINT('Ctrl Pts',(4.01236005347178,-0.420663834270443,-6.20733871798683E-16));
#2697=CARTESIAN_POINT('Ctrl Pts',(4.0120354308737,-0.420855018410092,7.09208262986478E-7));
#2698=CARTESIAN_POINT('Ctrl Pts',(3.97721056550075,-0.441364597707848,0.00015287419011415));
#2699=CARTESIAN_POINT('Ctrl Pts',(3.9430690376653,-0.461442060677488,0.00831262088567061));
#2700=CARTESIAN_POINT('Ctrl Pts',(3.88031173788903,-0.498307030211037,0.0393103562639074));
#2701=CARTESIAN_POINT('Ctrl Pts',(3.85218199476432,-0.514810655498977,0.0614926279330253));
#2702=CARTESIAN_POINT('Ctrl Pts',(3.80483846213488,-0.542568961959283,0.117103045607905));
#2703=CARTESIAN_POINT('Ctrl Pts',(3.78607522042353,-0.553559942476601,0.149996509071035));
#2704=CARTESIAN_POINT('Ctrl Pts',(3.7604848092729,-0.568546733215305,0.222263625193091));
#2705=CARTESIAN_POINT('Ctrl Pts',(3.75390118198643,-0.572400168666346,0.260944855128748));
#2706=CARTESIAN_POINT('Ctrl Pts',(3.75390118198643,-0.572400168666346,0.3));
#2707=CARTESIAN_POINT('Origin',(4.18633827567143,-0.733049128840137,0.3));
#2708=CARTESIAN_POINT('',(4.81704565754521,-1.86832241621294,0.));
#2709=CARTESIAN_POINT('',(4.18633827567143,-0.733049128840137,0.));
#2710=CARTESIAN_POINT('',(4.48847565023412,-1.8946342115122,0.3));
#2711=CARTESIAN_POINT('Origin',(4.81704565754521,-1.86832241621294,0.3));
#2712=CARTESIAN_POINT('',(3.92409109283497,-0.878742008193726,0.3));
#2713=CARTESIAN_POINT('Origin',(5.01541840638092,-1.32025453235171,0.3));
#2714=CARTESIAN_POINT('',(4.73332784106765,-1.21815206929993,0.3));
#2715=CARTESIAN_POINT('',(5.01541840638092,-1.32025453235171,0.));
#2716=CARTESIAN_POINT('Origin',(5.00110730645409,-2.84879279142951,0.3));
#2717=CARTESIAN_POINT('',(4.98386072935268,-2.85463330519147,0.));
#2718=CARTESIAN_POINT('',(5.00110730645409,-2.84879279142951,0.));
#2719=CARTESIAN_POINT('',(5.08008704234219,-3.13878202802591,0.3));
#2720=CARTESIAN_POINT('Origin',(4.98386072935268,-2.85463330519147,0.3));
#2721=CARTESIAN_POINT('',(5.0973336194436,-3.13294151426395,0.3));
#2722=CARTESIAN_POINT('Origin',(5.14423791766852,-3.32821450991555,0.3));
#2723=CARTESIAN_POINT('',(5.30461510598437,-2.85463330519147,0.));
#2724=CARTESIAN_POINT('',(5.20838879299486,-3.13878202802591,0.3));
#2725=CARTESIAN_POINT('Origin',(5.30461510598437,-2.85463330519147,0.3));
#2726=CARTESIAN_POINT('Origin',(5.14423791766852,-3.32821450991555,0.3));
#2727=CARTESIAN_POINT('Origin',(5.14423791766852,-3.32821450991555,0.));
#2728=CARTESIAN_POINT('Origin',(4.89046001618475,-2.71438063433757,0.3));
#2729=CARTESIAN_POINT('',(4.79423370319524,-2.99852935717201,0.3));
#2730=CARTESIAN_POINT('',(4.89046001618475,-2.71438063433757,0.));
#2731=CARTESIAN_POINT('Origin',(5.14423791766852,-3.32821450991555,0.));
#2732=CARTESIAN_POINT('',(5.20838879299486,-3.13878202802591,0.));
#2733=CARTESIAN_POINT('',(5.08008704234219,-3.13878202802591,0.));
#2734=CARTESIAN_POINT('Origin',(5.20838879299486,-3.13878202802591,0.));
#2735=CARTESIAN_POINT('',(6.00220581839129,-3.4076063422098,0.));
#2736=CARTESIAN_POINT('Origin',(6.06635669371763,-3.21817386032017,0.));
#2737=CARTESIAN_POINT('',(6.25441707059314,-3.15010555161898,0.));
#2738=CARTESIAN_POINT('Origin',(6.25441707059314,-3.15010555161898,0.));
#2739=CARTESIAN_POINT('',(5.80000018510293,-1.8946342115122,0.));
#2740=CARTESIAN_POINT('Origin',(5.80000018510293,-1.8946342115122,0.));
#2741=CARTESIAN_POINT('',(6.53457465335061,-0.572400168666363,0.));
#2742=CARTESIAN_POINT('Origin',(5.245331454453,0.22186489228362,0.));
#2743=CARTESIAN_POINT('',(6.49789491648329,1.07279954696418,0.));
#2744=CARTESIAN_POINT('Origin',(6.49789491648329,1.07279954696418,0.));
#2745=CARTESIAN_POINT('Origin',(5.14423791766852,-0.601774451062744,0.));
#2746=CARTESIAN_POINT('Origin',(5.80000018510293,-1.8946342115122,0.));
#2747=CARTESIAN_POINT('',(5.71258445749077,-1.84606991839434,0.1));
#2748=CARTESIAN_POINT('',(5.71258445749077,-1.84606991839434,0.));
#2749=CARTESIAN_POINT('',(5.70596999666517,-1.9286683658628,0.1));
#2750=CARTESIAN_POINT('Origin',(5.80000018510293,-1.8946342115122,0.1));
#2751=CARTESIAN_POINT('',(5.70596999666517,-1.9286683658628,0.74));
#2752=CARTESIAN_POINT('Origin',(6.53457465335061,-0.572400168666363,0.));
#2753=CARTESIAN_POINT('',(6.44943490798281,-0.519948059474207,0.1));
#2754=CARTESIAN_POINT('',(6.44943490798281,-0.519948059474207,0.));
#2755=CARTESIAN_POINT('',(6.44715892573846,-0.5238358755485,0.1));
#2756=CARTESIAN_POINT('Origin',(6.53457465335061,-0.572400168666363,0.1));
#2757=CARTESIAN_POINT('',(6.44715892573846,-0.5238358755485,0.74));
#2758=CARTESIAN_POINT('Origin',(3.75390118198644,-0.572400168666365,0.));
#2759=CARTESIAN_POINT('',(3.84131690959859,-0.523835875548502,0.1));
#2760=CARTESIAN_POINT('',(3.84131690959859,-0.523835875548502,0.));
#2761=CARTESIAN_POINT('',(3.83904092735424,-0.519948059474208,0.1));
#2762=CARTESIAN_POINT('Origin',(3.75390118198644,-0.572400168666365,0.1));
#2763=CARTESIAN_POINT('',(3.83904092735424,-0.519948059474208,0.74));
#2764=CARTESIAN_POINT('Origin',(4.48847565023412,-1.8946342115122,0.));
#2765=CARTESIAN_POINT('',(4.58250583867188,-1.9286683658628,0.1));
#2766=CARTESIAN_POINT('',(4.58250583867188,-1.9286683658628,0.));
#2767=CARTESIAN_POINT('',(4.57589137784628,-1.84606991839434,0.1));
#2768=CARTESIAN_POINT('Origin',(4.48847565023412,-1.8946342115122,0.1));
#2769=CARTESIAN_POINT('',(4.57589137784628,-1.84606991839434,0.74));
#2770=CARTESIAN_POINT('Origin',(5.14423791766852,-0.601774451062744,0.1));
#2771=CARTESIAN_POINT('',(4.12808895318167,-3.18413970596957,0.1));
#2772=CARTESIAN_POINT('',(4.8273580295054,-1.25218622365052,0.1));
#2773=CARTESIAN_POINT('',(4.25419457928259,-3.31289010126498,0.1));
#2774=CARTESIAN_POINT('Origin',(4.22211914161942,-3.21817386032017,0.1));
#2775=CARTESIAN_POINT('',(5.04801160467902,-3.0440657870811,0.1));
#2776=CARTESIAN_POINT('',(5.06525818178043,-3.03822527331914,0.1));
#2777=CARTESIAN_POINT('',(5.24046423065803,-3.0440657870811,0.1));
#2778=CARTESIAN_POINT('Origin',(5.14423791766852,-3.32821450991555,0.1));
#2779=CARTESIAN_POINT('',(6.03428125605446,-3.31289010126498,0.1));
#2780=CARTESIAN_POINT('',(4.82630914085841,-2.9038131162272,0.1));
#2781=CARTESIAN_POINT('',(6.16038688215538,-3.18413970596957,0.1));
#2782=CARTESIAN_POINT('Origin',(6.06635669371763,-3.21817386032017,0.1));
#2783=CARTESIAN_POINT('',(5.68832624857675,-1.87992189370391,0.1));
#2784=CARTESIAN_POINT('',(5.90968178076608,-1.49129473649878,0.1));
#2785=CARTESIAN_POINT('',(6.41517744757947,1.01660506024043,0.1));
#2786=CARTESIAN_POINT('Origin',(5.245331454453,0.22186489228362,0.1));
#2787=CARTESIAN_POINT('',(6.59064041203133,0.758326123070552,0.1));
#2788=CARTESIAN_POINT('',(3.87329838775758,1.01660506024043,0.1));
#2789=CARTESIAN_POINT('',(4.08568755274434,1.3292388286858,0.1));
#2790=CARTESIAN_POINT('Origin',(5.04314438088405,0.22186489228362,0.1));
#2791=CARTESIAN_POINT('',(4.01150682044712,-0.830177715075863,0.1));
#2792=CARTESIAN_POINT('Origin',(6.06635669371763,-3.21817386032017,0.));
#2793=CARTESIAN_POINT('',(6.03428125605445,-3.31289010126498,0.74));
#2794=CARTESIAN_POINT('',(6.16038688215538,-3.18413970596957,0.));
#2795=CARTESIAN_POINT('Origin',(6.16038688215538,-3.18413970596957,0.));
#2796=CARTESIAN_POINT('Origin',(5.71258445749077,-1.84606991839434,0.));
#2797=CARTESIAN_POINT('Origin',(5.245331454453,0.22186489228362,0.));
#2798=CARTESIAN_POINT('',(6.41517744757947,1.01660506024043,0.));
#2799=CARTESIAN_POINT('Origin',(6.41517744757947,1.01660506024043,0.));
#2800=CARTESIAN_POINT('Origin',(4.64900264663482,2.15843047147093,0.));
#2801=CARTESIAN_POINT('',(3.87329838775758,1.01660506024043,0.));
#2802=CARTESIAN_POINT('Origin',(5.04314438088405,0.22186489228362,0.));
#2803=CARTESIAN_POINT('Origin',(3.84131690959859,-0.523835875548502,0.));
#2804=CARTESIAN_POINT('Origin',(4.58250583867188,-1.9286683658628,0.));
#2805=CARTESIAN_POINT('',(4.12808895318167,-3.18413970596957,0.));
#2806=CARTESIAN_POINT('Origin',(4.22211914161942,-3.21817386032017,0.));
#2807=CARTESIAN_POINT('',(4.25419457928259,-3.31289010126498,0.));
#2808=CARTESIAN_POINT('Origin',(4.25419457928259,-3.31289010126498,0.));
#2809=CARTESIAN_POINT('',(5.04801160467902,-3.0440657870811,0.));
#2810=CARTESIAN_POINT('Origin',(5.14423791766852,-3.32821450991555,0.));
#2811=CARTESIAN_POINT('',(5.24046423065803,-3.0440657870811,0.));
#2812=CARTESIAN_POINT('Origin',(5.24046423065803,-3.0440657870811,0.));
#2813=CARTESIAN_POINT('Origin',(4.28627001694576,-3.4076063422098,0.));
#2814=CARTESIAN_POINT('',(4.28627001694576,-3.4076063422098,0.));
#2815=CARTESIAN_POINT('Origin',(4.22211914161942,-3.21817386032017,0.));
#2816=CARTESIAN_POINT('',(4.03405876474391,-3.15010555161898,0.));
#2817=CARTESIAN_POINT('Origin',(4.48847565023412,-1.8946342115122,0.));
#2818=CARTESIAN_POINT('',(4.48847565023412,-1.8946342115122,0.));
#2819=CARTESIAN_POINT('Origin',(3.75390118198644,-0.572400168666365,0.));
#2820=CARTESIAN_POINT('',(3.75390118198644,-0.572400168666365,0.));
#2821=CARTESIAN_POINT('Origin',(5.04314438088405,0.22186489228362,0.));
#2822=CARTESIAN_POINT('',(3.79058091885376,1.07279954696418,0.));
#2823=CARTESIAN_POINT('Origin',(4.566285177731,2.21462495819468,0.));
#2824=CARTESIAN_POINT('',(4.566285177731,2.21462495819468,0.));
#2825=CARTESIAN_POINT('Origin',(5.72219065760605,2.21462495819468,0.));
#2826=UNCERTAINTY_MEASURE_WITH_UNIT(LENGTH_MEASURE(0.000393700787401575),
#2831,'DISTANCE_ACCURACY_VALUE',
'Maximum model space distance between geometric entities at asserted c
onnectivities');
#2827=UNCERTAINTY_MEASURE_WITH_UNIT(LENGTH_MEASURE(0.000393700787401575),
#2831,'DISTANCE_ACCURACY_VALUE',
'Maximum model space distance between geometric entities at asserted c
onnectivities');
#2828=(
GEOMETRIC_REPRESENTATION_CONTEXT(3)
GLOBAL_UNCERTAINTY_ASSIGNED_CONTEXT((#2826))
GLOBAL_UNIT_ASSIGNED_CONTEXT((#2831,#2835,#2836))
REPRESENTATION_CONTEXT('','3D')
);
#2829=(
GEOMETRIC_REPRESENTATION_CONTEXT(3)
GLOBAL_UNCERTAINTY_ASSIGNED_CONTEXT((#2827))
GLOBAL_UNIT_ASSIGNED_CONTEXT((#2831,#2835,#2836))
REPRESENTATION_CONTEXT('','3D')
);
#2830=DIMENSIONAL_EXPONENTS(1.,0.,0.,0.,0.,0.,0.);
#2831=(
CONVERSION_BASED_UNIT('inch',#2834)
LENGTH_UNIT()
NAMED_UNIT(#2830)
);
#2832=(
LENGTH_UNIT()
NAMED_UNIT(*)
SI_UNIT(.MILLI.,.METRE.)
);
#2833=(
LENGTH_UNIT()
NAMED_UNIT(*)
SI_UNIT($,.METRE.)
);
#2834=LENGTH_MEASURE_WITH_UNIT(LENGTH_MEASURE(25.4),#2832);
#2835=(
NAMED_UNIT(*)
PLANE_ANGLE_UNIT()
SI_UNIT($,.RADIAN.)
);
#2836=(
NAMED_UNIT(*)
SI_UNIT($,.STERADIAN.)
SOLID_ANGLE_UNIT()
);
#2837=SHAPE_DEFINITION_REPRESENTATION(#2838,#2839);
#2838=PRODUCT_DEFINITION_SHAPE('',$,#2841);
#2839=SHAPE_REPRESENTATION('',(#1588),#2828);
#2840=PRODUCT_DEFINITION_CONTEXT('part definition',#2845,'design');
#2841=PRODUCT_DEFINITION('2026-06-02-16-10-59-230','koi case bottom',#2842,
#2840);
#2842=PRODUCT_DEFINITION_FORMATION('',$,#2847);
#2843=PRODUCT_RELATED_PRODUCT_CATEGORY('koi case bottom',
'koi case bottom',(#2847));
#2844=APPLICATION_PROTOCOL_DEFINITION('international standard',
'automotive_design',2009,#2845);
#2845=APPLICATION_CONTEXT(
'Core Data for Automotive Mechanical Design Process');
#2846=PRODUCT_CONTEXT('part definition',#2845,'mechanical');
#2847=PRODUCT('2026-06-02-16-10-59-230','koi case bottom',$,(#2846));
#2848=PRESENTATION_STYLE_ASSIGNMENT((#2850));
#2849=PRESENTATION_STYLE_ASSIGNMENT((#2851));
#2850=SURFACE_STYLE_USAGE(.BOTH.,#2852);
#2851=SURFACE_STYLE_USAGE(.BOTH.,#2853);
#2852=SURFACE_SIDE_STYLE('',(#2854));
#2853=SURFACE_SIDE_STYLE('',(#2855));
#2854=SURFACE_STYLE_FILL_AREA(#2856);
#2855=SURFACE_STYLE_FILL_AREA(#2857);
#2856=FILL_AREA_STYLE('Steel - Satin',(#2858));
#2857=FILL_AREA_STYLE('Plastic-seagreen',(#2859));
#2858=FILL_AREA_STYLE_COLOUR('Steel - Satin',#2860);
#2859=FILL_AREA_STYLE_COLOUR('Plastic-seagreen',#2861);
#2860=COLOUR_RGB('Steel - Satin',0.627450980392157,0.627450980392157,0.627450980392157);
#2861=COLOUR_RGB('Plastic-seagreen',0.627450980392157,0.870588235294118,
1.);
ENDSEC;
END-ISO-10303-21;
