ISO-10303-21;
HEADER;
/* Generated by software containing ST-Developer
 * from STEP Tools, Inc. (www.steptools.com) 
 */

FILE_DESCRIPTION(
/* description */ (''),
/* implementation_level */ '2;1');

FILE_NAME(
/* name */ 'Koi Case assembly.step',
/* time_stamp */ '2026-06-10T17:13:07-04:00',
/* author */ (''),
/* organization */ (''),
/* preprocessor_version */ 'ST-DEVELOPER v20.1',
/* originating_system */ 'Autodesk Translation Framework v15.8.0.0',
/* authorisation */ '');

FILE_SCHEMA (('AUTOMOTIVE_DESIGN { 1 0 10303 214 3 1 1 }'));
ENDSEC;

DATA;
#10=MECHANICAL_DESIGN_GEOMETRIC_PRESENTATION_REPRESENTATION('',(#144,#145,
#146,#147,#148,#149),#10450);
#11=ITEM_DEFINED_TRANSFORMATION($,$,#5258,#5740);
#12=ITEM_DEFINED_TRANSFORMATION($,$,#5580,#5741);
#13=(
REPRESENTATION_RELATIONSHIP($,$,#10467,#10466)
REPRESENTATION_RELATIONSHIP_WITH_TRANSFORMATION(#11)
SHAPE_REPRESENTATION_RELATIONSHIP()
);
#14=(
REPRESENTATION_RELATIONSHIP($,$,#10468,#10466)
REPRESENTATION_RELATIONSHIP_WITH_TRANSFORMATION(#12)
SHAPE_REPRESENTATION_RELATIONSHIP()
);
#15=CONTEXT_DEPENDENT_SHAPE_REPRESENTATION(#13,#10464);
#16=CONTEXT_DEPENDENT_SHAPE_REPRESENTATION(#14,#10465);
#17=NEXT_ASSEMBLY_USAGE_OCCURRENCE('koi case top:1','koi case top:1',
'koi case top:1',#10470,#10471,'koi case top:1');
#18=NEXT_ASSEMBLY_USAGE_OCCURRENCE('koi case bottom:1',
'koi case bottom:1','koi case bottom:1',#10470,#10472,
'koi case bottom:1');
#19=SHAPE_REPRESENTATION_RELATIONSHIP('SRR','None',#10467,#21);
#20=SHAPE_REPRESENTATION_RELATIONSHIP('SRR','None',#10468,#22);
#21=ADVANCED_BREP_SHAPE_REPRESENTATION('',(#150,#151,#152,#153),#10448);
#22=ADVANCED_BREP_SHAPE_REPRESENTATION('',(#154),#10449);
#23=B_SPLINE_SURFACE_WITH_KNOTS('',3,3,((#7718,#7719,#7720,#7721,#7722,
#7723,#7724,#7725,#7726),(#7727,#7728,#7729,#7730,#7731,#7732,#7733,#7734,
#7735),(#7736,#7737,#7738,#7739,#7740,#7741,#7742,#7743,#7744),(#7745,#7746,
#7747,#7748,#7749,#7750,#7751,#7752,#7753),(#7754,#7755,#7756,#7757,#7758,
#7759,#7760,#7761,#7762),(#7763,#7764,#7765,#7766,#7767,#7768,#7769,#7770,
#7771),(#7772,#7773,#7774,#7775,#7776,#7777,#7778,#7779,#7780)),
 .UNSPECIFIED.,.F.,.F.,.F.,(4,1,1,1,4),(4,1,1,1,1,1,4),(0.,0.285714285714286,
0.571428571428571,0.857142857142857,1.),(0.,0.112199737628207,0.224399475256414,
0.448798950512828,0.673198425769241,1.12199737628207,1.5707963267949),
 .UNSPECIFIED.);
#24=B_SPLINE_SURFACE_WITH_KNOTS('',3,3,((#7781,#7782,#7783,#7784,#7785,
#7786,#7787,#7788,#7789,#7790),(#7791,#7792,#7793,#7794,#7795,#7796,#7797,
#7798,#7799,#7800),(#7801,#7802,#7803,#7804,#7805,#7806,#7807,#7808,#7809,
#7810),(#7811,#7812,#7813,#7814,#7815,#7816,#7817,#7818,#7819,#7820),(#7821,
#7822,#7823,#7824,#7825,#7826,#7827,#7828,#7829,#7830),(#7831,#7832,#7833,
#7834,#7835,#7836,#7837,#7838,#7839,#7840),(#7841,#7842,#7843,#7844,#7845,
#7846,#7847,#7848,#7849,#7850)),.UNSPECIFIED.,.F.,.F.,.F.,(4,1,1,1,4),(4,
1,1,1,1,1,1,4),(0.,0.285714285714286,0.571428571428571,0.857142857142857,
1.),(0.,0.112199737628207,0.224399475256414,0.448798950512828,0.673198425769242,
0.897597901025656,1.12199737628207,1.5707963267949),.UNSPECIFIED.);
#25=B_SPLINE_SURFACE_WITH_KNOTS('',3,3,((#7852,#7853,#7854,#7855,#7856,
#7857,#7858),(#7859,#7860,#7861,#7862,#7863,#7864,#7865),(#7866,#7867,#7868,
#7869,#7870,#7871,#7872),(#7873,#7874,#7875,#7876,#7877,#7878,#7879),(#7880,
#7881,#7882,#7883,#7884,#7885,#7886),(#7887,#7888,#7889,#7890,#7891,#7892,
#7893),(#7894,#7895,#7896,#7897,#7898,#7899,#7900)),.UNSPECIFIED.,.F.,.F.,
 .F.,(4,1,1,1,4),(4,1,1,1,4),(0.,0.285714285714286,0.571428571428571,0.785714285714286,
1.),(0.,0.224399475256414,0.448798950512828,0.897597901025656,1.5707963267949),
 .UNSPECIFIED.);
#26=B_SPLINE_SURFACE_WITH_KNOTS('',3,3,((#7907,#7908,#7909,#7910,#7911,
#7912,#7913,#7914),(#7915,#7916,#7917,#7918,#7919,#7920,#7921,#7922),(#7923,
#7924,#7925,#7926,#7927,#7928,#7929,#7930),(#7931,#7932,#7933,#7934,#7935,
#7936,#7937,#7938),(#7939,#7940,#7941,#7942,#7943,#7944,#7945,#7946),(#7947,
#7948,#7949,#7950,#7951,#7952,#7953,#7954),(#7955,#7956,#7957,#7958,#7959,
#7960,#7961,#7962)),.UNSPECIFIED.,.F.,.F.,.F.,(4,1,1,1,4),(4,1,1,1,1,4),
(0.,0.285714285714286,0.571428571428571,0.785714285714286,1.),(0.,0.224399475256414,
0.336599212884621,0.673198425769241,1.12199737628207,1.5707963267949),
 .UNSPECIFIED.);
#27=B_SPLINE_SURFACE_WITH_KNOTS('',3,3,((#8134,#8135,#8136,#8137,#8138,
#8139),(#8140,#8141,#8142,#8143,#8144,#8145),(#8146,#8147,#8148,#8149,#8150,
#8151),(#8152,#8153,#8154,#8155,#8156,#8157)),.UNSPECIFIED.,.F.,.F.,.F.,
(4,4),(4,1,1,4),(0.182010710826796,0.317989289173205),(1.5707963267949,
2.24399475256414,2.69279370307697,3.14159265358979),.UNSPECIFIED.);
#28=B_SPLINE_SURFACE_WITH_KNOTS('',3,3,((#8159,#8160,#8161,#8162,#8163,
#8164,#8165,#8166),(#8167,#8168,#8169,#8170,#8171,#8172,#8173,#8174),(#8175,
#8176,#8177,#8178,#8179,#8180,#8181,#8182),(#8183,#8184,#8185,#8186,#8187,
#8188,#8189,#8190)),.UNSPECIFIED.,.F.,.F.,.F.,(4,4),(4,2,1,1,4),(0.496092852539897,
0.503263421683765),(-0.00414801980754524,0.,0.798594976277661,1.19789246441649,
1.99648744069415),.UNSPECIFIED.);
#29=B_SPLINE_SURFACE_WITH_KNOTS('',3,3,((#8192,#8193,#8194,#8195,#8196,
#8197,#8198,#8199),(#8200,#8201,#8202,#8203,#8204,#8205,#8206,#8207),(#8208,
#8209,#8210,#8211,#8212,#8213,#8214,#8215),(#8216,#8217,#8218,#8219,#8220,
#8221,#8222,#8223)),.UNSPECIFIED.,.F.,.F.,.F.,(4,4),(4,2,1,1,4),(0.496736558857478,
0.503907128001347),(-2.82008096253433,-2.81593298184015,-2.01739345493183,
-1.61812369147767,-0.819584164569347),.UNSPECIFIED.);
#30=B_SPLINE_SURFACE_WITH_KNOTS('',3,3,((#8225,#8226,#8227,#8228,#8229,
#8230),(#8231,#8232,#8233,#8234,#8235,#8236),(#8237,#8238,#8239,#8240,#8241,
#8242),(#8243,#8244,#8245,#8246,#8247,#8248)),.UNSPECIFIED.,.F.,.F.,.F.,
(4,4),(4,1,1,4),(0.182010710826796,0.317989289173205),(1.5707963267949,
2.24399475256414,2.69279370307697,3.14159265358979),.UNSPECIFIED.);
#31=B_SPLINE_SURFACE_WITH_KNOTS('',3,3,((#8401,#8402,#8403,#8404),(#8405,
#8406,#8407,#8408),(#8409,#8410,#8411,#8412),(#8413,#8414,#8415,#8416)),
 .UNSPECIFIED.,.F.,.F.,.F.,(4,4),(4,4),(0.,1.91663620592809),(0.,0.20066),
 .UNSPECIFIED.);
#32=B_SPLINE_SURFACE_WITH_KNOTS('',3,3,((#8425,#8426,#8427,#8428),(#8429,
#8430,#8431,#8432),(#8433,#8434,#8435,#8436),(#8437,#8438,#8439,#8440),
(#8441,#8442,#8443,#8444),(#8445,#8446,#8447,#8448),(#8449,#8450,#8451,
#8452),(#8453,#8454,#8455,#8456)),.UNSPECIFIED.,.F.,.F.,.F.,(4,2,2,4),(4,
4),(0.220813391502393,0.497852336036964,0.995704672073929,1.98980271956284),
(0.,0.20066),.UNSPECIFIED.);
#33=B_SPLINE_SURFACE_WITH_KNOTS('',3,3,((#8467,#8468,#8469,#8470),(#8471,
#8472,#8473,#8474),(#8475,#8476,#8477,#8478),(#8479,#8480,#8481,#8482),
(#8483,#8484,#8485,#8486),(#8487,#8488,#8489,#8490),(#8491,#8492,#8493,
#8494),(#8495,#8496,#8497,#8498)),.UNSPECIFIED.,.F.,.F.,.F.,(4,2,2,4),(4,
4),(0.,0.28686658882334,0.43029988323501,0.511338579639874),(0.,0.20066),
 .UNSPECIFIED.);
#34=B_SPLINE_SURFACE_WITH_KNOTS('',3,1,((#8509,#8510),(#8511,#8512),(#8513,
#8514),(#8515,#8516)),.UNSPECIFIED.,.F.,.F.,.F.,(4,4),(2,2),(0.,0.220813391502392),
(0.,0.20066),.UNSPECIFIED.);
#35=B_SPLINE_SURFACE_WITH_KNOTS('',3,1,((#8528,#8529),(#8530,#8531),(#8532,
#8533),(#8534,#8535)),.UNSPECIFIED.,.F.,.F.,.F.,(4,4),(2,2),(0.5113396858391,
0.57373317764668),(0.,0.20066),.UNSPECIFIED.);
#36=B_SPLINE_SURFACE_WITH_KNOTS('',3,3,((#8547,#8548,#8549,#8550),(#8551,
#8552,#8553,#8554),(#8555,#8556,#8557,#8558),(#8559,#8560,#8561,#8562),
(#8563,#8564,#8565,#8566),(#8567,#8568,#8569,#8570)),.UNSPECIFIED.,.F.,
 .F.,.F.,(4,2,4),(4,4),(0.,0.287777086867499,0.575554173734998),(0.,0.20066),
 .UNSPECIFIED.);
#37=B_SPLINE_SURFACE_WITH_KNOTS('',3,3,((#8581,#8582,#8583,#8584),(#8585,
#8586,#8587,#8588),(#8589,#8590,#8591,#8592),(#8593,#8594,#8595,#8596),
(#8597,#8598,#8599,#8600),(#8601,#8602,#8603,#8604),(#8605,#8606,#8607,
#8608),(#8609,#8610,#8611,#8612),(#8613,#8614,#8615,#8616),(#8617,#8618,
#8619,#8620)),.UNSPECIFIED.,.F.,.F.,.F.,(4,2,2,2,4),(4,4),(0.,0.495925131809364,
0.991850263618729,1.48777539542809,1.98370052723746),(0.,0.20066),
 .UNSPECIFIED.);
#38=B_SPLINE_SURFACE_WITH_KNOTS('',3,3,((#8633,#8634,#8635,#8636),(#8637,
#8638,#8639,#8640),(#8641,#8642,#8643,#8644),(#8645,#8646,#8647,#8648)),
 .UNSPECIFIED.,.F.,.F.,.F.,(4,4),(4,4),(0.,1.91105197660439),(0.,0.20066),
 .UNSPECIFIED.);
#39=B_SPLINE_SURFACE_WITH_KNOTS('',3,1,((#8654,#8655),(#8656,#8657),(#8658,
#8659),(#8660,#8661)),.UNSPECIFIED.,.F.,.F.,.F.,(4,4),(2,2),(0.,1.02176526325638),
(0.,0.20066),.UNSPECIFIED.);
#40=B_SPLINE_SURFACE_WITH_KNOTS('',3,1,((#8676,#8677),(#8678,#8679),(#8680,
#8681),(#8682,#8683),(#8684,#8685),(#8686,#8687),(#8688,#8689),(#8690,#8691),
(#8692,#8693)),.UNSPECIFIED.,.F.,.F.,.F.,(4,1,1,1,1,1,4),(2,2),(0.,0.221123390010956,
0.442246780021912,0.884493560043824,1.32674034006574,1.54786373007669,1.76898712008765),
(0.,0.20066),.UNSPECIFIED.);
#41=B_SPLINE_SURFACE_WITH_KNOTS('',3,1,((#8713,#8714),(#8715,#8716),(#8717,
#8718),(#8719,#8720)),.UNSPECIFIED.,.F.,.F.,.F.,(4,4),(2,2),(0.,1.03264334053135),
(0.,0.20066),.UNSPECIFIED.);
#42=B_SPLINE_SURFACE_WITH_KNOTS('',3,1,((#8735,#8736),(#8737,#8738),(#8739,
#8740),(#8741,#8742),(#8743,#8744)),.UNSPECIFIED.,.F.,.F.,.F.,(4,1,4),(2,
2),(1.55422720739595,1.5718297007702,1.79540552650425),(0.,0.20066),
 .UNSPECIFIED.);
#43=B_SPLINE_SURFACE_WITH_KNOTS('',3,1,((#8757,#8758),(#8759,#8760),(#8761,
#8762),(#8763,#8764),(#8765,#8766),(#8767,#8768),(#8769,#8770),(#8771,#8772)),
 .UNSPECIFIED.,.F.,.F.,.F.,(4,1,1,1,1,4),(2,2),(0.,0.22527555589201,0.450551111784019,
0.901102223568038,1.34825387503614,1.36315890107815),(0.,0.20066),
 .UNSPECIFIED.);
#44=B_SPLINE_SURFACE_WITH_KNOTS('',3,3,((#8791,#8792,#8793,#8794),(#8795,
#8796,#8797,#8798),(#8799,#8800,#8801,#8802),(#8803,#8804,#8805,#8806)),
 .UNSPECIFIED.,.F.,.F.,.F.,(4,4),(4,4),(1.36315890107815,1.55422718427309),
(0.,0.20066),.UNSPECIFIED.);
#45=B_SPLINE_SURFACE_WITH_KNOTS('',3,1,((#8814,#8815),(#8816,#8817),(#8818,
#8819),(#8820,#8821)),.UNSPECIFIED.,.F.,.F.,.F.,(4,4),(2,2),(0.,1.00541506317168),
(0.,0.20066),.UNSPECIFIED.);
#46=B_SPLINE_SURFACE_WITH_KNOTS('',3,1,((#8835,#8836),(#8837,#8838),(#8839,
#8840),(#8841,#8842),(#8843,#8844),(#8845,#8846),(#8847,#8848),(#8849,#8850)),
 .UNSPECIFIED.,.F.,.F.,.F.,(4,1,1,1,1,4),(2,2),(0.712314012712904,0.803996243559503,
1.07199499141267,1.43034313660875,1.60951720920679,1.78869128180483),(0.,
0.20066),.UNSPECIFIED.);
#47=B_SPLINE_SURFACE_WITH_KNOTS('',3,3,((#8869,#8870,#8871,#8872),(#8873,
#8874,#8875,#8876),(#8877,#8878,#8879,#8880),(#8881,#8882,#8883,#8884)),
 .UNSPECIFIED.,.F.,.F.,.F.,(4,4),(4,4),(1.00541506317168,1.02261037199343),
(0.,0.20066),.UNSPECIFIED.);
#48=B_SPLINE_SURFACE_WITH_KNOTS('',3,3,((#8891,#8892,#8893,#8894),(#8895,
#8896,#8897,#8898),(#8899,#8900,#8901,#8902),(#8903,#8904,#8905,#8906),
(#8907,#8908,#8909,#8910),(#8911,#8912,#8913,#8914),(#8915,#8916,#8917,
#8918),(#8919,#8920,#8921,#8922)),.UNSPECIFIED.,.F.,.F.,.F.,(4,2,2,4),(4,
4),(0.,0.267998747853168,0.535997495706335,0.712293326919606),(0.,0.20066),
 .UNSPECIFIED.);
#49=B_SPLINE_SURFACE_WITH_KNOTS('',3,1,((#8934,#8935),(#8936,#8937),(#8938,
#8939),(#8940,#8941),(#8942,#8943),(#8944,#8945)),.UNSPECIFIED.,.F.,.F.,
 .F.,(4,1,1,4),(2,2),(0.,0.479331512716004,0.958663025432008,1.32222505824382),
(0.,0.20066),.UNSPECIFIED.);
#50=B_SPLINE_SURFACE_WITH_KNOTS('',3,1,((#8969,#8970),(#8971,#8972),(#8973,
#8974),(#8975,#8976),(#8977,#8978),(#8979,#8980),(#8981,#8982)),
 .UNSPECIFIED.,.F.,.F.,.F.,(4,1,1,1,4),(2,2),(0.601976742420645,0.643851075788227,
1.27899464899921,1.59656643560469,1.91413822221018),(0.,0.20066),
 .UNSPECIFIED.);
#51=B_SPLINE_SURFACE_WITH_KNOTS('',3,3,((#8999,#9000,#9001,#9002),(#9003,
#9004,#9005,#9006),(#9007,#9008,#9009,#9010),(#9011,#9012,#9013,#9014),
(#9015,#9016,#9017,#9018),(#9019,#9020,#9021,#9022),(#9023,#9024,#9025,
#9026),(#9027,#9028,#9029,#9030)),.UNSPECIFIED.,.F.,.F.,.F.,(4,2,2,4),(4,
4),(1.32222505824382,1.43799453814801,1.67766029450601,1.91732605086402),
(0.,0.20066),.UNSPECIFIED.);
#52=B_SPLINE_SURFACE_WITH_KNOTS('',3,3,((#9041,#9042,#9043,#9044),(#9045,
#9046,#9047,#9048),(#9049,#9050,#9051,#9052),(#9053,#9054,#9055,#9056),
(#9057,#9058,#9059,#9060),(#9061,#9062,#9063,#9064)),.UNSPECIFIED.,.F.,
 .F.,.F.,(4,2,4),(4,4),(0.,0.321925537894114,0.601976742420645),(0.,0.20066),
 .UNSPECIFIED.);
#53=B_SPLINE_SURFACE_WITH_KNOTS('',3,3,((#9145,#9146,#9147,#9148),(#9149,
#9150,#9151,#9152),(#9153,#9154,#9155,#9156),(#9157,#9158,#9159,#9160),
(#9161,#9162,#9163,#9164),(#9165,#9166,#9167,#9168),(#9169,#9170,#9171,
#9172),(#9173,#9174,#9175,#9176),(#9177,#9178,#9179,#9180),(#9181,#9182,
#9183,#9184)),.UNSPECIFIED.,.F.,.F.,.F.,(4,2,2,2,4),(4,4),(0.,0.25,0.5,
0.75,1.),(-1.60588478786501E-15,1.),.UNSPECIFIED.);
#54=B_SPLINE_SURFACE_WITH_KNOTS('',3,3,((#9226,#9227,#9228,#9229),(#9230,
#9231,#9232,#9233),(#9234,#9235,#9236,#9237),(#9238,#9239,#9240,#9241),
(#9242,#9243,#9244,#9245),(#9246,#9247,#9248,#9249),(#9250,#9251,#9252,
#9253),(#9254,#9255,#9256,#9257),(#9258,#9259,#9260,#9261),(#9262,#9263,
#9264,#9265),(#9266,#9267,#9268,#9269),(#9270,#9271,#9272,#9273)),
 .UNSPECIFIED.,.F.,.F.,.F.,(4,2,2,2,2,4),(4,4),(0.,0.216522032569195,0.412391524426896,
0.608261016284597,0.804130508142299,1.),(-2.52542618488051E-15,1.),
 .UNSPECIFIED.);
#55=B_SPLINE_SURFACE_WITH_KNOTS('',3,3,((#9319,#9320,#9321,#9322),(#9323,
#9324,#9325,#9326),(#9327,#9328,#9329,#9330),(#9331,#9332,#9333,#9334),
(#9335,#9336,#9337,#9338),(#9339,#9340,#9341,#9342),(#9343,#9344,#9345,
#9346),(#9347,#9348,#9349,#9350),(#9351,#9352,#9353,#9354),(#9355,#9356,
#9357,#9358)),.UNSPECIFIED.,.F.,.F.,.F.,(4,2,2,2,4),(4,4),(0.,0.316229351437404,
0.632458702874808,0.873281188190163,1.),(-1.65080288432246E-15,1.),
 .UNSPECIFIED.);
#56=B_SPLINE_SURFACE_WITH_KNOTS('',3,3,((#9397,#9398,#9399,#9400),(#9401,
#9402,#9403,#9404),(#9405,#9406,#9407,#9408),(#9409,#9410,#9411,#9412),
(#9413,#9414,#9415,#9416),(#9417,#9418,#9419,#9420),(#9421,#9422,#9423,
#9424),(#9425,#9426,#9427,#9428),(#9429,#9430,#9431,#9432),(#9433,#9434,
#9435,#9436)),.UNSPECIFIED.,.F.,.F.,.F.,(4,2,2,2,4),(4,4),(0.,0.25,0.5,
0.75,1.),(-4.94870306971338E-15,1.),.UNSPECIFIED.);
#57=B_SPLINE_SURFACE_WITH_KNOTS('',3,1,((#9476,#9477),(#9478,#9479),(#9480,
#9481),(#9482,#9483),(#9484,#9485),(#9486,#9487),(#9488,#9489)),
 .UNSPECIFIED.,.F.,.F.,.F.,(4,1,1,1,4),(2,2),(1.07051164956428,1.37969842171797,
1.97108519357204,2.5624719654261,2.84586118439028),(0.,0.20066),
 .UNSPECIFIED.);
#58=B_SPLINE_SURFACE_WITH_KNOTS('',3,1,((#9499,#9500),(#9501,#9502),(#9503,
#9504),(#9505,#9506),(#9507,#9508),(#9509,#9510),(#9511,#9512)),
 .UNSPECIFIED.,.F.,.F.,.F.,(4,1,1,1,4),(2,2),(1.06898744122734,1.19096283520265,
1.70583525993719,2.22070768467173,2.46562005195508),(0.,0.20066),
 .UNSPECIFIED.);
#59=B_SPLINE_SURFACE_WITH_KNOTS('',3,3,((#9522,#9523,#9524,#9525),(#9526,
#9527,#9528,#9529),(#9530,#9531,#9532,#9533),(#9534,#9535,#9536,#9537),
(#9538,#9539,#9540,#9541),(#9542,#9543,#9544,#9545),(#9546,#9547,#9548,
#9549),(#9550,#9551,#9552,#9553),(#9554,#9555,#9556,#9557),(#9558,#9559,
#9560,#9561)),.UNSPECIFIED.,.F.,.F.,.F.,(4,2,2,2,4),(4,4),(0.,0.394155824931951,
0.591233737397926,0.788311649863901,1.07051164956589),(0.,0.20066),
 .UNSPECIFIED.);
#60=B_SPLINE_SURFACE_WITH_KNOTS('',3,3,((#9572,#9573,#9574,#9575),(#9576,
#9577,#9578,#9579),(#9580,#9581,#9582,#9583),(#9584,#9585,#9586,#9587),
(#9588,#9589,#9590,#9591),(#9592,#9593,#9594,#9595),(#9596,#9597,#9598,
#9599),(#9600,#9601,#9602,#9603),(#9604,#9605,#9606,#9607),(#9608,#9609,
#9610,#9611)),.UNSPECIFIED.,.F.,.F.,.F.,(4,2,2,2,4),(4,4),(2.46562005195492,
2.73558010940628,2.89387343334201,3.05216675727774,3.36875340514919),(0.,
0.20066),.UNSPECIFIED.);
#61=B_SPLINE_SURFACE_WITH_KNOTS('',3,3,((#10129,#10130,#10131,#10132,#10133,
#10134,#10135,#10136,#10137),(#10138,#10139,#10140,#10141,#10142,#10143,
#10144,#10145,#10146),(#10147,#10148,#10149,#10150,#10151,#10152,#10153,
#10154,#10155),(#10156,#10157,#10158,#10159,#10160,#10161,#10162,#10163,
#10164),(#10165,#10166,#10167,#10168,#10169,#10170,#10171,#10172,#10173),
(#10174,#10175,#10176,#10177,#10178,#10179,#10180,#10181,#10182),(#10183,
#10184,#10185,#10186,#10187,#10188,#10189,#10190,#10191)),.UNSPECIFIED.,
 .F.,.F.,.F.,(4,1,1,1,4),(4,1,1,1,1,1,4),(0.,0.285714285714286,0.571428571428571,
0.857142857142857,1.),(-1.5707963267949,-0.897597901025655,-0.673198425769241,
-0.448798950512828,-0.224399475256414,-0.112199737628207,-1.0927391974657E-16),
 .UNSPECIFIED.);
#62=B_SPLINE_SURFACE_WITH_KNOTS('',3,3,((#10198,#10199,#10200,#10201,#10202,
#10203,#10204,#10205,#10206),(#10207,#10208,#10209,#10210,#10211,#10212,
#10213,#10214,#10215),(#10216,#10217,#10218,#10219,#10220,#10221,#10222,
#10223,#10224),(#10225,#10226,#10227,#10228,#10229,#10230,#10231,#10232,
#10233),(#10234,#10235,#10236,#10237,#10238,#10239,#10240,#10241,#10242),
(#10243,#10244,#10245,#10246,#10247,#10248,#10249,#10250,#10251),(#10252,
#10253,#10254,#10255,#10256,#10257,#10258,#10259,#10260)),.UNSPECIFIED.,
 .F.,.F.,.F.,(4,1,1,1,4),(4,1,1,1,1,1,4),(0.,0.285714285714286,0.571428571428571,
0.857142857142857,1.),(-1.5707963267949,-0.897597901025655,-0.673198425769241,
-0.448798950512827,-0.224399475256414,-0.112199737628207,0.),
 .UNSPECIFIED.);
#63=B_SPLINE_CURVE_WITH_KNOTS('',3,(#7570,#7571,#7572,#7573,#7574,#7575,
#7576,#7577),.UNSPECIFIED.,.F.,.F.,(4,2,2,4),(-1.91732605086402,-1.67766029450601,
-1.43799453814801,-1.32222505824382),.UNSPECIFIED.);
#64=B_SPLINE_CURVE_WITH_KNOTS('',3,(#7583,#7584,#7585,#7586,#7587,#7588),
 .UNSPECIFIED.,.F.,.F.,(4,2,4),(-0.601976742420645,-0.321925537894114,0.),
 .UNSPECIFIED.);
#65=B_SPLINE_CURVE_WITH_KNOTS('',3,(#7596,#7597,#7598,#7599),
 .UNSPECIFIED.,.F.,.F.,(4,4),(-1.55422718427309,-1.36315890107815),
 .UNSPECIFIED.);
#66=B_SPLINE_CURVE_WITH_KNOTS('',3,(#7604,#7605,#7606,#7607,#7608,#7609,
#7610,#7611,#7612,#7613,#7614,#7615,#7616,#7617),.UNSPECIFIED.,.F.,.F.,
(4,2,2,2,2,2,4),(-2.82008096253433,-2.81593298184015,-2.4418052687651,-2.06770396372308,
-1.57158079820772,-1.07555832373604,-0.819584164569347),.UNSPECIFIED.);
#67=B_SPLINE_CURVE_WITH_KNOTS('',3,(#7632,#7633,#7634,#7635,#7636,#7637,
#7638,#7639,#7640,#7641,#7642,#7643,#7644,#7645),.UNSPECIFIED.,.F.,.F.,
(4,2,2,2,2,2,4),(-0.00414801980754524,0.,0.416123268820353,0.832213211727062,
1.3283196028891,1.82433777000603,1.99648744069415),.UNSPECIFIED.);
#68=B_SPLINE_CURVE_WITH_KNOTS('',3,(#7649,#7650,#7651,#7652,#7653,#7654,
#7655,#7656,#7657,#7658),.UNSPECIFIED.,.F.,.F.,(4,2,2,2,4),(-1.,-0.75,-0.5,
-0.25,0.),.UNSPECIFIED.);
#69=B_SPLINE_CURVE_WITH_KNOTS('',3,(#7662,#7663,#7664,#7665,#7666,#7667,
#7668,#7669,#7670,#7671),.UNSPECIFIED.,.F.,.F.,(4,2,2,2,4),(-1.07051164956589,
-0.788311649863901,-0.591233737397926,-0.394155824931951,0.),
 .UNSPECIFIED.);
#70=B_SPLINE_CURVE_WITH_KNOTS('',3,(#7675,#7676,#7677,#7678),
 .UNSPECIFIED.,.F.,.F.,(4,4),(-1.02261037199343,-1.00541506317168),
 .UNSPECIFIED.);
#71=B_SPLINE_CURVE_WITH_KNOTS('',3,(#7684,#7685,#7686,#7687,#7688,#7689,
#7690,#7691),.UNSPECIFIED.,.F.,.F.,(4,2,2,4),(-0.712293326761436,-0.535997495706335,
-0.267998747853168,0.),.UNSPECIFIED.);
#72=B_SPLINE_CURVE_WITH_KNOTS('',3,(#7697,#7698,#7699,#7700),
 .UNSPECIFIED.,.F.,.F.,(4,4),(-1.91105197660439,0.),.UNSPECIFIED.);
#73=B_SPLINE_CURVE_WITH_KNOTS('',3,(#7702,#7703,#7704,#7705,#7706,#7707),
 .UNSPECIFIED.,.F.,.F.,(4,2,4),(-0.575554173734998,-0.287777086867499,0.),
 .UNSPECIFIED.);
#74=B_SPLINE_CURVE_WITH_KNOTS('',3,(#7708,#7709,#7710,#7711,#7712,#7713,
#7714,#7715,#7716,#7717),.UNSPECIFIED.,.F.,.F.,(4,2,2,2,4),(-1.98370052723746,
-1.48777539542809,-0.991850263618729,-0.495925131809364,0.),
 .UNSPECIFIED.);
#75=B_SPLINE_CURVE_WITH_KNOTS('',3,(#7982,#7983,#7984,#7985,#7986,#7987,
#7988,#7989,#7990,#7991,#7992,#7993,#7994),.UNSPECIFIED.,.F.,.F.,(4,3,3,
3,4),(-0.00414801980754524,0.,0.943060565864943,1.89234265530334,1.99648744069415),
 .UNSPECIFIED.);
#76=B_SPLINE_CURVE_WITH_KNOTS('',3,(#8008,#8009,#8010,#8011,#8012,#8013,
#8014,#8015,#8016,#8017,#8018,#8019,#8020),.UNSPECIFIED.,.F.,.F.,(4,3,3,
3,4),(-0.00414801980754524,0.,0.94306991434842,1.8923875296761,1.99648744069415),
 .UNSPECIFIED.);
#77=B_SPLINE_CURVE_WITH_KNOTS('',3,(#8026,#8027,#8028,#8029,#8030,#8031,
#8032,#8033,#8034,#8035,#8036,#8037,#8038),.UNSPECIFIED.,.F.,.F.,(4,3,3,
3,4),(-2.82008096253433,-2.81593298184015,-1.8766189981455,-0.918542155344894,
-0.819584164569347),.UNSPECIFIED.);
#78=B_SPLINE_CURVE_WITH_KNOTS('',3,(#8052,#8053,#8054,#8055,#8056,#8057,
#8058,#8059,#8060,#8061,#8062,#8063,#8064,#8065,#8066,#8067,#8068,#8069,
#8070,#8071,#8072,#8073,#8074,#8075,#8076),.UNSPECIFIED.,.F.,.F.,(4,3,3,
3,3,3,3,3,4),(-2.82008096253433,-2.81593298184015,-2.4418052687651,-2.06770396372308,
-2.01739345493183,-1.61812369147767,-1.57158079820772,-1.07555832373604,
-0.819584164569347),.UNSPECIFIED.);
#79=B_SPLINE_CURVE_WITH_KNOTS('',3,(#8302,#8303,#8304,#8305,#8306,#8307,
#8308,#8309,#8310,#8311,#8312,#8313,#8314,#8315,#8316,#8317,#8318,#8319,
#8320,#8321,#8322,#8323),.UNSPECIFIED.,.F.,.F.,(4,2,2,2,2,2,2,2,2,2,4),
(2.99476342943099,2.99858548223782,3.21657510902985,3.6776575764143,3.90819881010653,
4.13874004379876,4.36928127749098,4.59982251118321,5.06090497856767,5.2788946053597,
5.28271665816652),.UNSPECIFIED.);
#80=B_SPLINE_CURVE_WITH_KNOTS('',3,(#8338,#8339,#8340,#8341,#8342,#8343,
#8344,#8345,#8346,#8347,#8348,#8349,#8350,#8351,#8352,#8353,#8354,#8355),
 .UNSPECIFIED.,.F.,.F.,(4,2,2,2,2,2,2,2,4),(1.92885078389575,1.98153077068763,
2.66400970520338,3.00524917246125,3.34648863971912,3.687728106977,4.02896757423487,
4.71144650875061,4.76412649554249),.UNSPECIFIED.);
#81=B_SPLINE_CURVE_WITH_KNOTS('',3,(#8377,#8378,#8379,#8380,#8381,#8382,
#8383,#8384),.UNSPECIFIED.,.F.,.F.,(4,2,2,4),(-0.511338579639874,-0.43029988323501,
-0.28686658882334,0.),.UNSPECIFIED.);
#82=B_SPLINE_CURVE_WITH_KNOTS('',3,(#8386,#8387,#8388,#8389),
 .UNSPECIFIED.,.F.,.F.,(4,4),(-1.91663620592809,0.),.UNSPECIFIED.);
#83=B_SPLINE_CURVE_WITH_KNOTS('',3,(#8391,#8392,#8393,#8394,#8395,#8396,
#8397,#8398),.UNSPECIFIED.,.F.,.F.,(4,2,2,4),(-1.98980271956284,-0.995704672073929,
-0.497852336036964,-0.220813391502393),.UNSPECIFIED.);
#84=B_SPLINE_CURVE_WITH_KNOTS('',3,(#8420,#8421,#8422,#8423),
 .UNSPECIFIED.,.F.,.F.,(4,4),(0.,1.91663620592809),.UNSPECIFIED.);
#85=B_SPLINE_CURVE_WITH_KNOTS('',3,(#8458,#8459,#8460,#8461,#8462,#8463,
#8464,#8465),.UNSPECIFIED.,.F.,.F.,(4,2,2,4),(0.220813391502393,0.497852336036964,
0.995704672073929,1.98980271956284),.UNSPECIFIED.);
#86=B_SPLINE_CURVE_WITH_KNOTS('',3,(#8501,#8502,#8503,#8504,#8505,#8506,
#8507,#8508),.UNSPECIFIED.,.F.,.F.,(4,2,2,4),(0.,0.28686658882334,0.43029988323501,
0.511338579639874),.UNSPECIFIED.);
#87=B_SPLINE_CURVE_WITH_KNOTS('',3,(#8518,#8519,#8520,#8521),
 .UNSPECIFIED.,.F.,.F.,(4,4),(-0.220813391502392,0.),.UNSPECIFIED.);
#88=B_SPLINE_CURVE_WITH_KNOTS('',3,(#8523,#8524,#8525,#8526),
 .UNSPECIFIED.,.F.,.F.,(4,4),(0.,0.220813391502392),.UNSPECIFIED.);
#89=B_SPLINE_CURVE_WITH_KNOTS('',3,(#8536,#8537,#8538,#8539),
 .UNSPECIFIED.,.F.,.F.,(4,4),(-0.57373317764668,-0.5113396858391),
 .UNSPECIFIED.);
#90=B_SPLINE_CURVE_WITH_KNOTS('',3,(#8540,#8541,#8542,#8543),
 .UNSPECIFIED.,.F.,.F.,(4,4),(0.5113396858391,0.57373317764668),
 .UNSPECIFIED.);
#91=B_SPLINE_CURVE_WITH_KNOTS('',3,(#8574,#8575,#8576,#8577,#8578,#8579),
 .UNSPECIFIED.,.F.,.F.,(4,2,4),(0.,0.287777086867499,0.575554173734998),
 .UNSPECIFIED.);
#92=B_SPLINE_CURVE_WITH_KNOTS('',3,(#8622,#8623,#8624,#8625,#8626,#8627,
#8628,#8629,#8630,#8631),.UNSPECIFIED.,.F.,.F.,(4,2,2,2,4),(0.,0.495925131809364,
0.991850263618729,1.48777539542809,1.98370052723746),.UNSPECIFIED.);
#93=B_SPLINE_CURVE_WITH_KNOTS('',3,(#8649,#8650,#8651,#8652),
 .UNSPECIFIED.,.F.,.F.,(4,4),(0.,1.91105197660439),.UNSPECIFIED.);
#94=B_SPLINE_CURVE_WITH_KNOTS('',3,(#8664,#8665,#8666,#8667),
 .UNSPECIFIED.,.F.,.F.,(4,4),(-1.02176526325638,0.),.UNSPECIFIED.);
#95=B_SPLINE_CURVE_WITH_KNOTS('',3,(#8671,#8672,#8673,#8674),
 .UNSPECIFIED.,.F.,.F.,(4,4),(0.,1.02176526325638),.UNSPECIFIED.);
#96=B_SPLINE_CURVE_WITH_KNOTS('',3,(#8694,#8695,#8696,#8697,#8698,#8699,
#8700,#8701,#8702),.UNSPECIFIED.,.F.,.F.,(4,1,1,1,1,1,4),(-1.76898712008765,
-1.54786373007669,-1.32674034006574,-0.884493560043824,-0.442246780021912,
-0.221123390010956,0.),.UNSPECIFIED.);
#97=B_SPLINE_CURVE_WITH_KNOTS('',3,(#8703,#8704,#8705,#8706,#8707,#8708,
#8709,#8710,#8711),.UNSPECIFIED.,.F.,.F.,(4,1,1,1,1,1,4),(0.,0.221123390010956,
0.442246780021912,0.884493560043824,1.32674034006574,1.54786373007669,1.76898712008765),
 .UNSPECIFIED.);
#98=B_SPLINE_CURVE_WITH_KNOTS('',3,(#8723,#8724,#8725,#8726),
 .UNSPECIFIED.,.F.,.F.,(4,4),(-1.03264334053135,0.),.UNSPECIFIED.);
#99=B_SPLINE_CURVE_WITH_KNOTS('',3,(#8730,#8731,#8732,#8733),
 .UNSPECIFIED.,.F.,.F.,(4,4),(0.,1.03264334053135),.UNSPECIFIED.);
#100=B_SPLINE_CURVE_WITH_KNOTS('',3,(#8745,#8746,#8747,#8748,#8749),
 .UNSPECIFIED.,.F.,.F.,(4,1,4),(-1.79540552650425,-1.5718297007702,-1.55422720739595),
 .UNSPECIFIED.);
#101=B_SPLINE_CURVE_WITH_KNOTS('',3,(#8751,#8752,#8753,#8754,#8755),
 .UNSPECIFIED.,.F.,.F.,(4,1,4),(1.55422720739595,1.5718297007702,1.79540552650425),
 .UNSPECIFIED.);
#102=B_SPLINE_CURVE_WITH_KNOTS('',3,(#8773,#8774,#8775,#8776,#8777,#8778,
#8779,#8780),.UNSPECIFIED.,.F.,.F.,(4,1,1,1,1,4),(-1.36315890107815,-1.34825387503614,
-0.901102223568038,-0.450551111784019,-0.22527555589201,0.),
 .UNSPECIFIED.);
#103=B_SPLINE_CURVE_WITH_KNOTS('',3,(#8783,#8784,#8785,#8786,#8787,#8788,
#8789,#8790),.UNSPECIFIED.,.F.,.F.,(4,1,1,1,1,4),(0.,0.22527555589201,0.450551111784019,
0.901102223568038,1.34825387503614,1.36315890107815),.UNSPECIFIED.);
#104=B_SPLINE_CURVE_WITH_KNOTS('',3,(#8807,#8808,#8809,#8810),
 .UNSPECIFIED.,.F.,.F.,(4,4),(1.36315890107815,1.55422718427309),
 .UNSPECIFIED.);
#105=B_SPLINE_CURVE_WITH_KNOTS('',3,(#8823,#8824,#8825,#8826),
 .UNSPECIFIED.,.F.,.F.,(4,4),(-1.00541506317168,0.),.UNSPECIFIED.);
#106=B_SPLINE_CURVE_WITH_KNOTS('',3,(#8830,#8831,#8832,#8833),
 .UNSPECIFIED.,.F.,.F.,(4,4),(0.,1.00541506317168),.UNSPECIFIED.);
#107=B_SPLINE_CURVE_WITH_KNOTS('',3,(#8851,#8852,#8853,#8854,#8855,#8856,
#8857,#8858),.UNSPECIFIED.,.F.,.F.,(4,1,1,1,1,4),(-1.78869128180483,-1.60951720920679,
-1.43034313660875,-1.07199499141267,-0.803996243559503,-0.712314012712904),
 .UNSPECIFIED.);
#108=B_SPLINE_CURVE_WITH_KNOTS('',3,(#8860,#8861,#8862,#8863,#8864,#8865,
#8866,#8867),.UNSPECIFIED.,.F.,.F.,(4,1,1,1,1,4),(0.712314012712904,0.803996243559503,
1.07199499141267,1.43034313660875,1.60951720920679,1.78869128180483),
 .UNSPECIFIED.);
#109=B_SPLINE_CURVE_WITH_KNOTS('',3,(#8887,#8888,#8889,#8890),
 .UNSPECIFIED.,.F.,.F.,(4,4),(1.00541506317168,1.02261037199343),
 .UNSPECIFIED.);
#110=B_SPLINE_CURVE_WITH_KNOTS('',3,(#8923,#8924,#8925,#8926,#8927,#8928,
#8929,#8930),.UNSPECIFIED.,.F.,.F.,(4,2,2,4),(0.,0.267998747853168,0.535997495706335,
0.712293326919606),.UNSPECIFIED.);
#111=B_SPLINE_CURVE_WITH_KNOTS('',3,(#8947,#8948,#8949,#8950,#8951,#8952),
 .UNSPECIFIED.,.F.,.F.,(4,1,1,4),(-1.32222505824382,-0.958663025432008,
-0.479331512716004,0.),.UNSPECIFIED.);
#112=B_SPLINE_CURVE_WITH_KNOTS('',3,(#8956,#8957,#8958,#8959,#8960,#8961),
 .UNSPECIFIED.,.F.,.F.,(4,1,1,4),(0.,0.479331512716004,0.958663025432008,
1.32222505824382),.UNSPECIFIED.);
#113=B_SPLINE_CURVE_WITH_KNOTS('',3,(#8983,#8984,#8985,#8986,#8987,#8988,
#8989),.UNSPECIFIED.,.F.,.F.,(4,1,1,1,4),(-1.91413822221018,-1.59656643560469,
-1.27899464899921,-0.643851075788227,-0.601976742420645),.UNSPECIFIED.);
#114=B_SPLINE_CURVE_WITH_KNOTS('',3,(#8991,#8992,#8993,#8994,#8995,#8996,
#8997),.UNSPECIFIED.,.F.,.F.,(4,1,1,1,4),(0.601976742420645,0.643851075788227,
1.27899464899921,1.59656643560469,1.91413822221018),.UNSPECIFIED.);
#115=B_SPLINE_CURVE_WITH_KNOTS('',3,(#9033,#9034,#9035,#9036,#9037,#9038,
#9039,#9040),.UNSPECIFIED.,.F.,.F.,(4,2,2,4),(1.32222505824382,1.43799453814801,
1.67766029450601,1.91732605086402),.UNSPECIFIED.);
#116=B_SPLINE_CURVE_WITH_KNOTS('',3,(#9065,#9066,#9067,#9068,#9069,#9070),
 .UNSPECIFIED.,.F.,.F.,(4,2,4),(0.,0.321925537894114,0.601976742420645),
 .UNSPECIFIED.);
#117=B_SPLINE_CURVE_WITH_KNOTS('',3,(#9077,#9078,#9079,#9080,#9081,#9082,
#9083),.UNSPECIFIED.,.F.,.F.,(4,1,1,1,4),(-2.46562005195508,-2.22070768467173,
-1.70583525993719,-1.19096283520265,-1.06898744122734),.UNSPECIFIED.);
#118=B_SPLINE_CURVE_WITH_KNOTS('',3,(#9089,#9090,#9091,#9092,#9093,#9094,
#9095),.UNSPECIFIED.,.F.,.F.,(4,1,1,1,4),(-2.84586118439028,-2.5624719654261,
-1.97108519357204,-1.37969842171797,-1.07051164956428),.UNSPECIFIED.);
#119=B_SPLINE_CURVE_WITH_KNOTS('',3,(#9098,#9099,#9100,#9101,#9102,#9103,
#9104,#9105,#9106,#9107,#9108,#9109),.UNSPECIFIED.,.F.,.F.,(4,2,2,2,2,4),
(-1.,-0.804130508142299,-0.608261016284597,-0.412391524426896,-0.216522032569195,
0.),.UNSPECIFIED.);
#120=B_SPLINE_CURVE_WITH_KNOTS('',3,(#9112,#9113,#9114,#9115,#9116,#9117,
#9118,#9119,#9120,#9121),.UNSPECIFIED.,.F.,.F.,(4,2,2,2,4),(-1.,-0.873281188190163,
-0.632458702874808,-0.316229351437404,0.),.UNSPECIFIED.);
#121=B_SPLINE_CURVE_WITH_KNOTS('',3,(#9125,#9126,#9127,#9128,#9129,#9130,
#9131,#9132,#9133,#9134),.UNSPECIFIED.,.F.,.F.,(4,2,2,2,4),(-3.36875340514919,
-3.05216675727774,-2.89387343334201,-2.73558010940628,-2.46562005195492),
 .UNSPECIFIED.);
#122=B_SPLINE_CURVE_WITH_KNOTS('',3,(#9135,#9136,#9137,#9138,#9139,#9140,
#9141,#9142,#9143,#9144),.UNSPECIFIED.,.F.,.F.,(4,2,2,2,4),(-1.,-0.75,-0.5,
-0.25,0.),.UNSPECIFIED.);
#123=B_SPLINE_CURVE_WITH_KNOTS('',3,(#9188,#9189,#9190,#9191,#9192,#9193,
#9194,#9195,#9196,#9197,#9198,#9199,#9200,#9201,#9202,#9203,#9204,#9205,
#9206,#9207,#9208,#9209,#9210,#9211,#9212,#9213,#9214,#9215,#9216,#9217,
#9218,#9219,#9220,#9221,#9222,#9223,#9224),.UNSPECIFIED.,.F.,.F.,(4,3,3,
3,3,3,3,3,3,3,3,3,4),(1.140720827991E-9,0.107195073915217,0.221625159564408,
0.313267796975143,0.432093640511617,0.554759094816682,0.626535593950285,
0.751081508585175,0.868416772874678,0.939803390925428,1.096437289413,1.21922079743552,
1.25307118790057),.UNSPECIFIED.);
#124=B_SPLINE_CURVE_WITH_KNOTS('',3,(#9275,#9276,#9277,#9278,#9279,#9280,
#9281,#9282,#9283,#9284,#9285,#9286,#9287,#9288,#9289,#9290,#9291,#9292,
#9293,#9294,#9295,#9296,#9297,#9298,#9299,#9300,#9301,#9302,#9303,#9304,
#9305,#9306,#9307,#9308,#9309,#9310,#9311,#9312,#9313,#9314,#9315,#9316,
#9317),.UNSPECIFIED.,.F.,.F.,(4,3,3,3,3,3,3,3,3,3,3,3,3,3,4),(2.84586118438993,
2.95879359538271,3.07407499844377,3.15385873728017,3.27894766886772,3.41072445959373,
3.43247853159024,3.58706917178517,3.71109832590031,3.84096115160207,3.9733137346632,
3.98971812021038,4.12902801736541,4.2297742466152,4.26833791452045),
 .UNSPECIFIED.);
#125=B_SPLINE_CURVE_WITH_KNOTS('',3,(#9362,#9363,#9364,#9365,#9366,#9367,
#9368,#9369,#9370,#9371,#9372,#9373,#9374,#9375,#9376,#9377,#9378,#9379,
#9380,#9381,#9382,#9383,#9384,#9385,#9386,#9387,#9388,#9389,#9390,#9391,
#9392,#9393,#9394,#9395),.UNSPECIFIED.,.F.,.F.,(4,3,3,3,3,3,3,3,3,3,3,4),
(0.,0.0927540540716183,0.20694540021802,0.338045205234052,0.473554622934588,
0.608636519431978,0.676090410468105,0.787149357894669,0.89225152333181,
0.933526622835376,1.03419067617028,1.06898744122734),.UNSPECIFIED.);
#126=B_SPLINE_CURVE_WITH_KNOTS('',3,(#9438,#9439,#9440,#9441,#9442,#9443,
#9444,#9445,#9446,#9447,#9448,#9449,#9450,#9451,#9452,#9453,#9454,#9455,
#9456,#9457,#9458,#9459,#9460,#9461,#9462,#9463,#9464,#9465,#9466,#9467,
#9468,#9469,#9470,#9471,#9472,#9473,#9474),.UNSPECIFIED.,.F.,.F.,(4,3,3,
3,3,3,3,3,3,3,3,3,4),(0.,0.103173691187505,0.234929901149504,0.270218770636021,
0.372484550857952,0.485194756701359,0.540437541272041,0.652354318471865,
0.75978721766764,0.810656311908062,0.929906564893654,1.03142155562525,1.08087508254408),
 .UNSPECIFIED.);
#127=B_SPLINE_CURVE_WITH_KNOTS('',3,(#9491,#9492,#9493,#9494,#9495,#9496,
#9497),.UNSPECIFIED.,.F.,.F.,(4,1,1,1,4),(1.07051164956428,1.37969842171797,
1.97108519357204,2.5624719654261,2.84586118439028),.UNSPECIFIED.);
#128=B_SPLINE_CURVE_WITH_KNOTS('',3,(#9515,#9516,#9517,#9518,#9519,#9520,
#9521),.UNSPECIFIED.,.F.,.F.,(4,1,1,1,4),(1.06898744122734,1.19096283520265,
1.70583525993719,2.22070768467173,2.46562005195508),.UNSPECIFIED.);
#129=B_SPLINE_CURVE_WITH_KNOTS('',3,(#9562,#9563,#9564,#9565,#9566,#9567,
#9568,#9569,#9570,#9571),.UNSPECIFIED.,.F.,.F.,(4,2,2,2,4),(0.,0.394155824931951,
0.591233737397926,0.788311649863901,1.07051164956589),.UNSPECIFIED.);
#130=B_SPLINE_CURVE_WITH_KNOTS('',3,(#9612,#9613,#9614,#9615,#9616,#9617,
#9618,#9619,#9620,#9621),.UNSPECIFIED.,.F.,.F.,(4,2,2,2,4),(2.46562005195492,
2.73558010940628,2.89387343334201,3.05216675727774,3.36875340514919),
 .UNSPECIFIED.);
#131=B_SPLINE_CURVE_WITH_KNOTS('',3,(#10091,#10092,#10093,#10094,#10095,
#10096,#10097,#10098,#10099,#10100,#10101,#10102,#10103,#10104),
 .UNSPECIFIED.,.F.,.F.,(4,2,2,2,2,2,4),(1.80215158461625,2.20632124244936,
2.46144421274611,2.71656718304286,2.9716901533396,3.22681312363635,3.63098278146946),
 .UNSPECIFIED.);
#132=B_SPLINE_CURVE_WITH_KNOTS('',3,(#10278,#10279,#10280,#10281,#10282,
#10283,#10284,#10285,#10286,#10287,#10288,#10289),.UNSPECIFIED.,.F.,.F.,
(4,2,2,2,2,4),(-0.0028707429284754,0.,0.305097686599009,0.602818481790505,
0.900460262350682,1.19806440320812),.UNSPECIFIED.);
#133=B_SPLINE_CURVE_WITH_KNOTS('',3,(#10310,#10311,#10312,#10313,#10314,
#10315,#10316,#10317,#10318,#10319,#10320,#10321),.UNSPECIFIED.,.F.,.F.,
(4,2,2,2,2,4),(-2.39899954993271,-2.39612880700031,-2.09103112032658,-1.79331032506077,
-1.49566854442629,-1.1980644034946),.UNSPECIFIED.);
#134=TOROIDAL_SURFACE('',#5380,0.700000000000003,0.5);
#135=TOROIDAL_SURFACE('',#5391,1.01426715375777,0.5);
#136=TOROIDAL_SURFACE('',#5393,1.01426715375777,0.5);
#137=TOROIDAL_SURFACE('',#5416,1.01426715375777,0.4);
#138=TOROIDAL_SURFACE('',#5419,1.01426715375777,0.4);
#139=TOROIDAL_SURFACE('',#5431,0.700000000000003,0.4);
#140=TOROIDAL_SURFACE('',#5493,0.700000000000003,0.579);
#141=TOROIDAL_SURFACE('',#5680,1.21426715375776,0.3);
#142=TOROIDAL_SURFACE('',#5685,1.21426715375777,0.3);
#143=TOROIDAL_SURFACE('',#5693,0.500000000000003,0.3);
#144=STYLED_ITEM('',(#10486),#150);
#145=STYLED_ITEM('',(#10486),#151);
#146=STYLED_ITEM('',(#10487),#152);
#147=STYLED_ITEM('',(#10487),#5139);
#148=STYLED_ITEM('',(#10488),#153);
#149=STYLED_ITEM('',(#10489),#154);
#150=MANIFOLD_SOLID_BREP('Body1',#5229);
#151=MANIFOLD_SOLID_BREP('Body1',#5230);
#152=MANIFOLD_SOLID_BREP('Body2',#5231);
#153=MANIFOLD_SOLID_BREP('Body3',#5232);
#154=MANIFOLD_SOLID_BREP('Body1',#5233);
#155=FACE_BOUND('',#838,.T.);
#156=FACE_BOUND('',#842,.T.);
#157=FACE_BOUND('',#853,.T.);
#158=FACE_BOUND('',#857,.T.);
#159=FACE_BOUND('',#903,.T.);
#160=FACE_BOUND('',#921,.T.);
#161=FACE_BOUND('',#922,.T.);
#162=FACE_BOUND('',#923,.T.);
#163=FACE_BOUND('',#924,.T.);
#164=FACE_BOUND('',#983,.T.);
#165=FACE_BOUND('',#984,.T.);
#166=FACE_BOUND('',#985,.T.);
#167=FACE_BOUND('',#986,.T.);
#168=FACE_BOUND('',#987,.T.);
#169=FACE_BOUND('',#1049,.T.);
#170=FACE_BOUND('',#1052,.T.);
#171=FACE_BOUND('',#1055,.T.);
#172=FACE_BOUND('',#1058,.T.);
#173=FACE_BOUND('',#1115,.T.);
#174=FACE_BOUND('',#1116,.T.);
#175=FACE_BOUND('',#1117,.T.);
#176=FACE_BOUND('',#1118,.T.);
#177=FACE_BOUND('',#1124,.T.);
#178=FACE_BOUND('',#1125,.T.);
#179=FACE_BOUND('',#1126,.T.);
#180=FACE_BOUND('',#1127,.T.);
#181=FACE_BOUND('',#1131,.T.);
#182=FACE_BOUND('',#1134,.T.);
#183=FACE_BOUND('',#1136,.T.);
#184=FACE_BOUND('',#1139,.T.);
#185=CIRCLE('',#5277,1.41426715375777);
#186=CIRCLE('',#5278,0.1);
#187=CIRCLE('',#5279,0.1);
#188=CIRCLE('',#5280,0.100000000000005);
#189=CIRCLE('',#5281,0.300000000000003);
#190=CIRCLE('',#5282,0.0999999999999994);
#191=CIRCLE('',#5283,0.1);
#192=CIRCLE('',#5284,0.0999999999999998);
#193=CIRCLE('',#5285,1.41426715375777);
#194=CIRCLE('',#5286,1.31454643601988);
#195=CIRCLE('',#5287,0.199720717737887);
#196=CIRCLE('',#5288,0.199720717737887);
#197=CIRCLE('',#5289,0.000279282262112609);
#198=CIRCLE('',#5290,0.39972071773789);
#199=CIRCLE('',#5291,0.000279282262118198);
#200=CIRCLE('',#5292,0.199720717737887);
#201=CIRCLE('',#5293,0.199720717737887);
#202=CIRCLE('',#5294,1.31454643601988);
#203=CIRCLE('',#5298,1.41426715375777);
#204=CIRCLE('',#5300,0.1);
#205=CIRCLE('',#5303,0.1);
#206=CIRCLE('',#5306,0.0999999999999994);
#207=CIRCLE('',#5309,0.300000000000003);
#208=CIRCLE('',#5312,0.100000000000005);
#209=CIRCLE('',#5315,0.1);
#210=CIRCLE('',#5318,0.1);
#211=CIRCLE('',#5320,1.41426715375777);
#212=CIRCLE('',#5325,1.31454643601988);
#213=CIRCLE('',#5326,0.199720717737887);
#214=CIRCLE('',#5327,0.199720717737887);
#215=CIRCLE('',#5328,0.000279282262118198);
#216=CIRCLE('',#5329,0.39972071773789);
#217=CIRCLE('',#5330,0.000279282262112609);
#218=CIRCLE('',#5331,0.199720717737887);
#219=CIRCLE('',#5332,0.199720717737887);
#220=CIRCLE('',#5333,1.31454643601988);
#221=CIRCLE('',#5353,0.199999999999999);
#222=CIRCLE('',#5354,0.199999999999999);
#223=CIRCLE('',#5357,0.200000000000003);
#224=CIRCLE('',#5358,0.200000000000003);
#225=CIRCLE('',#5361,0.200000000000005);
#226=CIRCLE('',#5362,0.200000000000005);
#227=CIRCLE('',#5366,1.51426715375777);
#228=CIRCLE('',#5367,1.51426715375777);
#229=CIRCLE('',#5370,0.56);
#230=CIRCLE('',#5373,1.51426715375777);
#231=CIRCLE('',#5374,1.51426715375777);
#232=CIRCLE('',#5379,0.5);
#233=CIRCLE('',#5381,0.700000000000003);
#234=CIRCLE('',#5382,0.5);
#235=CIRCLE('',#5383,0.700000000000003);
#236=CIRCLE('',#5389,0.5);
#237=CIRCLE('',#5392,1.01426715375777);
#238=CIRCLE('',#5394,1.01426715375777);
#239=CIRCLE('',#5395,0.5);
#240=CIRCLE('',#5403,0.100000000000005);
#241=CIRCLE('',#5406,0.0999999999999993);
#242=CIRCLE('',#5415,0.4);
#243=CIRCLE('',#5417,1.41426715375777);
#244=CIRCLE('',#5418,1.01426715375777);
#245=CIRCLE('',#5420,1.41426715375777);
#246=CIRCLE('',#5421,1.01426715375777);
#247=CIRCLE('',#5422,0.4);
#248=CIRCLE('',#5430,0.4);
#249=CIRCLE('',#5432,0.300000000000003);
#250=CIRCLE('',#5433,0.700000000000003);
#251=CIRCLE('',#5434,0.4);
#252=CIRCLE('',#5437,0.5);
#253=CIRCLE('',#5439,0.0944881889763779);
#254=CIRCLE('',#5440,0.0944881889763779);
#255=CIRCLE('',#5441,0.075);
#256=CIRCLE('',#5442,0.075);
#257=CIRCLE('',#5443,0.075);
#258=CIRCLE('',#5444,0.075);
#259=CIRCLE('',#5445,0.0944881889763779);
#260=CIRCLE('',#5446,0.1);
#261=CIRCLE('',#5447,0.1);
#262=CIRCLE('',#5448,0.1);
#263=CIRCLE('',#5449,0.1);
#264=CIRCLE('',#5451,0.0944881889763779);
#265=CIRCLE('',#5453,0.0944881889763779);
#266=CIRCLE('',#5455,0.0944881889763779);
#267=CIRCLE('',#5458,0.075);
#268=CIRCLE('',#5461,0.075);
#269=CIRCLE('',#5464,0.075);
#270=CIRCLE('',#5467,0.075);
#271=CIRCLE('',#5469,0.56);
#272=CIRCLE('',#5472,0.56);
#273=CIRCLE('',#5473,0.5);
#274=CIRCLE('',#5475,0.56);
#275=CIRCLE('',#5478,0.5);
#276=CIRCLE('',#5480,0.5);
#277=CIRCLE('',#5492,0.700000000000003);
#278=CIRCLE('',#5506,1.41426715375777);
#279=CIRCLE('',#5508,0.1);
#280=CIRCLE('',#5511,0.1);
#281=CIRCLE('',#5514,0.0999999999999994);
#282=CIRCLE('',#5517,0.300000000000003);
#283=CIRCLE('',#5520,0.100000000000005);
#284=CIRCLE('',#5523,0.1);
#285=CIRCLE('',#5526,0.1);
#286=CIRCLE('',#5528,1.41426715375777);
#287=CIRCLE('',#5535,1.51426715375777);
#288=CIRCLE('',#5536,1.51426715375777);
#289=CIRCLE('',#5539,8.54155028573388);
#290=CIRCLE('',#5540,0.0764297780074491);
#291=CIRCLE('',#5542,8.54155028573388);
#292=CIRCLE('',#5543,8.54155028573388);
#293=CIRCLE('',#5545,0.0764297780074491);
#294=CIRCLE('',#5546,0.0499999999999973);
#295=CIRCLE('',#5547,0.0796981171104757);
#296=CIRCLE('',#5548,0.1);
#297=CIRCLE('',#5549,0.12906863831589);
#298=CIRCLE('',#5552,0.12906863831589);
#299=CIRCLE('',#5555,0.1);
#300=CIRCLE('',#5558,0.0796981171104757);
#301=CIRCLE('',#5560,0.0764297780074491);
#302=CIRCLE('',#5563,0.0499999999999973);
#303=CIRCLE('',#5567,1.51426715375777);
#304=CIRCLE('',#5568,1.90549055754724);
#305=CIRCLE('',#5570,1.51426715375777);
#306=CIRCLE('',#5572,1.90549055754724);
#307=CIRCLE('',#5575,0.0500000000000002);
#308=CIRCLE('',#5577,0.0500000000000002);
#309=CIRCLE('',#5582,0.0723385826771654);
#310=CIRCLE('',#5583,0.0723385826771654);
#311=CIRCLE('',#5585,0.0413385826771655);
#312=CIRCLE('',#5587,0.0723385826771654);
#313=CIRCLE('',#5588,0.0723385826771654);
#314=CIRCLE('',#5590,0.0413385826771655);
#315=CIRCLE('',#5592,0.0723385826771654);
#316=CIRCLE('',#5593,0.0723385826771654);
#317=CIRCLE('',#5595,0.0413385826771655);
#318=CIRCLE('',#5597,0.0723385826771654);
#319=CIRCLE('',#5598,0.0723385826771654);
#320=CIRCLE('',#5600,0.0413385826771655);
#321=CIRCLE('',#5602,0.0413385826771655);
#322=CIRCLE('',#5604,0.0413385826771655);
#323=CIRCLE('',#5606,0.0413385826771655);
#324=CIRCLE('',#5608,0.0413385826771655);
#325=CIRCLE('',#5614,1.41426715375777);
#326=CIRCLE('',#5615,0.1);
#327=CIRCLE('',#5616,0.1);
#328=CIRCLE('',#5617,0.0999999999999997);
#329=CIRCLE('',#5618,0.300000000000003);
#330=CIRCLE('',#5619,0.0999999999999994);
#331=CIRCLE('',#5620,0.1);
#332=CIRCLE('',#5621,0.1);
#333=CIRCLE('',#5622,1.41426715375777);
#334=CIRCLE('',#5623,1.51426715375777);
#335=CIRCLE('',#5624,0.199999999999999);
#336=CIRCLE('',#5625,0.200000000000003);
#337=CIRCLE('',#5626,0.2);
#338=CIRCLE('',#5627,1.51426715375777);
#339=CIRCLE('',#5657,0.560341324504259);
#340=CIRCLE('',#5658,0.560341324504259);
#341=CIRCLE('',#5659,0.560341324504259);
#342=CIRCLE('',#5661,0.5);
#343=CIRCLE('',#5663,0.5);
#344=CIRCLE('',#5669,0.199999999999999);
#345=CIRCLE('',#5672,0.2);
#346=CIRCLE('',#5679,0.300000000000001);
#347=CIRCLE('',#5681,1.21426715375777);
#348=CIRCLE('',#5682,1.51426715375777);
#349=CIRCLE('',#5684,0.3);
#350=CIRCLE('',#5686,1.51426715375776);
#351=CIRCLE('',#5687,1.21426715375777);
#352=CIRCLE('',#5692,0.3);
#353=CIRCLE('',#5694,0.3);
#354=CIRCLE('',#5695,0.200000000000003);
#355=CIRCLE('',#5696,0.500000000000003);
#356=CIRCLE('',#5707,0.1);
#357=CIRCLE('',#5709,0.1);
#358=CIRCLE('',#5711,0.1);
#359=CIRCLE('',#5713,0.1);
#360=CIRCLE('',#5715,0.0999999999999994);
#361=CIRCLE('',#5716,0.300000000000003);
#362=CIRCLE('',#5717,0.0999999999999997);
#363=CIRCLE('',#5718,1.41426715375777);
#364=CIRCLE('',#5719,1.41426715375777);
#365=ELLIPSE('',#5272,0.0022271079722411,0.0015748031496063);
#366=ELLIPSE('',#5273,0.00222710797224109,0.0015748031496063);
#367=ELLIPSE('',#5378,0.799173582547994,0.5);
#368=ELLIPSE('',#5385,0.799173582548005,0.5);
#369=ELLIPSE('',#5387,0.54936974059239,0.5);
#370=ELLIPSE('',#5390,0.56578594149809,0.5);
#371=ELLIPSE('',#5397,0.56578594149809,0.5);
#372=ELLIPSE('',#5399,0.549369740592391,0.5);
#373=ELLIPSE('',#5401,0.799173582548005,0.5);
#374=ELLIPSE('',#5402,0.799173582547994,0.5);
#375=ELLIPSE('',#5404,0.740728300419659,0.4);
#376=ELLIPSE('',#5405,0.740728300419659,0.4);
#377=ELLIPSE('',#5407,0.74072830041967,0.4);
#378=ELLIPSE('',#5408,0.74072830041967,0.4);
#379=ELLIPSE('',#5410,0.460225066547391,0.4);
#380=ELLIPSE('',#5412,0.460225066547391,0.4);
#381=ELLIPSE('',#5414,0.452628753198472,0.4);
#382=ELLIPSE('',#5424,0.452628753198472,0.4);
#383=ELLIPSE('',#5426,0.460225066547391,0.4);
#384=ELLIPSE('',#5428,0.460225066547391,0.4);
#385=ELLIPSE('',#5498,0.56578594149809,0.5);
#386=ELLIPSE('',#5501,0.655180120254788,0.579);
#387=ELLIPSE('',#5629,0.0222710797279697,0.0157480315);
#388=ELLIPSE('',#5630,0.0222710797279877,0.0157480315);
#389=ELLIPSE('',#5636,0.0222710797279787,0.0157480315);
#390=ELLIPSE('',#5637,0.0222710797279787,0.0157480315);
#391=ELLIPSE('',#5643,0.022271079722402,0.015748031496063);
#392=ELLIPSE('',#5644,0.0222710797224199,0.015748031496063);
#393=ELLIPSE('',#5650,0.022271079722411,0.015748031496063);
#394=ELLIPSE('',#5651,0.0222710797224109,0.015748031496063);
#395=ELLIPSE('',#5667,0.339471564898854,0.3);
#396=ELLIPSE('',#5668,0.339471564898854,0.3);
#397=ELLIPSE('',#5670,0.364947243530198,0.3);
#398=ELLIPSE('',#5671,0.364947243530198,0.3);
#399=ELLIPSE('',#5673,0.364947243530199,0.3);
#400=ELLIPSE('',#5674,0.3649472435302,0.3);
#401=ELLIPSE('',#5676,0.329621844355435,0.3);
#402=ELLIPSE('',#5689,0.329621844355435,0.3);
#403=CYLINDRICAL_SURFACE('',#5271,0.0015748031496063);
#404=CYLINDRICAL_SURFACE('',#5297,1.41426715375777);
#405=CYLINDRICAL_SURFACE('',#5299,0.0999999999999998);
#406=CYLINDRICAL_SURFACE('',#5302,0.1);
#407=CYLINDRICAL_SURFACE('',#5305,0.0999999999999994);
#408=CYLINDRICAL_SURFACE('',#5308,0.300000000000003);
#409=CYLINDRICAL_SURFACE('',#5311,0.100000000000005);
#410=CYLINDRICAL_SURFACE('',#5314,0.1);
#411=CYLINDRICAL_SURFACE('',#5317,0.1);
#412=CYLINDRICAL_SURFACE('',#5319,1.41426715375777);
#413=CYLINDRICAL_SURFACE('',#5335,1.31454643601988);
#414=CYLINDRICAL_SURFACE('',#5336,0.199720717737887);
#415=CYLINDRICAL_SURFACE('',#5338,0.199720717737887);
#416=CYLINDRICAL_SURFACE('',#5340,0.000279282262112609);
#417=CYLINDRICAL_SURFACE('',#5342,0.39972071773789);
#418=CYLINDRICAL_SURFACE('',#5344,0.000279282262118198);
#419=CYLINDRICAL_SURFACE('',#5346,0.199720717737887);
#420=CYLINDRICAL_SURFACE('',#5348,0.199720717737887);
#421=CYLINDRICAL_SURFACE('',#5349,1.31454643601988);
#422=CYLINDRICAL_SURFACE('',#5352,0.199999999999999);
#423=CYLINDRICAL_SURFACE('',#5356,0.200000000000003);
#424=CYLINDRICAL_SURFACE('',#5360,0.200000000000005);
#425=CYLINDRICAL_SURFACE('',#5365,1.51426715375777);
#426=CYLINDRICAL_SURFACE('',#5372,1.51426715375777);
#427=CYLINDRICAL_SURFACE('',#5377,0.5);
#428=CYLINDRICAL_SURFACE('',#5384,0.5);
#429=CYLINDRICAL_SURFACE('',#5386,0.5);
#430=CYLINDRICAL_SURFACE('',#5388,0.5);
#431=CYLINDRICAL_SURFACE('',#5396,0.5);
#432=CYLINDRICAL_SURFACE('',#5398,0.5);
#433=CYLINDRICAL_SURFACE('',#5400,0.5);
#434=CYLINDRICAL_SURFACE('',#5409,0.4);
#435=CYLINDRICAL_SURFACE('',#5411,0.4);
#436=CYLINDRICAL_SURFACE('',#5413,0.4);
#437=CYLINDRICAL_SURFACE('',#5423,0.4);
#438=CYLINDRICAL_SURFACE('',#5425,0.4);
#439=CYLINDRICAL_SURFACE('',#5427,0.4);
#440=CYLINDRICAL_SURFACE('',#5429,0.4);
#441=CYLINDRICAL_SURFACE('',#5435,0.4);
#442=CYLINDRICAL_SURFACE('',#5450,0.0944881889763779);
#443=CYLINDRICAL_SURFACE('',#5452,0.0944881889763779);
#444=CYLINDRICAL_SURFACE('',#5454,0.0944881889763779);
#445=CYLINDRICAL_SURFACE('',#5457,0.075);
#446=CYLINDRICAL_SURFACE('',#5460,0.075);
#447=CYLINDRICAL_SURFACE('',#5463,0.075);
#448=CYLINDRICAL_SURFACE('',#5466,0.075);
#449=CYLINDRICAL_SURFACE('',#5470,0.4);
#450=CYLINDRICAL_SURFACE('',#5474,0.56);
#451=CYLINDRICAL_SURFACE('',#5479,0.5);
#452=CYLINDRICAL_SURFACE('',#5481,0.5);
#453=CYLINDRICAL_SURFACE('',#5482,0.579);
#454=CYLINDRICAL_SURFACE('',#5484,0.579);
#455=CYLINDRICAL_SURFACE('',#5487,0.579);
#456=CYLINDRICAL_SURFACE('',#5489,0.579);
#457=CYLINDRICAL_SURFACE('',#5496,0.5);
#458=CYLINDRICAL_SURFACE('',#5497,0.5);
#459=CYLINDRICAL_SURFACE('',#5499,0.5);
#460=CYLINDRICAL_SURFACE('',#5500,0.579);
#461=CYLINDRICAL_SURFACE('',#5503,0.579);
#462=CYLINDRICAL_SURFACE('',#5505,1.41426715375777);
#463=CYLINDRICAL_SURFACE('',#5507,0.1);
#464=CYLINDRICAL_SURFACE('',#5510,0.1);
#465=CYLINDRICAL_SURFACE('',#5513,0.0999999999999994);
#466=CYLINDRICAL_SURFACE('',#5516,0.300000000000003);
#467=CYLINDRICAL_SURFACE('',#5519,0.100000000000005);
#468=CYLINDRICAL_SURFACE('',#5522,0.1);
#469=CYLINDRICAL_SURFACE('',#5525,0.1);
#470=CYLINDRICAL_SURFACE('',#5527,1.41426715375777);
#471=CYLINDRICAL_SURFACE('',#5534,1.51426715375777);
#472=CYLINDRICAL_SURFACE('',#5541,8.54155028573388);
#473=CYLINDRICAL_SURFACE('',#5551,0.12906863831589);
#474=CYLINDRICAL_SURFACE('',#5554,0.1);
#475=CYLINDRICAL_SURFACE('',#5557,0.0796981171104757);
#476=CYLINDRICAL_SURFACE('',#5559,0.0764297780074491);
#477=CYLINDRICAL_SURFACE('',#5562,0.0499999999999973);
#478=CYLINDRICAL_SURFACE('',#5569,1.51426715375777);
#479=CYLINDRICAL_SURFACE('',#5571,1.90549055754724);
#480=CYLINDRICAL_SURFACE('',#5576,0.0500000000000002);
#481=CYLINDRICAL_SURFACE('',#5581,0.0723385826771654);
#482=CYLINDRICAL_SURFACE('',#5586,0.0723385826771654);
#483=CYLINDRICAL_SURFACE('',#5591,0.0723385826771654);
#484=CYLINDRICAL_SURFACE('',#5596,0.0723385826771654);
#485=CYLINDRICAL_SURFACE('',#5601,0.0413385826771655);
#486=CYLINDRICAL_SURFACE('',#5603,0.0413385826771655);
#487=CYLINDRICAL_SURFACE('',#5605,0.0413385826771655);
#488=CYLINDRICAL_SURFACE('',#5607,0.0413385826771655);
#489=CYLINDRICAL_SURFACE('',#5628,0.0157480315);
#490=CYLINDRICAL_SURFACE('',#5635,0.0157480315);
#491=CYLINDRICAL_SURFACE('',#5642,0.015748031496063);
#492=CYLINDRICAL_SURFACE('',#5649,0.015748031496063);
#493=CYLINDRICAL_SURFACE('',#5656,0.560341324504259);
#494=CYLINDRICAL_SURFACE('',#5665,0.5);
#495=CYLINDRICAL_SURFACE('',#5666,0.3);
#496=CYLINDRICAL_SURFACE('',#5675,0.3);
#497=CYLINDRICAL_SURFACE('',#5677,0.3);
#498=CYLINDRICAL_SURFACE('',#5678,0.3);
#499=CYLINDRICAL_SURFACE('',#5683,0.3);
#500=CYLINDRICAL_SURFACE('',#5688,0.3);
#501=CYLINDRICAL_SURFACE('',#5690,0.3);
#502=CYLINDRICAL_SURFACE('',#5691,0.3);
#503=CYLINDRICAL_SURFACE('',#5697,0.3);
#504=CYLINDRICAL_SURFACE('',#5698,0.200000000000003);
#505=CYLINDRICAL_SURFACE('',#5700,0.2);
#506=CYLINDRICAL_SURFACE('',#5703,1.51426715375777);
#507=CYLINDRICAL_SURFACE('',#5706,0.1);
#508=CYLINDRICAL_SURFACE('',#5708,0.1);
#509=CYLINDRICAL_SURFACE('',#5710,0.1);
#510=CYLINDRICAL_SURFACE('',#5712,0.1);
#511=CYLINDRICAL_SURFACE('',#5720,0.0999999999999997);
#512=CYLINDRICAL_SURFACE('',#5723,1.41426715375777);
#513=CYLINDRICAL_SURFACE('',#5726,1.41426715375777);
#514=CYLINDRICAL_SURFACE('',#5729,0.0999999999999994);
#515=CYLINDRICAL_SURFACE('',#5731,0.300000000000003);
#516=CYLINDRICAL_SURFACE('',#5734,0.199999999999999);
#517=CYLINDRICAL_SURFACE('',#5737,1.51426715375777);
#518=FACE_OUTER_BOUND('',#820,.T.);
#519=FACE_OUTER_BOUND('',#821,.T.);
#520=FACE_OUTER_BOUND('',#822,.T.);
#521=FACE_OUTER_BOUND('',#823,.T.);
#522=FACE_OUTER_BOUND('',#824,.T.);
#523=FACE_OUTER_BOUND('',#825,.T.);
#524=FACE_OUTER_BOUND('',#826,.T.);
#525=FACE_OUTER_BOUND('',#827,.T.);
#526=FACE_OUTER_BOUND('',#828,.T.);
#527=FACE_OUTER_BOUND('',#829,.T.);
#528=FACE_OUTER_BOUND('',#830,.T.);
#529=FACE_OUTER_BOUND('',#831,.T.);
#530=FACE_OUTER_BOUND('',#832,.T.);
#531=FACE_OUTER_BOUND('',#833,.T.);
#532=FACE_OUTER_BOUND('',#834,.T.);
#533=FACE_OUTER_BOUND('',#835,.T.);
#534=FACE_OUTER_BOUND('',#836,.T.);
#535=FACE_OUTER_BOUND('',#837,.T.);
#536=FACE_OUTER_BOUND('',#839,.T.);
#537=FACE_OUTER_BOUND('',#840,.T.);
#538=FACE_OUTER_BOUND('',#841,.T.);
#539=FACE_OUTER_BOUND('',#843,.T.);
#540=FACE_OUTER_BOUND('',#844,.T.);
#541=FACE_OUTER_BOUND('',#845,.T.);
#542=FACE_OUTER_BOUND('',#846,.T.);
#543=FACE_OUTER_BOUND('',#847,.T.);
#544=FACE_OUTER_BOUND('',#848,.T.);
#545=FACE_OUTER_BOUND('',#849,.T.);
#546=FACE_OUTER_BOUND('',#850,.T.);
#547=FACE_OUTER_BOUND('',#851,.T.);
#548=FACE_OUTER_BOUND('',#852,.T.);
#549=FACE_OUTER_BOUND('',#854,.T.);
#550=FACE_OUTER_BOUND('',#855,.T.);
#551=FACE_OUTER_BOUND('',#856,.T.);
#552=FACE_OUTER_BOUND('',#858,.T.);
#553=FACE_OUTER_BOUND('',#859,.T.);
#554=FACE_OUTER_BOUND('',#860,.T.);
#555=FACE_OUTER_BOUND('',#861,.T.);
#556=FACE_OUTER_BOUND('',#862,.T.);
#557=FACE_OUTER_BOUND('',#863,.T.);
#558=FACE_OUTER_BOUND('',#864,.T.);
#559=FACE_OUTER_BOUND('',#865,.T.);
#560=FACE_OUTER_BOUND('',#866,.T.);
#561=FACE_OUTER_BOUND('',#867,.T.);
#562=FACE_OUTER_BOUND('',#868,.T.);
#563=FACE_OUTER_BOUND('',#869,.T.);
#564=FACE_OUTER_BOUND('',#870,.T.);
#565=FACE_OUTER_BOUND('',#871,.T.);
#566=FACE_OUTER_BOUND('',#872,.T.);
#567=FACE_OUTER_BOUND('',#873,.T.);
#568=FACE_OUTER_BOUND('',#874,.T.);
#569=FACE_OUTER_BOUND('',#875,.T.);
#570=FACE_OUTER_BOUND('',#876,.T.);
#571=FACE_OUTER_BOUND('',#877,.T.);
#572=FACE_OUTER_BOUND('',#878,.T.);
#573=FACE_OUTER_BOUND('',#879,.T.);
#574=FACE_OUTER_BOUND('',#880,.T.);
#575=FACE_OUTER_BOUND('',#881,.T.);
#576=FACE_OUTER_BOUND('',#882,.T.);
#577=FACE_OUTER_BOUND('',#883,.T.);
#578=FACE_OUTER_BOUND('',#884,.T.);
#579=FACE_OUTER_BOUND('',#885,.T.);
#580=FACE_OUTER_BOUND('',#886,.T.);
#581=FACE_OUTER_BOUND('',#887,.T.);
#582=FACE_OUTER_BOUND('',#888,.T.);
#583=FACE_OUTER_BOUND('',#889,.T.);
#584=FACE_OUTER_BOUND('',#890,.T.);
#585=FACE_OUTER_BOUND('',#891,.T.);
#586=FACE_OUTER_BOUND('',#892,.T.);
#587=FACE_OUTER_BOUND('',#893,.T.);
#588=FACE_OUTER_BOUND('',#894,.T.);
#589=FACE_OUTER_BOUND('',#895,.T.);
#590=FACE_OUTER_BOUND('',#896,.T.);
#591=FACE_OUTER_BOUND('',#897,.T.);
#592=FACE_OUTER_BOUND('',#898,.T.);
#593=FACE_OUTER_BOUND('',#899,.T.);
#594=FACE_OUTER_BOUND('',#900,.T.);
#595=FACE_OUTER_BOUND('',#901,.T.);
#596=FACE_OUTER_BOUND('',#902,.T.);
#597=FACE_OUTER_BOUND('',#904,.T.);
#598=FACE_OUTER_BOUND('',#905,.T.);
#599=FACE_OUTER_BOUND('',#906,.T.);
#600=FACE_OUTER_BOUND('',#907,.T.);
#601=FACE_OUTER_BOUND('',#908,.T.);
#602=FACE_OUTER_BOUND('',#909,.T.);
#603=FACE_OUTER_BOUND('',#910,.T.);
#604=FACE_OUTER_BOUND('',#911,.T.);
#605=FACE_OUTER_BOUND('',#912,.T.);
#606=FACE_OUTER_BOUND('',#913,.T.);
#607=FACE_OUTER_BOUND('',#914,.T.);
#608=FACE_OUTER_BOUND('',#915,.T.);
#609=FACE_OUTER_BOUND('',#916,.T.);
#610=FACE_OUTER_BOUND('',#917,.T.);
#611=FACE_OUTER_BOUND('',#918,.T.);
#612=FACE_OUTER_BOUND('',#919,.T.);
#613=FACE_OUTER_BOUND('',#920,.T.);
#614=FACE_OUTER_BOUND('',#925,.T.);
#615=FACE_OUTER_BOUND('',#926,.T.);
#616=FACE_OUTER_BOUND('',#927,.T.);
#617=FACE_OUTER_BOUND('',#928,.T.);
#618=FACE_OUTER_BOUND('',#929,.T.);
#619=FACE_OUTER_BOUND('',#930,.T.);
#620=FACE_OUTER_BOUND('',#931,.T.);
#621=FACE_OUTER_BOUND('',#932,.T.);
#622=FACE_OUTER_BOUND('',#933,.T.);
#623=FACE_OUTER_BOUND('',#934,.T.);
#624=FACE_OUTER_BOUND('',#935,.T.);
#625=FACE_OUTER_BOUND('',#936,.T.);
#626=FACE_OUTER_BOUND('',#937,.T.);
#627=FACE_OUTER_BOUND('',#938,.T.);
#628=FACE_OUTER_BOUND('',#939,.T.);
#629=FACE_OUTER_BOUND('',#940,.T.);
#630=FACE_OUTER_BOUND('',#941,.T.);
#631=FACE_OUTER_BOUND('',#942,.T.);
#632=FACE_OUTER_BOUND('',#943,.T.);
#633=FACE_OUTER_BOUND('',#944,.T.);
#634=FACE_OUTER_BOUND('',#945,.T.);
#635=FACE_OUTER_BOUND('',#946,.T.);
#636=FACE_OUTER_BOUND('',#947,.T.);
#637=FACE_OUTER_BOUND('',#948,.T.);
#638=FACE_OUTER_BOUND('',#949,.T.);
#639=FACE_OUTER_BOUND('',#950,.T.);
#640=FACE_OUTER_BOUND('',#951,.T.);
#641=FACE_OUTER_BOUND('',#952,.T.);
#642=FACE_OUTER_BOUND('',#953,.T.);
#643=FACE_OUTER_BOUND('',#954,.T.);
#644=FACE_OUTER_BOUND('',#955,.T.);
#645=FACE_OUTER_BOUND('',#956,.T.);
#646=FACE_OUTER_BOUND('',#957,.T.);
#647=FACE_OUTER_BOUND('',#958,.T.);
#648=FACE_OUTER_BOUND('',#959,.T.);
#649=FACE_OUTER_BOUND('',#960,.T.);
#650=FACE_OUTER_BOUND('',#961,.T.);
#651=FACE_OUTER_BOUND('',#962,.T.);
#652=FACE_OUTER_BOUND('',#963,.T.);
#653=FACE_OUTER_BOUND('',#964,.T.);
#654=FACE_OUTER_BOUND('',#965,.T.);
#655=FACE_OUTER_BOUND('',#966,.T.);
#656=FACE_OUTER_BOUND('',#967,.T.);
#657=FACE_OUTER_BOUND('',#968,.T.);
#658=FACE_OUTER_BOUND('',#969,.T.);
#659=FACE_OUTER_BOUND('',#970,.T.);
#660=FACE_OUTER_BOUND('',#971,.T.);
#661=FACE_OUTER_BOUND('',#972,.T.);
#662=FACE_OUTER_BOUND('',#973,.T.);
#663=FACE_OUTER_BOUND('',#974,.T.);
#664=FACE_OUTER_BOUND('',#975,.T.);
#665=FACE_OUTER_BOUND('',#976,.T.);
#666=FACE_OUTER_BOUND('',#977,.T.);
#667=FACE_OUTER_BOUND('',#978,.T.);
#668=FACE_OUTER_BOUND('',#979,.T.);
#669=FACE_OUTER_BOUND('',#980,.T.);
#670=FACE_OUTER_BOUND('',#981,.T.);
#671=FACE_OUTER_BOUND('',#982,.T.);
#672=FACE_OUTER_BOUND('',#988,.T.);
#673=FACE_OUTER_BOUND('',#989,.T.);
#674=FACE_OUTER_BOUND('',#990,.T.);
#675=FACE_OUTER_BOUND('',#991,.T.);
#676=FACE_OUTER_BOUND('',#992,.T.);
#677=FACE_OUTER_BOUND('',#993,.T.);
#678=FACE_OUTER_BOUND('',#994,.T.);
#679=FACE_OUTER_BOUND('',#995,.T.);
#680=FACE_OUTER_BOUND('',#996,.T.);
#681=FACE_OUTER_BOUND('',#997,.T.);
#682=FACE_OUTER_BOUND('',#998,.T.);
#683=FACE_OUTER_BOUND('',#999,.T.);
#684=FACE_OUTER_BOUND('',#1000,.T.);
#685=FACE_OUTER_BOUND('',#1001,.T.);
#686=FACE_OUTER_BOUND('',#1002,.T.);
#687=FACE_OUTER_BOUND('',#1003,.T.);
#688=FACE_OUTER_BOUND('',#1004,.T.);
#689=FACE_OUTER_BOUND('',#1005,.T.);
#690=FACE_OUTER_BOUND('',#1006,.T.);
#691=FACE_OUTER_BOUND('',#1007,.T.);
#692=FACE_OUTER_BOUND('',#1008,.T.);
#693=FACE_OUTER_BOUND('',#1009,.T.);
#694=FACE_OUTER_BOUND('',#1010,.T.);
#695=FACE_OUTER_BOUND('',#1011,.T.);
#696=FACE_OUTER_BOUND('',#1012,.T.);
#697=FACE_OUTER_BOUND('',#1013,.T.);
#698=FACE_OUTER_BOUND('',#1014,.T.);
#699=FACE_OUTER_BOUND('',#1015,.T.);
#700=FACE_OUTER_BOUND('',#1016,.T.);
#701=FACE_OUTER_BOUND('',#1017,.T.);
#702=FACE_OUTER_BOUND('',#1018,.T.);
#703=FACE_OUTER_BOUND('',#1019,.T.);
#704=FACE_OUTER_BOUND('',#1020,.T.);
#705=FACE_OUTER_BOUND('',#1021,.T.);
#706=FACE_OUTER_BOUND('',#1022,.T.);
#707=FACE_OUTER_BOUND('',#1023,.T.);
#708=FACE_OUTER_BOUND('',#1024,.T.);
#709=FACE_OUTER_BOUND('',#1025,.T.);
#710=FACE_OUTER_BOUND('',#1026,.T.);
#711=FACE_OUTER_BOUND('',#1027,.T.);
#712=FACE_OUTER_BOUND('',#1028,.T.);
#713=FACE_OUTER_BOUND('',#1029,.T.);
#714=FACE_OUTER_BOUND('',#1030,.T.);
#715=FACE_OUTER_BOUND('',#1031,.T.);
#716=FACE_OUTER_BOUND('',#1032,.T.);
#717=FACE_OUTER_BOUND('',#1033,.T.);
#718=FACE_OUTER_BOUND('',#1034,.T.);
#719=FACE_OUTER_BOUND('',#1035,.T.);
#720=FACE_OUTER_BOUND('',#1036,.T.);
#721=FACE_OUTER_BOUND('',#1037,.T.);
#722=FACE_OUTER_BOUND('',#1038,.T.);
#723=FACE_OUTER_BOUND('',#1039,.T.);
#724=FACE_OUTER_BOUND('',#1040,.T.);
#725=FACE_OUTER_BOUND('',#1041,.T.);
#726=FACE_OUTER_BOUND('',#1042,.T.);
#727=FACE_OUTER_BOUND('',#1043,.T.);
#728=FACE_OUTER_BOUND('',#1044,.T.);
#729=FACE_OUTER_BOUND('',#1045,.T.);
#730=FACE_OUTER_BOUND('',#1046,.T.);
#731=FACE_OUTER_BOUND('',#1047,.T.);
#732=FACE_OUTER_BOUND('',#1048,.T.);
#733=FACE_OUTER_BOUND('',#1050,.T.);
#734=FACE_OUTER_BOUND('',#1051,.T.);
#735=FACE_OUTER_BOUND('',#1053,.T.);
#736=FACE_OUTER_BOUND('',#1054,.T.);
#737=FACE_OUTER_BOUND('',#1056,.T.);
#738=FACE_OUTER_BOUND('',#1057,.T.);
#739=FACE_OUTER_BOUND('',#1059,.T.);
#740=FACE_OUTER_BOUND('',#1060,.T.);
#741=FACE_OUTER_BOUND('',#1061,.T.);
#742=FACE_OUTER_BOUND('',#1062,.T.);
#743=FACE_OUTER_BOUND('',#1063,.T.);
#744=FACE_OUTER_BOUND('',#1064,.T.);
#745=FACE_OUTER_BOUND('',#1065,.T.);
#746=FACE_OUTER_BOUND('',#1066,.T.);
#747=FACE_OUTER_BOUND('',#1067,.T.);
#748=FACE_OUTER_BOUND('',#1068,.T.);
#749=FACE_OUTER_BOUND('',#1069,.T.);
#750=FACE_OUTER_BOUND('',#1070,.T.);
#751=FACE_OUTER_BOUND('',#1071,.T.);
#752=FACE_OUTER_BOUND('',#1072,.T.);
#753=FACE_OUTER_BOUND('',#1073,.T.);
#754=FACE_OUTER_BOUND('',#1074,.T.);
#755=FACE_OUTER_BOUND('',#1075,.T.);
#756=FACE_OUTER_BOUND('',#1076,.T.);
#757=FACE_OUTER_BOUND('',#1077,.T.);
#758=FACE_OUTER_BOUND('',#1078,.T.);
#759=FACE_OUTER_BOUND('',#1079,.T.);
#760=FACE_OUTER_BOUND('',#1080,.T.);
#761=FACE_OUTER_BOUND('',#1081,.T.);
#762=FACE_OUTER_BOUND('',#1082,.T.);
#763=FACE_OUTER_BOUND('',#1083,.T.);
#764=FACE_OUTER_BOUND('',#1084,.T.);
#765=FACE_OUTER_BOUND('',#1085,.T.);
#766=FACE_OUTER_BOUND('',#1086,.T.);
#767=FACE_OUTER_BOUND('',#1087,.T.);
#768=FACE_OUTER_BOUND('',#1088,.T.);
#769=FACE_OUTER_BOUND('',#1089,.T.);
#770=FACE_OUTER_BOUND('',#1090,.T.);
#771=FACE_OUTER_BOUND('',#1091,.T.);
#772=FACE_OUTER_BOUND('',#1092,.T.);
#773=FACE_OUTER_BOUND('',#1093,.T.);
#774=FACE_OUTER_BOUND('',#1094,.T.);
#775=FACE_OUTER_BOUND('',#1095,.T.);
#776=FACE_OUTER_BOUND('',#1096,.T.);
#777=FACE_OUTER_BOUND('',#1097,.T.);
#778=FACE_OUTER_BOUND('',#1098,.T.);
#779=FACE_OUTER_BOUND('',#1099,.T.);
#780=FACE_OUTER_BOUND('',#1100,.T.);
#781=FACE_OUTER_BOUND('',#1101,.T.);
#782=FACE_OUTER_BOUND('',#1102,.T.);
#783=FACE_OUTER_BOUND('',#1103,.T.);
#784=FACE_OUTER_BOUND('',#1104,.T.);
#785=FACE_OUTER_BOUND('',#1105,.T.);
#786=FACE_OUTER_BOUND('',#1106,.T.);
#787=FACE_OUTER_BOUND('',#1107,.T.);
#788=FACE_OUTER_BOUND('',#1108,.T.);
#789=FACE_OUTER_BOUND('',#1109,.T.);
#790=FACE_OUTER_BOUND('',#1110,.T.);
#791=FACE_OUTER_BOUND('',#1111,.T.);
#792=FACE_OUTER_BOUND('',#1112,.T.);
#793=FACE_OUTER_BOUND('',#1113,.T.);
#794=FACE_OUTER_BOUND('',#1114,.T.);
#795=FACE_OUTER_BOUND('',#1119,.T.);
#796=FACE_OUTER_BOUND('',#1120,.T.);
#797=FACE_OUTER_BOUND('',#1121,.T.);
#798=FACE_OUTER_BOUND('',#1122,.T.);
#799=FACE_OUTER_BOUND('',#1123,.T.);
#800=FACE_OUTER_BOUND('',#1128,.T.);
#801=FACE_OUTER_BOUND('',#1129,.T.);
#802=FACE_OUTER_BOUND('',#1130,.T.);
#803=FACE_OUTER_BOUND('',#1132,.T.);
#804=FACE_OUTER_BOUND('',#1133,.T.);
#805=FACE_OUTER_BOUND('',#1135,.T.);
#806=FACE_OUTER_BOUND('',#1137,.T.);
#807=FACE_OUTER_BOUND('',#1138,.T.);
#808=FACE_OUTER_BOUND('',#1140,.T.);
#809=FACE_OUTER_BOUND('',#1141,.T.);
#810=FACE_OUTER_BOUND('',#1142,.T.);
#811=FACE_OUTER_BOUND('',#1143,.T.);
#812=FACE_OUTER_BOUND('',#1144,.T.);
#813=FACE_OUTER_BOUND('',#1145,.T.);
#814=FACE_OUTER_BOUND('',#1146,.T.);
#815=FACE_OUTER_BOUND('',#1147,.T.);
#816=FACE_OUTER_BOUND('',#1148,.T.);
#817=FACE_OUTER_BOUND('',#1149,.T.);
#818=FACE_OUTER_BOUND('',#1150,.T.);
#819=FACE_OUTER_BOUND('',#1151,.T.);
#820=EDGE_LOOP('',(#3292,#3293,#3294));
#821=EDGE_LOOP('',(#3295,#3296,#3297,#3298));
#822=EDGE_LOOP('',(#3299,#3300,#3301));
#823=EDGE_LOOP('',(#3302,#3303,#3304,#3305));
#824=EDGE_LOOP('',(#3306,#3307,#3308));
#825=EDGE_LOOP('',(#3309,#3310,#3311,#3312));
#826=EDGE_LOOP('',(#3313,#3314,#3315));
#827=EDGE_LOOP('',(#3316,#3317,#3318,#3319));
#828=EDGE_LOOP('',(#3320,#3321,#3322));
#829=EDGE_LOOP('',(#3323,#3324,#3325,#3326));
#830=EDGE_LOOP('',(#3327,#3328,#3329));
#831=EDGE_LOOP('',(#3330,#3331,#3332,#3333));
#832=EDGE_LOOP('',(#3334,#3335,#3336,#3337));
#833=EDGE_LOOP('',(#3338,#3339,#3340,#3341));
#834=EDGE_LOOP('',(#3342,#3343,#3344,#3345));
#835=EDGE_LOOP('',(#3346,#3347,#3348,#3349,#3350,#3351,#3352,#3353,#3354,
#3355,#3356,#3357,#3358,#3359,#3360,#3361,#3362,#3363,#3364,#3365,#3366,
#3367,#3368,#3369,#3370,#3371,#3372,#3373,#3374,#3375,#3376,#3377,#3378,
#3379,#3380,#3381));
#836=EDGE_LOOP('',(#3382,#3383,#3384,#3385));
#837=EDGE_LOOP('',(#3386,#3387,#3388,#3389));
#838=EDGE_LOOP('',(#3390,#3391,#3392,#3393));
#839=EDGE_LOOP('',(#3394,#3395,#3396,#3397));
#840=EDGE_LOOP('',(#3398,#3399,#3400,#3401));
#841=EDGE_LOOP('',(#3402,#3403,#3404,#3405));
#842=EDGE_LOOP('',(#3406,#3407,#3408,#3409));
#843=EDGE_LOOP('',(#3410,#3411,#3412,#3413));
#844=EDGE_LOOP('',(#3414,#3415,#3416,#3417));
#845=EDGE_LOOP('',(#3418,#3419,#3420,#3421));
#846=EDGE_LOOP('',(#3422,#3423,#3424,#3425));
#847=EDGE_LOOP('',(#3426,#3427,#3428,#3429));
#848=EDGE_LOOP('',(#3430,#3431,#3432,#3433));
#849=EDGE_LOOP('',(#3434,#3435,#3436,#3437));
#850=EDGE_LOOP('',(#3438,#3439,#3440,#3441));
#851=EDGE_LOOP('',(#3442,#3443,#3444,#3445));
#852=EDGE_LOOP('',(#3446,#3447,#3448,#3449));
#853=EDGE_LOOP('',(#3450,#3451,#3452,#3453));
#854=EDGE_LOOP('',(#3454,#3455,#3456,#3457));
#855=EDGE_LOOP('',(#3458,#3459,#3460,#3461));
#856=EDGE_LOOP('',(#3462,#3463,#3464,#3465));
#857=EDGE_LOOP('',(#3466,#3467,#3468,#3469));
#858=EDGE_LOOP('',(#3470,#3471,#3472,#3473));
#859=EDGE_LOOP('',(#3474,#3475,#3476,#3477));
#860=EDGE_LOOP('',(#3478,#3479,#3480,#3481,#3482,#3483,#3484,#3485,#3486,
#3487,#3488,#3489,#3490,#3491,#3492,#3493,#3494,#3495,#3496,#3497,#3498,
#3499,#3500,#3501,#3502,#3503,#3504,#3505,#3506,#3507,#3508,#3509,#3510,
#3511,#3512,#3513));
#861=EDGE_LOOP('',(#3514,#3515,#3516,#3517));
#862=EDGE_LOOP('',(#3518,#3519,#3520,#3521));
#863=EDGE_LOOP('',(#3522,#3523,#3524,#3525));
#864=EDGE_LOOP('',(#3526,#3527,#3528,#3529));
#865=EDGE_LOOP('',(#3530,#3531,#3532,#3533));
#866=EDGE_LOOP('',(#3534,#3535,#3536,#3537));
#867=EDGE_LOOP('',(#3538,#3539,#3540,#3541));
#868=EDGE_LOOP('',(#3542,#3543,#3544,#3545));
#869=EDGE_LOOP('',(#3546,#3547,#3548,#3549));
#870=EDGE_LOOP('',(#3550,#3551,#3552,#3553));
#871=EDGE_LOOP('',(#3554,#3555,#3556,#3557));
#872=EDGE_LOOP('',(#3558,#3559,#3560,#3561));
#873=EDGE_LOOP('',(#3562,#3563,#3564,#3565));
#874=EDGE_LOOP('',(#3566,#3567,#3568,#3569));
#875=EDGE_LOOP('',(#3570,#3571,#3572,#3573));
#876=EDGE_LOOP('',(#3574,#3575,#3576,#3577));
#877=EDGE_LOOP('',(#3578,#3579,#3580,#3581));
#878=EDGE_LOOP('',(#3582,#3583,#3584,#3585));
#879=EDGE_LOOP('',(#3586,#3587,#3588,#3589));
#880=EDGE_LOOP('',(#3590,#3591,#3592,#3593));
#881=EDGE_LOOP('',(#3594,#3595,#3596,#3597));
#882=EDGE_LOOP('',(#3598,#3599,#3600,#3601));
#883=EDGE_LOOP('',(#3602,#3603,#3604,#3605));
#884=EDGE_LOOP('',(#3606,#3607,#3608,#3609));
#885=EDGE_LOOP('',(#3610,#3611,#3612,#3613));
#886=EDGE_LOOP('',(#3614,#3615,#3616,#3617));
#887=EDGE_LOOP('',(#3618,#3619,#3620,#3621));
#888=EDGE_LOOP('',(#3622,#3623,#3624,#3625));
#889=EDGE_LOOP('',(#3626,#3627,#3628,#3629));
#890=EDGE_LOOP('',(#3630,#3631,#3632,#3633));
#891=EDGE_LOOP('',(#3634,#3635,#3636,#3637));
#892=EDGE_LOOP('',(#3638,#3639,#3640,#3641));
#893=EDGE_LOOP('',(#3642,#3643,#3644,#3645));
#894=EDGE_LOOP('',(#3646,#3647,#3648,#3649,#3650,#3651,#3652));
#895=EDGE_LOOP('',(#3653,#3654,#3655,#3656));
#896=EDGE_LOOP('',(#3657,#3658,#3659,#3660,#3661,#3662));
#897=EDGE_LOOP('',(#3663,#3664,#3665,#3666));
#898=EDGE_LOOP('',(#3667,#3668,#3669,#3670));
#899=EDGE_LOOP('',(#3671,#3672,#3673,#3674));
#900=EDGE_LOOP('',(#3675,#3676,#3677,#3678,#3679,#3680));
#901=EDGE_LOOP('',(#3681,#3682,#3683,#3684,#3685,#3686,#3687));
#902=EDGE_LOOP('',(#3688,#3689,#3690,#3691));
#903=EDGE_LOOP('',(#3692,#3693,#3694));
#904=EDGE_LOOP('',(#3695,#3696,#3697));
#905=EDGE_LOOP('',(#3698,#3699,#3700));
#906=EDGE_LOOP('',(#3701,#3702,#3703));
#907=EDGE_LOOP('',(#3704,#3705,#3706));
#908=EDGE_LOOP('',(#3707,#3708,#3709,#3710));
#909=EDGE_LOOP('',(#3711,#3712,#3713,#3714));
#910=EDGE_LOOP('',(#3715,#3716,#3717,#3718));
#911=EDGE_LOOP('',(#3719,#3720,#3721,#3722));
#912=EDGE_LOOP('',(#3723,#3724,#3725,#3726));
#913=EDGE_LOOP('',(#3727,#3728,#3729,#3730));
#914=EDGE_LOOP('',(#3731,#3732,#3733,#3734));
#915=EDGE_LOOP('',(#3735,#3736,#3737,#3738));
#916=EDGE_LOOP('',(#3739,#3740,#3741,#3742));
#917=EDGE_LOOP('',(#3743,#3744,#3745,#3746));
#918=EDGE_LOOP('',(#3747,#3748,#3749,#3750));
#919=EDGE_LOOP('',(#3751,#3752,#3753,#3754,#3755));
#920=EDGE_LOOP('',(#3756,#3757,#3758,#3759,#3760,#3761,#3762,#3763,#3764,
#3765,#3766,#3767));
#921=EDGE_LOOP('',(#3768));
#922=EDGE_LOOP('',(#3769));
#923=EDGE_LOOP('',(#3770,#3771,#3772,#3773,#3774,#3775,#3776,#3777));
#924=EDGE_LOOP('',(#3778));
#925=EDGE_LOOP('',(#3779,#3780,#3781));
#926=EDGE_LOOP('',(#3782,#3783,#3784));
#927=EDGE_LOOP('',(#3785,#3786,#3787));
#928=EDGE_LOOP('',(#3788,#3789,#3790));
#929=EDGE_LOOP('',(#3791,#3792,#3793,#3794));
#930=EDGE_LOOP('',(#3795,#3796,#3797,#3798));
#931=EDGE_LOOP('',(#3799,#3800,#3801,#3802));
#932=EDGE_LOOP('',(#3803,#3804,#3805,#3806));
#933=EDGE_LOOP('',(#3807,#3808,#3809,#3810));
#934=EDGE_LOOP('',(#3811,#3812,#3813,#3814));
#935=EDGE_LOOP('',(#3815,#3816,#3817,#3818));
#936=EDGE_LOOP('',(#3819,#3820,#3821,#3822));
#937=EDGE_LOOP('',(#3823,#3824,#3825,#3826));
#938=EDGE_LOOP('',(#3827,#3828,#3829,#3830));
#939=EDGE_LOOP('',(#3831,#3832,#3833,#3834));
#940=EDGE_LOOP('',(#3835,#3836,#3837,#3838));
#941=EDGE_LOOP('',(#3839,#3840,#3841,#3842,#3843,#3844));
#942=EDGE_LOOP('',(#3845,#3846,#3847,#3848,#3849));
#943=EDGE_LOOP('',(#3850,#3851,#3852,#3853,#3854,#3855,#3856));
#944=EDGE_LOOP('',(#3857,#3858,#3859,#3860));
#945=EDGE_LOOP('',(#3861,#3862,#3863,#3864,#3865));
#946=EDGE_LOOP('',(#3866,#3867,#3868,#3869,#3870,#3871,#3872,#3873));
#947=EDGE_LOOP('',(#3874,#3875,#3876,#3877,#3878,#3879,#3880,#3881));
#948=EDGE_LOOP('',(#3882,#3883,#3884,#3885));
#949=EDGE_LOOP('',(#3886,#3887,#3888,#3889));
#950=EDGE_LOOP('',(#3890,#3891,#3892,#3893));
#951=EDGE_LOOP('',(#3894,#3895,#3896,#3897));
#952=EDGE_LOOP('',(#3898,#3899,#3900,#3901));
#953=EDGE_LOOP('',(#3902,#3903,#3904,#3905));
#954=EDGE_LOOP('',(#3906,#3907,#3908));
#955=EDGE_LOOP('',(#3909,#3910,#3911,#3912));
#956=EDGE_LOOP('',(#3913,#3914,#3915,#3916));
#957=EDGE_LOOP('',(#3917,#3918,#3919,#3920));
#958=EDGE_LOOP('',(#3921,#3922,#3923));
#959=EDGE_LOOP('',(#3924,#3925,#3926,#3927));
#960=EDGE_LOOP('',(#3928,#3929,#3930,#3931));
#961=EDGE_LOOP('',(#3932,#3933));
#962=EDGE_LOOP('',(#3934,#3935,#3936,#3937));
#963=EDGE_LOOP('',(#3938,#3939,#3940,#3941));
#964=EDGE_LOOP('',(#3942,#3943,#3944,#3945));
#965=EDGE_LOOP('',(#3946,#3947,#3948,#3949));
#966=EDGE_LOOP('',(#3950,#3951,#3952,#3953));
#967=EDGE_LOOP('',(#3954,#3955));
#968=EDGE_LOOP('',(#3956,#3957,#3958,#3959));
#969=EDGE_LOOP('',(#3960,#3961,#3962,#3963));
#970=EDGE_LOOP('',(#3964,#3965,#3966,#3967));
#971=EDGE_LOOP('',(#3968,#3969,#3970,#3971));
#972=EDGE_LOOP('',(#3972,#3973,#3974));
#973=EDGE_LOOP('',(#3975,#3976,#3977));
#974=EDGE_LOOP('',(#3978,#3979,#3980,#3981));
#975=EDGE_LOOP('',(#3982,#3983,#3984,#3985));
#976=EDGE_LOOP('',(#3986,#3987,#3988,#3989));
#977=EDGE_LOOP('',(#3990,#3991,#3992,#3993));
#978=EDGE_LOOP('',(#3994,#3995,#3996,#3997));
#979=EDGE_LOOP('',(#3998,#3999,#4000,#4001));
#980=EDGE_LOOP('',(#4002,#4003,#4004));
#981=EDGE_LOOP('',(#4005,#4006,#4007));
#982=EDGE_LOOP('',(#4008,#4009,#4010,#4011,#4012,#4013,#4014,#4015,#4016,
#4017,#4018,#4019,#4020,#4021,#4022,#4023,#4024,#4025,#4026,#4027,#4028,
#4029,#4030,#4031,#4032,#4033,#4034));
#983=EDGE_LOOP('',(#4035));
#984=EDGE_LOOP('',(#4036,#4037,#4038,#4039,#4040,#4041,#4042,#4043));
#985=EDGE_LOOP('',(#4044));
#986=EDGE_LOOP('',(#4045));
#987=EDGE_LOOP('',(#4046,#4047));
#988=EDGE_LOOP('',(#4048,#4049,#4050,#4051,#4052,#4053,#4054));
#989=EDGE_LOOP('',(#4055,#4056,#4057));
#990=EDGE_LOOP('',(#4058,#4059,#4060,#4061));
#991=EDGE_LOOP('',(#4062,#4063,#4064,#4065));
#992=EDGE_LOOP('',(#4066,#4067,#4068,#4069));
#993=EDGE_LOOP('',(#4070,#4071,#4072,#4073));
#994=EDGE_LOOP('',(#4074,#4075,#4076,#4077));
#995=EDGE_LOOP('',(#4078,#4079,#4080,#4081));
#996=EDGE_LOOP('',(#4082,#4083,#4084,#4085));
#997=EDGE_LOOP('',(#4086,#4087,#4088,#4089));
#998=EDGE_LOOP('',(#4090,#4091,#4092,#4093));
#999=EDGE_LOOP('',(#4094,#4095,#4096,#4097));
#1000=EDGE_LOOP('',(#4098,#4099,#4100,#4101));
#1001=EDGE_LOOP('',(#4102,#4103,#4104,#4105,#4106,#4107));
#1002=EDGE_LOOP('',(#4108,#4109,#4110,#4111));
#1003=EDGE_LOOP('',(#4112,#4113,#4114,#4115));
#1004=EDGE_LOOP('',(#4116,#4117,#4118,#4119));
#1005=EDGE_LOOP('',(#4120,#4121,#4122,#4123));
#1006=EDGE_LOOP('',(#4124,#4125,#4126,#4127));
#1007=EDGE_LOOP('',(#4128,#4129,#4130,#4131));
#1008=EDGE_LOOP('',(#4132,#4133,#4134,#4135));
#1009=EDGE_LOOP('',(#4136,#4137,#4138,#4139));
#1010=EDGE_LOOP('',(#4140,#4141,#4142,#4143));
#1011=EDGE_LOOP('',(#4144,#4145,#4146,#4147));
#1012=EDGE_LOOP('',(#4148,#4149,#4150,#4151));
#1013=EDGE_LOOP('',(#4152,#4153,#4154,#4155));
#1014=EDGE_LOOP('',(#4156,#4157,#4158,#4159));
#1015=EDGE_LOOP('',(#4160,#4161,#4162,#4163));
#1016=EDGE_LOOP('',(#4164,#4165,#4166,#4167));
#1017=EDGE_LOOP('',(#4168,#4169,#4170,#4171));
#1018=EDGE_LOOP('',(#4172,#4173,#4174,#4175));
#1019=EDGE_LOOP('',(#4176,#4177,#4178,#4179,#4180));
#1020=EDGE_LOOP('',(#4181,#4182,#4183,#4184,#4185,#4186,#4187,#4188,#4189,
#4190,#4191,#4192,#4193,#4194,#4195,#4196,#4197,#4198,#4199,#4200,#4201,
#4202,#4203,#4204,#4205,#4206,#4207,#4208,#4209,#4210,#4211,#4212,#4213,
#4214,#4215,#4216,#4217,#4218,#4219));
#1021=EDGE_LOOP('',(#4220,#4221,#4222,#4223));
#1022=EDGE_LOOP('',(#4224,#4225,#4226,#4227));
#1023=EDGE_LOOP('',(#4228,#4229,#4230,#4231));
#1024=EDGE_LOOP('',(#4232,#4233,#4234,#4235));
#1025=EDGE_LOOP('',(#4236,#4237,#4238,#4239));
#1026=EDGE_LOOP('',(#4240,#4241,#4242,#4243,#4244,#4245));
#1027=EDGE_LOOP('',(#4246,#4247,#4248,#4249,#4250,#4251,#4252,#4253,#4254,
#4255,#4256,#4257,#4258));
#1028=EDGE_LOOP('',(#4259,#4260,#4261,#4262));
#1029=EDGE_LOOP('',(#4263,#4264,#4265,#4266));
#1030=EDGE_LOOP('',(#4267,#4268,#4269,#4270));
#1031=EDGE_LOOP('',(#4271,#4272,#4273,#4274));
#1032=EDGE_LOOP('',(#4275,#4276,#4277,#4278));
#1033=EDGE_LOOP('',(#4279,#4280,#4281,#4282));
#1034=EDGE_LOOP('',(#4283,#4284,#4285,#4286,#4287,#4288));
#1035=EDGE_LOOP('',(#4289,#4290,#4291,#4292));
#1036=EDGE_LOOP('',(#4293,#4294,#4295,#4296));
#1037=EDGE_LOOP('',(#4297,#4298,#4299,#4300));
#1038=EDGE_LOOP('',(#4301,#4302,#4303,#4304,#4305,#4306,#4307,#4308,#4309,
#4310,#4311));
#1039=EDGE_LOOP('',(#4312,#4313,#4314,#4315));
#1040=EDGE_LOOP('',(#4316,#4317,#4318,#4319));
#1041=EDGE_LOOP('',(#4320,#4321,#4322,#4323));
#1042=EDGE_LOOP('',(#4324,#4325,#4326,#4327,#4328,#4329));
#1043=EDGE_LOOP('',(#4330,#4331,#4332,#4333));
#1044=EDGE_LOOP('',(#4334,#4335,#4336,#4337));
#1045=EDGE_LOOP('',(#4338,#4339,#4340,#4341,#4342,#4343));
#1046=EDGE_LOOP('',(#4344,#4345,#4346,#4347));
#1047=EDGE_LOOP('',(#4348,#4349,#4350,#4351));
#1048=EDGE_LOOP('',(#4352));
#1049=EDGE_LOOP('',(#4353));
#1050=EDGE_LOOP('',(#4354,#4355,#4356,#4357));
#1051=EDGE_LOOP('',(#4358));
#1052=EDGE_LOOP('',(#4359));
#1053=EDGE_LOOP('',(#4360,#4361,#4362,#4363));
#1054=EDGE_LOOP('',(#4364));
#1055=EDGE_LOOP('',(#4365));
#1056=EDGE_LOOP('',(#4366,#4367,#4368,#4369));
#1057=EDGE_LOOP('',(#4370));
#1058=EDGE_LOOP('',(#4371));
#1059=EDGE_LOOP('',(#4372,#4373,#4374,#4375));
#1060=EDGE_LOOP('',(#4376,#4377,#4378,#4379));
#1061=EDGE_LOOP('',(#4380,#4381,#4382,#4383));
#1062=EDGE_LOOP('',(#4384,#4385,#4386,#4387));
#1063=EDGE_LOOP('',(#4388,#4389,#4390,#4391));
#1064=EDGE_LOOP('',(#4392,#4393,#4394,#4395));
#1065=EDGE_LOOP('',(#4396,#4397,#4398,#4399));
#1066=EDGE_LOOP('',(#4400,#4401,#4402,#4403));
#1067=EDGE_LOOP('',(#4404,#4405,#4406,#4407,#4408,#4409,#4410,#4411,#4412,
#4413,#4414,#4415,#4416,#4417,#4418,#4419,#4420,#4421,#4422,#4423,#4424,
#4425,#4426,#4427,#4428,#4429,#4430,#4431,#4432,#4433,#4434,#4435,#4436,
#4437,#4438,#4439,#4440,#4441,#4442,#4443));
#1068=EDGE_LOOP('',(#4444,#4445,#4446,#4447));
#1069=EDGE_LOOP('',(#4448,#4449,#4450,#4451));
#1070=EDGE_LOOP('',(#4452,#4453,#4454,#4455));
#1071=EDGE_LOOP('',(#4456,#4457,#4458,#4459));
#1072=EDGE_LOOP('',(#4460,#4461,#4462,#4463));
#1073=EDGE_LOOP('',(#4464,#4465,#4466,#4467));
#1074=EDGE_LOOP('',(#4468,#4469,#4470,#4471));
#1075=EDGE_LOOP('',(#4472,#4473,#4474,#4475));
#1076=EDGE_LOOP('',(#4476,#4477,#4478,#4479));
#1077=EDGE_LOOP('',(#4480,#4481,#4482,#4483));
#1078=EDGE_LOOP('',(#4484,#4485,#4486,#4487));
#1079=EDGE_LOOP('',(#4488,#4489,#4490,#4491));
#1080=EDGE_LOOP('',(#4492,#4493,#4494,#4495));
#1081=EDGE_LOOP('',(#4496,#4497,#4498,#4499));
#1082=EDGE_LOOP('',(#4500,#4501,#4502,#4503));
#1083=EDGE_LOOP('',(#4504,#4505,#4506,#4507));
#1084=EDGE_LOOP('',(#4508,#4509,#4510,#4511));
#1085=EDGE_LOOP('',(#4512,#4513,#4514,#4515));
#1086=EDGE_LOOP('',(#4516,#4517,#4518,#4519));
#1087=EDGE_LOOP('',(#4520,#4521,#4522,#4523));
#1088=EDGE_LOOP('',(#4524,#4525,#4526,#4527,#4528,#4529));
#1089=EDGE_LOOP('',(#4530,#4531,#4532,#4533,#4534,#4535,#4536,#4537));
#1090=EDGE_LOOP('',(#4538,#4539,#4540,#4541,#4542,#4543,#4544,#4545));
#1091=EDGE_LOOP('',(#4546,#4547,#4548,#4549,#4550));
#1092=EDGE_LOOP('',(#4551,#4552,#4553,#4554));
#1093=EDGE_LOOP('',(#4555,#4556,#4557,#4558,#4559,#4560));
#1094=EDGE_LOOP('',(#4561,#4562,#4563));
#1095=EDGE_LOOP('',(#4564,#4565,#4566));
#1096=EDGE_LOOP('',(#4567,#4568,#4569,#4570));
#1097=EDGE_LOOP('',(#4571,#4572,#4573,#4574));
#1098=EDGE_LOOP('',(#4575,#4576,#4577,#4578));
#1099=EDGE_LOOP('',(#4579,#4580,#4581,#4582));
#1100=EDGE_LOOP('',(#4583,#4584,#4585,#4586));
#1101=EDGE_LOOP('',(#4587,#4588,#4589,#4590));
#1102=EDGE_LOOP('',(#4591,#4592,#4593,#4594));
#1103=EDGE_LOOP('',(#4595,#4596,#4597,#4598));
#1104=EDGE_LOOP('',(#4599,#4600,#4601,#4602));
#1105=EDGE_LOOP('',(#4603,#4604,#4605,#4606));
#1106=EDGE_LOOP('',(#4607,#4608,#4609,#4610));
#1107=EDGE_LOOP('',(#4611,#4612,#4613,#4614));
#1108=EDGE_LOOP('',(#4615,#4616,#4617,#4618));
#1109=EDGE_LOOP('',(#4619,#4620,#4621,#4622));
#1110=EDGE_LOOP('',(#4623,#4624,#4625,#4626));
#1111=EDGE_LOOP('',(#4627,#4628,#4629,#4630));
#1112=EDGE_LOOP('',(#4631,#4632,#4633,#4634));
#1113=EDGE_LOOP('',(#4635,#4636,#4637,#4638));
#1114=EDGE_LOOP('',(#4639,#4640,#4641,#4642,#4643,#4644,#4645,#4646,#4647,
#4648,#4649,#4650));
#1115=EDGE_LOOP('',(#4651));
#1116=EDGE_LOOP('',(#4652));
#1117=EDGE_LOOP('',(#4653));
#1118=EDGE_LOOP('',(#4654));
#1119=EDGE_LOOP('',(#4655,#4656,#4657,#4658));
#1120=EDGE_LOOP('',(#4659,#4660,#4661,#4662));
#1121=EDGE_LOOP('',(#4663,#4664,#4665,#4666));
#1122=EDGE_LOOP('',(#4667,#4668,#4669,#4670));
#1123=EDGE_LOOP('',(#4671,#4672,#4673,#4674,#4675,#4676,#4677,#4678,#4679,
#4680,#4681,#4682,#4683,#4684,#4685,#4686,#4687,#4688));
#1124=EDGE_LOOP('',(#4689));
#1125=EDGE_LOOP('',(#4690));
#1126=EDGE_LOOP('',(#4691));
#1127=EDGE_LOOP('',(#4692));
#1128=EDGE_LOOP('',(#4693,#4694,#4695,#4696));
#1129=EDGE_LOOP('',(#4697,#4698,#4699,#4700));
#1130=EDGE_LOOP('',(#4701,#4702,#4703,#4704));
#1131=EDGE_LOOP('',(#4705,#4706,#4707,#4708));
#1132=EDGE_LOOP('',(#4709,#4710,#4711,#4712));
#1133=EDGE_LOOP('',(#4713,#4714,#4715,#4716));
#1134=EDGE_LOOP('',(#4717,#4718,#4719,#4720));
#1135=EDGE_LOOP('',(#4721,#4722,#4723,#4724));
#1136=EDGE_LOOP('',(#4725,#4726,#4727,#4728));
#1137=EDGE_LOOP('',(#4729,#4730,#4731,#4732));
#1138=EDGE_LOOP('',(#4733,#4734,#4735,#4736));
#1139=EDGE_LOOP('',(#4737,#4738,#4739,#4740));
#1140=EDGE_LOOP('',(#4741,#4742,#4743,#4744));
#1141=EDGE_LOOP('',(#4745,#4746,#4747,#4748));
#1142=EDGE_LOOP('',(#4749,#4750,#4751,#4752));
#1143=EDGE_LOOP('',(#4753,#4754,#4755,#4756));
#1144=EDGE_LOOP('',(#4757,#4758,#4759,#4760));
#1145=EDGE_LOOP('',(#4761,#4762,#4763,#4764));
#1146=EDGE_LOOP('',(#4765,#4766,#4767,#4768));
#1147=EDGE_LOOP('',(#4769,#4770,#4771,#4772));
#1148=EDGE_LOOP('',(#4773,#4774,#4775,#4776));
#1149=EDGE_LOOP('',(#4777,#4778,#4779,#4780));
#1150=EDGE_LOOP('',(#4781,#4782,#4783,#4784));
#1151=EDGE_LOOP('',(#4785,#4786,#4787,#4788,#4789));
#1152=LINE('',#7177,#1612);
#1153=LINE('',#7179,#1613);
#1154=LINE('',#7180,#1614);
#1155=LINE('',#7184,#1615);
#1156=LINE('',#7185,#1616);
#1157=LINE('',#7186,#1617);
#1158=LINE('',#7189,#1618);
#1159=LINE('',#7190,#1619);
#1160=LINE('',#7192,#1620);
#1161=LINE('',#7196,#1621);
#1162=LINE('',#7198,#1622);
#1163=LINE('',#7199,#1623);
#1164=LINE('',#7203,#1624);
#1165=LINE('',#7204,#1625);
#1166=LINE('',#7205,#1626);
#1167=LINE('',#7208,#1627);
#1168=LINE('',#7209,#1628);
#1169=LINE('',#7211,#1629);
#1170=LINE('',#7215,#1630);
#1171=LINE('',#7217,#1631);
#1172=LINE('',#7218,#1632);
#1173=LINE('',#7222,#1633);
#1174=LINE('',#7223,#1634);
#1175=LINE('',#7224,#1635);
#1176=LINE('',#7227,#1636);
#1177=LINE('',#7228,#1637);
#1178=LINE('',#7230,#1638);
#1179=LINE('',#7236,#1639);
#1180=LINE('',#7239,#1640);
#1181=LINE('',#7242,#1641);
#1182=LINE('',#7244,#1642);
#1183=LINE('',#7245,#1643);
#1184=LINE('',#7248,#1644);
#1185=LINE('',#7249,#1645);
#1186=LINE('',#7253,#1646);
#1187=LINE('',#7255,#1647);
#1188=LINE('',#7257,#1648);
#1189=LINE('',#7263,#1649);
#1190=LINE('',#7267,#1650);
#1191=LINE('',#7271,#1651);
#1192=LINE('',#7275,#1652);
#1193=LINE('',#7279,#1653);
#1194=LINE('',#7283,#1654);
#1195=LINE('',#7289,#1655);
#1196=LINE('',#7291,#1656);
#1197=LINE('',#7293,#1657);
#1198=LINE('',#7299,#1658);
#1199=LINE('',#7303,#1659);
#1200=LINE('',#7307,#1660);
#1201=LINE('',#7311,#1661);
#1202=LINE('',#7315,#1662);
#1203=LINE('',#7319,#1663);
#1204=LINE('',#7325,#1664);
#1205=LINE('',#7327,#1665);
#1206=LINE('',#7328,#1666);
#1207=LINE('',#7331,#1667);
#1208=LINE('',#7332,#1668);
#1209=LINE('',#7335,#1669);
#1210=LINE('',#7339,#1670);
#1211=LINE('',#7343,#1671);
#1212=LINE('',#7344,#1672);
#1213=LINE('',#7347,#1673);
#1214=LINE('',#7351,#1674);
#1215=LINE('',#7352,#1675);
#1216=LINE('',#7355,#1676);
#1217=LINE('',#7359,#1677);
#1218=LINE('',#7360,#1678);
#1219=LINE('',#7363,#1679);
#1220=LINE('',#7367,#1680);
#1221=LINE('',#7368,#1681);
#1222=LINE('',#7371,#1682);
#1223=LINE('',#7375,#1683);
#1224=LINE('',#7376,#1684);
#1225=LINE('',#7379,#1685);
#1226=LINE('',#7383,#1686);
#1227=LINE('',#7384,#1687);
#1228=LINE('',#7387,#1688);
#1229=LINE('',#7391,#1689);
#1230=LINE('',#7395,#1690);
#1231=LINE('',#7396,#1691);
#1232=LINE('',#7398,#1692);
#1233=LINE('',#7399,#1693);
#1234=LINE('',#7401,#1694);
#1235=LINE('',#7406,#1695);
#1236=LINE('',#7412,#1696);
#1237=LINE('',#7416,#1697);
#1238=LINE('',#7420,#1698);
#1239=LINE('',#7424,#1699);
#1240=LINE('',#7428,#1700);
#1241=LINE('',#7432,#1701);
#1242=LINE('',#7437,#1702);
#1243=LINE('',#7438,#1703);
#1244=LINE('',#7440,#1704);
#1245=LINE('',#7442,#1705);
#1246=LINE('',#7444,#1706);
#1247=LINE('',#7446,#1707);
#1248=LINE('',#7448,#1708);
#1249=LINE('',#7450,#1709);
#1250=LINE('',#7452,#1710);
#1251=LINE('',#7454,#1711);
#1252=LINE('',#7456,#1712);
#1253=LINE('',#7458,#1713);
#1254=LINE('',#7460,#1714);
#1255=LINE('',#7462,#1715);
#1256=LINE('',#7464,#1716);
#1257=LINE('',#7466,#1717);
#1258=LINE('',#7468,#1718);
#1259=LINE('',#7470,#1719);
#1260=LINE('',#7472,#1720);
#1261=LINE('',#7479,#1721);
#1262=LINE('',#7482,#1722);
#1263=LINE('',#7485,#1723);
#1264=LINE('',#7487,#1724);
#1265=LINE('',#7488,#1725);
#1266=LINE('',#7493,#1726);
#1267=LINE('',#7497,#1727);
#1268=LINE('',#7499,#1728);
#1269=LINE('',#7500,#1729);
#1270=LINE('',#7505,#1730);
#1271=LINE('',#7509,#1731);
#1272=LINE('',#7511,#1732);
#1273=LINE('',#7512,#1733);
#1274=LINE('',#7515,#1734);
#1275=LINE('',#7517,#1735);
#1276=LINE('',#7518,#1736);
#1277=LINE('',#7523,#1737);
#1278=LINE('',#7527,#1738);
#1279=LINE('',#7529,#1739);
#1280=LINE('',#7530,#1740);
#1281=LINE('',#7534,#1741);
#1282=LINE('',#7536,#1742);
#1283=LINE('',#7538,#1743);
#1284=LINE('',#7542,#1744);
#1285=LINE('',#7544,#1745);
#1286=LINE('',#7545,#1746);
#1287=LINE('',#7550,#1747);
#1288=LINE('',#7554,#1748);
#1289=LINE('',#7556,#1749);
#1290=LINE('',#7557,#1750);
#1291=LINE('',#7559,#1751);
#1292=LINE('',#7560,#1752);
#1293=LINE('',#7565,#1753);
#1294=LINE('',#7592,#1754);
#1295=LINE('',#7601,#1755);
#1296=LINE('',#7618,#1756);
#1297=LINE('',#7622,#1757);
#1298=LINE('',#7661,#1758);
#1299=LINE('',#7679,#1759);
#1300=LINE('',#7683,#1760);
#1301=LINE('',#7694,#1761);
#1302=LINE('',#7971,#1762);
#1303=LINE('',#7973,#1763);
#1304=LINE('',#7977,#1764);
#1305=LINE('',#7981,#1765);
#1306=LINE('',#8000,#1766);
#1307=LINE('',#8003,#1767);
#1308=LINE('',#8044,#1768);
#1309=LINE('',#8047,#1769);
#1310=LINE('',#8050,#1770);
#1311=LINE('',#8078,#1771);
#1312=LINE('',#8082,#1772);
#1313=LINE('',#8083,#1773);
#1314=LINE('',#8087,#1774);
#1315=LINE('',#8089,#1775);
#1316=LINE('',#8098,#1776);
#1317=LINE('',#8099,#1777);
#1318=LINE('',#8103,#1778);
#1319=LINE('',#8106,#1779);
#1320=LINE('',#8108,#1780);
#1321=LINE('',#8109,#1781);
#1322=LINE('',#8111,#1782);
#1323=LINE('',#8118,#1783);
#1324=LINE('',#8122,#1784);
#1325=LINE('',#8126,#1785);
#1326=LINE('',#8130,#1786);
#1327=LINE('',#8253,#1787);
#1328=LINE('',#8257,#1788);
#1329=LINE('',#8261,#1789);
#1330=LINE('',#8264,#1790);
#1331=LINE('',#8266,#1791);
#1332=LINE('',#8267,#1792);
#1333=LINE('',#8271,#1793);
#1334=LINE('',#8274,#1794);
#1335=LINE('',#8275,#1795);
#1336=LINE('',#8279,#1796);
#1337=LINE('',#8282,#1797);
#1338=LINE('',#8284,#1798);
#1339=LINE('',#8285,#1799);
#1340=LINE('',#8290,#1800);
#1341=LINE('',#8291,#1801);
#1342=LINE('',#8296,#1802);
#1343=LINE('',#8299,#1803);
#1344=LINE('',#8324,#1804);
#1345=LINE('',#8328,#1805);
#1346=LINE('',#8332,#1806);
#1347=LINE('',#8335,#1807);
#1348=LINE('',#8337,#1808);
#1349=LINE('',#8358,#1809);
#1350=LINE('',#8361,#1810);
#1351=LINE('',#8362,#1811);
#1352=LINE('',#8367,#1812);
#1353=LINE('',#8368,#1813);
#1354=LINE('',#8370,#1814);
#1355=LINE('',#8372,#1815);
#1356=LINE('',#8399,#1816);
#1357=LINE('',#8400,#1817);
#1358=LINE('',#8418,#1818);
#1359=LINE('',#8424,#1819);
#1360=LINE('',#8466,#1820);
#1361=LINE('',#8500,#1821);
#1362=LINE('',#8527,#1822);
#1363=LINE('',#8545,#1823);
#1364=LINE('',#8572,#1824);
#1365=LINE('',#8580,#1825);
#1366=LINE('',#8632,#1826);
#1367=LINE('',#8669,#1827);
#1368=LINE('',#8675,#1828);
#1369=LINE('',#8728,#1829);
#1370=LINE('',#8734,#1830);
#1371=LINE('',#8756,#1831);
#1372=LINE('',#8782,#1832);
#1373=LINE('',#8812,#1833);
#1374=LINE('',#8828,#1834);
#1375=LINE('',#8834,#1835);
#1376=LINE('',#8868,#1836);
#1377=LINE('',#8886,#1837);
#1378=LINE('',#8932,#1838);
#1379=LINE('',#8954,#1839);
#1380=LINE('',#8962,#1840);
#1381=LINE('',#8965,#1841);
#1382=LINE('',#8967,#1842);
#1383=LINE('',#8968,#1843);
#1384=LINE('',#8998,#1844);
#1385=LINE('',#9032,#1845);
#1386=LINE('',#9085,#1846);
#1387=LINE('',#9086,#1847);
#1388=LINE('',#9096,#1848);
#1389=LINE('',#9186,#1849);
#1390=LINE('',#9225,#1850);
#1391=LINE('',#9318,#1851);
#1392=LINE('',#9360,#1852);
#1393=LINE('',#9396,#1853);
#1394=LINE('',#9475,#1854);
#1395=LINE('',#9498,#1855);
#1396=LINE('',#9514,#1856);
#1397=LINE('',#9623,#1857);
#1398=LINE('',#9626,#1858);
#1399=LINE('',#9630,#1859);
#1400=LINE('',#9631,#1860);
#1401=LINE('',#9634,#1861);
#1402=LINE('',#9638,#1862);
#1403=LINE('',#9642,#1863);
#1404=LINE('',#9643,#1864);
#1405=LINE('',#9646,#1865);
#1406=LINE('',#9650,#1866);
#1407=LINE('',#9651,#1867);
#1408=LINE('',#9654,#1868);
#1409=LINE('',#9658,#1869);
#1410=LINE('',#9659,#1870);
#1411=LINE('',#9662,#1871);
#1412=LINE('',#9666,#1872);
#1413=LINE('',#9667,#1873);
#1414=LINE('',#9670,#1874);
#1415=LINE('',#9674,#1875);
#1416=LINE('',#9675,#1876);
#1417=LINE('',#9678,#1877);
#1418=LINE('',#9682,#1878);
#1419=LINE('',#9683,#1879);
#1420=LINE('',#9686,#1880);
#1421=LINE('',#9690,#1881);
#1422=LINE('',#9694,#1882);
#1423=LINE('',#9695,#1883);
#1424=LINE('',#9698,#1884);
#1425=LINE('',#9699,#1885);
#1426=LINE('',#9701,#1886);
#1427=LINE('',#9702,#1887);
#1428=LINE('',#9708,#1888);
#1429=LINE('',#9712,#1889);
#1430=LINE('',#9717,#1890);
#1431=LINE('',#9718,#1891);
#1432=LINE('',#9719,#1892);
#1433=LINE('',#9728,#1893);
#1434=LINE('',#9731,#1894);
#1435=LINE('',#9736,#1895);
#1436=LINE('',#9740,#1896);
#1437=LINE('',#9744,#1897);
#1438=LINE('',#9748,#1898);
#1439=LINE('',#9751,#1899);
#1440=LINE('',#9754,#1900);
#1441=LINE('',#9755,#1901);
#1442=LINE('',#9758,#1902);
#1443=LINE('',#9762,#1903);
#1444=LINE('',#9763,#1904);
#1445=LINE('',#9766,#1905);
#1446=LINE('',#9770,#1906);
#1447=LINE('',#9771,#1907);
#1448=LINE('',#9774,#1908);
#1449=LINE('',#9779,#1909);
#1450=LINE('',#9782,#1910);
#1451=LINE('',#9783,#1911);
#1452=LINE('',#9787,#1912);
#1453=LINE('',#9789,#1913);
#1454=LINE('',#9794,#1914);
#1455=LINE('',#9798,#1915);
#1456=LINE('',#9802,#1916);
#1457=LINE('',#9805,#1917);
#1458=LINE('',#9808,#1918);
#1459=LINE('',#9811,#1919);
#1460=LINE('',#9814,#1920);
#1461=LINE('',#9816,#1921);
#1462=LINE('',#9817,#1922);
#1463=LINE('',#9820,#1923);
#1464=LINE('',#9824,#1924);
#1465=LINE('',#9827,#1925);
#1466=LINE('',#9834,#1926);
#1467=LINE('',#9843,#1927);
#1468=LINE('',#9852,#1928);
#1469=LINE('',#9861,#1929);
#1470=LINE('',#9869,#1930);
#1471=LINE('',#9873,#1931);
#1472=LINE('',#9877,#1932);
#1473=LINE('',#9881,#1933);
#1474=LINE('',#9885,#1934);
#1475=LINE('',#9887,#1935);
#1476=LINE('',#9889,#1936);
#1477=LINE('',#9890,#1937);
#1478=LINE('',#9894,#1938);
#1479=LINE('',#9896,#1939);
#1480=LINE('',#9898,#1940);
#1481=LINE('',#9899,#1941);
#1482=LINE('',#9903,#1942);
#1483=LINE('',#9905,#1943);
#1484=LINE('',#9907,#1944);
#1485=LINE('',#9908,#1945);
#1486=LINE('',#9912,#1946);
#1487=LINE('',#9914,#1947);
#1488=LINE('',#9916,#1948);
#1489=LINE('',#9917,#1949);
#1490=LINE('',#9921,#1950);
#1491=LINE('',#9927,#1951);
#1492=LINE('',#9931,#1952);
#1493=LINE('',#9935,#1953);
#1494=LINE('',#9939,#1954);
#1495=LINE('',#9943,#1955);
#1496=LINE('',#9947,#1956);
#1497=LINE('',#9953,#1957);
#1498=LINE('',#9954,#1958);
#1499=LINE('',#9955,#1959);
#1500=LINE('',#9957,#1960);
#1501=LINE('',#9959,#1961);
#1502=LINE('',#9963,#1962);
#1503=LINE('',#9965,#1963);
#1504=LINE('',#9969,#1964);
#1505=LINE('',#9973,#1965);
#1506=LINE('',#9977,#1966);
#1507=LINE('',#9979,#1967);
#1508=LINE('',#9983,#1968);
#1509=LINE('',#9984,#1969);
#1510=LINE('',#9985,#1970);
#1511=LINE('',#9986,#1971);
#1512=LINE('',#9992,#1972);
#1513=LINE('',#9995,#1973);
#1514=LINE('',#9998,#1974);
#1515=LINE('',#10000,#1975);
#1516=LINE('',#10001,#1976);
#1517=LINE('',#10004,#1977);
#1518=LINE('',#10005,#1978);
#1519=LINE('',#10008,#1979);
#1520=LINE('',#10009,#1980);
#1521=LINE('',#10011,#1981);
#1522=LINE('',#10017,#1982);
#1523=LINE('',#10020,#1983);
#1524=LINE('',#10023,#1984);
#1525=LINE('',#10025,#1985);
#1526=LINE('',#10026,#1986);
#1527=LINE('',#10029,#1987);
#1528=LINE('',#10030,#1988);
#1529=LINE('',#10033,#1989);
#1530=LINE('',#10034,#1990);
#1531=LINE('',#10036,#1991);
#1532=LINE('',#10042,#1992);
#1533=LINE('',#10045,#1993);
#1534=LINE('',#10048,#1994);
#1535=LINE('',#10050,#1995);
#1536=LINE('',#10051,#1996);
#1537=LINE('',#10054,#1997);
#1538=LINE('',#10055,#1998);
#1539=LINE('',#10058,#1999);
#1540=LINE('',#10059,#2000);
#1541=LINE('',#10061,#2001);
#1542=LINE('',#10067,#2002);
#1543=LINE('',#10070,#2003);
#1544=LINE('',#10073,#2004);
#1545=LINE('',#10075,#2005);
#1546=LINE('',#10076,#2006);
#1547=LINE('',#10079,#2007);
#1548=LINE('',#10080,#2008);
#1549=LINE('',#10083,#2009);
#1550=LINE('',#10084,#2010);
#1551=LINE('',#10086,#2011);
#1552=LINE('',#10111,#2012);
#1553=LINE('',#10113,#2013);
#1554=LINE('',#10114,#2014);
#1555=LINE('',#10118,#2015);
#1556=LINE('',#10119,#2016);
#1557=LINE('',#10125,#2017);
#1558=LINE('',#10128,#2018);
#1559=LINE('',#10269,#2019);
#1560=LINE('',#10272,#2020);
#1561=LINE('',#10275,#2021);
#1562=LINE('',#10277,#2022);
#1563=LINE('',#10292,#2023);
#1564=LINE('',#10295,#2024);
#1565=LINE('',#10301,#2025);
#1566=LINE('',#10304,#2026);
#1567=LINE('',#10324,#2027);
#1568=LINE('',#10327,#2028);
#1569=LINE('',#10329,#2029);
#1570=LINE('',#10330,#2030);
#1571=LINE('',#10333,#2031);
#1572=LINE('',#10336,#2032);
#1573=LINE('',#10344,#2033);
#1574=LINE('',#10345,#2034);
#1575=LINE('',#10347,#2035);
#1576=LINE('',#10348,#2036);
#1577=LINE('',#10350,#2037);
#1578=LINE('',#10352,#2038);
#1579=LINE('',#10354,#2039);
#1580=LINE('',#10356,#2040);
#1581=LINE('',#10358,#2041);
#1582=LINE('',#10363,#2042);
#1583=LINE('',#10366,#2043);
#1584=LINE('',#10369,#2044);
#1585=LINE('',#10372,#2045);
#1586=LINE('',#10375,#2046);
#1587=LINE('',#10378,#2047);
#1588=LINE('',#10381,#2048);
#1589=LINE('',#10384,#2049);
#1590=LINE('',#10387,#2050);
#1591=LINE('',#10391,#2051);
#1592=LINE('',#10395,#2052);
#1593=LINE('',#10398,#2053);
#1594=LINE('',#10399,#2054);
#1595=LINE('',#10402,#2055);
#1596=LINE('',#10404,#2056);
#1597=LINE('',#10406,#2057);
#1598=LINE('',#10408,#2058);
#1599=LINE('',#10409,#2059);
#1600=LINE('',#10413,#2060);
#1601=LINE('',#10416,#2061);
#1602=LINE('',#10420,#2062);
#1603=LINE('',#10422,#2063);
#1604=LINE('',#10424,#2064);
#1605=LINE('',#10426,#2065);
#1606=LINE('',#10429,#2066);
#1607=LINE('',#10431,#2067);
#1608=LINE('',#10433,#2068);
#1609=LINE('',#10435,#2069);
#1610=LINE('',#10437,#2070);
#1611=LINE('',#10439,#2071);
#1612=VECTOR('',#5748,0.393700787401575);
#1613=VECTOR('',#5749,0.393700787401575);
#1614=VECTOR('',#5750,0.393700787401575);
#1615=VECTOR('',#5753,0.393700787401575);
#1616=VECTOR('',#5754,0.393700787401575);
#1617=VECTOR('',#5755,0.393700787401575);
#1618=VECTOR('',#5758,0.393700787401575);
#1619=VECTOR('',#5759,0.393700787401575);
#1620=VECTOR('',#5762,0.393700787401575);
#1621=VECTOR('',#5765,0.393700787401575);
#1622=VECTOR('',#5766,0.393700787401575);
#1623=VECTOR('',#5767,0.393700787401575);
#1624=VECTOR('',#5770,0.393700787401575);
#1625=VECTOR('',#5771,0.393700787401575);
#1626=VECTOR('',#5772,0.393700787401575);
#1627=VECTOR('',#5775,0.393700787401575);
#1628=VECTOR('',#5776,0.393700787401575);
#1629=VECTOR('',#5779,0.393700787401575);
#1630=VECTOR('',#5782,0.393700787401575);
#1631=VECTOR('',#5783,0.393700787401575);
#1632=VECTOR('',#5784,0.393700787401575);
#1633=VECTOR('',#5787,0.393700787401575);
#1634=VECTOR('',#5788,0.393700787401575);
#1635=VECTOR('',#5789,0.393700787401575);
#1636=VECTOR('',#5792,0.393700787401575);
#1637=VECTOR('',#5793,0.393700787401575);
#1638=VECTOR('',#5796,0.393700787401575);
#1639=VECTOR('',#5801,0.393700787401575);
#1640=VECTOR('',#5804,0.393700787401575);
#1641=VECTOR('',#5807,0.393700787401575);
#1642=VECTOR('',#5808,0.393700787401575);
#1643=VECTOR('',#5809,0.393700787401575);
#1644=VECTOR('',#5812,0.393700787401575);
#1645=VECTOR('',#5813,0.393700787401575);
#1646=VECTOR('',#5816,0.393700787401575);
#1647=VECTOR('',#5817,0.393700787401575);
#1648=VECTOR('',#5818,0.393700787401575);
#1649=VECTOR('',#5823,0.393700787401575);
#1650=VECTOR('',#5826,0.393700787401575);
#1651=VECTOR('',#5829,0.393700787401575);
#1652=VECTOR('',#5832,0.393700787401575);
#1653=VECTOR('',#5835,0.393700787401575);
#1654=VECTOR('',#5838,0.393700787401575);
#1655=VECTOR('',#5843,0.393700787401575);
#1656=VECTOR('',#5844,0.393700787401575);
#1657=VECTOR('',#5845,0.393700787401575);
#1658=VECTOR('',#5850,0.393700787401575);
#1659=VECTOR('',#5853,0.393700787401575);
#1660=VECTOR('',#5856,0.393700787401575);
#1661=VECTOR('',#5859,0.393700787401575);
#1662=VECTOR('',#5862,0.393700787401575);
#1663=VECTOR('',#5865,0.393700787401575);
#1664=VECTOR('',#5872,0.393700787401575);
#1665=VECTOR('',#5873,0.393700787401575);
#1666=VECTOR('',#5874,0.393700787401575);
#1667=VECTOR('',#5877,0.393700787401575);
#1668=VECTOR('',#5878,0.393700787401575);
#1669=VECTOR('',#5881,0.393700787401575);
#1670=VECTOR('',#5886,0.393700787401575);
#1671=VECTOR('',#5891,0.393700787401575);
#1672=VECTOR('',#5892,0.393700787401575);
#1673=VECTOR('',#5895,0.393700787401575);
#1674=VECTOR('',#5900,0.393700787401575);
#1675=VECTOR('',#5901,0.393700787401575);
#1676=VECTOR('',#5904,0.393700787401575);
#1677=VECTOR('',#5909,0.393700787401575);
#1678=VECTOR('',#5910,0.393700787401575);
#1679=VECTOR('',#5913,0.393700787401575);
#1680=VECTOR('',#5918,0.393700787401575);
#1681=VECTOR('',#5919,0.393700787401575);
#1682=VECTOR('',#5922,0.393700787401575);
#1683=VECTOR('',#5927,0.393700787401575);
#1684=VECTOR('',#5928,0.393700787401575);
#1685=VECTOR('',#5931,0.393700787401575);
#1686=VECTOR('',#5936,0.393700787401575);
#1687=VECTOR('',#5937,0.393700787401575);
#1688=VECTOR('',#5940,0.393700787401575);
#1689=VECTOR('',#5945,0.393700787401575);
#1690=VECTOR('',#5950,0.393700787401575);
#1691=VECTOR('',#5951,0.393700787401575);
#1692=VECTOR('',#5952,0.393700787401575);
#1693=VECTOR('',#5953,0.393700787401575);
#1694=VECTOR('',#5956,0.393700787401575);
#1695=VECTOR('',#5961,0.393700787401575);
#1696=VECTOR('',#5966,0.393700787401575);
#1697=VECTOR('',#5969,0.393700787401575);
#1698=VECTOR('',#5972,0.393700787401575);
#1699=VECTOR('',#5975,0.393700787401575);
#1700=VECTOR('',#5978,0.393700787401575);
#1701=VECTOR('',#5981,0.393700787401575);
#1702=VECTOR('',#5986,0.393700787401575);
#1703=VECTOR('',#5987,0.393700787401575);
#1704=VECTOR('',#5990,0.393700787401575);
#1705=VECTOR('',#5993,0.393700787401575);
#1706=VECTOR('',#5996,0.393700787401575);
#1707=VECTOR('',#5999,0.393700787401575);
#1708=VECTOR('',#6002,0.393700787401575);
#1709=VECTOR('',#6005,0.393700787401575);
#1710=VECTOR('',#6008,0.393700787401575);
#1711=VECTOR('',#6011,0.393700787401575);
#1712=VECTOR('',#6014,0.393700787401575);
#1713=VECTOR('',#6017,0.393700787401575);
#1714=VECTOR('',#6020,0.393700787401575);
#1715=VECTOR('',#6023,0.393700787401575);
#1716=VECTOR('',#6026,0.393700787401575);
#1717=VECTOR('',#6029,0.393700787401575);
#1718=VECTOR('',#6032,0.393700787401575);
#1719=VECTOR('',#6035,0.393700787401575);
#1720=VECTOR('',#6038,0.393700787401575);
#1721=VECTOR('',#6045,0.393700787401575);
#1722=VECTOR('',#6048,0.393700787401575);
#1723=VECTOR('',#6051,0.393700787401575);
#1724=VECTOR('',#6052,0.393700787401575);
#1725=VECTOR('',#6053,0.393700787401575);
#1726=VECTOR('',#6058,0.393700787401575);
#1727=VECTOR('',#6063,0.393700787401575);
#1728=VECTOR('',#6064,0.393700787401575);
#1729=VECTOR('',#6065,0.393700787401575);
#1730=VECTOR('',#6070,0.393700787401575);
#1731=VECTOR('',#6075,0.393700787401575);
#1732=VECTOR('',#6076,0.393700787401575);
#1733=VECTOR('',#6077,0.393700787401575);
#1734=VECTOR('',#6080,0.393700787401575);
#1735=VECTOR('',#6081,0.393700787401575);
#1736=VECTOR('',#6082,0.393700787401575);
#1737=VECTOR('',#6087,0.393700787401575);
#1738=VECTOR('',#6092,0.393700787401575);
#1739=VECTOR('',#6093,0.393700787401575);
#1740=VECTOR('',#6094,0.393700787401575);
#1741=VECTOR('',#6097,0.393700787401575);
#1742=VECTOR('',#6098,0.393700787401575);
#1743=VECTOR('',#6099,0.393700787401575);
#1744=VECTOR('',#6104,0.393700787401575);
#1745=VECTOR('',#6105,0.393700787401575);
#1746=VECTOR('',#6106,0.393700787401575);
#1747=VECTOR('',#6111,0.393700787401575);
#1748=VECTOR('',#6116,0.393700787401575);
#1749=VECTOR('',#6117,0.393700787401575);
#1750=VECTOR('',#6118,0.393700787401575);
#1751=VECTOR('',#6121,0.393700787401575);
#1752=VECTOR('',#6122,0.393700787401575);
#1753=VECTOR('',#6127,0.393700787401575);
#1754=VECTOR('',#6142,0.393700787401575);
#1755=VECTOR('',#6145,0.393700787401575);
#1756=VECTOR('',#6148,0.393700787401575);
#1757=VECTOR('',#6151,0.393700787401575);
#1758=VECTOR('',#6170,0.393700787401575);
#1759=VECTOR('',#6173,0.393700787401575);
#1760=VECTOR('',#6176,0.393700787401575);
#1761=VECTOR('',#6181,0.393700787401575);
#1762=VECTOR('',#6198,0.393700787401575);
#1763=VECTOR('',#6199,0.393700787401575);
#1764=VECTOR('',#6204,0.393700787401575);
#1765=VECTOR('',#6207,0.393700787401575);
#1766=VECTOR('',#6212,0.393700787401575);
#1767=VECTOR('',#6215,0.393700787401575);
#1768=VECTOR('',#6232,0.393700787401575);
#1769=VECTOR('',#6235,0.393700787401575);
#1770=VECTOR('',#6238,0.393700787401575);
#1771=VECTOR('',#6239,0.393700787401575);
#1772=VECTOR('',#6244,0.393700787401575);
#1773=VECTOR('',#6245,0.393700787401575);
#1774=VECTOR('',#6250,0.393700787401575);
#1775=VECTOR('',#6251,0.393700787401575);
#1776=VECTOR('',#6264,0.393700787401575);
#1777=VECTOR('',#6265,0.393700787401575);
#1778=VECTOR('',#6268,0.393700787401575);
#1779=VECTOR('',#6271,0.393700787401575);
#1780=VECTOR('',#6272,0.393700787401575);
#1781=VECTOR('',#6273,0.393700787401575);
#1782=VECTOR('',#6276,0.393700787401575);
#1783=VECTOR('',#6281,0.393700787401575);
#1784=VECTOR('',#6284,0.393700787401575);
#1785=VECTOR('',#6287,0.393700787401575);
#1786=VECTOR('',#6290,0.393700787401575);
#1787=VECTOR('',#6307,0.0944881889763779);
#1788=VECTOR('',#6312,0.0944881889763779);
#1789=VECTOR('',#6317,0.0944881889763779);
#1790=VECTOR('',#6320,0.393700787401575);
#1791=VECTOR('',#6321,0.393700787401575);
#1792=VECTOR('',#6322,0.393700787401575);
#1793=VECTOR('',#6327,0.393700787401575);
#1794=VECTOR('',#6330,0.393700787401575);
#1795=VECTOR('',#6331,0.393700787401575);
#1796=VECTOR('',#6336,0.393700787401575);
#1797=VECTOR('',#6339,0.393700787401575);
#1798=VECTOR('',#6340,0.393700787401575);
#1799=VECTOR('',#6341,0.393700787401575);
#1800=VECTOR('',#6348,0.393700787401575);
#1801=VECTOR('',#6349,0.393700787401575);
#1802=VECTOR('',#6356,0.393700787401575);
#1803=VECTOR('',#6359,0.393700787401575);
#1804=VECTOR('',#6362,0.393700787401575);
#1805=VECTOR('',#6365,0.393700787401575);
#1806=VECTOR('',#6368,0.393700787401575);
#1807=VECTOR('',#6371,0.393700787401575);
#1808=VECTOR('',#6374,0.393700787401575);
#1809=VECTOR('',#6377,0.393700787401575);
#1810=VECTOR('',#6380,0.393700787401575);
#1811=VECTOR('',#6381,0.393700787401575);
#1812=VECTOR('',#6386,0.393700787401575);
#1813=VECTOR('',#6387,0.393700787401575);
#1814=VECTOR('',#6390,0.393700787401575);
#1815=VECTOR('',#6391,0.393700787401575);
#1816=VECTOR('',#6396,0.393700787401575);
#1817=VECTOR('',#6397,0.393700787401575);
#1818=VECTOR('',#6398,0.393700787401575);
#1819=VECTOR('',#6399,0.393700787401575);
#1820=VECTOR('',#6400,0.393700787401575);
#1821=VECTOR('',#6401,0.393700787401575);
#1822=VECTOR('',#6402,0.393700787401575);
#1823=VECTOR('',#6405,0.393700787401575);
#1824=VECTOR('',#6408,0.393700787401575);
#1825=VECTOR('',#6409,0.393700787401575);
#1826=VECTOR('',#6410,0.393700787401575);
#1827=VECTOR('',#6413,0.393700787401575);
#1828=VECTOR('',#6414,0.393700787401575);
#1829=VECTOR('',#6417,0.393700787401575);
#1830=VECTOR('',#6418,0.393700787401575);
#1831=VECTOR('',#6419,0.393700787401575);
#1832=VECTOR('',#6420,0.393700787401575);
#1833=VECTOR('',#6423,0.393700787401575);
#1834=VECTOR('',#6426,0.393700787401575);
#1835=VECTOR('',#6427,0.393700787401575);
#1836=VECTOR('',#6428,0.393700787401575);
#1837=VECTOR('',#6429,0.393700787401575);
#1838=VECTOR('',#6432,0.393700787401575);
#1839=VECTOR('',#6435,0.393700787401575);
#1840=VECTOR('',#6436,0.393700787401575);
#1841=VECTOR('',#6439,0.393700787401575);
#1842=VECTOR('',#6440,0.393700787401575);
#1843=VECTOR('',#6441,0.393700787401575);
#1844=VECTOR('',#6442,0.393700787401575);
#1845=VECTOR('',#6443,0.393700787401575);
#1846=VECTOR('',#6452,0.393700787401575);
#1847=VECTOR('',#6453,0.393700787401575);
#1848=VECTOR('',#6456,0.393700787401575);
#1849=VECTOR('',#6465,0.0789999999999999);
#1850=VECTOR('',#6466,0.393700787401575);
#1851=VECTOR('',#6467,0.393700787401575);
#1852=VECTOR('',#6468,0.393700787401575);
#1853=VECTOR('',#6469,0.393700787401575);
#1854=VECTOR('',#6470,0.393700787401575);
#1855=VECTOR('',#6471,0.393700787401575);
#1856=VECTOR('',#6472,0.393700787401575);
#1857=VECTOR('',#6475,0.393700787401575);
#1858=VECTOR('',#6480,0.393700787401575);
#1859=VECTOR('',#6485,0.393700787401575);
#1860=VECTOR('',#6486,0.393700787401575);
#1861=VECTOR('',#6489,0.393700787401575);
#1862=VECTOR('',#6494,0.393700787401575);
#1863=VECTOR('',#6499,0.393700787401575);
#1864=VECTOR('',#6500,0.393700787401575);
#1865=VECTOR('',#6503,0.393700787401575);
#1866=VECTOR('',#6508,0.393700787401575);
#1867=VECTOR('',#6509,0.393700787401575);
#1868=VECTOR('',#6512,0.393700787401575);
#1869=VECTOR('',#6517,0.393700787401575);
#1870=VECTOR('',#6518,0.393700787401575);
#1871=VECTOR('',#6521,0.393700787401575);
#1872=VECTOR('',#6526,0.393700787401575);
#1873=VECTOR('',#6527,0.393700787401575);
#1874=VECTOR('',#6530,0.393700787401575);
#1875=VECTOR('',#6535,0.393700787401575);
#1876=VECTOR('',#6536,0.393700787401575);
#1877=VECTOR('',#6539,0.393700787401575);
#1878=VECTOR('',#6544,0.393700787401575);
#1879=VECTOR('',#6545,0.393700787401575);
#1880=VECTOR('',#6548,0.393700787401575);
#1881=VECTOR('',#6553,0.393700787401575);
#1882=VECTOR('',#6558,0.393700787401575);
#1883=VECTOR('',#6559,0.393700787401575);
#1884=VECTOR('',#6562,0.393700787401575);
#1885=VECTOR('',#6563,0.393700787401575);
#1886=VECTOR('',#6566,0.393700787401575);
#1887=VECTOR('',#6567,0.393700787401575);
#1888=VECTOR('',#6574,0.393700787401575);
#1889=VECTOR('',#6577,0.393700787401575);
#1890=VECTOR('',#6582,0.393700787401575);
#1891=VECTOR('',#6583,0.393700787401575);
#1892=VECTOR('',#6584,0.393700787401575);
#1893=VECTOR('',#6595,0.393700787401575);
#1894=VECTOR('',#6598,0.393700787401575);
#1895=VECTOR('',#6603,0.393700787401575);
#1896=VECTOR('',#6606,0.393700787401575);
#1897=VECTOR('',#6609,0.393700787401575);
#1898=VECTOR('',#6612,0.393700787401575);
#1899=VECTOR('',#6615,0.393700787401575);
#1900=VECTOR('',#6618,0.393700787401575);
#1901=VECTOR('',#6619,0.393700787401575);
#1902=VECTOR('',#6622,0.393700787401575);
#1903=VECTOR('',#6627,0.393700787401575);
#1904=VECTOR('',#6628,0.393700787401575);
#1905=VECTOR('',#6631,0.393700787401575);
#1906=VECTOR('',#6636,0.393700787401575);
#1907=VECTOR('',#6637,0.393700787401575);
#1908=VECTOR('',#6640,0.393700787401575);
#1909=VECTOR('',#6647,0.393700787401575);
#1910=VECTOR('',#6650,0.393700787401575);
#1911=VECTOR('',#6651,0.393700787401575);
#1912=VECTOR('',#6656,0.393700787401575);
#1913=VECTOR('',#6659,0.393700787401575);
#1914=VECTOR('',#6664,0.393700787401575);
#1915=VECTOR('',#6667,0.393700787401575);
#1916=VECTOR('',#6672,0.393700787401575);
#1917=VECTOR('',#6675,0.393700787401575);
#1918=VECTOR('',#6678,0.393700787401575);
#1919=VECTOR('',#6681,0.393700787401575);
#1920=VECTOR('',#6684,0.393700787401575);
#1921=VECTOR('',#6685,0.393700787401575);
#1922=VECTOR('',#6686,0.393700787401575);
#1923=VECTOR('',#6689,0.393700787401575);
#1924=VECTOR('',#6694,0.393700787401575);
#1925=VECTOR('',#6699,0.393700787401575);
#1926=VECTOR('',#6708,0.0723385826771654);
#1927=VECTOR('',#6719,0.0723385826771654);
#1928=VECTOR('',#6730,0.0723385826771654);
#1929=VECTOR('',#6741,0.0723385826771654);
#1930=VECTOR('',#6752,0.0413385826771655);
#1931=VECTOR('',#6757,0.0413385826771655);
#1932=VECTOR('',#6762,0.0413385826771655);
#1933=VECTOR('',#6767,0.0413385826771655);
#1934=VECTOR('',#6770,0.393700787401575);
#1935=VECTOR('',#6771,0.393700787401575);
#1936=VECTOR('',#6772,0.393700787401575);
#1937=VECTOR('',#6773,0.393700787401575);
#1938=VECTOR('',#6776,0.393700787401575);
#1939=VECTOR('',#6777,0.393700787401575);
#1940=VECTOR('',#6778,0.393700787401575);
#1941=VECTOR('',#6779,0.393700787401575);
#1942=VECTOR('',#6782,0.393700787401575);
#1943=VECTOR('',#6783,0.393700787401575);
#1944=VECTOR('',#6784,0.393700787401575);
#1945=VECTOR('',#6785,0.393700787401575);
#1946=VECTOR('',#6788,0.393700787401575);
#1947=VECTOR('',#6789,0.393700787401575);
#1948=VECTOR('',#6790,0.393700787401575);
#1949=VECTOR('',#6791,0.393700787401575);
#1950=VECTOR('',#6794,0.393700787401575);
#1951=VECTOR('',#6799,0.393700787401575);
#1952=VECTOR('',#6802,0.393700787401575);
#1953=VECTOR('',#6805,0.393700787401575);
#1954=VECTOR('',#6808,0.393700787401575);
#1955=VECTOR('',#6811,0.393700787401575);
#1956=VECTOR('',#6814,0.393700787401575);
#1957=VECTOR('',#6819,0.393700787401575);
#1958=VECTOR('',#6820,0.393700787401575);
#1959=VECTOR('',#6821,0.393700787401575);
#1960=VECTOR('',#6822,0.393700787401575);
#1961=VECTOR('',#6823,0.393700787401575);
#1962=VECTOR('',#6826,0.393700787401575);
#1963=VECTOR('',#6827,0.393700787401575);
#1964=VECTOR('',#6830,0.393700787401575);
#1965=VECTOR('',#6833,0.393700787401575);
#1966=VECTOR('',#6836,0.393700787401575);
#1967=VECTOR('',#6837,0.393700787401575);
#1968=VECTOR('',#6840,0.393700787401575);
#1969=VECTOR('',#6841,0.393700787401575);
#1970=VECTOR('',#6842,0.393700787401575);
#1971=VECTOR('',#6843,0.393700787401575);
#1972=VECTOR('',#6848,0.393700787401575);
#1973=VECTOR('',#6851,0.393700787401575);
#1974=VECTOR('',#6854,0.393700787401575);
#1975=VECTOR('',#6855,0.393700787401575);
#1976=VECTOR('',#6856,0.393700787401575);
#1977=VECTOR('',#6859,0.393700787401575);
#1978=VECTOR('',#6860,0.393700787401575);
#1979=VECTOR('',#6863,0.393700787401575);
#1980=VECTOR('',#6864,0.393700787401575);
#1981=VECTOR('',#6867,0.393700787401575);
#1982=VECTOR('',#6872,0.393700787401575);
#1983=VECTOR('',#6875,0.393700787401575);
#1984=VECTOR('',#6878,0.393700787401575);
#1985=VECTOR('',#6879,0.393700787401575);
#1986=VECTOR('',#6880,0.393700787401575);
#1987=VECTOR('',#6883,0.393700787401575);
#1988=VECTOR('',#6884,0.393700787401575);
#1989=VECTOR('',#6887,0.393700787401575);
#1990=VECTOR('',#6888,0.393700787401575);
#1991=VECTOR('',#6891,0.393700787401575);
#1992=VECTOR('',#6896,0.393700787401575);
#1993=VECTOR('',#6899,0.393700787401575);
#1994=VECTOR('',#6902,0.393700787401575);
#1995=VECTOR('',#6903,0.393700787401575);
#1996=VECTOR('',#6904,0.393700787401575);
#1997=VECTOR('',#6907,0.393700787401575);
#1998=VECTOR('',#6908,0.393700787401575);
#1999=VECTOR('',#6911,0.393700787401575);
#2000=VECTOR('',#6912,0.393700787401575);
#2001=VECTOR('',#6915,0.393700787401575);
#2002=VECTOR('',#6920,0.393700787401575);
#2003=VECTOR('',#6923,0.393700787401575);
#2004=VECTOR('',#6926,0.393700787401575);
#2005=VECTOR('',#6927,0.393700787401575);
#2006=VECTOR('',#6928,0.393700787401575);
#2007=VECTOR('',#6931,0.393700787401575);
#2008=VECTOR('',#6932,0.393700787401575);
#2009=VECTOR('',#6935,0.393700787401575);
#2010=VECTOR('',#6936,0.393700787401575);
#2011=VECTOR('',#6939,0.393700787401575);
#2012=VECTOR('',#6954,0.393700787401575);
#2013=VECTOR('',#6955,0.393700787401575);
#2014=VECTOR('',#6956,0.393700787401575);
#2015=VECTOR('',#6961,0.393700787401575);
#2016=VECTOR('',#6962,0.393700787401575);
#2017=VECTOR('',#6969,0.393700787401575);
#2018=VECTOR('',#6972,0.393700787401575);
#2019=VECTOR('',#6987,0.393700787401575);
#2020=VECTOR('',#6990,0.393700787401575);
#2021=VECTOR('',#6993,0.393700787401575);
#2022=VECTOR('',#6994,0.393700787401575);
#2023=VECTOR('',#6997,0.393700787401575);
#2024=VECTOR('',#7000,0.393700787401575);
#2025=VECTOR('',#7009,0.393700787401575);
#2026=VECTOR('',#7012,0.393700787401575);
#2027=VECTOR('',#7021,0.393700787401575);
#2028=VECTOR('',#7024,0.393700787401575);
#2029=VECTOR('',#7027,0.393700787401575);
#2030=VECTOR('',#7028,0.393700787401575);
#2031=VECTOR('',#7031,0.393700787401575);
#2032=VECTOR('',#7034,0.393700787401575);
#2033=VECTOR('',#7045,0.393700787401575);
#2034=VECTOR('',#7046,0.393700787401575);
#2035=VECTOR('',#7049,0.393700787401575);
#2036=VECTOR('',#7050,0.393700787401575);
#2037=VECTOR('',#7053,0.393700787401575);
#2038=VECTOR('',#7056,0.393700787401575);
#2039=VECTOR('',#7059,0.393700787401575);
#2040=VECTOR('',#7062,0.393700787401575);
#2041=VECTOR('',#7065,0.393700787401575);
#2042=VECTOR('',#7072,0.393700787401575);
#2043=VECTOR('',#7075,0.393700787401575);
#2044=VECTOR('',#7078,0.393700787401575);
#2045=VECTOR('',#7081,0.393700787401575);
#2046=VECTOR('',#7084,0.393700787401575);
#2047=VECTOR('',#7087,0.393700787401575);
#2048=VECTOR('',#7090,0.393700787401575);
#2049=VECTOR('',#7093,0.393700787401575);
#2050=VECTOR('',#7096,0.393700787401575);
#2051=VECTOR('',#7099,0.393700787401575);
#2052=VECTOR('',#7102,0.393700787401575);
#2053=VECTOR('',#7105,0.393700787401575);
#2054=VECTOR('',#7106,0.393700787401575);
#2055=VECTOR('',#7109,0.393700787401575);
#2056=VECTOR('',#7110,0.393700787401575);
#2057=VECTOR('',#7113,0.393700787401575);
#2058=VECTOR('',#7116,0.393700787401575);
#2059=VECTOR('',#7117,0.393700787401575);
#2060=VECTOR('',#7124,0.393700787401575);
#2061=VECTOR('',#7129,0.393700787401575);
#2062=VECTOR('',#7136,0.393700787401575);
#2063=VECTOR('',#7139,0.393700787401575);
#2064=VECTOR('',#7142,0.393700787401575);
#2065=VECTOR('',#7145,0.393700787401575);
#2066=VECTOR('',#7150,0.393700787401575);
#2067=VECTOR('',#7153,0.393700787401575);
#2068=VECTOR('',#7156,0.393700787401575);
#2069=VECTOR('',#7159,0.393700787401575);
#2070=VECTOR('',#7162,0.393700787401575);
#2071=VECTOR('',#7165,0.393700787401575);
#2072=VERTEX_POINT('',#7175);
#2073=VERTEX_POINT('',#7176);
#2074=VERTEX_POINT('',#7178);
#2075=VERTEX_POINT('',#7182);
#2076=VERTEX_POINT('',#7183);
#2077=VERTEX_POINT('',#7188);
#2078=VERTEX_POINT('',#7194);
#2079=VERTEX_POINT('',#7195);
#2080=VERTEX_POINT('',#7197);
#2081=VERTEX_POINT('',#7201);
#2082=VERTEX_POINT('',#7202);
#2083=VERTEX_POINT('',#7207);
#2084=VERTEX_POINT('',#7213);
#2085=VERTEX_POINT('',#7214);
#2086=VERTEX_POINT('',#7216);
#2087=VERTEX_POINT('',#7220);
#2088=VERTEX_POINT('',#7221);
#2089=VERTEX_POINT('',#7226);
#2090=VERTEX_POINT('',#7232);
#2091=VERTEX_POINT('',#7233);
#2092=VERTEX_POINT('',#7235);
#2093=VERTEX_POINT('',#7237);
#2094=VERTEX_POINT('',#7241);
#2095=VERTEX_POINT('',#7243);
#2096=VERTEX_POINT('',#7247);
#2097=VERTEX_POINT('',#7251);
#2098=VERTEX_POINT('',#7252);
#2099=VERTEX_POINT('',#7254);
#2100=VERTEX_POINT('',#7256);
#2101=VERTEX_POINT('',#7258);
#2102=VERTEX_POINT('',#7260);
#2103=VERTEX_POINT('',#7262);
#2104=VERTEX_POINT('',#7264);
#2105=VERTEX_POINT('',#7266);
#2106=VERTEX_POINT('',#7268);
#2107=VERTEX_POINT('',#7270);
#2108=VERTEX_POINT('',#7272);
#2109=VERTEX_POINT('',#7274);
#2110=VERTEX_POINT('',#7276);
#2111=VERTEX_POINT('',#7278);
#2112=VERTEX_POINT('',#7280);
#2113=VERTEX_POINT('',#7282);
#2114=VERTEX_POINT('',#7284);
#2115=VERTEX_POINT('',#7286);
#2116=VERTEX_POINT('',#7288);
#2117=VERTEX_POINT('',#7290);
#2118=VERTEX_POINT('',#7292);
#2119=VERTEX_POINT('',#7294);
#2120=VERTEX_POINT('',#7296);
#2121=VERTEX_POINT('',#7298);
#2122=VERTEX_POINT('',#7300);
#2123=VERTEX_POINT('',#7302);
#2124=VERTEX_POINT('',#7304);
#2125=VERTEX_POINT('',#7306);
#2126=VERTEX_POINT('',#7308);
#2127=VERTEX_POINT('',#7310);
#2128=VERTEX_POINT('',#7312);
#2129=VERTEX_POINT('',#7314);
#2130=VERTEX_POINT('',#7316);
#2131=VERTEX_POINT('',#7318);
#2132=VERTEX_POINT('',#7320);
#2133=VERTEX_POINT('',#7324);
#2134=VERTEX_POINT('',#7326);
#2135=VERTEX_POINT('',#7330);
#2136=VERTEX_POINT('',#7334);
#2137=VERTEX_POINT('',#7338);
#2138=VERTEX_POINT('',#7342);
#2139=VERTEX_POINT('',#7346);
#2140=VERTEX_POINT('',#7350);
#2141=VERTEX_POINT('',#7354);
#2142=VERTEX_POINT('',#7358);
#2143=VERTEX_POINT('',#7362);
#2144=VERTEX_POINT('',#7366);
#2145=VERTEX_POINT('',#7370);
#2146=VERTEX_POINT('',#7374);
#2147=VERTEX_POINT('',#7378);
#2148=VERTEX_POINT('',#7382);
#2149=VERTEX_POINT('',#7386);
#2150=VERTEX_POINT('',#7390);
#2151=VERTEX_POINT('',#7394);
#2152=VERTEX_POINT('',#7397);
#2153=VERTEX_POINT('',#7404);
#2154=VERTEX_POINT('',#7405);
#2155=VERTEX_POINT('',#7407);
#2156=VERTEX_POINT('',#7409);
#2157=VERTEX_POINT('',#7411);
#2158=VERTEX_POINT('',#7413);
#2159=VERTEX_POINT('',#7415);
#2160=VERTEX_POINT('',#7417);
#2161=VERTEX_POINT('',#7419);
#2162=VERTEX_POINT('',#7421);
#2163=VERTEX_POINT('',#7423);
#2164=VERTEX_POINT('',#7425);
#2165=VERTEX_POINT('',#7427);
#2166=VERTEX_POINT('',#7429);
#2167=VERTEX_POINT('',#7431);
#2168=VERTEX_POINT('',#7433);
#2169=VERTEX_POINT('',#7435);
#2170=VERTEX_POINT('',#7475);
#2171=VERTEX_POINT('',#7476);
#2172=VERTEX_POINT('',#7478);
#2173=VERTEX_POINT('',#7480);
#2174=VERTEX_POINT('',#7484);
#2175=VERTEX_POINT('',#7486);
#2176=VERTEX_POINT('',#7490);
#2177=VERTEX_POINT('',#7492);
#2178=VERTEX_POINT('',#7496);
#2179=VERTEX_POINT('',#7498);
#2180=VERTEX_POINT('',#7502);
#2181=VERTEX_POINT('',#7504);
#2182=VERTEX_POINT('',#7508);
#2183=VERTEX_POINT('',#7510);
#2184=VERTEX_POINT('',#7514);
#2185=VERTEX_POINT('',#7516);
#2186=VERTEX_POINT('',#7520);
#2187=VERTEX_POINT('',#7522);
#2188=VERTEX_POINT('',#7526);
#2189=VERTEX_POINT('',#7528);
#2190=VERTEX_POINT('',#7532);
#2191=VERTEX_POINT('',#7533);
#2192=VERTEX_POINT('',#7535);
#2193=VERTEX_POINT('',#7537);
#2194=VERTEX_POINT('',#7541);
#2195=VERTEX_POINT('',#7543);
#2196=VERTEX_POINT('',#7547);
#2197=VERTEX_POINT('',#7549);
#2198=VERTEX_POINT('',#7553);
#2199=VERTEX_POINT('',#7555);
#2200=VERTEX_POINT('',#7562);
#2201=VERTEX_POINT('',#7564);
#2202=VERTEX_POINT('',#7568);
#2203=VERTEX_POINT('',#7569);
#2204=VERTEX_POINT('',#7578);
#2205=VERTEX_POINT('',#7581);
#2206=VERTEX_POINT('',#7590);
#2207=VERTEX_POINT('',#7594);
#2208=VERTEX_POINT('',#7595);
#2209=VERTEX_POINT('',#7600);
#2210=VERTEX_POINT('',#7603);
#2211=VERTEX_POINT('',#7620);
#2212=VERTEX_POINT('',#7621);
#2213=VERTEX_POINT('',#7628);
#2214=VERTEX_POINT('',#7629);
#2215=VERTEX_POINT('',#7647);
#2216=VERTEX_POINT('',#7648);
#2217=VERTEX_POINT('',#7660);
#2218=VERTEX_POINT('',#7673);
#2219=VERTEX_POINT('',#7674);
#2220=VERTEX_POINT('',#7680);
#2221=VERTEX_POINT('',#7682);
#2222=VERTEX_POINT('',#7695);
#2223=VERTEX_POINT('',#7696);
#2224=VERTEX_POINT('',#7701);
#2225=VERTEX_POINT('',#7901);
#2226=VERTEX_POINT('',#7902);
#2227=VERTEX_POINT('',#7904);
#2228=VERTEX_POINT('',#7963);
#2229=VERTEX_POINT('',#7964);
#2230=VERTEX_POINT('',#7966);
#2231=VERTEX_POINT('',#7970);
#2232=VERTEX_POINT('',#7972);
#2233=VERTEX_POINT('',#7976);
#2234=VERTEX_POINT('',#7978);
#2235=VERTEX_POINT('',#7980);
#2236=VERTEX_POINT('',#7996);
#2237=VERTEX_POINT('',#7997);
#2238=VERTEX_POINT('',#7999);
#2239=VERTEX_POINT('',#8001);
#2240=VERTEX_POINT('',#8005);
#2241=VERTEX_POINT('',#8022);
#2242=VERTEX_POINT('',#8023);
#2243=VERTEX_POINT('',#8025);
#2244=VERTEX_POINT('',#8039);
#2245=VERTEX_POINT('',#8043);
#2246=VERTEX_POINT('',#8045);
#2247=VERTEX_POINT('',#8049);
#2248=VERTEX_POINT('',#8051);
#2249=VERTEX_POINT('',#8077);
#2250=VERTEX_POINT('',#8081);
#2251=VERTEX_POINT('',#8086);
#2252=VERTEX_POINT('',#8088);
#2253=VERTEX_POINT('',#8092);
#2254=VERTEX_POINT('',#8094);
#2255=VERTEX_POINT('',#8101);
#2256=VERTEX_POINT('',#8102);
#2257=VERTEX_POINT('',#8104);
#2258=VERTEX_POINT('',#8107);
#2259=VERTEX_POINT('',#8112);
#2260=VERTEX_POINT('',#8114);
#2261=VERTEX_POINT('',#8116);
#2262=VERTEX_POINT('',#8117);
#2263=VERTEX_POINT('',#8119);
#2264=VERTEX_POINT('',#8121);
#2265=VERTEX_POINT('',#8123);
#2266=VERTEX_POINT('',#8125);
#2267=VERTEX_POINT('',#8127);
#2268=VERTEX_POINT('',#8129);
#2269=VERTEX_POINT('',#8132);
#2270=VERTEX_POINT('',#8251);
#2271=VERTEX_POINT('',#8255);
#2272=VERTEX_POINT('',#8259);
#2273=VERTEX_POINT('',#8263);
#2274=VERTEX_POINT('',#8265);
#2275=VERTEX_POINT('',#8269);
#2276=VERTEX_POINT('',#8273);
#2277=VERTEX_POINT('',#8277);
#2278=VERTEX_POINT('',#8281);
#2279=VERTEX_POINT('',#8283);
#2280=VERTEX_POINT('',#8289);
#2281=VERTEX_POINT('',#8295);
#2282=VERTEX_POINT('',#8297);
#2283=VERTEX_POINT('',#8301);
#2284=VERTEX_POINT('',#8326);
#2285=VERTEX_POINT('',#8327);
#2286=VERTEX_POINT('',#8329);
#2287=VERTEX_POINT('',#8331);
#2288=VERTEX_POINT('',#8333);
#2289=VERTEX_POINT('',#8356);
#2290=VERTEX_POINT('',#8360);
#2291=VERTEX_POINT('',#8364);
#2292=VERTEX_POINT('',#8366);
#2293=VERTEX_POINT('',#8371);
#2294=VERTEX_POINT('',#8375);
#2295=VERTEX_POINT('',#8376);
#2296=VERTEX_POINT('',#8385);
#2297=VERTEX_POINT('',#8390);
#2298=VERTEX_POINT('',#8417);
#2299=VERTEX_POINT('',#8419);
#2300=VERTEX_POINT('',#8457);
#2301=VERTEX_POINT('',#8499);
#2302=VERTEX_POINT('',#8517);
#2303=VERTEX_POINT('',#8522);
#2304=VERTEX_POINT('',#8571);
#2305=VERTEX_POINT('',#8573);
#2306=VERTEX_POINT('',#8621);
#2307=VERTEX_POINT('',#8662);
#2308=VERTEX_POINT('',#8663);
#2309=VERTEX_POINT('',#8668);
#2310=VERTEX_POINT('',#8670);
#2311=VERTEX_POINT('',#8721);
#2312=VERTEX_POINT('',#8722);
#2313=VERTEX_POINT('',#8727);
#2314=VERTEX_POINT('',#8729);
#2315=VERTEX_POINT('',#8750);
#2316=VERTEX_POINT('',#8781);
#2317=VERTEX_POINT('',#8822);
#2318=VERTEX_POINT('',#8827);
#2319=VERTEX_POINT('',#8829);
#2320=VERTEX_POINT('',#8859);
#2321=VERTEX_POINT('',#8885);
#2322=VERTEX_POINT('',#8946);
#2323=VERTEX_POINT('',#8953);
#2324=VERTEX_POINT('',#8955);
#2325=VERTEX_POINT('',#8964);
#2326=VERTEX_POINT('',#8966);
#2327=VERTEX_POINT('',#8990);
#2328=VERTEX_POINT('',#9031);
#2329=VERTEX_POINT('',#9075);
#2330=VERTEX_POINT('',#9076);
#2331=VERTEX_POINT('',#9084);
#2332=VERTEX_POINT('',#9088);
#2333=VERTEX_POINT('',#9111);
#2334=VERTEX_POINT('',#9124);
#2335=VERTEX_POINT('',#9185);
#2336=VERTEX_POINT('',#9187);
#2337=VERTEX_POINT('',#9274);
#2338=VERTEX_POINT('',#9359);
#2339=VERTEX_POINT('',#9361);
#2340=VERTEX_POINT('',#9437);
#2341=VERTEX_POINT('',#9490);
#2342=VERTEX_POINT('',#9513);
#2343=VERTEX_POINT('',#9629);
#2344=VERTEX_POINT('',#9633);
#2345=VERTEX_POINT('',#9637);
#2346=VERTEX_POINT('',#9641);
#2347=VERTEX_POINT('',#9645);
#2348=VERTEX_POINT('',#9649);
#2349=VERTEX_POINT('',#9653);
#2350=VERTEX_POINT('',#9657);
#2351=VERTEX_POINT('',#9661);
#2352=VERTEX_POINT('',#9665);
#2353=VERTEX_POINT('',#9669);
#2354=VERTEX_POINT('',#9673);
#2355=VERTEX_POINT('',#9677);
#2356=VERTEX_POINT('',#9681);
#2357=VERTEX_POINT('',#9685);
#2358=VERTEX_POINT('',#9689);
#2359=VERTEX_POINT('',#9693);
#2360=VERTEX_POINT('',#9697);
#2361=VERTEX_POINT('',#9706);
#2362=VERTEX_POINT('',#9707);
#2363=VERTEX_POINT('',#9709);
#2364=VERTEX_POINT('',#9711);
#2365=VERTEX_POINT('',#9715);
#2366=VERTEX_POINT('',#9716);
#2367=VERTEX_POINT('',#9721);
#2368=VERTEX_POINT('',#9725);
#2369=VERTEX_POINT('',#9727);
#2370=VERTEX_POINT('',#9729);
#2371=VERTEX_POINT('',#9733);
#2372=VERTEX_POINT('',#9735);
#2373=VERTEX_POINT('',#9737);
#2374=VERTEX_POINT('',#9739);
#2375=VERTEX_POINT('',#9741);
#2376=VERTEX_POINT('',#9743);
#2377=VERTEX_POINT('',#9745);
#2378=VERTEX_POINT('',#9747);
#2379=VERTEX_POINT('',#9749);
#2380=VERTEX_POINT('',#9753);
#2381=VERTEX_POINT('',#9757);
#2382=VERTEX_POINT('',#9761);
#2383=VERTEX_POINT('',#9765);
#2384=VERTEX_POINT('',#9769);
#2385=VERTEX_POINT('',#9773);
#2386=VERTEX_POINT('',#9777);
#2387=VERTEX_POINT('',#9781);
#2388=VERTEX_POINT('',#9785);
#2389=VERTEX_POINT('',#9792);
#2390=VERTEX_POINT('',#9793);
#2391=VERTEX_POINT('',#9795);
#2392=VERTEX_POINT('',#9797);
#2393=VERTEX_POINT('',#9801);
#2394=VERTEX_POINT('',#9803);
#2395=VERTEX_POINT('',#9807);
#2396=VERTEX_POINT('',#9809);
#2397=VERTEX_POINT('',#9813);
#2398=VERTEX_POINT('',#9815);
#2399=VERTEX_POINT('',#9819);
#2400=VERTEX_POINT('',#9823);
#2401=VERTEX_POINT('',#9831);
#2402=VERTEX_POINT('',#9833);
#2403=VERTEX_POINT('',#9837);
#2404=VERTEX_POINT('',#9840);
#2405=VERTEX_POINT('',#9842);
#2406=VERTEX_POINT('',#9846);
#2407=VERTEX_POINT('',#9849);
#2408=VERTEX_POINT('',#9851);
#2409=VERTEX_POINT('',#9855);
#2410=VERTEX_POINT('',#9858);
#2411=VERTEX_POINT('',#9860);
#2412=VERTEX_POINT('',#9864);
#2413=VERTEX_POINT('',#9867);
#2414=VERTEX_POINT('',#9871);
#2415=VERTEX_POINT('',#9875);
#2416=VERTEX_POINT('',#9879);
#2417=VERTEX_POINT('',#9883);
#2418=VERTEX_POINT('',#9884);
#2419=VERTEX_POINT('',#9886);
#2420=VERTEX_POINT('',#9888);
#2421=VERTEX_POINT('',#9892);
#2422=VERTEX_POINT('',#9893);
#2423=VERTEX_POINT('',#9895);
#2424=VERTEX_POINT('',#9897);
#2425=VERTEX_POINT('',#9901);
#2426=VERTEX_POINT('',#9902);
#2427=VERTEX_POINT('',#9904);
#2428=VERTEX_POINT('',#9906);
#2429=VERTEX_POINT('',#9910);
#2430=VERTEX_POINT('',#9911);
#2431=VERTEX_POINT('',#9913);
#2432=VERTEX_POINT('',#9915);
#2433=VERTEX_POINT('',#9919);
#2434=VERTEX_POINT('',#9920);
#2435=VERTEX_POINT('',#9922);
#2436=VERTEX_POINT('',#9924);
#2437=VERTEX_POINT('',#9926);
#2438=VERTEX_POINT('',#9928);
#2439=VERTEX_POINT('',#9930);
#2440=VERTEX_POINT('',#9932);
#2441=VERTEX_POINT('',#9934);
#2442=VERTEX_POINT('',#9936);
#2443=VERTEX_POINT('',#9938);
#2444=VERTEX_POINT('',#9940);
#2445=VERTEX_POINT('',#9942);
#2446=VERTEX_POINT('',#9944);
#2447=VERTEX_POINT('',#9946);
#2448=VERTEX_POINT('',#9948);
#2449=VERTEX_POINT('',#9950);
#2450=VERTEX_POINT('',#9952);
#2451=VERTEX_POINT('',#9956);
#2452=VERTEX_POINT('',#9958);
#2453=VERTEX_POINT('',#9960);
#2454=VERTEX_POINT('',#9962);
#2455=VERTEX_POINT('',#9964);
#2456=VERTEX_POINT('',#9966);
#2457=VERTEX_POINT('',#9968);
#2458=VERTEX_POINT('',#9970);
#2459=VERTEX_POINT('',#9972);
#2460=VERTEX_POINT('',#9974);
#2461=VERTEX_POINT('',#9976);
#2462=VERTEX_POINT('',#9978);
#2463=VERTEX_POINT('',#9980);
#2464=VERTEX_POINT('',#9982);
#2465=VERTEX_POINT('',#9988);
#2466=VERTEX_POINT('',#9989);
#2467=VERTEX_POINT('',#9991);
#2468=VERTEX_POINT('',#9993);
#2469=VERTEX_POINT('',#9997);
#2470=VERTEX_POINT('',#9999);
#2471=VERTEX_POINT('',#10003);
#2472=VERTEX_POINT('',#10007);
#2473=VERTEX_POINT('',#10013);
#2474=VERTEX_POINT('',#10014);
#2475=VERTEX_POINT('',#10016);
#2476=VERTEX_POINT('',#10018);
#2477=VERTEX_POINT('',#10022);
#2478=VERTEX_POINT('',#10024);
#2479=VERTEX_POINT('',#10028);
#2480=VERTEX_POINT('',#10032);
#2481=VERTEX_POINT('',#10038);
#2482=VERTEX_POINT('',#10039);
#2483=VERTEX_POINT('',#10041);
#2484=VERTEX_POINT('',#10043);
#2485=VERTEX_POINT('',#10047);
#2486=VERTEX_POINT('',#10049);
#2487=VERTEX_POINT('',#10053);
#2488=VERTEX_POINT('',#10057);
#2489=VERTEX_POINT('',#10063);
#2490=VERTEX_POINT('',#10064);
#2491=VERTEX_POINT('',#10066);
#2492=VERTEX_POINT('',#10068);
#2493=VERTEX_POINT('',#10072);
#2494=VERTEX_POINT('',#10074);
#2495=VERTEX_POINT('',#10078);
#2496=VERTEX_POINT('',#10082);
#2497=VERTEX_POINT('',#10088);
#2498=VERTEX_POINT('',#10090);
#2499=VERTEX_POINT('',#10110);
#2500=VERTEX_POINT('',#10112);
#2501=VERTEX_POINT('',#10117);
#2502=VERTEX_POINT('',#10122);
#2503=VERTEX_POINT('',#10124);
#2504=VERTEX_POINT('',#10126);
#2505=VERTEX_POINT('',#10192);
#2506=VERTEX_POINT('',#10193);
#2507=VERTEX_POINT('',#10195);
#2508=VERTEX_POINT('',#10261);
#2509=VERTEX_POINT('',#10262);
#2510=VERTEX_POINT('',#10264);
#2511=VERTEX_POINT('',#10268);
#2512=VERTEX_POINT('',#10270);
#2513=VERTEX_POINT('',#10274);
#2514=VERTEX_POINT('',#10276);
#2515=VERTEX_POINT('',#10291);
#2516=VERTEX_POINT('',#10293);
#2517=VERTEX_POINT('',#10300);
#2518=VERTEX_POINT('',#10302);
#2519=VERTEX_POINT('',#10306);
#2520=VERTEX_POINT('',#10308);
#2521=VERTEX_POINT('',#10323);
#2522=VERTEX_POINT('',#10325);
#2523=VERTEX_POINT('',#10332);
#2524=VERTEX_POINT('',#10334);
#2525=VERTEX_POINT('',#10338);
#2526=VERTEX_POINT('',#10339);
#2527=VERTEX_POINT('',#10362);
#2528=VERTEX_POINT('',#10364);
#2529=VERTEX_POINT('',#10368);
#2530=VERTEX_POINT('',#10370);
#2531=VERTEX_POINT('',#10374);
#2532=VERTEX_POINT('',#10376);
#2533=VERTEX_POINT('',#10380);
#2534=VERTEX_POINT('',#10382);
#2535=VERTEX_POINT('',#10386);
#2536=VERTEX_POINT('',#10388);
#2537=VERTEX_POINT('',#10390);
#2538=VERTEX_POINT('',#10392);
#2539=VERTEX_POINT('',#10394);
#2540=VERTEX_POINT('',#10396);
#2541=VERTEX_POINT('',#10400);
#2542=VERTEX_POINT('',#10403);
#2543=EDGE_CURVE('',#2072,#2073,#1152,.T.);
#2544=EDGE_CURVE('',#2074,#2073,#1153,.T.);
#2545=EDGE_CURVE('',#2072,#2074,#1154,.T.);
#2546=EDGE_CURVE('',#2075,#2076,#1155,.T.);
#2547=EDGE_CURVE('',#2074,#2075,#1156,.T.);
#2548=EDGE_CURVE('',#2073,#2076,#1157,.F.);
#2549=EDGE_CURVE('',#2077,#2076,#1158,.T.);
#2550=EDGE_CURVE('',#2075,#2077,#1159,.T.);
#2551=EDGE_CURVE('',#2077,#2072,#1160,.T.);
#2552=EDGE_CURVE('',#2078,#2079,#1161,.T.);
#2553=EDGE_CURVE('',#2080,#2078,#1162,.T.);
#2554=EDGE_CURVE('',#2080,#2079,#1163,.T.);
#2555=EDGE_CURVE('',#2081,#2082,#1164,.T.);
#2556=EDGE_CURVE('',#2079,#2082,#1165,.F.);
#2557=EDGE_CURVE('',#2081,#2080,#1166,.T.);
#2558=EDGE_CURVE('',#2083,#2081,#1167,.T.);
#2559=EDGE_CURVE('',#2083,#2082,#1168,.T.);
#2560=EDGE_CURVE('',#2078,#2083,#1169,.T.);
#2561=EDGE_CURVE('',#2084,#2085,#1170,.T.);
#2562=EDGE_CURVE('',#2086,#2085,#1171,.T.);
#2563=EDGE_CURVE('',#2084,#2086,#1172,.T.);
#2564=EDGE_CURVE('',#2087,#2088,#1173,.T.);
#2565=EDGE_CURVE('',#2086,#2087,#1174,.T.);
#2566=EDGE_CURVE('',#2085,#2088,#1175,.F.);
#2567=EDGE_CURVE('',#2089,#2088,#1176,.T.);
#2568=EDGE_CURVE('',#2087,#2089,#1177,.T.);
#2569=EDGE_CURVE('',#2089,#2084,#1178,.T.);
#2570=EDGE_CURVE('',#2090,#2091,#365,.T.);
#2571=EDGE_CURVE('',#2090,#2092,#1179,.T.);
#2572=EDGE_CURVE('',#2093,#2092,#366,.T.);
#2573=EDGE_CURVE('',#2093,#2091,#1180,.T.);
#2574=EDGE_CURVE('',#2094,#2091,#1181,.T.);
#2575=EDGE_CURVE('',#2095,#2094,#1182,.T.);
#2576=EDGE_CURVE('',#2095,#2090,#1183,.T.);
#2577=EDGE_CURVE('',#2096,#2093,#1184,.T.);
#2578=EDGE_CURVE('',#2094,#2096,#1185,.T.);
#2579=EDGE_CURVE('',#2097,#2098,#1186,.T.);
#2580=EDGE_CURVE('',#2099,#2097,#1187,.T.);
#2581=EDGE_CURVE('',#2100,#2099,#1188,.T.);
#2582=EDGE_CURVE('',#2101,#2100,#185,.T.);
#2583=EDGE_CURVE('',#2102,#2101,#186,.T.);
#2584=EDGE_CURVE('',#2103,#2102,#1189,.T.);
#2585=EDGE_CURVE('',#2104,#2103,#187,.T.);
#2586=EDGE_CURVE('',#2105,#2104,#1190,.T.);
#2587=EDGE_CURVE('',#2106,#2105,#188,.T.);
#2588=EDGE_CURVE('',#2107,#2106,#1191,.T.);
#2589=EDGE_CURVE('',#2108,#2107,#189,.T.);
#2590=EDGE_CURVE('',#2109,#2108,#1192,.T.);
#2591=EDGE_CURVE('',#2110,#2109,#190,.T.);
#2592=EDGE_CURVE('',#2111,#2110,#1193,.T.);
#2593=EDGE_CURVE('',#2112,#2111,#191,.T.);
#2594=EDGE_CURVE('',#2113,#2112,#1194,.T.);
#2595=EDGE_CURVE('',#2114,#2113,#192,.T.);
#2596=EDGE_CURVE('',#2115,#2114,#193,.T.);
#2597=EDGE_CURVE('',#2116,#2115,#1195,.T.);
#2598=EDGE_CURVE('',#2117,#2116,#1196,.T.);
#2599=EDGE_CURVE('',#2118,#2117,#1197,.T.);
#2600=EDGE_CURVE('',#2119,#2118,#194,.T.);
#2601=EDGE_CURVE('',#2120,#2119,#195,.T.);
#2602=EDGE_CURVE('',#2121,#2120,#1198,.T.);
#2603=EDGE_CURVE('',#2122,#2121,#196,.T.);
#2604=EDGE_CURVE('',#2123,#2122,#1199,.T.);
#2605=EDGE_CURVE('',#2124,#2123,#197,.T.);
#2606=EDGE_CURVE('',#2125,#2124,#1200,.T.);
#2607=EDGE_CURVE('',#2126,#2125,#198,.T.);
#2608=EDGE_CURVE('',#2127,#2126,#1201,.T.);
#2609=EDGE_CURVE('',#2128,#2127,#199,.T.);
#2610=EDGE_CURVE('',#2129,#2128,#1202,.T.);
#2611=EDGE_CURVE('',#2130,#2129,#200,.T.);
#2612=EDGE_CURVE('',#2131,#2130,#1203,.T.);
#2613=EDGE_CURVE('',#2132,#2131,#201,.T.);
#2614=EDGE_CURVE('',#2098,#2132,#202,.T.);
#2615=EDGE_CURVE('',#2133,#2116,#1204,.T.);
#2616=EDGE_CURVE('',#2133,#2134,#1205,.T.);
#2617=EDGE_CURVE('',#2134,#2117,#1206,.T.);
#2618=EDGE_CURVE('',#2115,#2135,#1207,.T.);
#2619=EDGE_CURVE('',#2135,#2133,#1208,.T.);
#2620=EDGE_CURVE('',#2114,#2136,#1209,.T.);
#2621=EDGE_CURVE('',#2136,#2135,#203,.T.);
#2622=EDGE_CURVE('',#2113,#2137,#1210,.T.);
#2623=EDGE_CURVE('',#2137,#2136,#204,.T.);
#2624=EDGE_CURVE('',#2112,#2138,#1211,.T.);
#2625=EDGE_CURVE('',#2138,#2137,#1212,.T.);
#2626=EDGE_CURVE('',#2111,#2139,#1213,.T.);
#2627=EDGE_CURVE('',#2139,#2138,#205,.T.);
#2628=EDGE_CURVE('',#2110,#2140,#1214,.T.);
#2629=EDGE_CURVE('',#2140,#2139,#1215,.T.);
#2630=EDGE_CURVE('',#2109,#2141,#1216,.T.);
#2631=EDGE_CURVE('',#2141,#2140,#206,.T.);
#2632=EDGE_CURVE('',#2108,#2142,#1217,.T.);
#2633=EDGE_CURVE('',#2142,#2141,#1218,.T.);
#2634=EDGE_CURVE('',#2107,#2143,#1219,.T.);
#2635=EDGE_CURVE('',#2143,#2142,#207,.T.);
#2636=EDGE_CURVE('',#2106,#2144,#1220,.T.);
#2637=EDGE_CURVE('',#2144,#2143,#1221,.T.);
#2638=EDGE_CURVE('',#2105,#2145,#1222,.T.);
#2639=EDGE_CURVE('',#2145,#2144,#208,.T.);
#2640=EDGE_CURVE('',#2104,#2146,#1223,.T.);
#2641=EDGE_CURVE('',#2146,#2145,#1224,.T.);
#2642=EDGE_CURVE('',#2103,#2147,#1225,.T.);
#2643=EDGE_CURVE('',#2147,#2146,#209,.T.);
#2644=EDGE_CURVE('',#2102,#2148,#1226,.T.);
#2645=EDGE_CURVE('',#2148,#2147,#1227,.T.);
#2646=EDGE_CURVE('',#2101,#2149,#1228,.T.);
#2647=EDGE_CURVE('',#2149,#2148,#210,.T.);
#2648=EDGE_CURVE('',#2100,#2150,#1229,.T.);
#2649=EDGE_CURVE('',#2150,#2149,#211,.T.);
#2650=EDGE_CURVE('',#2151,#2099,#1230,.T.);
#2651=EDGE_CURVE('',#2151,#2150,#1231,.T.);
#2652=EDGE_CURVE('',#2096,#2152,#1232,.T.);
#2653=EDGE_CURVE('',#2152,#2095,#1233,.T.);
#2654=EDGE_CURVE('',#2152,#2092,#1234,.T.);
#2655=EDGE_CURVE('',#2153,#2154,#1235,.T.);
#2656=EDGE_CURVE('',#2155,#2153,#212,.T.);
#2657=EDGE_CURVE('',#2156,#2155,#213,.T.);
#2658=EDGE_CURVE('',#2157,#2156,#1236,.T.);
#2659=EDGE_CURVE('',#2158,#2157,#214,.T.);
#2660=EDGE_CURVE('',#2159,#2158,#1237,.T.);
#2661=EDGE_CURVE('',#2160,#2159,#215,.T.);
#2662=EDGE_CURVE('',#2161,#2160,#1238,.T.);
#2663=EDGE_CURVE('',#2162,#2161,#216,.T.);
#2664=EDGE_CURVE('',#2163,#2162,#1239,.T.);
#2665=EDGE_CURVE('',#2164,#2163,#217,.T.);
#2666=EDGE_CURVE('',#2165,#2164,#1240,.T.);
#2667=EDGE_CURVE('',#2166,#2165,#218,.T.);
#2668=EDGE_CURVE('',#2167,#2166,#1241,.T.);
#2669=EDGE_CURVE('',#2168,#2167,#219,.T.);
#2670=EDGE_CURVE('',#2169,#2168,#220,.T.);
#2671=EDGE_CURVE('',#2134,#2169,#1242,.T.);
#2672=EDGE_CURVE('',#2154,#2151,#1243,.T.);
#2673=EDGE_CURVE('',#2169,#2118,#1244,.T.);
#2674=EDGE_CURVE('',#2168,#2119,#1245,.T.);
#2675=EDGE_CURVE('',#2167,#2120,#1246,.T.);
#2676=EDGE_CURVE('',#2166,#2121,#1247,.T.);
#2677=EDGE_CURVE('',#2165,#2122,#1248,.T.);
#2678=EDGE_CURVE('',#2164,#2123,#1249,.T.);
#2679=EDGE_CURVE('',#2163,#2124,#1250,.T.);
#2680=EDGE_CURVE('',#2162,#2125,#1251,.T.);
#2681=EDGE_CURVE('',#2161,#2126,#1252,.T.);
#2682=EDGE_CURVE('',#2160,#2127,#1253,.T.);
#2683=EDGE_CURVE('',#2159,#2128,#1254,.T.);
#2684=EDGE_CURVE('',#2158,#2129,#1255,.T.);
#2685=EDGE_CURVE('',#2157,#2130,#1256,.T.);
#2686=EDGE_CURVE('',#2156,#2131,#1257,.T.);
#2687=EDGE_CURVE('',#2155,#2132,#1258,.T.);
#2688=EDGE_CURVE('',#2098,#2153,#1259,.T.);
#2689=EDGE_CURVE('',#2154,#2097,#1260,.T.);
#2690=EDGE_CURVE('',#2170,#2171,#221,.T.);
#2691=EDGE_CURVE('',#2171,#2172,#1261,.T.);
#2692=EDGE_CURVE('',#2173,#2172,#222,.T.);
#2693=EDGE_CURVE('',#2170,#2173,#1262,.T.);
#2694=EDGE_CURVE('',#2171,#2174,#1263,.T.);
#2695=EDGE_CURVE('',#2174,#2175,#1264,.T.);
#2696=EDGE_CURVE('',#2172,#2175,#1265,.T.);
#2697=EDGE_CURVE('',#2174,#2176,#223,.T.);
#2698=EDGE_CURVE('',#2176,#2177,#1266,.T.);
#2699=EDGE_CURVE('',#2175,#2177,#224,.T.);
#2700=EDGE_CURVE('',#2176,#2178,#1267,.T.);
#2701=EDGE_CURVE('',#2178,#2179,#1268,.T.);
#2702=EDGE_CURVE('',#2177,#2179,#1269,.T.);
#2703=EDGE_CURVE('',#2178,#2180,#225,.T.);
#2704=EDGE_CURVE('',#2180,#2181,#1270,.T.);
#2705=EDGE_CURVE('',#2179,#2181,#226,.T.);
#2706=EDGE_CURVE('',#2180,#2182,#1271,.T.);
#2707=EDGE_CURVE('',#2182,#2183,#1272,.T.);
#2708=EDGE_CURVE('',#2181,#2183,#1273,.T.);
#2709=EDGE_CURVE('',#2182,#2184,#1274,.T.);
#2710=EDGE_CURVE('',#2184,#2185,#1275,.T.);
#2711=EDGE_CURVE('',#2183,#2185,#1276,.T.);
#2712=EDGE_CURVE('',#2184,#2186,#227,.T.);
#2713=EDGE_CURVE('',#2186,#2187,#1277,.T.);
#2714=EDGE_CURVE('',#2185,#2187,#228,.T.);
#2715=EDGE_CURVE('',#2186,#2188,#1278,.T.);
#2716=EDGE_CURVE('',#2188,#2189,#1279,.T.);
#2717=EDGE_CURVE('',#2187,#2189,#1280,.T.);
#2718=EDGE_CURVE('',#2190,#2191,#1281,.T.);
#2719=EDGE_CURVE('',#2191,#2192,#1282,.T.);
#2720=EDGE_CURVE('',#2193,#2192,#1283,.T.);
#2721=EDGE_CURVE('',#2193,#2190,#229,.T.);
#2722=EDGE_CURVE('',#2191,#2194,#1284,.T.);
#2723=EDGE_CURVE('',#2194,#2195,#1285,.T.);
#2724=EDGE_CURVE('',#2192,#2195,#1286,.T.);
#2725=EDGE_CURVE('',#2194,#2196,#230,.T.);
#2726=EDGE_CURVE('',#2196,#2197,#1287,.T.);
#2727=EDGE_CURVE('',#2195,#2197,#231,.T.);
#2728=EDGE_CURVE('',#2196,#2198,#1288,.T.);
#2729=EDGE_CURVE('',#2198,#2199,#1289,.T.);
#2730=EDGE_CURVE('',#2197,#2199,#1290,.T.);
#2731=EDGE_CURVE('',#2198,#2170,#1291,.T.);
#2732=EDGE_CURVE('',#2199,#2173,#1292,.T.);
#2733=EDGE_CURVE('',#2200,#2179,#367,.T.);
#2734=EDGE_CURVE('',#2200,#2201,#1293,.T.);
#2735=EDGE_CURVE('',#2177,#2201,#232,.T.);
#2736=EDGE_CURVE('',#2202,#2203,#63,.T.);
#2737=EDGE_CURVE('',#2203,#2204,#233,.T.);
#2738=EDGE_CURVE('',#2175,#2204,#234,.T.);
#2739=EDGE_CURVE('',#2201,#2205,#235,.T.);
#2740=EDGE_CURVE('',#2205,#2202,#64,.T.);
#2741=EDGE_CURVE('',#2172,#2206,#368,.T.);
#2742=EDGE_CURVE('',#2204,#2206,#1294,.T.);
#2743=EDGE_CURVE('',#2207,#2208,#65,.T.);
#2744=EDGE_CURVE('',#2208,#2209,#1295,.T.);
#2745=EDGE_CURVE('',#2209,#2183,#369,.T.);
#2746=EDGE_CURVE('',#2210,#2185,#66,.T.);
#2747=EDGE_CURVE('',#2210,#2207,#1296,.T.);
#2748=EDGE_CURVE('',#2211,#2212,#1297,.T.);
#2749=EDGE_CURVE('',#2187,#2212,#236,.T.);
#2750=EDGE_CURVE('',#2211,#2189,#370,.T.);
#2751=EDGE_CURVE('',#2212,#2210,#237,.T.);
#2752=EDGE_CURVE('',#2213,#2214,#238,.T.);
#2753=EDGE_CURVE('',#2195,#2214,#239,.T.);
#2754=EDGE_CURVE('',#2213,#2197,#67,.T.);
#2755=EDGE_CURVE('',#2215,#2216,#68,.T.);
#2756=EDGE_CURVE('',#2216,#2192,#371,.T.);
#2757=EDGE_CURVE('',#2214,#2217,#1298,.T.);
#2758=EDGE_CURVE('',#2217,#2215,#69,.T.);
#2759=EDGE_CURVE('',#2218,#2219,#70,.T.);
#2760=EDGE_CURVE('',#2219,#2213,#1299,.T.);
#2761=EDGE_CURVE('',#2220,#2199,#372,.T.);
#2762=EDGE_CURVE('',#2220,#2221,#1300,.T.);
#2763=EDGE_CURVE('',#2221,#2218,#71,.T.);
#2764=EDGE_CURVE('',#2206,#2173,#373,.T.);
#2765=EDGE_CURVE('',#2206,#2220,#1301,.T.);
#2766=EDGE_CURVE('',#2222,#2223,#72,.T.);
#2767=EDGE_CURVE('',#2223,#2224,#73,.T.);
#2768=EDGE_CURVE('',#2224,#2222,#74,.T.);
#2769=EDGE_CURVE('',#2181,#2200,#374,.T.);
#2770=EDGE_CURVE('',#2225,#2226,#240,.T.);
#2771=EDGE_CURVE('',#2227,#2225,#375,.T.);
#2772=EDGE_CURVE('',#2226,#2227,#376,.T.);
#2773=EDGE_CURVE('',#2228,#2229,#241,.T.);
#2774=EDGE_CURVE('',#2230,#2228,#377,.T.);
#2775=EDGE_CURVE('',#2229,#2230,#378,.T.);
#2776=EDGE_CURVE('',#2230,#2231,#1302,.T.);
#2777=EDGE_CURVE('',#2232,#2228,#1303,.T.);
#2778=EDGE_CURVE('',#2231,#2232,#379,.T.);
#2779=EDGE_CURVE('',#2231,#2233,#1304,.T.);
#2780=EDGE_CURVE('',#2231,#2234,#380,.T.);
#2781=EDGE_CURVE('',#2235,#2234,#1305,.T.);
#2782=EDGE_CURVE('',#2233,#2235,#75,.T.);
#2783=EDGE_CURVE('',#2236,#2237,#381,.T.);
#2784=EDGE_CURVE('',#2238,#2236,#1306,.T.);
#2785=EDGE_CURVE('',#2239,#2238,#242,.T.);
#2786=EDGE_CURVE('',#2237,#2239,#1307,.T.);
#2787=EDGE_CURVE('',#2239,#2240,#243,.T.);
#2788=EDGE_CURVE('',#2233,#2238,#244,.T.);
#2789=EDGE_CURVE('',#2233,#2240,#76,.T.);
#2790=EDGE_CURVE('',#2241,#2242,#245,.T.);
#2791=EDGE_CURVE('',#2243,#2241,#77,.T.);
#2792=EDGE_CURVE('',#2244,#2243,#246,.T.);
#2793=EDGE_CURVE('',#2242,#2244,#247,.T.);
#2794=EDGE_CURVE('',#2245,#2244,#1308,.T.);
#2795=EDGE_CURVE('',#2245,#2246,#382,.T.);
#2796=EDGE_CURVE('',#2242,#2246,#1309,.T.);
#2797=EDGE_CURVE('',#2243,#2247,#1310,.T.);
#2798=EDGE_CURVE('',#2243,#2248,#78,.T.);
#2799=EDGE_CURVE('',#2249,#2248,#1311,.T.);
#2800=EDGE_CURVE('',#2247,#2249,#383,.T.);
#2801=EDGE_CURVE('',#2226,#2250,#1312,.T.);
#2802=EDGE_CURVE('',#2247,#2227,#1313,.T.);
#2803=EDGE_CURVE('',#2247,#2250,#384,.T.);
#2804=EDGE_CURVE('',#2229,#2251,#1314,.T.);
#2805=EDGE_CURVE('',#2252,#2230,#1315,.T.);
#2806=EDGE_CURVE('',#2251,#2252,#248,.T.);
#2807=EDGE_CURVE('',#2251,#2253,#249,.T.);
#2808=EDGE_CURVE('',#2254,#2252,#250,.T.);
#2809=EDGE_CURVE('',#2253,#2254,#251,.T.);
#2810=EDGE_CURVE('',#2253,#2225,#1316,.T.);
#2811=EDGE_CURVE('',#2227,#2254,#1317,.T.);
#2812=EDGE_CURVE('',#2255,#2256,#1318,.T.);
#2813=EDGE_CURVE('',#2256,#2257,#252,.T.);
#2814=EDGE_CURVE('',#2257,#2237,#1319,.T.);
#2815=EDGE_CURVE('',#2237,#2258,#1320,.T.);
#2816=EDGE_CURVE('',#2258,#2255,#1321,.T.);
#2817=EDGE_CURVE('',#2236,#2245,#1322,.T.);
#2818=EDGE_CURVE('',#2259,#2259,#253,.T.);
#2819=EDGE_CURVE('',#2260,#2260,#254,.T.);
#2820=EDGE_CURVE('',#2261,#2262,#1323,.T.);
#2821=EDGE_CURVE('',#2263,#2262,#255,.T.);
#2822=EDGE_CURVE('',#2263,#2264,#1324,.T.);
#2823=EDGE_CURVE('',#2265,#2264,#256,.T.);
#2824=EDGE_CURVE('',#2265,#2266,#1325,.T.);
#2825=EDGE_CURVE('',#2267,#2266,#257,.T.);
#2826=EDGE_CURVE('',#2267,#2268,#1326,.T.);
#2827=EDGE_CURVE('',#2261,#2268,#258,.T.);
#2828=EDGE_CURVE('',#2269,#2269,#259,.T.);
#2829=EDGE_CURVE('',#2232,#2234,#260,.T.);
#2830=EDGE_CURVE('',#2235,#2240,#261,.T.);
#2831=EDGE_CURVE('',#2241,#2248,#262,.T.);
#2832=EDGE_CURVE('',#2249,#2250,#263,.T.);
#2833=EDGE_CURVE('',#2270,#2270,#264,.T.);
#2834=EDGE_CURVE('',#2270,#2269,#1327,.T.);
#2835=EDGE_CURVE('',#2271,#2271,#265,.T.);
#2836=EDGE_CURVE('',#2271,#2260,#1328,.T.);
#2837=EDGE_CURVE('',#2272,#2272,#266,.T.);
#2838=EDGE_CURVE('',#2272,#2259,#1329,.T.);
#2839=EDGE_CURVE('',#2266,#2273,#1330,.T.);
#2840=EDGE_CURVE('',#2274,#2265,#1331,.T.);
#2841=EDGE_CURVE('',#2273,#2274,#1332,.T.);
#2842=EDGE_CURVE('',#2275,#2274,#267,.T.);
#2843=EDGE_CURVE('',#2264,#2275,#1333,.T.);
#2844=EDGE_CURVE('',#2276,#2263,#1334,.T.);
#2845=EDGE_CURVE('',#2275,#2276,#1335,.T.);
#2846=EDGE_CURVE('',#2277,#2276,#268,.T.);
#2847=EDGE_CURVE('',#2262,#2277,#1336,.T.);
#2848=EDGE_CURVE('',#2268,#2278,#1337,.T.);
#2849=EDGE_CURVE('',#2279,#2267,#1338,.T.);
#2850=EDGE_CURVE('',#2278,#2279,#1339,.T.);
#2851=EDGE_CURVE('',#2273,#2279,#269,.T.);
#2852=EDGE_CURVE('',#2280,#2261,#1340,.T.);
#2853=EDGE_CURVE('',#2277,#2280,#1341,.T.);
#2854=EDGE_CURVE('',#2278,#2280,#270,.T.);
#2855=EDGE_CURVE('',#2188,#2281,#1342,.T.);
#2856=EDGE_CURVE('',#2281,#2282,#271,.T.);
#2857=EDGE_CURVE('',#2189,#2282,#1343,.T.);
#2858=EDGE_CURVE('',#2257,#2283,#79,.T.);
#2859=EDGE_CURVE('',#2246,#2283,#1344,.T.);
#2860=EDGE_CURVE('',#2284,#2285,#1345,.T.);
#2861=EDGE_CURVE('',#2285,#2286,#272,.T.);
#2862=EDGE_CURVE('',#2286,#2287,#1346,.T.);
#2863=EDGE_CURVE('',#2287,#2288,#273,.T.);
#2864=EDGE_CURVE('',#2288,#2284,#1347,.T.);
#2865=EDGE_CURVE('',#2285,#2190,#1348,.T.);
#2866=EDGE_CURVE('',#2282,#2193,#80,.T.);
#2867=EDGE_CURVE('',#2289,#2281,#274,.T.);
#2868=EDGE_CURVE('',#2289,#2286,#1349,.T.);
#2869=EDGE_CURVE('',#2290,#2289,#1350,.T.);
#2870=EDGE_CURVE('',#2290,#2287,#1351,.T.);
#2871=EDGE_CURVE('',#2291,#2290,#275,.T.);
#2872=EDGE_CURVE('',#2281,#2292,#1352,.T.);
#2873=EDGE_CURVE('',#2291,#2292,#1353,.T.);
#2874=EDGE_CURVE('',#2256,#2288,#1354,.T.);
#2875=EDGE_CURVE('',#2293,#2291,#1355,.T.);
#2876=EDGE_CURVE('',#2283,#2293,#276,.T.);
#2877=EDGE_CURVE('',#2294,#2295,#81,.T.);
#2878=EDGE_CURVE('',#2295,#2296,#82,.T.);
#2879=EDGE_CURVE('',#2296,#2297,#83,.T.);
#2880=EDGE_CURVE('',#2297,#2200,#1356,.T.);
#2881=EDGE_CURVE('',#2209,#2294,#1357,.T.);
#2882=EDGE_CURVE('',#2295,#2298,#1358,.T.);
#2883=EDGE_CURVE('',#2299,#2298,#84,.T.);
#2884=EDGE_CURVE('',#2296,#2299,#1359,.T.);
#2885=EDGE_CURVE('',#2300,#2299,#85,.T.);
#2886=EDGE_CURVE('',#2297,#2300,#1360,.T.);
#2887=EDGE_CURVE('',#2294,#2301,#1361,.T.);
#2888=EDGE_CURVE('',#2298,#2301,#86,.T.);
#2889=EDGE_CURVE('',#2297,#2302,#87,.T.);
#2890=EDGE_CURVE('',#2303,#2300,#88,.T.);
#2891=EDGE_CURVE('',#2302,#2303,#1362,.T.);
#2892=EDGE_CURVE('',#2302,#2294,#89,.T.);
#2893=EDGE_CURVE('',#2301,#2303,#90,.T.);
#2894=EDGE_CURVE('',#2301,#2300,#1363,.T.);
#2895=EDGE_CURVE('',#2223,#2304,#1364,.T.);
#2896=EDGE_CURVE('',#2305,#2304,#91,.T.);
#2897=EDGE_CURVE('',#2224,#2305,#1365,.T.);
#2898=EDGE_CURVE('',#2306,#2305,#92,.T.);
#2899=EDGE_CURVE('',#2222,#2306,#1366,.T.);
#2900=EDGE_CURVE('',#2304,#2306,#93,.T.);
#2901=EDGE_CURVE('',#2307,#2308,#94,.T.);
#2902=EDGE_CURVE('',#2307,#2309,#1367,.T.);
#2903=EDGE_CURVE('',#2310,#2309,#95,.T.);
#2904=EDGE_CURVE('',#2308,#2310,#1368,.T.);
#2905=EDGE_CURVE('',#2308,#2307,#96,.T.);
#2906=EDGE_CURVE('',#2309,#2310,#97,.T.);
#2907=EDGE_CURVE('',#2311,#2312,#98,.T.);
#2908=EDGE_CURVE('',#2311,#2313,#1369,.T.);
#2909=EDGE_CURVE('',#2314,#2313,#99,.T.);
#2910=EDGE_CURVE('',#2312,#2314,#1370,.T.);
#2911=EDGE_CURVE('',#2312,#2207,#100,.T.);
#2912=EDGE_CURVE('',#2315,#2314,#101,.T.);
#2913=EDGE_CURVE('',#2207,#2315,#1371,.T.);
#2914=EDGE_CURVE('',#2208,#2311,#102,.T.);
#2915=EDGE_CURVE('',#2208,#2316,#1372,.T.);
#2916=EDGE_CURVE('',#2313,#2316,#103,.T.);
#2917=EDGE_CURVE('',#2316,#2315,#104,.T.);
#2918=EDGE_CURVE('',#2315,#2316,#1373,.T.);
#2919=EDGE_CURVE('',#2219,#2317,#105,.T.);
#2920=EDGE_CURVE('',#2219,#2318,#1374,.T.);
#2921=EDGE_CURVE('',#2319,#2318,#106,.T.);
#2922=EDGE_CURVE('',#2317,#2319,#1375,.T.);
#2923=EDGE_CURVE('',#2317,#2221,#107,.T.);
#2924=EDGE_CURVE('',#2320,#2319,#108,.T.);
#2925=EDGE_CURVE('',#2221,#2320,#1376,.T.);
#2926=EDGE_CURVE('',#2218,#2321,#1377,.T.);
#2927=EDGE_CURVE('',#2318,#2321,#109,.T.);
#2928=EDGE_CURVE('',#2321,#2320,#110,.T.);
#2929=EDGE_CURVE('',#2320,#2318,#1378,.T.);
#2930=EDGE_CURVE('',#2203,#2322,#111,.T.);
#2931=EDGE_CURVE('',#2203,#2323,#1379,.T.);
#2932=EDGE_CURVE('',#2324,#2323,#112,.T.);
#2933=EDGE_CURVE('',#2322,#2324,#1380,.T.);
#2934=EDGE_CURVE('',#2322,#2325,#1381,.T.);
#2935=EDGE_CURVE('',#2326,#2324,#1382,.T.);
#2936=EDGE_CURVE('',#2325,#2326,#1383,.T.);
#2937=EDGE_CURVE('',#2325,#2205,#113,.T.);
#2938=EDGE_CURVE('',#2327,#2326,#114,.T.);
#2939=EDGE_CURVE('',#2205,#2327,#1384,.T.);
#2940=EDGE_CURVE('',#2202,#2328,#1385,.T.);
#2941=EDGE_CURVE('',#2323,#2328,#115,.T.);
#2942=EDGE_CURVE('',#2328,#2327,#116,.T.);
#2943=EDGE_CURVE('',#2327,#2323,#277,.T.);
#2944=EDGE_CURVE('',#2329,#2330,#117,.T.);
#2945=EDGE_CURVE('',#2331,#2330,#1386,.T.);
#2946=EDGE_CURVE('',#2329,#2331,#1387,.T.);
#2947=EDGE_CURVE('',#2332,#2217,#118,.T.);
#2948=EDGE_CURVE('',#2332,#2211,#1388,.T.);
#2949=EDGE_CURVE('',#2216,#2332,#119,.T.);
#2950=EDGE_CURVE('',#2330,#2333,#120,.T.);
#2951=EDGE_CURVE('',#2331,#2333,#385,.T.);
#2952=EDGE_CURVE('',#2334,#2329,#121,.T.);
#2953=EDGE_CURVE('',#2333,#2334,#122,.T.);
#2954=EDGE_CURVE('',#2215,#2335,#1389,.T.);
#2955=EDGE_CURVE('',#2336,#2335,#123,.T.);
#2956=EDGE_CURVE('',#2216,#2336,#1390,.T.);
#2957=EDGE_CURVE('',#2337,#2336,#124,.T.);
#2958=EDGE_CURVE('',#2332,#2337,#1391,.T.);
#2959=EDGE_CURVE('',#2330,#2338,#1392,.T.);
#2960=EDGE_CURVE('',#2339,#2338,#125,.T.);
#2961=EDGE_CURVE('',#2333,#2339,#1393,.T.);
#2962=EDGE_CURVE('',#2340,#2339,#126,.T.);
#2963=EDGE_CURVE('',#2334,#2340,#1394,.T.);
#2964=EDGE_CURVE('',#2341,#2337,#127,.T.);
#2965=EDGE_CURVE('',#2217,#2341,#1395,.T.);
#2966=EDGE_CURVE('',#2329,#2342,#1396,.T.);
#2967=EDGE_CURVE('',#2338,#2342,#128,.T.);
#2968=EDGE_CURVE('',#2335,#2341,#129,.T.);
#2969=EDGE_CURVE('',#2342,#2340,#130,.T.);
#2970=EDGE_CURVE('',#2338,#2337,#1397,.T.);
#2971=EDGE_CURVE('',#2339,#2336,#386,.T.);
#2972=EDGE_CURVE('',#2341,#2342,#1398,.T.);
#2973=EDGE_CURVE('',#2343,#2239,#1399,.T.);
#2974=EDGE_CURVE('',#2343,#2258,#1400,.T.);
#2975=EDGE_CURVE('',#2344,#2240,#1401,.T.);
#2976=EDGE_CURVE('',#2344,#2343,#278,.T.);
#2977=EDGE_CURVE('',#2345,#2235,#1402,.T.);
#2978=EDGE_CURVE('',#2345,#2344,#279,.T.);
#2979=EDGE_CURVE('',#2346,#2234,#1403,.T.);
#2980=EDGE_CURVE('',#2346,#2345,#1404,.T.);
#2981=EDGE_CURVE('',#2347,#2232,#1405,.T.);
#2982=EDGE_CURVE('',#2347,#2346,#280,.T.);
#2983=EDGE_CURVE('',#2348,#2228,#1406,.T.);
#2984=EDGE_CURVE('',#2348,#2347,#1407,.T.);
#2985=EDGE_CURVE('',#2349,#2229,#1408,.T.);
#2986=EDGE_CURVE('',#2349,#2348,#281,.T.);
#2987=EDGE_CURVE('',#2350,#2251,#1409,.T.);
#2988=EDGE_CURVE('',#2350,#2349,#1410,.T.);
#2989=EDGE_CURVE('',#2351,#2253,#1411,.T.);
#2990=EDGE_CURVE('',#2351,#2350,#282,.T.);
#2991=EDGE_CURVE('',#2352,#2225,#1412,.T.);
#2992=EDGE_CURVE('',#2352,#2351,#1413,.T.);
#2993=EDGE_CURVE('',#2353,#2226,#1414,.T.);
#2994=EDGE_CURVE('',#2353,#2352,#283,.T.);
#2995=EDGE_CURVE('',#2354,#2250,#1415,.T.);
#2996=EDGE_CURVE('',#2354,#2353,#1416,.T.);
#2997=EDGE_CURVE('',#2355,#2249,#1417,.T.);
#2998=EDGE_CURVE('',#2355,#2354,#284,.T.);
#2999=EDGE_CURVE('',#2356,#2248,#1418,.T.);
#3000=EDGE_CURVE('',#2356,#2355,#1419,.T.);
#3001=EDGE_CURVE('',#2357,#2241,#1420,.T.);
#3002=EDGE_CURVE('',#2357,#2356,#285,.T.);
#3003=EDGE_CURVE('',#2358,#2242,#1421,.T.);
#3004=EDGE_CURVE('',#2358,#2357,#286,.T.);
#3005=EDGE_CURVE('',#2246,#2359,#1422,.T.);
#3006=EDGE_CURVE('',#2359,#2358,#1423,.T.);
#3007=EDGE_CURVE('',#2293,#2360,#1424,.T.);
#3008=EDGE_CURVE('',#2360,#2359,#1425,.T.);
#3009=EDGE_CURVE('',#2255,#2284,#1426,.T.);
#3010=EDGE_CURVE('',#2292,#2360,#1427,.T.);
#3011=EDGE_CURVE('',#2361,#2362,#1428,.T.);
#3012=EDGE_CURVE('',#2361,#2363,#287,.T.);
#3013=EDGE_CURVE('',#2364,#2363,#1429,.T.);
#3014=EDGE_CURVE('',#2362,#2364,#288,.T.);
#3015=EDGE_CURVE('',#2365,#2366,#1430,.T.);
#3016=EDGE_CURVE('',#2364,#2365,#1431,.T.);
#3017=EDGE_CURVE('',#2363,#2366,#1432,.T.);
#3018=EDGE_CURVE('',#2367,#2361,#289,.T.);
#3019=EDGE_CURVE('',#2366,#2367,#290,.T.);
#3020=EDGE_CURVE('',#2362,#2368,#291,.T.);
#3021=EDGE_CURVE('',#2368,#2369,#1433,.T.);
#3022=EDGE_CURVE('',#2370,#2369,#292,.T.);
#3023=EDGE_CURVE('',#2367,#2370,#1434,.T.);
#3024=EDGE_CURVE('',#2371,#2365,#293,.T.);
#3025=EDGE_CURVE('',#2372,#2371,#1435,.T.);
#3026=EDGE_CURVE('',#2373,#2372,#294,.T.);
#3027=EDGE_CURVE('',#2374,#2373,#1436,.T.);
#3028=EDGE_CURVE('',#2375,#2374,#295,.T.);
#3029=EDGE_CURVE('',#2376,#2375,#1437,.T.);
#3030=EDGE_CURVE('',#2377,#2376,#296,.T.);
#3031=EDGE_CURVE('',#2378,#2377,#1438,.T.);
#3032=EDGE_CURVE('',#2379,#2378,#297,.T.);
#3033=EDGE_CURVE('',#2368,#2379,#1439,.T.);
#3034=EDGE_CURVE('',#2379,#2380,#1440,.T.);
#3035=EDGE_CURVE('',#2369,#2380,#1441,.T.);
#3036=EDGE_CURVE('',#2378,#2381,#1442,.T.);
#3037=EDGE_CURVE('',#2380,#2381,#298,.T.);
#3038=EDGE_CURVE('',#2377,#2382,#1443,.T.);
#3039=EDGE_CURVE('',#2381,#2382,#1444,.T.);
#3040=EDGE_CURVE('',#2376,#2383,#1445,.T.);
#3041=EDGE_CURVE('',#2382,#2383,#299,.T.);
#3042=EDGE_CURVE('',#2375,#2384,#1446,.T.);
#3043=EDGE_CURVE('',#2383,#2384,#1447,.T.);
#3044=EDGE_CURVE('',#2374,#2385,#1448,.T.);
#3045=EDGE_CURVE('',#2384,#2385,#300,.T.);
#3046=EDGE_CURVE('',#2386,#2370,#301,.T.);
#3047=EDGE_CURVE('',#2371,#2386,#1449,.T.);
#3048=EDGE_CURVE('',#2387,#2386,#1450,.T.);
#3049=EDGE_CURVE('',#2372,#2387,#1451,.T.);
#3050=EDGE_CURVE('',#2388,#2387,#302,.T.);
#3051=EDGE_CURVE('',#2373,#2388,#1452,.T.);
#3052=EDGE_CURVE('',#2385,#2388,#1453,.T.);
#3053=EDGE_CURVE('',#2389,#2390,#1454,.T.);
#3054=EDGE_CURVE('',#2391,#2389,#303,.T.);
#3055=EDGE_CURVE('',#2392,#2391,#1455,.T.);
#3056=EDGE_CURVE('',#2390,#2392,#304,.T.);
#3057=EDGE_CURVE('',#2393,#2389,#1456,.T.);
#3058=EDGE_CURVE('',#2394,#2393,#305,.T.);
#3059=EDGE_CURVE('',#2391,#2394,#1457,.T.);
#3060=EDGE_CURVE('',#2392,#2395,#1458,.T.);
#3061=EDGE_CURVE('',#2396,#2395,#306,.T.);
#3062=EDGE_CURVE('',#2390,#2396,#1459,.T.);
#3063=EDGE_CURVE('',#2394,#2397,#1460,.T.);
#3064=EDGE_CURVE('',#2397,#2398,#1461,.T.);
#3065=EDGE_CURVE('',#2395,#2398,#1462,.T.);
#3066=EDGE_CURVE('',#2399,#2393,#1463,.T.);
#3067=EDGE_CURVE('',#2397,#2399,#307,.T.);
#3068=EDGE_CURVE('',#2399,#2400,#1464,.T.);
#3069=EDGE_CURVE('',#2398,#2400,#308,.T.);
#3070=EDGE_CURVE('',#2400,#2396,#1465,.T.);
#3071=EDGE_CURVE('',#2401,#2401,#309,.T.);
#3072=EDGE_CURVE('',#2401,#2402,#1466,.T.);
#3073=EDGE_CURVE('',#2402,#2402,#310,.T.);
#3074=EDGE_CURVE('',#2403,#2403,#311,.T.);
#3075=EDGE_CURVE('',#2404,#2404,#312,.T.);
#3076=EDGE_CURVE('',#2404,#2405,#1467,.T.);
#3077=EDGE_CURVE('',#2405,#2405,#313,.T.);
#3078=EDGE_CURVE('',#2406,#2406,#314,.T.);
#3079=EDGE_CURVE('',#2407,#2407,#315,.T.);
#3080=EDGE_CURVE('',#2407,#2408,#1468,.T.);
#3081=EDGE_CURVE('',#2408,#2408,#316,.T.);
#3082=EDGE_CURVE('',#2409,#2409,#317,.T.);
#3083=EDGE_CURVE('',#2410,#2410,#318,.T.);
#3084=EDGE_CURVE('',#2410,#2411,#1469,.T.);
#3085=EDGE_CURVE('',#2411,#2411,#319,.T.);
#3086=EDGE_CURVE('',#2412,#2412,#320,.T.);
#3087=EDGE_CURVE('',#2413,#2413,#321,.T.);
#3088=EDGE_CURVE('',#2413,#2403,#1470,.T.);
#3089=EDGE_CURVE('',#2414,#2414,#322,.T.);
#3090=EDGE_CURVE('',#2414,#2412,#1471,.T.);
#3091=EDGE_CURVE('',#2415,#2415,#323,.T.);
#3092=EDGE_CURVE('',#2415,#2409,#1472,.T.);
#3093=EDGE_CURVE('',#2416,#2416,#324,.T.);
#3094=EDGE_CURVE('',#2416,#2406,#1473,.T.);
#3095=EDGE_CURVE('',#2417,#2418,#1474,.T.);
#3096=EDGE_CURVE('',#2418,#2419,#1475,.T.);
#3097=EDGE_CURVE('',#2420,#2419,#1476,.T.);
#3098=EDGE_CURVE('',#2417,#2420,#1477,.T.);
#3099=EDGE_CURVE('',#2421,#2422,#1478,.T.);
#3100=EDGE_CURVE('',#2422,#2423,#1479,.T.);
#3101=EDGE_CURVE('',#2424,#2423,#1480,.T.);
#3102=EDGE_CURVE('',#2421,#2424,#1481,.T.);
#3103=EDGE_CURVE('',#2425,#2426,#1482,.T.);
#3104=EDGE_CURVE('',#2425,#2427,#1483,.T.);
#3105=EDGE_CURVE('',#2428,#2427,#1484,.T.);
#3106=EDGE_CURVE('',#2426,#2428,#1485,.T.);
#3107=EDGE_CURVE('',#2429,#2430,#1486,.T.);
#3108=EDGE_CURVE('',#2430,#2431,#1487,.T.);
#3109=EDGE_CURVE('',#2432,#2431,#1488,.T.);
#3110=EDGE_CURVE('',#2429,#2432,#1489,.T.);
#3111=EDGE_CURVE('',#2433,#2434,#1490,.T.);
#3112=EDGE_CURVE('',#2434,#2435,#325,.T.);
#3113=EDGE_CURVE('',#2435,#2436,#326,.T.);
#3114=EDGE_CURVE('',#2436,#2437,#1491,.T.);
#3115=EDGE_CURVE('',#2437,#2438,#327,.T.);
#3116=EDGE_CURVE('',#2438,#2439,#1492,.T.);
#3117=EDGE_CURVE('',#2439,#2440,#328,.T.);
#3118=EDGE_CURVE('',#2440,#2441,#1493,.T.);
#3119=EDGE_CURVE('',#2441,#2442,#329,.T.);
#3120=EDGE_CURVE('',#2442,#2443,#1494,.T.);
#3121=EDGE_CURVE('',#2443,#2444,#330,.T.);
#3122=EDGE_CURVE('',#2444,#2445,#1495,.T.);
#3123=EDGE_CURVE('',#2445,#2446,#331,.T.);
#3124=EDGE_CURVE('',#2446,#2447,#1496,.T.);
#3125=EDGE_CURVE('',#2447,#2448,#332,.T.);
#3126=EDGE_CURVE('',#2448,#2449,#333,.T.);
#3127=EDGE_CURVE('',#2449,#2450,#1497,.T.);
#3128=EDGE_CURVE('',#2450,#2432,#1498,.T.);
#3129=EDGE_CURVE('',#2431,#2428,#1499,.T.);
#3130=EDGE_CURVE('',#2427,#2451,#1500,.T.);
#3131=EDGE_CURVE('',#2451,#2452,#1501,.T.);
#3132=EDGE_CURVE('',#2452,#2453,#334,.T.);
#3133=EDGE_CURVE('',#2453,#2454,#1502,.T.);
#3134=EDGE_CURVE('',#2454,#2455,#1503,.T.);
#3135=EDGE_CURVE('',#2455,#2456,#335,.T.);
#3136=EDGE_CURVE('',#2456,#2457,#1504,.T.);
#3137=EDGE_CURVE('',#2457,#2458,#336,.T.);
#3138=EDGE_CURVE('',#2458,#2459,#1505,.T.);
#3139=EDGE_CURVE('',#2459,#2460,#337,.T.);
#3140=EDGE_CURVE('',#2460,#2461,#1506,.T.);
#3141=EDGE_CURVE('',#2461,#2462,#1507,.T.);
#3142=EDGE_CURVE('',#2462,#2463,#338,.T.);
#3143=EDGE_CURVE('',#2463,#2464,#1508,.T.);
#3144=EDGE_CURVE('',#2464,#2424,#1509,.T.);
#3145=EDGE_CURVE('',#2423,#2420,#1510,.T.);
#3146=EDGE_CURVE('',#2419,#2433,#1511,.T.);
#3147=EDGE_CURVE('',#2465,#2466,#387,.T.);
#3148=EDGE_CURVE('',#2466,#2467,#1512,.T.);
#3149=EDGE_CURVE('',#2467,#2468,#388,.T.);
#3150=EDGE_CURVE('',#2468,#2465,#1513,.T.);
#3151=EDGE_CURVE('',#2469,#2468,#1514,.T.);
#3152=EDGE_CURVE('',#2470,#2469,#1515,.T.);
#3153=EDGE_CURVE('',#2470,#2465,#1516,.T.);
#3154=EDGE_CURVE('',#2471,#2467,#1517,.T.);
#3155=EDGE_CURVE('',#2469,#2471,#1518,.T.);
#3156=EDGE_CURVE('',#2472,#2470,#1519,.T.);
#3157=EDGE_CURVE('',#2472,#2466,#1520,.T.);
#3158=EDGE_CURVE('',#2471,#2472,#1521,.T.);
#3159=EDGE_CURVE('',#2473,#2474,#389,.T.);
#3160=EDGE_CURVE('',#2474,#2475,#1522,.T.);
#3161=EDGE_CURVE('',#2475,#2476,#390,.T.);
#3162=EDGE_CURVE('',#2476,#2473,#1523,.T.);
#3163=EDGE_CURVE('',#2477,#2476,#1524,.T.);
#3164=EDGE_CURVE('',#2478,#2477,#1525,.T.);
#3165=EDGE_CURVE('',#2478,#2473,#1526,.T.);
#3166=EDGE_CURVE('',#2479,#2475,#1527,.T.);
#3167=EDGE_CURVE('',#2477,#2479,#1528,.T.);
#3168=EDGE_CURVE('',#2480,#2478,#1529,.T.);
#3169=EDGE_CURVE('',#2480,#2474,#1530,.T.);
#3170=EDGE_CURVE('',#2479,#2480,#1531,.T.);
#3171=EDGE_CURVE('',#2481,#2482,#391,.T.);
#3172=EDGE_CURVE('',#2482,#2483,#1532,.T.);
#3173=EDGE_CURVE('',#2483,#2484,#392,.T.);
#3174=EDGE_CURVE('',#2484,#2481,#1533,.T.);
#3175=EDGE_CURVE('',#2485,#2484,#1534,.T.);
#3176=EDGE_CURVE('',#2486,#2485,#1535,.T.);
#3177=EDGE_CURVE('',#2486,#2481,#1536,.T.);
#3178=EDGE_CURVE('',#2487,#2483,#1537,.T.);
#3179=EDGE_CURVE('',#2485,#2487,#1538,.T.);
#3180=EDGE_CURVE('',#2488,#2482,#1539,.T.);
#3181=EDGE_CURVE('',#2487,#2488,#1540,.T.);
#3182=EDGE_CURVE('',#2488,#2486,#1541,.T.);
#3183=EDGE_CURVE('',#2489,#2490,#393,.T.);
#3184=EDGE_CURVE('',#2490,#2491,#1542,.T.);
#3185=EDGE_CURVE('',#2491,#2492,#394,.T.);
#3186=EDGE_CURVE('',#2492,#2489,#1543,.T.);
#3187=EDGE_CURVE('',#2493,#2492,#1544,.T.);
#3188=EDGE_CURVE('',#2494,#2493,#1545,.T.);
#3189=EDGE_CURVE('',#2494,#2489,#1546,.T.);
#3190=EDGE_CURVE('',#2495,#2491,#1547,.T.);
#3191=EDGE_CURVE('',#2493,#2495,#1548,.T.);
#3192=EDGE_CURVE('',#2496,#2490,#1549,.T.);
#3193=EDGE_CURVE('',#2495,#2496,#1550,.T.);
#3194=EDGE_CURVE('',#2496,#2494,#1551,.T.);
#3195=EDGE_CURVE('',#2497,#2421,#339,.T.);
#3196=EDGE_CURVE('',#2498,#2497,#131,.T.);
#3197=EDGE_CURVE('',#2425,#2498,#340,.T.);
#3198=EDGE_CURVE('',#2422,#2426,#341,.T.);
#3199=EDGE_CURVE('',#2430,#2417,#342,.T.);
#3200=EDGE_CURVE('',#2450,#2499,#1552,.T.);
#3201=EDGE_CURVE('',#2499,#2500,#1553,.T.);
#3202=EDGE_CURVE('',#2433,#2500,#1554,.T.);
#3203=EDGE_CURVE('',#2418,#2429,#343,.T.);
#3204=EDGE_CURVE('',#2501,#2464,#1555,.T.);
#3205=EDGE_CURVE('',#2497,#2501,#1556,.T.);
#3206=EDGE_CURVE('',#2502,#2501,#395,.T.);
#3207=EDGE_CURVE('',#2502,#2503,#1557,.T.);
#3208=EDGE_CURVE('',#2503,#2504,#396,.T.);
#3209=EDGE_CURVE('',#2504,#2498,#1558,.T.);
#3210=EDGE_CURVE('',#2505,#2506,#344,.T.);
#3211=EDGE_CURVE('',#2506,#2507,#397,.T.);
#3212=EDGE_CURVE('',#2507,#2505,#398,.T.);
#3213=EDGE_CURVE('',#2508,#2509,#345,.T.);
#3214=EDGE_CURVE('',#2509,#2510,#399,.T.);
#3215=EDGE_CURVE('',#2510,#2508,#400,.T.);
#3216=EDGE_CURVE('',#2507,#2511,#1559,.T.);
#3217=EDGE_CURVE('',#2511,#2512,#401,.T.);
#3218=EDGE_CURVE('',#2512,#2505,#1560,.T.);
#3219=EDGE_CURVE('',#2513,#2512,#1561,.T.);
#3220=EDGE_CURVE('',#2511,#2514,#1562,.T.);
#3221=EDGE_CURVE('',#2514,#2513,#132,.T.);
#3222=EDGE_CURVE('',#2501,#2515,#1563,.T.);
#3223=EDGE_CURVE('',#2515,#2516,#346,.T.);
#3224=EDGE_CURVE('',#2516,#2502,#1564,.T.);
#3225=EDGE_CURVE('',#2514,#2516,#347,.T.);
#3226=EDGE_CURVE('',#2515,#2513,#348,.T.);
#3227=EDGE_CURVE('',#2503,#2517,#1565,.T.);
#3228=EDGE_CURVE('',#2517,#2518,#349,.T.);
#3229=EDGE_CURVE('',#2518,#2504,#1566,.T.);
#3230=EDGE_CURVE('',#2519,#2518,#350,.T.);
#3231=EDGE_CURVE('',#2517,#2520,#351,.T.);
#3232=EDGE_CURVE('',#2520,#2519,#133,.T.);
#3233=EDGE_CURVE('',#2520,#2521,#1567,.T.);
#3234=EDGE_CURVE('',#2521,#2522,#402,.T.);
#3235=EDGE_CURVE('',#2522,#2519,#1568,.T.);
#3236=EDGE_CURVE('',#2509,#2522,#1569,.T.);
#3237=EDGE_CURVE('',#2521,#2510,#1570,.T.);
#3238=EDGE_CURVE('',#2510,#2523,#1571,.T.);
#3239=EDGE_CURVE('',#2523,#2524,#352,.T.);
#3240=EDGE_CURVE('',#2524,#2508,#1572,.T.);
#3241=EDGE_CURVE('',#2525,#2526,#353,.T.);
#3242=EDGE_CURVE('',#2526,#2524,#354,.T.);
#3243=EDGE_CURVE('',#2523,#2525,#355,.T.);
#3244=EDGE_CURVE('',#2506,#2526,#1573,.T.);
#3245=EDGE_CURVE('',#2525,#2507,#1574,.T.);
#3246=EDGE_CURVE('',#2526,#2458,#1575,.T.);
#3247=EDGE_CURVE('',#2524,#2457,#1576,.T.);
#3248=EDGE_CURVE('',#2506,#2459,#1577,.T.);
#3249=EDGE_CURVE('',#2505,#2460,#1578,.T.);
#3250=EDGE_CURVE('',#2512,#2461,#1579,.T.);
#3251=EDGE_CURVE('',#2513,#2462,#1580,.T.);
#3252=EDGE_CURVE('',#2515,#2463,#1581,.T.);
#3253=EDGE_CURVE('',#2527,#2437,#1582,.T.);
#3254=EDGE_CURVE('',#2527,#2528,#356,.T.);
#3255=EDGE_CURVE('',#2528,#2438,#1583,.T.);
#3256=EDGE_CURVE('',#2529,#2435,#1584,.T.);
#3257=EDGE_CURVE('',#2529,#2530,#357,.T.);
#3258=EDGE_CURVE('',#2530,#2436,#1585,.T.);
#3259=EDGE_CURVE('',#2531,#2447,#1586,.T.);
#3260=EDGE_CURVE('',#2531,#2532,#358,.T.);
#3261=EDGE_CURVE('',#2532,#2448,#1587,.T.);
#3262=EDGE_CURVE('',#2533,#2445,#1588,.T.);
#3263=EDGE_CURVE('',#2533,#2534,#359,.T.);
#3264=EDGE_CURVE('',#2534,#2446,#1589,.T.);
#3265=EDGE_CURVE('',#2535,#2533,#1590,.T.);
#3266=EDGE_CURVE('',#2536,#2535,#360,.T.);
#3267=EDGE_CURVE('',#2537,#2536,#1591,.T.);
#3268=EDGE_CURVE('',#2538,#2537,#361,.T.);
#3269=EDGE_CURVE('',#2539,#2538,#1592,.T.);
#3270=EDGE_CURVE('',#2540,#2539,#362,.T.);
#3271=EDGE_CURVE('',#2528,#2540,#1593,.T.);
#3272=EDGE_CURVE('',#2530,#2527,#1594,.T.);
#3273=EDGE_CURVE('',#2541,#2529,#363,.T.);
#3274=EDGE_CURVE('',#2500,#2541,#1595,.T.);
#3275=EDGE_CURVE('',#2542,#2499,#1596,.T.);
#3276=EDGE_CURVE('',#2532,#2542,#364,.T.);
#3277=EDGE_CURVE('',#2534,#2531,#1597,.T.);
#3278=EDGE_CURVE('',#2539,#2440,#1598,.T.);
#3279=EDGE_CURVE('',#2540,#2439,#1599,.T.);
#3280=EDGE_CURVE('',#2541,#2434,#1600,.T.);
#3281=EDGE_CURVE('',#2542,#2449,#1601,.T.);
#3282=EDGE_CURVE('',#2535,#2444,#1602,.T.);
#3283=EDGE_CURVE('',#2536,#2443,#1603,.T.);
#3284=EDGE_CURVE('',#2537,#2442,#1604,.T.);
#3285=EDGE_CURVE('',#2538,#2441,#1605,.T.);
#3286=EDGE_CURVE('',#2508,#2456,#1606,.T.);
#3287=EDGE_CURVE('',#2509,#2455,#1607,.T.);
#3288=EDGE_CURVE('',#2522,#2454,#1608,.T.);
#3289=EDGE_CURVE('',#2519,#2453,#1609,.T.);
#3290=EDGE_CURVE('',#2518,#2452,#1610,.T.);
#3291=EDGE_CURVE('',#2504,#2451,#1611,.T.);
#3292=ORIENTED_EDGE('',*,*,#2543,.T.);
#3293=ORIENTED_EDGE('',*,*,#2544,.F.);
#3294=ORIENTED_EDGE('',*,*,#2545,.F.);
#3295=ORIENTED_EDGE('',*,*,#2546,.F.);
#3296=ORIENTED_EDGE('',*,*,#2547,.F.);
#3297=ORIENTED_EDGE('',*,*,#2544,.T.);
#3298=ORIENTED_EDGE('',*,*,#2548,.T.);
#3299=ORIENTED_EDGE('',*,*,#2546,.T.);
#3300=ORIENTED_EDGE('',*,*,#2549,.F.);
#3301=ORIENTED_EDGE('',*,*,#2550,.F.);
#3302=ORIENTED_EDGE('',*,*,#2543,.F.);
#3303=ORIENTED_EDGE('',*,*,#2551,.F.);
#3304=ORIENTED_EDGE('',*,*,#2549,.T.);
#3305=ORIENTED_EDGE('',*,*,#2548,.F.);
#3306=ORIENTED_EDGE('',*,*,#2552,.F.);
#3307=ORIENTED_EDGE('',*,*,#2553,.F.);
#3308=ORIENTED_EDGE('',*,*,#2554,.T.);
#3309=ORIENTED_EDGE('',*,*,#2555,.T.);
#3310=ORIENTED_EDGE('',*,*,#2556,.F.);
#3311=ORIENTED_EDGE('',*,*,#2554,.F.);
#3312=ORIENTED_EDGE('',*,*,#2557,.F.);
#3313=ORIENTED_EDGE('',*,*,#2555,.F.);
#3314=ORIENTED_EDGE('',*,*,#2558,.F.);
#3315=ORIENTED_EDGE('',*,*,#2559,.T.);
#3316=ORIENTED_EDGE('',*,*,#2552,.T.);
#3317=ORIENTED_EDGE('',*,*,#2556,.T.);
#3318=ORIENTED_EDGE('',*,*,#2559,.F.);
#3319=ORIENTED_EDGE('',*,*,#2560,.F.);
#3320=ORIENTED_EDGE('',*,*,#2561,.T.);
#3321=ORIENTED_EDGE('',*,*,#2562,.F.);
#3322=ORIENTED_EDGE('',*,*,#2563,.F.);
#3323=ORIENTED_EDGE('',*,*,#2564,.F.);
#3324=ORIENTED_EDGE('',*,*,#2565,.F.);
#3325=ORIENTED_EDGE('',*,*,#2562,.T.);
#3326=ORIENTED_EDGE('',*,*,#2566,.T.);
#3327=ORIENTED_EDGE('',*,*,#2564,.T.);
#3328=ORIENTED_EDGE('',*,*,#2567,.F.);
#3329=ORIENTED_EDGE('',*,*,#2568,.F.);
#3330=ORIENTED_EDGE('',*,*,#2561,.F.);
#3331=ORIENTED_EDGE('',*,*,#2569,.F.);
#3332=ORIENTED_EDGE('',*,*,#2567,.T.);
#3333=ORIENTED_EDGE('',*,*,#2566,.F.);
#3334=ORIENTED_EDGE('',*,*,#2570,.F.);
#3335=ORIENTED_EDGE('',*,*,#2571,.T.);
#3336=ORIENTED_EDGE('',*,*,#2572,.F.);
#3337=ORIENTED_EDGE('',*,*,#2573,.T.);
#3338=ORIENTED_EDGE('',*,*,#2570,.T.);
#3339=ORIENTED_EDGE('',*,*,#2574,.F.);
#3340=ORIENTED_EDGE('',*,*,#2575,.F.);
#3341=ORIENTED_EDGE('',*,*,#2576,.T.);
#3342=ORIENTED_EDGE('',*,*,#2573,.F.);
#3343=ORIENTED_EDGE('',*,*,#2577,.F.);
#3344=ORIENTED_EDGE('',*,*,#2578,.F.);
#3345=ORIENTED_EDGE('',*,*,#2574,.T.);
#3346=ORIENTED_EDGE('',*,*,#2579,.F.);
#3347=ORIENTED_EDGE('',*,*,#2580,.F.);
#3348=ORIENTED_EDGE('',*,*,#2581,.F.);
#3349=ORIENTED_EDGE('',*,*,#2582,.F.);
#3350=ORIENTED_EDGE('',*,*,#2583,.F.);
#3351=ORIENTED_EDGE('',*,*,#2584,.F.);
#3352=ORIENTED_EDGE('',*,*,#2585,.F.);
#3353=ORIENTED_EDGE('',*,*,#2586,.F.);
#3354=ORIENTED_EDGE('',*,*,#2587,.F.);
#3355=ORIENTED_EDGE('',*,*,#2588,.F.);
#3356=ORIENTED_EDGE('',*,*,#2589,.F.);
#3357=ORIENTED_EDGE('',*,*,#2590,.F.);
#3358=ORIENTED_EDGE('',*,*,#2591,.F.);
#3359=ORIENTED_EDGE('',*,*,#2592,.F.);
#3360=ORIENTED_EDGE('',*,*,#2593,.F.);
#3361=ORIENTED_EDGE('',*,*,#2594,.F.);
#3362=ORIENTED_EDGE('',*,*,#2595,.F.);
#3363=ORIENTED_EDGE('',*,*,#2596,.F.);
#3364=ORIENTED_EDGE('',*,*,#2597,.F.);
#3365=ORIENTED_EDGE('',*,*,#2598,.F.);
#3366=ORIENTED_EDGE('',*,*,#2599,.F.);
#3367=ORIENTED_EDGE('',*,*,#2600,.F.);
#3368=ORIENTED_EDGE('',*,*,#2601,.F.);
#3369=ORIENTED_EDGE('',*,*,#2602,.F.);
#3370=ORIENTED_EDGE('',*,*,#2603,.F.);
#3371=ORIENTED_EDGE('',*,*,#2604,.F.);
#3372=ORIENTED_EDGE('',*,*,#2605,.F.);
#3373=ORIENTED_EDGE('',*,*,#2606,.F.);
#3374=ORIENTED_EDGE('',*,*,#2607,.F.);
#3375=ORIENTED_EDGE('',*,*,#2608,.F.);
#3376=ORIENTED_EDGE('',*,*,#2609,.F.);
#3377=ORIENTED_EDGE('',*,*,#2610,.F.);
#3378=ORIENTED_EDGE('',*,*,#2611,.F.);
#3379=ORIENTED_EDGE('',*,*,#2612,.F.);
#3380=ORIENTED_EDGE('',*,*,#2613,.F.);
#3381=ORIENTED_EDGE('',*,*,#2614,.F.);
#3382=ORIENTED_EDGE('',*,*,#2598,.T.);
#3383=ORIENTED_EDGE('',*,*,#2615,.F.);
#3384=ORIENTED_EDGE('',*,*,#2616,.T.);
#3385=ORIENTED_EDGE('',*,*,#2617,.T.);
#3386=ORIENTED_EDGE('',*,*,#2597,.T.);
#3387=ORIENTED_EDGE('',*,*,#2618,.T.);
#3388=ORIENTED_EDGE('',*,*,#2619,.T.);
#3389=ORIENTED_EDGE('',*,*,#2615,.T.);
#3390=ORIENTED_EDGE('',*,*,#2563,.T.);
#3391=ORIENTED_EDGE('',*,*,#2565,.T.);
#3392=ORIENTED_EDGE('',*,*,#2568,.T.);
#3393=ORIENTED_EDGE('',*,*,#2569,.T.);
#3394=ORIENTED_EDGE('',*,*,#2596,.T.);
#3395=ORIENTED_EDGE('',*,*,#2620,.T.);
#3396=ORIENTED_EDGE('',*,*,#2621,.T.);
#3397=ORIENTED_EDGE('',*,*,#2618,.F.);
#3398=ORIENTED_EDGE('',*,*,#2595,.T.);
#3399=ORIENTED_EDGE('',*,*,#2622,.T.);
#3400=ORIENTED_EDGE('',*,*,#2623,.T.);
#3401=ORIENTED_EDGE('',*,*,#2620,.F.);
#3402=ORIENTED_EDGE('',*,*,#2594,.T.);
#3403=ORIENTED_EDGE('',*,*,#2624,.T.);
#3404=ORIENTED_EDGE('',*,*,#2625,.T.);
#3405=ORIENTED_EDGE('',*,*,#2622,.F.);
#3406=ORIENTED_EDGE('',*,*,#2545,.T.);
#3407=ORIENTED_EDGE('',*,*,#2547,.T.);
#3408=ORIENTED_EDGE('',*,*,#2550,.T.);
#3409=ORIENTED_EDGE('',*,*,#2551,.T.);
#3410=ORIENTED_EDGE('',*,*,#2593,.T.);
#3411=ORIENTED_EDGE('',*,*,#2626,.T.);
#3412=ORIENTED_EDGE('',*,*,#2627,.T.);
#3413=ORIENTED_EDGE('',*,*,#2624,.F.);
#3414=ORIENTED_EDGE('',*,*,#2592,.T.);
#3415=ORIENTED_EDGE('',*,*,#2628,.T.);
#3416=ORIENTED_EDGE('',*,*,#2629,.T.);
#3417=ORIENTED_EDGE('',*,*,#2626,.F.);
#3418=ORIENTED_EDGE('',*,*,#2591,.T.);
#3419=ORIENTED_EDGE('',*,*,#2630,.T.);
#3420=ORIENTED_EDGE('',*,*,#2631,.T.);
#3421=ORIENTED_EDGE('',*,*,#2628,.F.);
#3422=ORIENTED_EDGE('',*,*,#2590,.T.);
#3423=ORIENTED_EDGE('',*,*,#2632,.T.);
#3424=ORIENTED_EDGE('',*,*,#2633,.T.);
#3425=ORIENTED_EDGE('',*,*,#2630,.F.);
#3426=ORIENTED_EDGE('',*,*,#2589,.T.);
#3427=ORIENTED_EDGE('',*,*,#2634,.T.);
#3428=ORIENTED_EDGE('',*,*,#2635,.T.);
#3429=ORIENTED_EDGE('',*,*,#2632,.F.);
#3430=ORIENTED_EDGE('',*,*,#2588,.T.);
#3431=ORIENTED_EDGE('',*,*,#2636,.T.);
#3432=ORIENTED_EDGE('',*,*,#2637,.T.);
#3433=ORIENTED_EDGE('',*,*,#2634,.F.);
#3434=ORIENTED_EDGE('',*,*,#2587,.T.);
#3435=ORIENTED_EDGE('',*,*,#2638,.T.);
#3436=ORIENTED_EDGE('',*,*,#2639,.T.);
#3437=ORIENTED_EDGE('',*,*,#2636,.F.);
#3438=ORIENTED_EDGE('',*,*,#2586,.T.);
#3439=ORIENTED_EDGE('',*,*,#2640,.T.);
#3440=ORIENTED_EDGE('',*,*,#2641,.T.);
#3441=ORIENTED_EDGE('',*,*,#2638,.F.);
#3442=ORIENTED_EDGE('',*,*,#2585,.T.);
#3443=ORIENTED_EDGE('',*,*,#2642,.T.);
#3444=ORIENTED_EDGE('',*,*,#2643,.T.);
#3445=ORIENTED_EDGE('',*,*,#2640,.F.);
#3446=ORIENTED_EDGE('',*,*,#2584,.T.);
#3447=ORIENTED_EDGE('',*,*,#2644,.T.);
#3448=ORIENTED_EDGE('',*,*,#2645,.T.);
#3449=ORIENTED_EDGE('',*,*,#2642,.F.);
#3450=ORIENTED_EDGE('',*,*,#2553,.T.);
#3451=ORIENTED_EDGE('',*,*,#2560,.T.);
#3452=ORIENTED_EDGE('',*,*,#2558,.T.);
#3453=ORIENTED_EDGE('',*,*,#2557,.T.);
#3454=ORIENTED_EDGE('',*,*,#2583,.T.);
#3455=ORIENTED_EDGE('',*,*,#2646,.T.);
#3456=ORIENTED_EDGE('',*,*,#2647,.T.);
#3457=ORIENTED_EDGE('',*,*,#2644,.F.);
#3458=ORIENTED_EDGE('',*,*,#2582,.T.);
#3459=ORIENTED_EDGE('',*,*,#2648,.T.);
#3460=ORIENTED_EDGE('',*,*,#2649,.T.);
#3461=ORIENTED_EDGE('',*,*,#2646,.F.);
#3462=ORIENTED_EDGE('',*,*,#2581,.T.);
#3463=ORIENTED_EDGE('',*,*,#2650,.F.);
#3464=ORIENTED_EDGE('',*,*,#2651,.T.);
#3465=ORIENTED_EDGE('',*,*,#2648,.F.);
#3466=ORIENTED_EDGE('',*,*,#2652,.T.);
#3467=ORIENTED_EDGE('',*,*,#2653,.T.);
#3468=ORIENTED_EDGE('',*,*,#2575,.T.);
#3469=ORIENTED_EDGE('',*,*,#2578,.T.);
#3470=ORIENTED_EDGE('',*,*,#2572,.T.);
#3471=ORIENTED_EDGE('',*,*,#2654,.F.);
#3472=ORIENTED_EDGE('',*,*,#2652,.F.);
#3473=ORIENTED_EDGE('',*,*,#2577,.T.);
#3474=ORIENTED_EDGE('',*,*,#2571,.F.);
#3475=ORIENTED_EDGE('',*,*,#2576,.F.);
#3476=ORIENTED_EDGE('',*,*,#2653,.F.);
#3477=ORIENTED_EDGE('',*,*,#2654,.T.);
#3478=ORIENTED_EDGE('',*,*,#2655,.F.);
#3479=ORIENTED_EDGE('',*,*,#2656,.F.);
#3480=ORIENTED_EDGE('',*,*,#2657,.F.);
#3481=ORIENTED_EDGE('',*,*,#2658,.F.);
#3482=ORIENTED_EDGE('',*,*,#2659,.F.);
#3483=ORIENTED_EDGE('',*,*,#2660,.F.);
#3484=ORIENTED_EDGE('',*,*,#2661,.F.);
#3485=ORIENTED_EDGE('',*,*,#2662,.F.);
#3486=ORIENTED_EDGE('',*,*,#2663,.F.);
#3487=ORIENTED_EDGE('',*,*,#2664,.F.);
#3488=ORIENTED_EDGE('',*,*,#2665,.F.);
#3489=ORIENTED_EDGE('',*,*,#2666,.F.);
#3490=ORIENTED_EDGE('',*,*,#2667,.F.);
#3491=ORIENTED_EDGE('',*,*,#2668,.F.);
#3492=ORIENTED_EDGE('',*,*,#2669,.F.);
#3493=ORIENTED_EDGE('',*,*,#2670,.F.);
#3494=ORIENTED_EDGE('',*,*,#2671,.F.);
#3495=ORIENTED_EDGE('',*,*,#2616,.F.);
#3496=ORIENTED_EDGE('',*,*,#2619,.F.);
#3497=ORIENTED_EDGE('',*,*,#2621,.F.);
#3498=ORIENTED_EDGE('',*,*,#2623,.F.);
#3499=ORIENTED_EDGE('',*,*,#2625,.F.);
#3500=ORIENTED_EDGE('',*,*,#2627,.F.);
#3501=ORIENTED_EDGE('',*,*,#2629,.F.);
#3502=ORIENTED_EDGE('',*,*,#2631,.F.);
#3503=ORIENTED_EDGE('',*,*,#2633,.F.);
#3504=ORIENTED_EDGE('',*,*,#2635,.F.);
#3505=ORIENTED_EDGE('',*,*,#2637,.F.);
#3506=ORIENTED_EDGE('',*,*,#2639,.F.);
#3507=ORIENTED_EDGE('',*,*,#2641,.F.);
#3508=ORIENTED_EDGE('',*,*,#2643,.F.);
#3509=ORIENTED_EDGE('',*,*,#2645,.F.);
#3510=ORIENTED_EDGE('',*,*,#2647,.F.);
#3511=ORIENTED_EDGE('',*,*,#2649,.F.);
#3512=ORIENTED_EDGE('',*,*,#2651,.F.);
#3513=ORIENTED_EDGE('',*,*,#2672,.F.);
#3514=ORIENTED_EDGE('',*,*,#2599,.T.);
#3515=ORIENTED_EDGE('',*,*,#2617,.F.);
#3516=ORIENTED_EDGE('',*,*,#2671,.T.);
#3517=ORIENTED_EDGE('',*,*,#2673,.T.);
#3518=ORIENTED_EDGE('',*,*,#2600,.T.);
#3519=ORIENTED_EDGE('',*,*,#2673,.F.);
#3520=ORIENTED_EDGE('',*,*,#2670,.T.);
#3521=ORIENTED_EDGE('',*,*,#2674,.T.);
#3522=ORIENTED_EDGE('',*,*,#2601,.T.);
#3523=ORIENTED_EDGE('',*,*,#2674,.F.);
#3524=ORIENTED_EDGE('',*,*,#2669,.T.);
#3525=ORIENTED_EDGE('',*,*,#2675,.T.);
#3526=ORIENTED_EDGE('',*,*,#2602,.T.);
#3527=ORIENTED_EDGE('',*,*,#2675,.F.);
#3528=ORIENTED_EDGE('',*,*,#2668,.T.);
#3529=ORIENTED_EDGE('',*,*,#2676,.T.);
#3530=ORIENTED_EDGE('',*,*,#2603,.T.);
#3531=ORIENTED_EDGE('',*,*,#2676,.F.);
#3532=ORIENTED_EDGE('',*,*,#2667,.T.);
#3533=ORIENTED_EDGE('',*,*,#2677,.T.);
#3534=ORIENTED_EDGE('',*,*,#2604,.T.);
#3535=ORIENTED_EDGE('',*,*,#2677,.F.);
#3536=ORIENTED_EDGE('',*,*,#2666,.T.);
#3537=ORIENTED_EDGE('',*,*,#2678,.T.);
#3538=ORIENTED_EDGE('',*,*,#2605,.T.);
#3539=ORIENTED_EDGE('',*,*,#2678,.F.);
#3540=ORIENTED_EDGE('',*,*,#2665,.T.);
#3541=ORIENTED_EDGE('',*,*,#2679,.T.);
#3542=ORIENTED_EDGE('',*,*,#2606,.T.);
#3543=ORIENTED_EDGE('',*,*,#2679,.F.);
#3544=ORIENTED_EDGE('',*,*,#2664,.T.);
#3545=ORIENTED_EDGE('',*,*,#2680,.T.);
#3546=ORIENTED_EDGE('',*,*,#2607,.T.);
#3547=ORIENTED_EDGE('',*,*,#2680,.F.);
#3548=ORIENTED_EDGE('',*,*,#2663,.T.);
#3549=ORIENTED_EDGE('',*,*,#2681,.T.);
#3550=ORIENTED_EDGE('',*,*,#2608,.T.);
#3551=ORIENTED_EDGE('',*,*,#2681,.F.);
#3552=ORIENTED_EDGE('',*,*,#2662,.T.);
#3553=ORIENTED_EDGE('',*,*,#2682,.T.);
#3554=ORIENTED_EDGE('',*,*,#2609,.T.);
#3555=ORIENTED_EDGE('',*,*,#2682,.F.);
#3556=ORIENTED_EDGE('',*,*,#2661,.T.);
#3557=ORIENTED_EDGE('',*,*,#2683,.T.);
#3558=ORIENTED_EDGE('',*,*,#2610,.T.);
#3559=ORIENTED_EDGE('',*,*,#2683,.F.);
#3560=ORIENTED_EDGE('',*,*,#2660,.T.);
#3561=ORIENTED_EDGE('',*,*,#2684,.T.);
#3562=ORIENTED_EDGE('',*,*,#2611,.T.);
#3563=ORIENTED_EDGE('',*,*,#2684,.F.);
#3564=ORIENTED_EDGE('',*,*,#2659,.T.);
#3565=ORIENTED_EDGE('',*,*,#2685,.T.);
#3566=ORIENTED_EDGE('',*,*,#2612,.T.);
#3567=ORIENTED_EDGE('',*,*,#2685,.F.);
#3568=ORIENTED_EDGE('',*,*,#2658,.T.);
#3569=ORIENTED_EDGE('',*,*,#2686,.T.);
#3570=ORIENTED_EDGE('',*,*,#2613,.T.);
#3571=ORIENTED_EDGE('',*,*,#2686,.F.);
#3572=ORIENTED_EDGE('',*,*,#2657,.T.);
#3573=ORIENTED_EDGE('',*,*,#2687,.T.);
#3574=ORIENTED_EDGE('',*,*,#2614,.T.);
#3575=ORIENTED_EDGE('',*,*,#2687,.F.);
#3576=ORIENTED_EDGE('',*,*,#2656,.T.);
#3577=ORIENTED_EDGE('',*,*,#2688,.F.);
#3578=ORIENTED_EDGE('',*,*,#2579,.T.);
#3579=ORIENTED_EDGE('',*,*,#2688,.T.);
#3580=ORIENTED_EDGE('',*,*,#2655,.T.);
#3581=ORIENTED_EDGE('',*,*,#2689,.T.);
#3582=ORIENTED_EDGE('',*,*,#2580,.T.);
#3583=ORIENTED_EDGE('',*,*,#2689,.F.);
#3584=ORIENTED_EDGE('',*,*,#2672,.T.);
#3585=ORIENTED_EDGE('',*,*,#2650,.T.);
#3586=ORIENTED_EDGE('',*,*,#2690,.T.);
#3587=ORIENTED_EDGE('',*,*,#2691,.T.);
#3588=ORIENTED_EDGE('',*,*,#2692,.F.);
#3589=ORIENTED_EDGE('',*,*,#2693,.F.);
#3590=ORIENTED_EDGE('',*,*,#2694,.T.);
#3591=ORIENTED_EDGE('',*,*,#2695,.T.);
#3592=ORIENTED_EDGE('',*,*,#2696,.F.);
#3593=ORIENTED_EDGE('',*,*,#2691,.F.);
#3594=ORIENTED_EDGE('',*,*,#2697,.T.);
#3595=ORIENTED_EDGE('',*,*,#2698,.T.);
#3596=ORIENTED_EDGE('',*,*,#2699,.F.);
#3597=ORIENTED_EDGE('',*,*,#2695,.F.);
#3598=ORIENTED_EDGE('',*,*,#2700,.T.);
#3599=ORIENTED_EDGE('',*,*,#2701,.T.);
#3600=ORIENTED_EDGE('',*,*,#2702,.F.);
#3601=ORIENTED_EDGE('',*,*,#2698,.F.);
#3602=ORIENTED_EDGE('',*,*,#2703,.T.);
#3603=ORIENTED_EDGE('',*,*,#2704,.T.);
#3604=ORIENTED_EDGE('',*,*,#2705,.F.);
#3605=ORIENTED_EDGE('',*,*,#2701,.F.);
#3606=ORIENTED_EDGE('',*,*,#2706,.T.);
#3607=ORIENTED_EDGE('',*,*,#2707,.T.);
#3608=ORIENTED_EDGE('',*,*,#2708,.F.);
#3609=ORIENTED_EDGE('',*,*,#2704,.F.);
#3610=ORIENTED_EDGE('',*,*,#2709,.T.);
#3611=ORIENTED_EDGE('',*,*,#2710,.T.);
#3612=ORIENTED_EDGE('',*,*,#2711,.F.);
#3613=ORIENTED_EDGE('',*,*,#2707,.F.);
#3614=ORIENTED_EDGE('',*,*,#2712,.T.);
#3615=ORIENTED_EDGE('',*,*,#2713,.T.);
#3616=ORIENTED_EDGE('',*,*,#2714,.F.);
#3617=ORIENTED_EDGE('',*,*,#2710,.F.);
#3618=ORIENTED_EDGE('',*,*,#2715,.T.);
#3619=ORIENTED_EDGE('',*,*,#2716,.T.);
#3620=ORIENTED_EDGE('',*,*,#2717,.F.);
#3621=ORIENTED_EDGE('',*,*,#2713,.F.);
#3622=ORIENTED_EDGE('',*,*,#2718,.T.);
#3623=ORIENTED_EDGE('',*,*,#2719,.T.);
#3624=ORIENTED_EDGE('',*,*,#2720,.F.);
#3625=ORIENTED_EDGE('',*,*,#2721,.T.);
#3626=ORIENTED_EDGE('',*,*,#2722,.T.);
#3627=ORIENTED_EDGE('',*,*,#2723,.T.);
#3628=ORIENTED_EDGE('',*,*,#2724,.F.);
#3629=ORIENTED_EDGE('',*,*,#2719,.F.);
#3630=ORIENTED_EDGE('',*,*,#2725,.T.);
#3631=ORIENTED_EDGE('',*,*,#2726,.T.);
#3632=ORIENTED_EDGE('',*,*,#2727,.F.);
#3633=ORIENTED_EDGE('',*,*,#2723,.F.);
#3634=ORIENTED_EDGE('',*,*,#2728,.T.);
#3635=ORIENTED_EDGE('',*,*,#2729,.T.);
#3636=ORIENTED_EDGE('',*,*,#2730,.F.);
#3637=ORIENTED_EDGE('',*,*,#2726,.F.);
#3638=ORIENTED_EDGE('',*,*,#2731,.T.);
#3639=ORIENTED_EDGE('',*,*,#2693,.T.);
#3640=ORIENTED_EDGE('',*,*,#2732,.F.);
#3641=ORIENTED_EDGE('',*,*,#2729,.F.);
#3642=ORIENTED_EDGE('',*,*,#2733,.F.);
#3643=ORIENTED_EDGE('',*,*,#2734,.T.);
#3644=ORIENTED_EDGE('',*,*,#2735,.F.);
#3645=ORIENTED_EDGE('',*,*,#2702,.T.);
#3646=ORIENTED_EDGE('',*,*,#2736,.T.);
#3647=ORIENTED_EDGE('',*,*,#2737,.T.);
#3648=ORIENTED_EDGE('',*,*,#2738,.F.);
#3649=ORIENTED_EDGE('',*,*,#2699,.T.);
#3650=ORIENTED_EDGE('',*,*,#2735,.T.);
#3651=ORIENTED_EDGE('',*,*,#2739,.T.);
#3652=ORIENTED_EDGE('',*,*,#2740,.T.);
#3653=ORIENTED_EDGE('',*,*,#2741,.F.);
#3654=ORIENTED_EDGE('',*,*,#2696,.T.);
#3655=ORIENTED_EDGE('',*,*,#2738,.T.);
#3656=ORIENTED_EDGE('',*,*,#2742,.T.);
#3657=ORIENTED_EDGE('',*,*,#2743,.T.);
#3658=ORIENTED_EDGE('',*,*,#2744,.T.);
#3659=ORIENTED_EDGE('',*,*,#2745,.T.);
#3660=ORIENTED_EDGE('',*,*,#2711,.T.);
#3661=ORIENTED_EDGE('',*,*,#2746,.F.);
#3662=ORIENTED_EDGE('',*,*,#2747,.T.);
#3663=ORIENTED_EDGE('',*,*,#2748,.T.);
#3664=ORIENTED_EDGE('',*,*,#2749,.F.);
#3665=ORIENTED_EDGE('',*,*,#2717,.T.);
#3666=ORIENTED_EDGE('',*,*,#2750,.F.);
#3667=ORIENTED_EDGE('',*,*,#2714,.T.);
#3668=ORIENTED_EDGE('',*,*,#2749,.T.);
#3669=ORIENTED_EDGE('',*,*,#2751,.T.);
#3670=ORIENTED_EDGE('',*,*,#2746,.T.);
#3671=ORIENTED_EDGE('',*,*,#2752,.T.);
#3672=ORIENTED_EDGE('',*,*,#2753,.F.);
#3673=ORIENTED_EDGE('',*,*,#2727,.T.);
#3674=ORIENTED_EDGE('',*,*,#2754,.F.);
#3675=ORIENTED_EDGE('',*,*,#2755,.T.);
#3676=ORIENTED_EDGE('',*,*,#2756,.T.);
#3677=ORIENTED_EDGE('',*,*,#2724,.T.);
#3678=ORIENTED_EDGE('',*,*,#2753,.T.);
#3679=ORIENTED_EDGE('',*,*,#2757,.T.);
#3680=ORIENTED_EDGE('',*,*,#2758,.T.);
#3681=ORIENTED_EDGE('',*,*,#2759,.T.);
#3682=ORIENTED_EDGE('',*,*,#2760,.T.);
#3683=ORIENTED_EDGE('',*,*,#2754,.T.);
#3684=ORIENTED_EDGE('',*,*,#2730,.T.);
#3685=ORIENTED_EDGE('',*,*,#2761,.F.);
#3686=ORIENTED_EDGE('',*,*,#2762,.T.);
#3687=ORIENTED_EDGE('',*,*,#2763,.T.);
#3688=ORIENTED_EDGE('',*,*,#2764,.F.);
#3689=ORIENTED_EDGE('',*,*,#2765,.T.);
#3690=ORIENTED_EDGE('',*,*,#2761,.T.);
#3691=ORIENTED_EDGE('',*,*,#2732,.T.);
#3692=ORIENTED_EDGE('',*,*,#2766,.T.);
#3693=ORIENTED_EDGE('',*,*,#2767,.T.);
#3694=ORIENTED_EDGE('',*,*,#2768,.T.);
#3695=ORIENTED_EDGE('',*,*,#2741,.T.);
#3696=ORIENTED_EDGE('',*,*,#2764,.T.);
#3697=ORIENTED_EDGE('',*,*,#2692,.T.);
#3698=ORIENTED_EDGE('',*,*,#2769,.T.);
#3699=ORIENTED_EDGE('',*,*,#2733,.T.);
#3700=ORIENTED_EDGE('',*,*,#2705,.T.);
#3701=ORIENTED_EDGE('',*,*,#2770,.F.);
#3702=ORIENTED_EDGE('',*,*,#2771,.F.);
#3703=ORIENTED_EDGE('',*,*,#2772,.F.);
#3704=ORIENTED_EDGE('',*,*,#2773,.F.);
#3705=ORIENTED_EDGE('',*,*,#2774,.F.);
#3706=ORIENTED_EDGE('',*,*,#2775,.F.);
#3707=ORIENTED_EDGE('',*,*,#2776,.F.);
#3708=ORIENTED_EDGE('',*,*,#2774,.T.);
#3709=ORIENTED_EDGE('',*,*,#2777,.F.);
#3710=ORIENTED_EDGE('',*,*,#2778,.F.);
#3711=ORIENTED_EDGE('',*,*,#2779,.F.);
#3712=ORIENTED_EDGE('',*,*,#2780,.T.);
#3713=ORIENTED_EDGE('',*,*,#2781,.F.);
#3714=ORIENTED_EDGE('',*,*,#2782,.F.);
#3715=ORIENTED_EDGE('',*,*,#2783,.F.);
#3716=ORIENTED_EDGE('',*,*,#2784,.F.);
#3717=ORIENTED_EDGE('',*,*,#2785,.F.);
#3718=ORIENTED_EDGE('',*,*,#2786,.F.);
#3719=ORIENTED_EDGE('',*,*,#2787,.F.);
#3720=ORIENTED_EDGE('',*,*,#2785,.T.);
#3721=ORIENTED_EDGE('',*,*,#2788,.F.);
#3722=ORIENTED_EDGE('',*,*,#2789,.T.);
#3723=ORIENTED_EDGE('',*,*,#2790,.F.);
#3724=ORIENTED_EDGE('',*,*,#2791,.F.);
#3725=ORIENTED_EDGE('',*,*,#2792,.F.);
#3726=ORIENTED_EDGE('',*,*,#2793,.F.);
#3727=ORIENTED_EDGE('',*,*,#2794,.F.);
#3728=ORIENTED_EDGE('',*,*,#2795,.T.);
#3729=ORIENTED_EDGE('',*,*,#2796,.F.);
#3730=ORIENTED_EDGE('',*,*,#2793,.T.);
#3731=ORIENTED_EDGE('',*,*,#2797,.F.);
#3732=ORIENTED_EDGE('',*,*,#2798,.T.);
#3733=ORIENTED_EDGE('',*,*,#2799,.F.);
#3734=ORIENTED_EDGE('',*,*,#2800,.F.);
#3735=ORIENTED_EDGE('',*,*,#2801,.F.);
#3736=ORIENTED_EDGE('',*,*,#2772,.T.);
#3737=ORIENTED_EDGE('',*,*,#2802,.F.);
#3738=ORIENTED_EDGE('',*,*,#2803,.T.);
#3739=ORIENTED_EDGE('',*,*,#2804,.F.);
#3740=ORIENTED_EDGE('',*,*,#2775,.T.);
#3741=ORIENTED_EDGE('',*,*,#2805,.F.);
#3742=ORIENTED_EDGE('',*,*,#2806,.F.);
#3743=ORIENTED_EDGE('',*,*,#2807,.F.);
#3744=ORIENTED_EDGE('',*,*,#2806,.T.);
#3745=ORIENTED_EDGE('',*,*,#2808,.F.);
#3746=ORIENTED_EDGE('',*,*,#2809,.F.);
#3747=ORIENTED_EDGE('',*,*,#2810,.F.);
#3748=ORIENTED_EDGE('',*,*,#2809,.T.);
#3749=ORIENTED_EDGE('',*,*,#2811,.F.);
#3750=ORIENTED_EDGE('',*,*,#2771,.T.);
#3751=ORIENTED_EDGE('',*,*,#2812,.T.);
#3752=ORIENTED_EDGE('',*,*,#2813,.T.);
#3753=ORIENTED_EDGE('',*,*,#2814,.T.);
#3754=ORIENTED_EDGE('',*,*,#2815,.T.);
#3755=ORIENTED_EDGE('',*,*,#2816,.T.);
#3756=ORIENTED_EDGE('',*,*,#2811,.T.);
#3757=ORIENTED_EDGE('',*,*,#2808,.T.);
#3758=ORIENTED_EDGE('',*,*,#2805,.T.);
#3759=ORIENTED_EDGE('',*,*,#2776,.T.);
#3760=ORIENTED_EDGE('',*,*,#2779,.T.);
#3761=ORIENTED_EDGE('',*,*,#2788,.T.);
#3762=ORIENTED_EDGE('',*,*,#2784,.T.);
#3763=ORIENTED_EDGE('',*,*,#2817,.T.);
#3764=ORIENTED_EDGE('',*,*,#2794,.T.);
#3765=ORIENTED_EDGE('',*,*,#2792,.T.);
#3766=ORIENTED_EDGE('',*,*,#2797,.T.);
#3767=ORIENTED_EDGE('',*,*,#2802,.T.);
#3768=ORIENTED_EDGE('',*,*,#2818,.T.);
#3769=ORIENTED_EDGE('',*,*,#2819,.T.);
#3770=ORIENTED_EDGE('',*,*,#2820,.T.);
#3771=ORIENTED_EDGE('',*,*,#2821,.F.);
#3772=ORIENTED_EDGE('',*,*,#2822,.T.);
#3773=ORIENTED_EDGE('',*,*,#2823,.F.);
#3774=ORIENTED_EDGE('',*,*,#2824,.T.);
#3775=ORIENTED_EDGE('',*,*,#2825,.F.);
#3776=ORIENTED_EDGE('',*,*,#2826,.T.);
#3777=ORIENTED_EDGE('',*,*,#2827,.F.);
#3778=ORIENTED_EDGE('',*,*,#2828,.T.);
#3779=ORIENTED_EDGE('',*,*,#2780,.F.);
#3780=ORIENTED_EDGE('',*,*,#2778,.T.);
#3781=ORIENTED_EDGE('',*,*,#2829,.T.);
#3782=ORIENTED_EDGE('',*,*,#2789,.F.);
#3783=ORIENTED_EDGE('',*,*,#2782,.T.);
#3784=ORIENTED_EDGE('',*,*,#2830,.T.);
#3785=ORIENTED_EDGE('',*,*,#2798,.F.);
#3786=ORIENTED_EDGE('',*,*,#2791,.T.);
#3787=ORIENTED_EDGE('',*,*,#2831,.T.);
#3788=ORIENTED_EDGE('',*,*,#2803,.F.);
#3789=ORIENTED_EDGE('',*,*,#2800,.T.);
#3790=ORIENTED_EDGE('',*,*,#2832,.T.);
#3791=ORIENTED_EDGE('',*,*,#2833,.F.);
#3792=ORIENTED_EDGE('',*,*,#2834,.T.);
#3793=ORIENTED_EDGE('',*,*,#2828,.F.);
#3794=ORIENTED_EDGE('',*,*,#2834,.F.);
#3795=ORIENTED_EDGE('',*,*,#2835,.F.);
#3796=ORIENTED_EDGE('',*,*,#2836,.T.);
#3797=ORIENTED_EDGE('',*,*,#2819,.F.);
#3798=ORIENTED_EDGE('',*,*,#2836,.F.);
#3799=ORIENTED_EDGE('',*,*,#2837,.F.);
#3800=ORIENTED_EDGE('',*,*,#2838,.T.);
#3801=ORIENTED_EDGE('',*,*,#2818,.F.);
#3802=ORIENTED_EDGE('',*,*,#2838,.F.);
#3803=ORIENTED_EDGE('',*,*,#2839,.F.);
#3804=ORIENTED_EDGE('',*,*,#2824,.F.);
#3805=ORIENTED_EDGE('',*,*,#2840,.F.);
#3806=ORIENTED_EDGE('',*,*,#2841,.F.);
#3807=ORIENTED_EDGE('',*,*,#2842,.T.);
#3808=ORIENTED_EDGE('',*,*,#2840,.T.);
#3809=ORIENTED_EDGE('',*,*,#2823,.T.);
#3810=ORIENTED_EDGE('',*,*,#2843,.T.);
#3811=ORIENTED_EDGE('',*,*,#2844,.F.);
#3812=ORIENTED_EDGE('',*,*,#2845,.F.);
#3813=ORIENTED_EDGE('',*,*,#2843,.F.);
#3814=ORIENTED_EDGE('',*,*,#2822,.F.);
#3815=ORIENTED_EDGE('',*,*,#2846,.T.);
#3816=ORIENTED_EDGE('',*,*,#2844,.T.);
#3817=ORIENTED_EDGE('',*,*,#2821,.T.);
#3818=ORIENTED_EDGE('',*,*,#2847,.T.);
#3819=ORIENTED_EDGE('',*,*,#2848,.F.);
#3820=ORIENTED_EDGE('',*,*,#2826,.F.);
#3821=ORIENTED_EDGE('',*,*,#2849,.F.);
#3822=ORIENTED_EDGE('',*,*,#2850,.F.);
#3823=ORIENTED_EDGE('',*,*,#2851,.T.);
#3824=ORIENTED_EDGE('',*,*,#2849,.T.);
#3825=ORIENTED_EDGE('',*,*,#2825,.T.);
#3826=ORIENTED_EDGE('',*,*,#2839,.T.);
#3827=ORIENTED_EDGE('',*,*,#2852,.F.);
#3828=ORIENTED_EDGE('',*,*,#2853,.F.);
#3829=ORIENTED_EDGE('',*,*,#2847,.F.);
#3830=ORIENTED_EDGE('',*,*,#2820,.F.);
#3831=ORIENTED_EDGE('',*,*,#2854,.T.);
#3832=ORIENTED_EDGE('',*,*,#2852,.T.);
#3833=ORIENTED_EDGE('',*,*,#2827,.T.);
#3834=ORIENTED_EDGE('',*,*,#2848,.T.);
#3835=ORIENTED_EDGE('',*,*,#2855,.T.);
#3836=ORIENTED_EDGE('',*,*,#2856,.T.);
#3837=ORIENTED_EDGE('',*,*,#2857,.F.);
#3838=ORIENTED_EDGE('',*,*,#2716,.F.);
#3839=ORIENTED_EDGE('',*,*,#2858,.T.);
#3840=ORIENTED_EDGE('',*,*,#2859,.F.);
#3841=ORIENTED_EDGE('',*,*,#2795,.F.);
#3842=ORIENTED_EDGE('',*,*,#2817,.F.);
#3843=ORIENTED_EDGE('',*,*,#2783,.T.);
#3844=ORIENTED_EDGE('',*,*,#2814,.F.);
#3845=ORIENTED_EDGE('',*,*,#2860,.T.);
#3846=ORIENTED_EDGE('',*,*,#2861,.T.);
#3847=ORIENTED_EDGE('',*,*,#2862,.T.);
#3848=ORIENTED_EDGE('',*,*,#2863,.T.);
#3849=ORIENTED_EDGE('',*,*,#2864,.T.);
#3850=ORIENTED_EDGE('',*,*,#2865,.T.);
#3851=ORIENTED_EDGE('',*,*,#2721,.F.);
#3852=ORIENTED_EDGE('',*,*,#2866,.F.);
#3853=ORIENTED_EDGE('',*,*,#2856,.F.);
#3854=ORIENTED_EDGE('',*,*,#2867,.F.);
#3855=ORIENTED_EDGE('',*,*,#2868,.T.);
#3856=ORIENTED_EDGE('',*,*,#2861,.F.);
#3857=ORIENTED_EDGE('',*,*,#2869,.F.);
#3858=ORIENTED_EDGE('',*,*,#2870,.T.);
#3859=ORIENTED_EDGE('',*,*,#2862,.F.);
#3860=ORIENTED_EDGE('',*,*,#2868,.F.);
#3861=ORIENTED_EDGE('',*,*,#2871,.T.);
#3862=ORIENTED_EDGE('',*,*,#2869,.T.);
#3863=ORIENTED_EDGE('',*,*,#2867,.T.);
#3864=ORIENTED_EDGE('',*,*,#2872,.T.);
#3865=ORIENTED_EDGE('',*,*,#2873,.F.);
#3866=ORIENTED_EDGE('',*,*,#2858,.F.);
#3867=ORIENTED_EDGE('',*,*,#2813,.F.);
#3868=ORIENTED_EDGE('',*,*,#2874,.T.);
#3869=ORIENTED_EDGE('',*,*,#2863,.F.);
#3870=ORIENTED_EDGE('',*,*,#2870,.F.);
#3871=ORIENTED_EDGE('',*,*,#2871,.F.);
#3872=ORIENTED_EDGE('',*,*,#2875,.F.);
#3873=ORIENTED_EDGE('',*,*,#2876,.F.);
#3874=ORIENTED_EDGE('',*,*,#2877,.T.);
#3875=ORIENTED_EDGE('',*,*,#2878,.T.);
#3876=ORIENTED_EDGE('',*,*,#2879,.T.);
#3877=ORIENTED_EDGE('',*,*,#2880,.T.);
#3878=ORIENTED_EDGE('',*,*,#2769,.F.);
#3879=ORIENTED_EDGE('',*,*,#2708,.T.);
#3880=ORIENTED_EDGE('',*,*,#2745,.F.);
#3881=ORIENTED_EDGE('',*,*,#2881,.T.);
#3882=ORIENTED_EDGE('',*,*,#2878,.F.);
#3883=ORIENTED_EDGE('',*,*,#2882,.T.);
#3884=ORIENTED_EDGE('',*,*,#2883,.F.);
#3885=ORIENTED_EDGE('',*,*,#2884,.F.);
#3886=ORIENTED_EDGE('',*,*,#2879,.F.);
#3887=ORIENTED_EDGE('',*,*,#2884,.T.);
#3888=ORIENTED_EDGE('',*,*,#2885,.F.);
#3889=ORIENTED_EDGE('',*,*,#2886,.F.);
#3890=ORIENTED_EDGE('',*,*,#2877,.F.);
#3891=ORIENTED_EDGE('',*,*,#2887,.T.);
#3892=ORIENTED_EDGE('',*,*,#2888,.F.);
#3893=ORIENTED_EDGE('',*,*,#2882,.F.);
#3894=ORIENTED_EDGE('',*,*,#2889,.F.);
#3895=ORIENTED_EDGE('',*,*,#2886,.T.);
#3896=ORIENTED_EDGE('',*,*,#2890,.F.);
#3897=ORIENTED_EDGE('',*,*,#2891,.F.);
#3898=ORIENTED_EDGE('',*,*,#2892,.F.);
#3899=ORIENTED_EDGE('',*,*,#2891,.T.);
#3900=ORIENTED_EDGE('',*,*,#2893,.F.);
#3901=ORIENTED_EDGE('',*,*,#2887,.F.);
#3902=ORIENTED_EDGE('',*,*,#2888,.T.);
#3903=ORIENTED_EDGE('',*,*,#2894,.T.);
#3904=ORIENTED_EDGE('',*,*,#2885,.T.);
#3905=ORIENTED_EDGE('',*,*,#2883,.T.);
#3906=ORIENTED_EDGE('',*,*,#2893,.T.);
#3907=ORIENTED_EDGE('',*,*,#2890,.T.);
#3908=ORIENTED_EDGE('',*,*,#2894,.F.);
#3909=ORIENTED_EDGE('',*,*,#2767,.F.);
#3910=ORIENTED_EDGE('',*,*,#2895,.T.);
#3911=ORIENTED_EDGE('',*,*,#2896,.F.);
#3912=ORIENTED_EDGE('',*,*,#2897,.F.);
#3913=ORIENTED_EDGE('',*,*,#2768,.F.);
#3914=ORIENTED_EDGE('',*,*,#2897,.T.);
#3915=ORIENTED_EDGE('',*,*,#2898,.F.);
#3916=ORIENTED_EDGE('',*,*,#2899,.F.);
#3917=ORIENTED_EDGE('',*,*,#2766,.F.);
#3918=ORIENTED_EDGE('',*,*,#2899,.T.);
#3919=ORIENTED_EDGE('',*,*,#2900,.F.);
#3920=ORIENTED_EDGE('',*,*,#2895,.F.);
#3921=ORIENTED_EDGE('',*,*,#2900,.T.);
#3922=ORIENTED_EDGE('',*,*,#2898,.T.);
#3923=ORIENTED_EDGE('',*,*,#2896,.T.);
#3924=ORIENTED_EDGE('',*,*,#2901,.F.);
#3925=ORIENTED_EDGE('',*,*,#2902,.T.);
#3926=ORIENTED_EDGE('',*,*,#2903,.F.);
#3927=ORIENTED_EDGE('',*,*,#2904,.F.);
#3928=ORIENTED_EDGE('',*,*,#2905,.F.);
#3929=ORIENTED_EDGE('',*,*,#2904,.T.);
#3930=ORIENTED_EDGE('',*,*,#2906,.F.);
#3931=ORIENTED_EDGE('',*,*,#2902,.F.);
#3932=ORIENTED_EDGE('',*,*,#2906,.T.);
#3933=ORIENTED_EDGE('',*,*,#2903,.T.);
#3934=ORIENTED_EDGE('',*,*,#2907,.F.);
#3935=ORIENTED_EDGE('',*,*,#2908,.T.);
#3936=ORIENTED_EDGE('',*,*,#2909,.F.);
#3937=ORIENTED_EDGE('',*,*,#2910,.F.);
#3938=ORIENTED_EDGE('',*,*,#2911,.F.);
#3939=ORIENTED_EDGE('',*,*,#2910,.T.);
#3940=ORIENTED_EDGE('',*,*,#2912,.F.);
#3941=ORIENTED_EDGE('',*,*,#2913,.F.);
#3942=ORIENTED_EDGE('',*,*,#2914,.F.);
#3943=ORIENTED_EDGE('',*,*,#2915,.T.);
#3944=ORIENTED_EDGE('',*,*,#2916,.F.);
#3945=ORIENTED_EDGE('',*,*,#2908,.F.);
#3946=ORIENTED_EDGE('',*,*,#2743,.F.);
#3947=ORIENTED_EDGE('',*,*,#2913,.T.);
#3948=ORIENTED_EDGE('',*,*,#2917,.F.);
#3949=ORIENTED_EDGE('',*,*,#2915,.F.);
#3950=ORIENTED_EDGE('',*,*,#2916,.T.);
#3951=ORIENTED_EDGE('',*,*,#2918,.F.);
#3952=ORIENTED_EDGE('',*,*,#2912,.T.);
#3953=ORIENTED_EDGE('',*,*,#2909,.T.);
#3954=ORIENTED_EDGE('',*,*,#2917,.T.);
#3955=ORIENTED_EDGE('',*,*,#2918,.T.);
#3956=ORIENTED_EDGE('',*,*,#2919,.F.);
#3957=ORIENTED_EDGE('',*,*,#2920,.T.);
#3958=ORIENTED_EDGE('',*,*,#2921,.F.);
#3959=ORIENTED_EDGE('',*,*,#2922,.F.);
#3960=ORIENTED_EDGE('',*,*,#2923,.F.);
#3961=ORIENTED_EDGE('',*,*,#2922,.T.);
#3962=ORIENTED_EDGE('',*,*,#2924,.F.);
#3963=ORIENTED_EDGE('',*,*,#2925,.F.);
#3964=ORIENTED_EDGE('',*,*,#2759,.F.);
#3965=ORIENTED_EDGE('',*,*,#2926,.T.);
#3966=ORIENTED_EDGE('',*,*,#2927,.F.);
#3967=ORIENTED_EDGE('',*,*,#2920,.F.);
#3968=ORIENTED_EDGE('',*,*,#2763,.F.);
#3969=ORIENTED_EDGE('',*,*,#2925,.T.);
#3970=ORIENTED_EDGE('',*,*,#2928,.F.);
#3971=ORIENTED_EDGE('',*,*,#2926,.F.);
#3972=ORIENTED_EDGE('',*,*,#2924,.T.);
#3973=ORIENTED_EDGE('',*,*,#2921,.T.);
#3974=ORIENTED_EDGE('',*,*,#2929,.F.);
#3975=ORIENTED_EDGE('',*,*,#2928,.T.);
#3976=ORIENTED_EDGE('',*,*,#2929,.T.);
#3977=ORIENTED_EDGE('',*,*,#2927,.T.);
#3978=ORIENTED_EDGE('',*,*,#2930,.F.);
#3979=ORIENTED_EDGE('',*,*,#2931,.T.);
#3980=ORIENTED_EDGE('',*,*,#2932,.F.);
#3981=ORIENTED_EDGE('',*,*,#2933,.F.);
#3982=ORIENTED_EDGE('',*,*,#2934,.F.);
#3983=ORIENTED_EDGE('',*,*,#2933,.T.);
#3984=ORIENTED_EDGE('',*,*,#2935,.F.);
#3985=ORIENTED_EDGE('',*,*,#2936,.F.);
#3986=ORIENTED_EDGE('',*,*,#2937,.F.);
#3987=ORIENTED_EDGE('',*,*,#2936,.T.);
#3988=ORIENTED_EDGE('',*,*,#2938,.F.);
#3989=ORIENTED_EDGE('',*,*,#2939,.F.);
#3990=ORIENTED_EDGE('',*,*,#2736,.F.);
#3991=ORIENTED_EDGE('',*,*,#2940,.T.);
#3992=ORIENTED_EDGE('',*,*,#2941,.F.);
#3993=ORIENTED_EDGE('',*,*,#2931,.F.);
#3994=ORIENTED_EDGE('',*,*,#2740,.F.);
#3995=ORIENTED_EDGE('',*,*,#2939,.T.);
#3996=ORIENTED_EDGE('',*,*,#2942,.F.);
#3997=ORIENTED_EDGE('',*,*,#2940,.F.);
#3998=ORIENTED_EDGE('',*,*,#2938,.T.);
#3999=ORIENTED_EDGE('',*,*,#2935,.T.);
#4000=ORIENTED_EDGE('',*,*,#2932,.T.);
#4001=ORIENTED_EDGE('',*,*,#2943,.F.);
#4002=ORIENTED_EDGE('',*,*,#2942,.T.);
#4003=ORIENTED_EDGE('',*,*,#2943,.T.);
#4004=ORIENTED_EDGE('',*,*,#2941,.T.);
#4005=ORIENTED_EDGE('',*,*,#2944,.T.);
#4006=ORIENTED_EDGE('',*,*,#2945,.F.);
#4007=ORIENTED_EDGE('',*,*,#2946,.F.);
#4008=ORIENTED_EDGE('',*,*,#2947,.T.);
#4009=ORIENTED_EDGE('',*,*,#2757,.F.);
#4010=ORIENTED_EDGE('',*,*,#2752,.F.);
#4011=ORIENTED_EDGE('',*,*,#2760,.F.);
#4012=ORIENTED_EDGE('',*,*,#2919,.T.);
#4013=ORIENTED_EDGE('',*,*,#2923,.T.);
#4014=ORIENTED_EDGE('',*,*,#2762,.F.);
#4015=ORIENTED_EDGE('',*,*,#2765,.F.);
#4016=ORIENTED_EDGE('',*,*,#2742,.F.);
#4017=ORIENTED_EDGE('',*,*,#2737,.F.);
#4018=ORIENTED_EDGE('',*,*,#2930,.T.);
#4019=ORIENTED_EDGE('',*,*,#2934,.T.);
#4020=ORIENTED_EDGE('',*,*,#2937,.T.);
#4021=ORIENTED_EDGE('',*,*,#2739,.F.);
#4022=ORIENTED_EDGE('',*,*,#2734,.F.);
#4023=ORIENTED_EDGE('',*,*,#2880,.F.);
#4024=ORIENTED_EDGE('',*,*,#2889,.T.);
#4025=ORIENTED_EDGE('',*,*,#2892,.T.);
#4026=ORIENTED_EDGE('',*,*,#2881,.F.);
#4027=ORIENTED_EDGE('',*,*,#2744,.F.);
#4028=ORIENTED_EDGE('',*,*,#2914,.T.);
#4029=ORIENTED_EDGE('',*,*,#2907,.T.);
#4030=ORIENTED_EDGE('',*,*,#2911,.T.);
#4031=ORIENTED_EDGE('',*,*,#2747,.F.);
#4032=ORIENTED_EDGE('',*,*,#2751,.F.);
#4033=ORIENTED_EDGE('',*,*,#2748,.F.);
#4034=ORIENTED_EDGE('',*,*,#2948,.F.);
#4035=ORIENTED_EDGE('',*,*,#2833,.T.);
#4036=ORIENTED_EDGE('',*,*,#2853,.T.);
#4037=ORIENTED_EDGE('',*,*,#2854,.F.);
#4038=ORIENTED_EDGE('',*,*,#2850,.T.);
#4039=ORIENTED_EDGE('',*,*,#2851,.F.);
#4040=ORIENTED_EDGE('',*,*,#2841,.T.);
#4041=ORIENTED_EDGE('',*,*,#2842,.F.);
#4042=ORIENTED_EDGE('',*,*,#2845,.T.);
#4043=ORIENTED_EDGE('',*,*,#2846,.F.);
#4044=ORIENTED_EDGE('',*,*,#2835,.T.);
#4045=ORIENTED_EDGE('',*,*,#2837,.T.);
#4046=ORIENTED_EDGE('',*,*,#2905,.T.);
#4047=ORIENTED_EDGE('',*,*,#2901,.T.);
#4048=ORIENTED_EDGE('',*,*,#2949,.T.);
#4049=ORIENTED_EDGE('',*,*,#2948,.T.);
#4050=ORIENTED_EDGE('',*,*,#2750,.T.);
#4051=ORIENTED_EDGE('',*,*,#2857,.T.);
#4052=ORIENTED_EDGE('',*,*,#2866,.T.);
#4053=ORIENTED_EDGE('',*,*,#2720,.T.);
#4054=ORIENTED_EDGE('',*,*,#2756,.F.);
#4055=ORIENTED_EDGE('',*,*,#2950,.T.);
#4056=ORIENTED_EDGE('',*,*,#2951,.F.);
#4057=ORIENTED_EDGE('',*,*,#2945,.T.);
#4058=ORIENTED_EDGE('',*,*,#2952,.T.);
#4059=ORIENTED_EDGE('',*,*,#2946,.T.);
#4060=ORIENTED_EDGE('',*,*,#2951,.T.);
#4061=ORIENTED_EDGE('',*,*,#2953,.T.);
#4062=ORIENTED_EDGE('',*,*,#2755,.F.);
#4063=ORIENTED_EDGE('',*,*,#2954,.T.);
#4064=ORIENTED_EDGE('',*,*,#2955,.F.);
#4065=ORIENTED_EDGE('',*,*,#2956,.F.);
#4066=ORIENTED_EDGE('',*,*,#2949,.F.);
#4067=ORIENTED_EDGE('',*,*,#2956,.T.);
#4068=ORIENTED_EDGE('',*,*,#2957,.F.);
#4069=ORIENTED_EDGE('',*,*,#2958,.F.);
#4070=ORIENTED_EDGE('',*,*,#2950,.F.);
#4071=ORIENTED_EDGE('',*,*,#2959,.T.);
#4072=ORIENTED_EDGE('',*,*,#2960,.F.);
#4073=ORIENTED_EDGE('',*,*,#2961,.F.);
#4074=ORIENTED_EDGE('',*,*,#2953,.F.);
#4075=ORIENTED_EDGE('',*,*,#2961,.T.);
#4076=ORIENTED_EDGE('',*,*,#2962,.F.);
#4077=ORIENTED_EDGE('',*,*,#2963,.F.);
#4078=ORIENTED_EDGE('',*,*,#2947,.F.);
#4079=ORIENTED_EDGE('',*,*,#2958,.T.);
#4080=ORIENTED_EDGE('',*,*,#2964,.F.);
#4081=ORIENTED_EDGE('',*,*,#2965,.F.);
#4082=ORIENTED_EDGE('',*,*,#2944,.F.);
#4083=ORIENTED_EDGE('',*,*,#2966,.T.);
#4084=ORIENTED_EDGE('',*,*,#2967,.F.);
#4085=ORIENTED_EDGE('',*,*,#2959,.F.);
#4086=ORIENTED_EDGE('',*,*,#2758,.F.);
#4087=ORIENTED_EDGE('',*,*,#2965,.T.);
#4088=ORIENTED_EDGE('',*,*,#2968,.F.);
#4089=ORIENTED_EDGE('',*,*,#2954,.F.);
#4090=ORIENTED_EDGE('',*,*,#2952,.F.);
#4091=ORIENTED_EDGE('',*,*,#2963,.T.);
#4092=ORIENTED_EDGE('',*,*,#2969,.F.);
#4093=ORIENTED_EDGE('',*,*,#2966,.F.);
#4094=ORIENTED_EDGE('',*,*,#2960,.T.);
#4095=ORIENTED_EDGE('',*,*,#2970,.T.);
#4096=ORIENTED_EDGE('',*,*,#2957,.T.);
#4097=ORIENTED_EDGE('',*,*,#2971,.F.);
#4098=ORIENTED_EDGE('',*,*,#2967,.T.);
#4099=ORIENTED_EDGE('',*,*,#2972,.F.);
#4100=ORIENTED_EDGE('',*,*,#2964,.T.);
#4101=ORIENTED_EDGE('',*,*,#2970,.F.);
#4102=ORIENTED_EDGE('',*,*,#2969,.T.);
#4103=ORIENTED_EDGE('',*,*,#2962,.T.);
#4104=ORIENTED_EDGE('',*,*,#2971,.T.);
#4105=ORIENTED_EDGE('',*,*,#2955,.T.);
#4106=ORIENTED_EDGE('',*,*,#2968,.T.);
#4107=ORIENTED_EDGE('',*,*,#2972,.T.);
#4108=ORIENTED_EDGE('',*,*,#2815,.F.);
#4109=ORIENTED_EDGE('',*,*,#2786,.T.);
#4110=ORIENTED_EDGE('',*,*,#2973,.F.);
#4111=ORIENTED_EDGE('',*,*,#2974,.T.);
#4112=ORIENTED_EDGE('',*,*,#2973,.T.);
#4113=ORIENTED_EDGE('',*,*,#2787,.T.);
#4114=ORIENTED_EDGE('',*,*,#2975,.F.);
#4115=ORIENTED_EDGE('',*,*,#2976,.T.);
#4116=ORIENTED_EDGE('',*,*,#2975,.T.);
#4117=ORIENTED_EDGE('',*,*,#2830,.F.);
#4118=ORIENTED_EDGE('',*,*,#2977,.F.);
#4119=ORIENTED_EDGE('',*,*,#2978,.T.);
#4120=ORIENTED_EDGE('',*,*,#2977,.T.);
#4121=ORIENTED_EDGE('',*,*,#2781,.T.);
#4122=ORIENTED_EDGE('',*,*,#2979,.F.);
#4123=ORIENTED_EDGE('',*,*,#2980,.T.);
#4124=ORIENTED_EDGE('',*,*,#2979,.T.);
#4125=ORIENTED_EDGE('',*,*,#2829,.F.);
#4126=ORIENTED_EDGE('',*,*,#2981,.F.);
#4127=ORIENTED_EDGE('',*,*,#2982,.T.);
#4128=ORIENTED_EDGE('',*,*,#2981,.T.);
#4129=ORIENTED_EDGE('',*,*,#2777,.T.);
#4130=ORIENTED_EDGE('',*,*,#2983,.F.);
#4131=ORIENTED_EDGE('',*,*,#2984,.T.);
#4132=ORIENTED_EDGE('',*,*,#2983,.T.);
#4133=ORIENTED_EDGE('',*,*,#2773,.T.);
#4134=ORIENTED_EDGE('',*,*,#2985,.F.);
#4135=ORIENTED_EDGE('',*,*,#2986,.T.);
#4136=ORIENTED_EDGE('',*,*,#2985,.T.);
#4137=ORIENTED_EDGE('',*,*,#2804,.T.);
#4138=ORIENTED_EDGE('',*,*,#2987,.F.);
#4139=ORIENTED_EDGE('',*,*,#2988,.T.);
#4140=ORIENTED_EDGE('',*,*,#2987,.T.);
#4141=ORIENTED_EDGE('',*,*,#2807,.T.);
#4142=ORIENTED_EDGE('',*,*,#2989,.F.);
#4143=ORIENTED_EDGE('',*,*,#2990,.T.);
#4144=ORIENTED_EDGE('',*,*,#2989,.T.);
#4145=ORIENTED_EDGE('',*,*,#2810,.T.);
#4146=ORIENTED_EDGE('',*,*,#2991,.F.);
#4147=ORIENTED_EDGE('',*,*,#2992,.T.);
#4148=ORIENTED_EDGE('',*,*,#2991,.T.);
#4149=ORIENTED_EDGE('',*,*,#2770,.T.);
#4150=ORIENTED_EDGE('',*,*,#2993,.F.);
#4151=ORIENTED_EDGE('',*,*,#2994,.T.);
#4152=ORIENTED_EDGE('',*,*,#2993,.T.);
#4153=ORIENTED_EDGE('',*,*,#2801,.T.);
#4154=ORIENTED_EDGE('',*,*,#2995,.F.);
#4155=ORIENTED_EDGE('',*,*,#2996,.T.);
#4156=ORIENTED_EDGE('',*,*,#2995,.T.);
#4157=ORIENTED_EDGE('',*,*,#2832,.F.);
#4158=ORIENTED_EDGE('',*,*,#2997,.F.);
#4159=ORIENTED_EDGE('',*,*,#2998,.T.);
#4160=ORIENTED_EDGE('',*,*,#2997,.T.);
#4161=ORIENTED_EDGE('',*,*,#2799,.T.);
#4162=ORIENTED_EDGE('',*,*,#2999,.F.);
#4163=ORIENTED_EDGE('',*,*,#3000,.T.);
#4164=ORIENTED_EDGE('',*,*,#2999,.T.);
#4165=ORIENTED_EDGE('',*,*,#2831,.F.);
#4166=ORIENTED_EDGE('',*,*,#3001,.F.);
#4167=ORIENTED_EDGE('',*,*,#3002,.T.);
#4168=ORIENTED_EDGE('',*,*,#3001,.T.);
#4169=ORIENTED_EDGE('',*,*,#2790,.T.);
#4170=ORIENTED_EDGE('',*,*,#3003,.F.);
#4171=ORIENTED_EDGE('',*,*,#3004,.T.);
#4172=ORIENTED_EDGE('',*,*,#3003,.T.);
#4173=ORIENTED_EDGE('',*,*,#2796,.T.);
#4174=ORIENTED_EDGE('',*,*,#3005,.T.);
#4175=ORIENTED_EDGE('',*,*,#3006,.T.);
#4176=ORIENTED_EDGE('',*,*,#3007,.T.);
#4177=ORIENTED_EDGE('',*,*,#3008,.T.);
#4178=ORIENTED_EDGE('',*,*,#3005,.F.);
#4179=ORIENTED_EDGE('',*,*,#2859,.T.);
#4180=ORIENTED_EDGE('',*,*,#2876,.T.);
#4181=ORIENTED_EDGE('',*,*,#2718,.F.);
#4182=ORIENTED_EDGE('',*,*,#2865,.F.);
#4183=ORIENTED_EDGE('',*,*,#2860,.F.);
#4184=ORIENTED_EDGE('',*,*,#3009,.F.);
#4185=ORIENTED_EDGE('',*,*,#2816,.F.);
#4186=ORIENTED_EDGE('',*,*,#2974,.F.);
#4187=ORIENTED_EDGE('',*,*,#2976,.F.);
#4188=ORIENTED_EDGE('',*,*,#2978,.F.);
#4189=ORIENTED_EDGE('',*,*,#2980,.F.);
#4190=ORIENTED_EDGE('',*,*,#2982,.F.);
#4191=ORIENTED_EDGE('',*,*,#2984,.F.);
#4192=ORIENTED_EDGE('',*,*,#2986,.F.);
#4193=ORIENTED_EDGE('',*,*,#2988,.F.);
#4194=ORIENTED_EDGE('',*,*,#2990,.F.);
#4195=ORIENTED_EDGE('',*,*,#2992,.F.);
#4196=ORIENTED_EDGE('',*,*,#2994,.F.);
#4197=ORIENTED_EDGE('',*,*,#2996,.F.);
#4198=ORIENTED_EDGE('',*,*,#2998,.F.);
#4199=ORIENTED_EDGE('',*,*,#3000,.F.);
#4200=ORIENTED_EDGE('',*,*,#3002,.F.);
#4201=ORIENTED_EDGE('',*,*,#3004,.F.);
#4202=ORIENTED_EDGE('',*,*,#3006,.F.);
#4203=ORIENTED_EDGE('',*,*,#3008,.F.);
#4204=ORIENTED_EDGE('',*,*,#3010,.F.);
#4205=ORIENTED_EDGE('',*,*,#2872,.F.);
#4206=ORIENTED_EDGE('',*,*,#2855,.F.);
#4207=ORIENTED_EDGE('',*,*,#2715,.F.);
#4208=ORIENTED_EDGE('',*,*,#2712,.F.);
#4209=ORIENTED_EDGE('',*,*,#2709,.F.);
#4210=ORIENTED_EDGE('',*,*,#2706,.F.);
#4211=ORIENTED_EDGE('',*,*,#2703,.F.);
#4212=ORIENTED_EDGE('',*,*,#2700,.F.);
#4213=ORIENTED_EDGE('',*,*,#2697,.F.);
#4214=ORIENTED_EDGE('',*,*,#2694,.F.);
#4215=ORIENTED_EDGE('',*,*,#2690,.F.);
#4216=ORIENTED_EDGE('',*,*,#2731,.F.);
#4217=ORIENTED_EDGE('',*,*,#2728,.F.);
#4218=ORIENTED_EDGE('',*,*,#2725,.F.);
#4219=ORIENTED_EDGE('',*,*,#2722,.F.);
#4220=ORIENTED_EDGE('',*,*,#2874,.F.);
#4221=ORIENTED_EDGE('',*,*,#2812,.F.);
#4222=ORIENTED_EDGE('',*,*,#3009,.T.);
#4223=ORIENTED_EDGE('',*,*,#2864,.F.);
#4224=ORIENTED_EDGE('',*,*,#2875,.T.);
#4225=ORIENTED_EDGE('',*,*,#2873,.T.);
#4226=ORIENTED_EDGE('',*,*,#3010,.T.);
#4227=ORIENTED_EDGE('',*,*,#3007,.F.);
#4228=ORIENTED_EDGE('',*,*,#3011,.F.);
#4229=ORIENTED_EDGE('',*,*,#3012,.T.);
#4230=ORIENTED_EDGE('',*,*,#3013,.F.);
#4231=ORIENTED_EDGE('',*,*,#3014,.F.);
#4232=ORIENTED_EDGE('',*,*,#3015,.F.);
#4233=ORIENTED_EDGE('',*,*,#3016,.F.);
#4234=ORIENTED_EDGE('',*,*,#3013,.T.);
#4235=ORIENTED_EDGE('',*,*,#3017,.T.);
#4236=ORIENTED_EDGE('',*,*,#3018,.F.);
#4237=ORIENTED_EDGE('',*,*,#3019,.F.);
#4238=ORIENTED_EDGE('',*,*,#3017,.F.);
#4239=ORIENTED_EDGE('',*,*,#3012,.F.);
#4240=ORIENTED_EDGE('',*,*,#3018,.T.);
#4241=ORIENTED_EDGE('',*,*,#3011,.T.);
#4242=ORIENTED_EDGE('',*,*,#3020,.T.);
#4243=ORIENTED_EDGE('',*,*,#3021,.T.);
#4244=ORIENTED_EDGE('',*,*,#3022,.F.);
#4245=ORIENTED_EDGE('',*,*,#3023,.F.);
#4246=ORIENTED_EDGE('',*,*,#3014,.T.);
#4247=ORIENTED_EDGE('',*,*,#3016,.T.);
#4248=ORIENTED_EDGE('',*,*,#3024,.F.);
#4249=ORIENTED_EDGE('',*,*,#3025,.F.);
#4250=ORIENTED_EDGE('',*,*,#3026,.F.);
#4251=ORIENTED_EDGE('',*,*,#3027,.F.);
#4252=ORIENTED_EDGE('',*,*,#3028,.F.);
#4253=ORIENTED_EDGE('',*,*,#3029,.F.);
#4254=ORIENTED_EDGE('',*,*,#3030,.F.);
#4255=ORIENTED_EDGE('',*,*,#3031,.F.);
#4256=ORIENTED_EDGE('',*,*,#3032,.F.);
#4257=ORIENTED_EDGE('',*,*,#3033,.F.);
#4258=ORIENTED_EDGE('',*,*,#3020,.F.);
#4259=ORIENTED_EDGE('',*,*,#3033,.T.);
#4260=ORIENTED_EDGE('',*,*,#3034,.T.);
#4261=ORIENTED_EDGE('',*,*,#3035,.F.);
#4262=ORIENTED_EDGE('',*,*,#3021,.F.);
#4263=ORIENTED_EDGE('',*,*,#3032,.T.);
#4264=ORIENTED_EDGE('',*,*,#3036,.T.);
#4265=ORIENTED_EDGE('',*,*,#3037,.F.);
#4266=ORIENTED_EDGE('',*,*,#3034,.F.);
#4267=ORIENTED_EDGE('',*,*,#3031,.T.);
#4268=ORIENTED_EDGE('',*,*,#3038,.T.);
#4269=ORIENTED_EDGE('',*,*,#3039,.F.);
#4270=ORIENTED_EDGE('',*,*,#3036,.F.);
#4271=ORIENTED_EDGE('',*,*,#3030,.T.);
#4272=ORIENTED_EDGE('',*,*,#3040,.T.);
#4273=ORIENTED_EDGE('',*,*,#3041,.F.);
#4274=ORIENTED_EDGE('',*,*,#3038,.F.);
#4275=ORIENTED_EDGE('',*,*,#3029,.T.);
#4276=ORIENTED_EDGE('',*,*,#3042,.T.);
#4277=ORIENTED_EDGE('',*,*,#3043,.F.);
#4278=ORIENTED_EDGE('',*,*,#3040,.F.);
#4279=ORIENTED_EDGE('',*,*,#3028,.T.);
#4280=ORIENTED_EDGE('',*,*,#3044,.T.);
#4281=ORIENTED_EDGE('',*,*,#3045,.F.);
#4282=ORIENTED_EDGE('',*,*,#3042,.F.);
#4283=ORIENTED_EDGE('',*,*,#3019,.T.);
#4284=ORIENTED_EDGE('',*,*,#3023,.T.);
#4285=ORIENTED_EDGE('',*,*,#3046,.F.);
#4286=ORIENTED_EDGE('',*,*,#3047,.F.);
#4287=ORIENTED_EDGE('',*,*,#3024,.T.);
#4288=ORIENTED_EDGE('',*,*,#3015,.T.);
#4289=ORIENTED_EDGE('',*,*,#3025,.T.);
#4290=ORIENTED_EDGE('',*,*,#3047,.T.);
#4291=ORIENTED_EDGE('',*,*,#3048,.F.);
#4292=ORIENTED_EDGE('',*,*,#3049,.F.);
#4293=ORIENTED_EDGE('',*,*,#3026,.T.);
#4294=ORIENTED_EDGE('',*,*,#3049,.T.);
#4295=ORIENTED_EDGE('',*,*,#3050,.F.);
#4296=ORIENTED_EDGE('',*,*,#3051,.F.);
#4297=ORIENTED_EDGE('',*,*,#3027,.T.);
#4298=ORIENTED_EDGE('',*,*,#3051,.T.);
#4299=ORIENTED_EDGE('',*,*,#3052,.F.);
#4300=ORIENTED_EDGE('',*,*,#3044,.F.);
#4301=ORIENTED_EDGE('',*,*,#3045,.T.);
#4302=ORIENTED_EDGE('',*,*,#3052,.T.);
#4303=ORIENTED_EDGE('',*,*,#3050,.T.);
#4304=ORIENTED_EDGE('',*,*,#3048,.T.);
#4305=ORIENTED_EDGE('',*,*,#3046,.T.);
#4306=ORIENTED_EDGE('',*,*,#3022,.T.);
#4307=ORIENTED_EDGE('',*,*,#3035,.T.);
#4308=ORIENTED_EDGE('',*,*,#3037,.T.);
#4309=ORIENTED_EDGE('',*,*,#3039,.T.);
#4310=ORIENTED_EDGE('',*,*,#3041,.T.);
#4311=ORIENTED_EDGE('',*,*,#3043,.T.);
#4312=ORIENTED_EDGE('',*,*,#3053,.F.);
#4313=ORIENTED_EDGE('',*,*,#3054,.F.);
#4314=ORIENTED_EDGE('',*,*,#3055,.F.);
#4315=ORIENTED_EDGE('',*,*,#3056,.F.);
#4316=ORIENTED_EDGE('',*,*,#3057,.F.);
#4317=ORIENTED_EDGE('',*,*,#3058,.F.);
#4318=ORIENTED_EDGE('',*,*,#3059,.F.);
#4319=ORIENTED_EDGE('',*,*,#3054,.T.);
#4320=ORIENTED_EDGE('',*,*,#3056,.T.);
#4321=ORIENTED_EDGE('',*,*,#3060,.T.);
#4322=ORIENTED_EDGE('',*,*,#3061,.F.);
#4323=ORIENTED_EDGE('',*,*,#3062,.F.);
#4324=ORIENTED_EDGE('',*,*,#3055,.T.);
#4325=ORIENTED_EDGE('',*,*,#3059,.T.);
#4326=ORIENTED_EDGE('',*,*,#3063,.T.);
#4327=ORIENTED_EDGE('',*,*,#3064,.T.);
#4328=ORIENTED_EDGE('',*,*,#3065,.F.);
#4329=ORIENTED_EDGE('',*,*,#3060,.F.);
#4330=ORIENTED_EDGE('',*,*,#3058,.T.);
#4331=ORIENTED_EDGE('',*,*,#3066,.F.);
#4332=ORIENTED_EDGE('',*,*,#3067,.F.);
#4333=ORIENTED_EDGE('',*,*,#3063,.F.);
#4334=ORIENTED_EDGE('',*,*,#3067,.T.);
#4335=ORIENTED_EDGE('',*,*,#3068,.T.);
#4336=ORIENTED_EDGE('',*,*,#3069,.F.);
#4337=ORIENTED_EDGE('',*,*,#3064,.F.);
#4338=ORIENTED_EDGE('',*,*,#3053,.T.);
#4339=ORIENTED_EDGE('',*,*,#3062,.T.);
#4340=ORIENTED_EDGE('',*,*,#3070,.F.);
#4341=ORIENTED_EDGE('',*,*,#3068,.F.);
#4342=ORIENTED_EDGE('',*,*,#3066,.T.);
#4343=ORIENTED_EDGE('',*,*,#3057,.T.);
#4344=ORIENTED_EDGE('',*,*,#3070,.T.);
#4345=ORIENTED_EDGE('',*,*,#3061,.T.);
#4346=ORIENTED_EDGE('',*,*,#3065,.T.);
#4347=ORIENTED_EDGE('',*,*,#3069,.T.);
#4348=ORIENTED_EDGE('',*,*,#3071,.F.);
#4349=ORIENTED_EDGE('',*,*,#3072,.T.);
#4350=ORIENTED_EDGE('',*,*,#3073,.T.);
#4351=ORIENTED_EDGE('',*,*,#3072,.F.);
#4352=ORIENTED_EDGE('',*,*,#3073,.F.);
#4353=ORIENTED_EDGE('',*,*,#3074,.F.);
#4354=ORIENTED_EDGE('',*,*,#3075,.F.);
#4355=ORIENTED_EDGE('',*,*,#3076,.T.);
#4356=ORIENTED_EDGE('',*,*,#3077,.T.);
#4357=ORIENTED_EDGE('',*,*,#3076,.F.);
#4358=ORIENTED_EDGE('',*,*,#3077,.F.);
#4359=ORIENTED_EDGE('',*,*,#3078,.F.);
#4360=ORIENTED_EDGE('',*,*,#3079,.F.);
#4361=ORIENTED_EDGE('',*,*,#3080,.T.);
#4362=ORIENTED_EDGE('',*,*,#3081,.T.);
#4363=ORIENTED_EDGE('',*,*,#3080,.F.);
#4364=ORIENTED_EDGE('',*,*,#3081,.F.);
#4365=ORIENTED_EDGE('',*,*,#3082,.F.);
#4366=ORIENTED_EDGE('',*,*,#3083,.F.);
#4367=ORIENTED_EDGE('',*,*,#3084,.T.);
#4368=ORIENTED_EDGE('',*,*,#3085,.T.);
#4369=ORIENTED_EDGE('',*,*,#3084,.F.);
#4370=ORIENTED_EDGE('',*,*,#3085,.F.);
#4371=ORIENTED_EDGE('',*,*,#3086,.F.);
#4372=ORIENTED_EDGE('',*,*,#3087,.F.);
#4373=ORIENTED_EDGE('',*,*,#3088,.T.);
#4374=ORIENTED_EDGE('',*,*,#3074,.T.);
#4375=ORIENTED_EDGE('',*,*,#3088,.F.);
#4376=ORIENTED_EDGE('',*,*,#3089,.F.);
#4377=ORIENTED_EDGE('',*,*,#3090,.T.);
#4378=ORIENTED_EDGE('',*,*,#3086,.T.);
#4379=ORIENTED_EDGE('',*,*,#3090,.F.);
#4380=ORIENTED_EDGE('',*,*,#3091,.F.);
#4381=ORIENTED_EDGE('',*,*,#3092,.T.);
#4382=ORIENTED_EDGE('',*,*,#3082,.T.);
#4383=ORIENTED_EDGE('',*,*,#3092,.F.);
#4384=ORIENTED_EDGE('',*,*,#3093,.F.);
#4385=ORIENTED_EDGE('',*,*,#3094,.T.);
#4386=ORIENTED_EDGE('',*,*,#3078,.T.);
#4387=ORIENTED_EDGE('',*,*,#3094,.F.);
#4388=ORIENTED_EDGE('',*,*,#3095,.T.);
#4389=ORIENTED_EDGE('',*,*,#3096,.T.);
#4390=ORIENTED_EDGE('',*,*,#3097,.F.);
#4391=ORIENTED_EDGE('',*,*,#3098,.F.);
#4392=ORIENTED_EDGE('',*,*,#3099,.T.);
#4393=ORIENTED_EDGE('',*,*,#3100,.T.);
#4394=ORIENTED_EDGE('',*,*,#3101,.F.);
#4395=ORIENTED_EDGE('',*,*,#3102,.F.);
#4396=ORIENTED_EDGE('',*,*,#3103,.F.);
#4397=ORIENTED_EDGE('',*,*,#3104,.T.);
#4398=ORIENTED_EDGE('',*,*,#3105,.F.);
#4399=ORIENTED_EDGE('',*,*,#3106,.F.);
#4400=ORIENTED_EDGE('',*,*,#3107,.T.);
#4401=ORIENTED_EDGE('',*,*,#3108,.T.);
#4402=ORIENTED_EDGE('',*,*,#3109,.F.);
#4403=ORIENTED_EDGE('',*,*,#3110,.F.);
#4404=ORIENTED_EDGE('',*,*,#3111,.T.);
#4405=ORIENTED_EDGE('',*,*,#3112,.T.);
#4406=ORIENTED_EDGE('',*,*,#3113,.T.);
#4407=ORIENTED_EDGE('',*,*,#3114,.T.);
#4408=ORIENTED_EDGE('',*,*,#3115,.T.);
#4409=ORIENTED_EDGE('',*,*,#3116,.T.);
#4410=ORIENTED_EDGE('',*,*,#3117,.T.);
#4411=ORIENTED_EDGE('',*,*,#3118,.T.);
#4412=ORIENTED_EDGE('',*,*,#3119,.T.);
#4413=ORIENTED_EDGE('',*,*,#3120,.T.);
#4414=ORIENTED_EDGE('',*,*,#3121,.T.);
#4415=ORIENTED_EDGE('',*,*,#3122,.T.);
#4416=ORIENTED_EDGE('',*,*,#3123,.T.);
#4417=ORIENTED_EDGE('',*,*,#3124,.T.);
#4418=ORIENTED_EDGE('',*,*,#3125,.T.);
#4419=ORIENTED_EDGE('',*,*,#3126,.T.);
#4420=ORIENTED_EDGE('',*,*,#3127,.T.);
#4421=ORIENTED_EDGE('',*,*,#3128,.T.);
#4422=ORIENTED_EDGE('',*,*,#3109,.T.);
#4423=ORIENTED_EDGE('',*,*,#3129,.T.);
#4424=ORIENTED_EDGE('',*,*,#3105,.T.);
#4425=ORIENTED_EDGE('',*,*,#3130,.T.);
#4426=ORIENTED_EDGE('',*,*,#3131,.T.);
#4427=ORIENTED_EDGE('',*,*,#3132,.T.);
#4428=ORIENTED_EDGE('',*,*,#3133,.T.);
#4429=ORIENTED_EDGE('',*,*,#3134,.T.);
#4430=ORIENTED_EDGE('',*,*,#3135,.T.);
#4431=ORIENTED_EDGE('',*,*,#3136,.T.);
#4432=ORIENTED_EDGE('',*,*,#3137,.T.);
#4433=ORIENTED_EDGE('',*,*,#3138,.T.);
#4434=ORIENTED_EDGE('',*,*,#3139,.T.);
#4435=ORIENTED_EDGE('',*,*,#3140,.T.);
#4436=ORIENTED_EDGE('',*,*,#3141,.T.);
#4437=ORIENTED_EDGE('',*,*,#3142,.T.);
#4438=ORIENTED_EDGE('',*,*,#3143,.T.);
#4439=ORIENTED_EDGE('',*,*,#3144,.T.);
#4440=ORIENTED_EDGE('',*,*,#3101,.T.);
#4441=ORIENTED_EDGE('',*,*,#3145,.T.);
#4442=ORIENTED_EDGE('',*,*,#3097,.T.);
#4443=ORIENTED_EDGE('',*,*,#3146,.T.);
#4444=ORIENTED_EDGE('',*,*,#3147,.T.);
#4445=ORIENTED_EDGE('',*,*,#3148,.T.);
#4446=ORIENTED_EDGE('',*,*,#3149,.T.);
#4447=ORIENTED_EDGE('',*,*,#3150,.T.);
#4448=ORIENTED_EDGE('',*,*,#3150,.F.);
#4449=ORIENTED_EDGE('',*,*,#3151,.F.);
#4450=ORIENTED_EDGE('',*,*,#3152,.F.);
#4451=ORIENTED_EDGE('',*,*,#3153,.T.);
#4452=ORIENTED_EDGE('',*,*,#3149,.F.);
#4453=ORIENTED_EDGE('',*,*,#3154,.F.);
#4454=ORIENTED_EDGE('',*,*,#3155,.F.);
#4455=ORIENTED_EDGE('',*,*,#3151,.T.);
#4456=ORIENTED_EDGE('',*,*,#3147,.F.);
#4457=ORIENTED_EDGE('',*,*,#3153,.F.);
#4458=ORIENTED_EDGE('',*,*,#3156,.F.);
#4459=ORIENTED_EDGE('',*,*,#3157,.T.);
#4460=ORIENTED_EDGE('',*,*,#3148,.F.);
#4461=ORIENTED_EDGE('',*,*,#3157,.F.);
#4462=ORIENTED_EDGE('',*,*,#3158,.F.);
#4463=ORIENTED_EDGE('',*,*,#3154,.T.);
#4464=ORIENTED_EDGE('',*,*,#3159,.T.);
#4465=ORIENTED_EDGE('',*,*,#3160,.T.);
#4466=ORIENTED_EDGE('',*,*,#3161,.T.);
#4467=ORIENTED_EDGE('',*,*,#3162,.T.);
#4468=ORIENTED_EDGE('',*,*,#3162,.F.);
#4469=ORIENTED_EDGE('',*,*,#3163,.F.);
#4470=ORIENTED_EDGE('',*,*,#3164,.F.);
#4471=ORIENTED_EDGE('',*,*,#3165,.T.);
#4472=ORIENTED_EDGE('',*,*,#3161,.F.);
#4473=ORIENTED_EDGE('',*,*,#3166,.F.);
#4474=ORIENTED_EDGE('',*,*,#3167,.F.);
#4475=ORIENTED_EDGE('',*,*,#3163,.T.);
#4476=ORIENTED_EDGE('',*,*,#3159,.F.);
#4477=ORIENTED_EDGE('',*,*,#3165,.F.);
#4478=ORIENTED_EDGE('',*,*,#3168,.F.);
#4479=ORIENTED_EDGE('',*,*,#3169,.T.);
#4480=ORIENTED_EDGE('',*,*,#3160,.F.);
#4481=ORIENTED_EDGE('',*,*,#3169,.F.);
#4482=ORIENTED_EDGE('',*,*,#3170,.F.);
#4483=ORIENTED_EDGE('',*,*,#3166,.T.);
#4484=ORIENTED_EDGE('',*,*,#3171,.T.);
#4485=ORIENTED_EDGE('',*,*,#3172,.T.);
#4486=ORIENTED_EDGE('',*,*,#3173,.T.);
#4487=ORIENTED_EDGE('',*,*,#3174,.T.);
#4488=ORIENTED_EDGE('',*,*,#3174,.F.);
#4489=ORIENTED_EDGE('',*,*,#3175,.F.);
#4490=ORIENTED_EDGE('',*,*,#3176,.F.);
#4491=ORIENTED_EDGE('',*,*,#3177,.T.);
#4492=ORIENTED_EDGE('',*,*,#3173,.F.);
#4493=ORIENTED_EDGE('',*,*,#3178,.F.);
#4494=ORIENTED_EDGE('',*,*,#3179,.F.);
#4495=ORIENTED_EDGE('',*,*,#3175,.T.);
#4496=ORIENTED_EDGE('',*,*,#3172,.F.);
#4497=ORIENTED_EDGE('',*,*,#3180,.F.);
#4498=ORIENTED_EDGE('',*,*,#3181,.F.);
#4499=ORIENTED_EDGE('',*,*,#3178,.T.);
#4500=ORIENTED_EDGE('',*,*,#3171,.F.);
#4501=ORIENTED_EDGE('',*,*,#3177,.F.);
#4502=ORIENTED_EDGE('',*,*,#3182,.F.);
#4503=ORIENTED_EDGE('',*,*,#3180,.T.);
#4504=ORIENTED_EDGE('',*,*,#3183,.T.);
#4505=ORIENTED_EDGE('',*,*,#3184,.T.);
#4506=ORIENTED_EDGE('',*,*,#3185,.T.);
#4507=ORIENTED_EDGE('',*,*,#3186,.T.);
#4508=ORIENTED_EDGE('',*,*,#3186,.F.);
#4509=ORIENTED_EDGE('',*,*,#3187,.F.);
#4510=ORIENTED_EDGE('',*,*,#3188,.F.);
#4511=ORIENTED_EDGE('',*,*,#3189,.T.);
#4512=ORIENTED_EDGE('',*,*,#3185,.F.);
#4513=ORIENTED_EDGE('',*,*,#3190,.F.);
#4514=ORIENTED_EDGE('',*,*,#3191,.F.);
#4515=ORIENTED_EDGE('',*,*,#3187,.T.);
#4516=ORIENTED_EDGE('',*,*,#3184,.F.);
#4517=ORIENTED_EDGE('',*,*,#3192,.F.);
#4518=ORIENTED_EDGE('',*,*,#3193,.F.);
#4519=ORIENTED_EDGE('',*,*,#3190,.T.);
#4520=ORIENTED_EDGE('',*,*,#3183,.F.);
#4521=ORIENTED_EDGE('',*,*,#3189,.F.);
#4522=ORIENTED_EDGE('',*,*,#3194,.F.);
#4523=ORIENTED_EDGE('',*,*,#3192,.T.);
#4524=ORIENTED_EDGE('',*,*,#3195,.F.);
#4525=ORIENTED_EDGE('',*,*,#3196,.F.);
#4526=ORIENTED_EDGE('',*,*,#3197,.F.);
#4527=ORIENTED_EDGE('',*,*,#3103,.T.);
#4528=ORIENTED_EDGE('',*,*,#3198,.F.);
#4529=ORIENTED_EDGE('',*,*,#3099,.F.);
#4530=ORIENTED_EDGE('',*,*,#3199,.T.);
#4531=ORIENTED_EDGE('',*,*,#3098,.T.);
#4532=ORIENTED_EDGE('',*,*,#3145,.F.);
#4533=ORIENTED_EDGE('',*,*,#3100,.F.);
#4534=ORIENTED_EDGE('',*,*,#3198,.T.);
#4535=ORIENTED_EDGE('',*,*,#3106,.T.);
#4536=ORIENTED_EDGE('',*,*,#3129,.F.);
#4537=ORIENTED_EDGE('',*,*,#3108,.F.);
#4538=ORIENTED_EDGE('',*,*,#3200,.T.);
#4539=ORIENTED_EDGE('',*,*,#3201,.T.);
#4540=ORIENTED_EDGE('',*,*,#3202,.F.);
#4541=ORIENTED_EDGE('',*,*,#3146,.F.);
#4542=ORIENTED_EDGE('',*,*,#3096,.F.);
#4543=ORIENTED_EDGE('',*,*,#3203,.T.);
#4544=ORIENTED_EDGE('',*,*,#3110,.T.);
#4545=ORIENTED_EDGE('',*,*,#3128,.F.);
#4546=ORIENTED_EDGE('',*,*,#3195,.T.);
#4547=ORIENTED_EDGE('',*,*,#3102,.T.);
#4548=ORIENTED_EDGE('',*,*,#3144,.F.);
#4549=ORIENTED_EDGE('',*,*,#3204,.F.);
#4550=ORIENTED_EDGE('',*,*,#3205,.F.);
#4551=ORIENTED_EDGE('',*,*,#3107,.F.);
#4552=ORIENTED_EDGE('',*,*,#3203,.F.);
#4553=ORIENTED_EDGE('',*,*,#3095,.F.);
#4554=ORIENTED_EDGE('',*,*,#3199,.F.);
#4555=ORIENTED_EDGE('',*,*,#3196,.T.);
#4556=ORIENTED_EDGE('',*,*,#3205,.T.);
#4557=ORIENTED_EDGE('',*,*,#3206,.F.);
#4558=ORIENTED_EDGE('',*,*,#3207,.T.);
#4559=ORIENTED_EDGE('',*,*,#3208,.T.);
#4560=ORIENTED_EDGE('',*,*,#3209,.T.);
#4561=ORIENTED_EDGE('',*,*,#3210,.T.);
#4562=ORIENTED_EDGE('',*,*,#3211,.T.);
#4563=ORIENTED_EDGE('',*,*,#3212,.T.);
#4564=ORIENTED_EDGE('',*,*,#3213,.T.);
#4565=ORIENTED_EDGE('',*,*,#3214,.T.);
#4566=ORIENTED_EDGE('',*,*,#3215,.T.);
#4567=ORIENTED_EDGE('',*,*,#3212,.F.);
#4568=ORIENTED_EDGE('',*,*,#3216,.T.);
#4569=ORIENTED_EDGE('',*,*,#3217,.T.);
#4570=ORIENTED_EDGE('',*,*,#3218,.T.);
#4571=ORIENTED_EDGE('',*,*,#3219,.T.);
#4572=ORIENTED_EDGE('',*,*,#3217,.F.);
#4573=ORIENTED_EDGE('',*,*,#3220,.T.);
#4574=ORIENTED_EDGE('',*,*,#3221,.T.);
#4575=ORIENTED_EDGE('',*,*,#3222,.T.);
#4576=ORIENTED_EDGE('',*,*,#3223,.T.);
#4577=ORIENTED_EDGE('',*,*,#3224,.T.);
#4578=ORIENTED_EDGE('',*,*,#3206,.T.);
#4579=ORIENTED_EDGE('',*,*,#3225,.T.);
#4580=ORIENTED_EDGE('',*,*,#3223,.F.);
#4581=ORIENTED_EDGE('',*,*,#3226,.T.);
#4582=ORIENTED_EDGE('',*,*,#3221,.F.);
#4583=ORIENTED_EDGE('',*,*,#3227,.T.);
#4584=ORIENTED_EDGE('',*,*,#3228,.T.);
#4585=ORIENTED_EDGE('',*,*,#3229,.T.);
#4586=ORIENTED_EDGE('',*,*,#3208,.F.);
#4587=ORIENTED_EDGE('',*,*,#3230,.T.);
#4588=ORIENTED_EDGE('',*,*,#3228,.F.);
#4589=ORIENTED_EDGE('',*,*,#3231,.T.);
#4590=ORIENTED_EDGE('',*,*,#3232,.T.);
#4591=ORIENTED_EDGE('',*,*,#3233,.T.);
#4592=ORIENTED_EDGE('',*,*,#3234,.T.);
#4593=ORIENTED_EDGE('',*,*,#3235,.T.);
#4594=ORIENTED_EDGE('',*,*,#3232,.F.);
#4595=ORIENTED_EDGE('',*,*,#3214,.F.);
#4596=ORIENTED_EDGE('',*,*,#3236,.T.);
#4597=ORIENTED_EDGE('',*,*,#3234,.F.);
#4598=ORIENTED_EDGE('',*,*,#3237,.T.);
#4599=ORIENTED_EDGE('',*,*,#3215,.F.);
#4600=ORIENTED_EDGE('',*,*,#3238,.T.);
#4601=ORIENTED_EDGE('',*,*,#3239,.T.);
#4602=ORIENTED_EDGE('',*,*,#3240,.T.);
#4603=ORIENTED_EDGE('',*,*,#3241,.T.);
#4604=ORIENTED_EDGE('',*,*,#3242,.T.);
#4605=ORIENTED_EDGE('',*,*,#3239,.F.);
#4606=ORIENTED_EDGE('',*,*,#3243,.T.);
#4607=ORIENTED_EDGE('',*,*,#3211,.F.);
#4608=ORIENTED_EDGE('',*,*,#3244,.T.);
#4609=ORIENTED_EDGE('',*,*,#3241,.F.);
#4610=ORIENTED_EDGE('',*,*,#3245,.T.);
#4611=ORIENTED_EDGE('',*,*,#3242,.F.);
#4612=ORIENTED_EDGE('',*,*,#3246,.T.);
#4613=ORIENTED_EDGE('',*,*,#3137,.F.);
#4614=ORIENTED_EDGE('',*,*,#3247,.F.);
#4615=ORIENTED_EDGE('',*,*,#3244,.F.);
#4616=ORIENTED_EDGE('',*,*,#3248,.T.);
#4617=ORIENTED_EDGE('',*,*,#3138,.F.);
#4618=ORIENTED_EDGE('',*,*,#3246,.F.);
#4619=ORIENTED_EDGE('',*,*,#3210,.F.);
#4620=ORIENTED_EDGE('',*,*,#3249,.T.);
#4621=ORIENTED_EDGE('',*,*,#3139,.F.);
#4622=ORIENTED_EDGE('',*,*,#3248,.F.);
#4623=ORIENTED_EDGE('',*,*,#3218,.F.);
#4624=ORIENTED_EDGE('',*,*,#3250,.T.);
#4625=ORIENTED_EDGE('',*,*,#3140,.F.);
#4626=ORIENTED_EDGE('',*,*,#3249,.F.);
#4627=ORIENTED_EDGE('',*,*,#3219,.F.);
#4628=ORIENTED_EDGE('',*,*,#3251,.T.);
#4629=ORIENTED_EDGE('',*,*,#3141,.F.);
#4630=ORIENTED_EDGE('',*,*,#3250,.F.);
#4631=ORIENTED_EDGE('',*,*,#3226,.F.);
#4632=ORIENTED_EDGE('',*,*,#3252,.T.);
#4633=ORIENTED_EDGE('',*,*,#3142,.F.);
#4634=ORIENTED_EDGE('',*,*,#3251,.F.);
#4635=ORIENTED_EDGE('',*,*,#3222,.F.);
#4636=ORIENTED_EDGE('',*,*,#3204,.T.);
#4637=ORIENTED_EDGE('',*,*,#3143,.F.);
#4638=ORIENTED_EDGE('',*,*,#3252,.F.);
#4639=ORIENTED_EDGE('',*,*,#3224,.F.);
#4640=ORIENTED_EDGE('',*,*,#3225,.F.);
#4641=ORIENTED_EDGE('',*,*,#3220,.F.);
#4642=ORIENTED_EDGE('',*,*,#3216,.F.);
#4643=ORIENTED_EDGE('',*,*,#3245,.F.);
#4644=ORIENTED_EDGE('',*,*,#3243,.F.);
#4645=ORIENTED_EDGE('',*,*,#3238,.F.);
#4646=ORIENTED_EDGE('',*,*,#3237,.F.);
#4647=ORIENTED_EDGE('',*,*,#3233,.F.);
#4648=ORIENTED_EDGE('',*,*,#3231,.F.);
#4649=ORIENTED_EDGE('',*,*,#3227,.F.);
#4650=ORIENTED_EDGE('',*,*,#3207,.F.);
#4651=ORIENTED_EDGE('',*,*,#3083,.T.);
#4652=ORIENTED_EDGE('',*,*,#3079,.T.);
#4653=ORIENTED_EDGE('',*,*,#3075,.T.);
#4654=ORIENTED_EDGE('',*,*,#3071,.T.);
#4655=ORIENTED_EDGE('',*,*,#3253,.F.);
#4656=ORIENTED_EDGE('',*,*,#3254,.T.);
#4657=ORIENTED_EDGE('',*,*,#3255,.T.);
#4658=ORIENTED_EDGE('',*,*,#3115,.F.);
#4659=ORIENTED_EDGE('',*,*,#3256,.F.);
#4660=ORIENTED_EDGE('',*,*,#3257,.T.);
#4661=ORIENTED_EDGE('',*,*,#3258,.T.);
#4662=ORIENTED_EDGE('',*,*,#3113,.F.);
#4663=ORIENTED_EDGE('',*,*,#3259,.F.);
#4664=ORIENTED_EDGE('',*,*,#3260,.T.);
#4665=ORIENTED_EDGE('',*,*,#3261,.T.);
#4666=ORIENTED_EDGE('',*,*,#3125,.F.);
#4667=ORIENTED_EDGE('',*,*,#3262,.F.);
#4668=ORIENTED_EDGE('',*,*,#3263,.T.);
#4669=ORIENTED_EDGE('',*,*,#3264,.T.);
#4670=ORIENTED_EDGE('',*,*,#3123,.F.);
#4671=ORIENTED_EDGE('',*,*,#3265,.F.);
#4672=ORIENTED_EDGE('',*,*,#3266,.F.);
#4673=ORIENTED_EDGE('',*,*,#3267,.F.);
#4674=ORIENTED_EDGE('',*,*,#3268,.F.);
#4675=ORIENTED_EDGE('',*,*,#3269,.F.);
#4676=ORIENTED_EDGE('',*,*,#3270,.F.);
#4677=ORIENTED_EDGE('',*,*,#3271,.F.);
#4678=ORIENTED_EDGE('',*,*,#3254,.F.);
#4679=ORIENTED_EDGE('',*,*,#3272,.F.);
#4680=ORIENTED_EDGE('',*,*,#3257,.F.);
#4681=ORIENTED_EDGE('',*,*,#3273,.F.);
#4682=ORIENTED_EDGE('',*,*,#3274,.F.);
#4683=ORIENTED_EDGE('',*,*,#3201,.F.);
#4684=ORIENTED_EDGE('',*,*,#3275,.F.);
#4685=ORIENTED_EDGE('',*,*,#3276,.F.);
#4686=ORIENTED_EDGE('',*,*,#3260,.F.);
#4687=ORIENTED_EDGE('',*,*,#3277,.F.);
#4688=ORIENTED_EDGE('',*,*,#3263,.F.);
#4689=ORIENTED_EDGE('',*,*,#3087,.T.);
#4690=ORIENTED_EDGE('',*,*,#3089,.T.);
#4691=ORIENTED_EDGE('',*,*,#3091,.T.);
#4692=ORIENTED_EDGE('',*,*,#3093,.T.);
#4693=ORIENTED_EDGE('',*,*,#3270,.T.);
#4694=ORIENTED_EDGE('',*,*,#3278,.T.);
#4695=ORIENTED_EDGE('',*,*,#3117,.F.);
#4696=ORIENTED_EDGE('',*,*,#3279,.F.);
#4697=ORIENTED_EDGE('',*,*,#3255,.F.);
#4698=ORIENTED_EDGE('',*,*,#3271,.T.);
#4699=ORIENTED_EDGE('',*,*,#3279,.T.);
#4700=ORIENTED_EDGE('',*,*,#3116,.F.);
#4701=ORIENTED_EDGE('',*,*,#3258,.F.);
#4702=ORIENTED_EDGE('',*,*,#3272,.T.);
#4703=ORIENTED_EDGE('',*,*,#3253,.T.);
#4704=ORIENTED_EDGE('',*,*,#3114,.F.);
#4705=ORIENTED_EDGE('',*,*,#3155,.T.);
#4706=ORIENTED_EDGE('',*,*,#3158,.T.);
#4707=ORIENTED_EDGE('',*,*,#3156,.T.);
#4708=ORIENTED_EDGE('',*,*,#3152,.T.);
#4709=ORIENTED_EDGE('',*,*,#3280,.F.);
#4710=ORIENTED_EDGE('',*,*,#3273,.T.);
#4711=ORIENTED_EDGE('',*,*,#3256,.T.);
#4712=ORIENTED_EDGE('',*,*,#3112,.F.);
#4713=ORIENTED_EDGE('',*,*,#3202,.T.);
#4714=ORIENTED_EDGE('',*,*,#3274,.T.);
#4715=ORIENTED_EDGE('',*,*,#3280,.T.);
#4716=ORIENTED_EDGE('',*,*,#3111,.F.);
#4717=ORIENTED_EDGE('',*,*,#3191,.T.);
#4718=ORIENTED_EDGE('',*,*,#3193,.T.);
#4719=ORIENTED_EDGE('',*,*,#3194,.T.);
#4720=ORIENTED_EDGE('',*,*,#3188,.T.);
#4721=ORIENTED_EDGE('',*,*,#3281,.F.);
#4722=ORIENTED_EDGE('',*,*,#3275,.T.);
#4723=ORIENTED_EDGE('',*,*,#3200,.F.);
#4724=ORIENTED_EDGE('',*,*,#3127,.F.);
#4725=ORIENTED_EDGE('',*,*,#3167,.T.);
#4726=ORIENTED_EDGE('',*,*,#3170,.T.);
#4727=ORIENTED_EDGE('',*,*,#3168,.T.);
#4728=ORIENTED_EDGE('',*,*,#3164,.T.);
#4729=ORIENTED_EDGE('',*,*,#3261,.F.);
#4730=ORIENTED_EDGE('',*,*,#3276,.T.);
#4731=ORIENTED_EDGE('',*,*,#3281,.T.);
#4732=ORIENTED_EDGE('',*,*,#3126,.F.);
#4733=ORIENTED_EDGE('',*,*,#3264,.F.);
#4734=ORIENTED_EDGE('',*,*,#3277,.T.);
#4735=ORIENTED_EDGE('',*,*,#3259,.T.);
#4736=ORIENTED_EDGE('',*,*,#3124,.F.);
#4737=ORIENTED_EDGE('',*,*,#3179,.T.);
#4738=ORIENTED_EDGE('',*,*,#3181,.T.);
#4739=ORIENTED_EDGE('',*,*,#3182,.T.);
#4740=ORIENTED_EDGE('',*,*,#3176,.T.);
#4741=ORIENTED_EDGE('',*,*,#3282,.F.);
#4742=ORIENTED_EDGE('',*,*,#3265,.T.);
#4743=ORIENTED_EDGE('',*,*,#3262,.T.);
#4744=ORIENTED_EDGE('',*,*,#3122,.F.);
#4745=ORIENTED_EDGE('',*,*,#3283,.F.);
#4746=ORIENTED_EDGE('',*,*,#3266,.T.);
#4747=ORIENTED_EDGE('',*,*,#3282,.T.);
#4748=ORIENTED_EDGE('',*,*,#3121,.F.);
#4749=ORIENTED_EDGE('',*,*,#3284,.F.);
#4750=ORIENTED_EDGE('',*,*,#3267,.T.);
#4751=ORIENTED_EDGE('',*,*,#3283,.T.);
#4752=ORIENTED_EDGE('',*,*,#3120,.F.);
#4753=ORIENTED_EDGE('',*,*,#3285,.F.);
#4754=ORIENTED_EDGE('',*,*,#3268,.T.);
#4755=ORIENTED_EDGE('',*,*,#3284,.T.);
#4756=ORIENTED_EDGE('',*,*,#3119,.F.);
#4757=ORIENTED_EDGE('',*,*,#3278,.F.);
#4758=ORIENTED_EDGE('',*,*,#3269,.T.);
#4759=ORIENTED_EDGE('',*,*,#3285,.T.);
#4760=ORIENTED_EDGE('',*,*,#3118,.F.);
#4761=ORIENTED_EDGE('',*,*,#3240,.F.);
#4762=ORIENTED_EDGE('',*,*,#3247,.T.);
#4763=ORIENTED_EDGE('',*,*,#3136,.F.);
#4764=ORIENTED_EDGE('',*,*,#3286,.F.);
#4765=ORIENTED_EDGE('',*,*,#3213,.F.);
#4766=ORIENTED_EDGE('',*,*,#3286,.T.);
#4767=ORIENTED_EDGE('',*,*,#3135,.F.);
#4768=ORIENTED_EDGE('',*,*,#3287,.F.);
#4769=ORIENTED_EDGE('',*,*,#3236,.F.);
#4770=ORIENTED_EDGE('',*,*,#3287,.T.);
#4771=ORIENTED_EDGE('',*,*,#3134,.F.);
#4772=ORIENTED_EDGE('',*,*,#3288,.F.);
#4773=ORIENTED_EDGE('',*,*,#3235,.F.);
#4774=ORIENTED_EDGE('',*,*,#3288,.T.);
#4775=ORIENTED_EDGE('',*,*,#3133,.F.);
#4776=ORIENTED_EDGE('',*,*,#3289,.F.);
#4777=ORIENTED_EDGE('',*,*,#3230,.F.);
#4778=ORIENTED_EDGE('',*,*,#3289,.T.);
#4779=ORIENTED_EDGE('',*,*,#3132,.F.);
#4780=ORIENTED_EDGE('',*,*,#3290,.F.);
#4781=ORIENTED_EDGE('',*,*,#3229,.F.);
#4782=ORIENTED_EDGE('',*,*,#3290,.T.);
#4783=ORIENTED_EDGE('',*,*,#3131,.F.);
#4784=ORIENTED_EDGE('',*,*,#3291,.F.);
#4785=ORIENTED_EDGE('',*,*,#3197,.T.);
#4786=ORIENTED_EDGE('',*,*,#3209,.F.);
#4787=ORIENTED_EDGE('',*,*,#3291,.T.);
#4788=ORIENTED_EDGE('',*,*,#3130,.F.);
#4789=ORIENTED_EDGE('',*,*,#3104,.F.);
#4790=PLANE('',#5259);
#4791=PLANE('',#5260);
#4792=PLANE('',#5261);
#4793=PLANE('',#5262);
#4794=PLANE('',#5263);
#4795=PLANE('',#5264);
#4796=PLANE('',#5265);
#4797=PLANE('',#5266);
#4798=PLANE('',#5267);
#4799=PLANE('',#5268);
#4800=PLANE('',#5269);
#4801=PLANE('',#5270);
#4802=PLANE('',#5274);
#4803=PLANE('',#5275);
#4804=PLANE('',#5276);
#4805=PLANE('',#5295);
#4806=PLANE('',#5296);
#4807=PLANE('',#5301);
#4808=PLANE('',#5304);
#4809=PLANE('',#5307);
#4810=PLANE('',#5310);
#4811=PLANE('',#5313);
#4812=PLANE('',#5316);
#4813=PLANE('',#5321);
#4814=PLANE('',#5322);
#4815=PLANE('',#5323);
#4816=PLANE('',#5324);
#4817=PLANE('',#5334);
#4818=PLANE('',#5337);
#4819=PLANE('',#5339);
#4820=PLANE('',#5341);
#4821=PLANE('',#5343);
#4822=PLANE('',#5345);
#4823=PLANE('',#5347);
#4824=PLANE('',#5350);
#4825=PLANE('',#5351);
#4826=PLANE('',#5355);
#4827=PLANE('',#5359);
#4828=PLANE('',#5363);
#4829=PLANE('',#5364);
#4830=PLANE('',#5368);
#4831=PLANE('',#5369);
#4832=PLANE('',#5371);
#4833=PLANE('',#5375);
#4834=PLANE('',#5376);
#4835=PLANE('',#5436);
#4836=PLANE('',#5438);
#4837=PLANE('',#5456);
#4838=PLANE('',#5459);
#4839=PLANE('',#5462);
#4840=PLANE('',#5465);
#4841=PLANE('',#5468);
#4842=PLANE('',#5471);
#4843=PLANE('',#5476);
#4844=PLANE('',#5477);
#4845=PLANE('',#5483);
#4846=PLANE('',#5485);
#4847=PLANE('',#5486);
#4848=PLANE('',#5488);
#4849=PLANE('',#5490);
#4850=PLANE('',#5491);
#4851=PLANE('',#5494);
#4852=PLANE('',#5495);
#4853=PLANE('',#5502);
#4854=PLANE('',#5504);
#4855=PLANE('',#5509);
#4856=PLANE('',#5512);
#4857=PLANE('',#5515);
#4858=PLANE('',#5518);
#4859=PLANE('',#5521);
#4860=PLANE('',#5524);
#4861=PLANE('',#5529);
#4862=PLANE('',#5530);
#4863=PLANE('',#5531);
#4864=PLANE('',#5532);
#4865=PLANE('',#5533);
#4866=PLANE('',#5537);
#4867=PLANE('',#5538);
#4868=PLANE('',#5544);
#4869=PLANE('',#5550);
#4870=PLANE('',#5553);
#4871=PLANE('',#5556);
#4872=PLANE('',#5561);
#4873=PLANE('',#5564);
#4874=PLANE('',#5565);
#4875=PLANE('',#5566);
#4876=PLANE('',#5573);
#4877=PLANE('',#5574);
#4878=PLANE('',#5578);
#4879=PLANE('',#5579);
#4880=PLANE('',#5584);
#4881=PLANE('',#5589);
#4882=PLANE('',#5594);
#4883=PLANE('',#5599);
#4884=PLANE('',#5609);
#4885=PLANE('',#5610);
#4886=PLANE('',#5611);
#4887=PLANE('',#5612);
#4888=PLANE('',#5613);
#4889=PLANE('',#5631);
#4890=PLANE('',#5632);
#4891=PLANE('',#5633);
#4892=PLANE('',#5634);
#4893=PLANE('',#5638);
#4894=PLANE('',#5639);
#4895=PLANE('',#5640);
#4896=PLANE('',#5641);
#4897=PLANE('',#5645);
#4898=PLANE('',#5646);
#4899=PLANE('',#5647);
#4900=PLANE('',#5648);
#4901=PLANE('',#5652);
#4902=PLANE('',#5653);
#4903=PLANE('',#5654);
#4904=PLANE('',#5655);
#4905=PLANE('',#5660);
#4906=PLANE('',#5662);
#4907=PLANE('',#5664);
#4908=PLANE('',#5699);
#4909=PLANE('',#5701);
#4910=PLANE('',#5702);
#4911=PLANE('',#5704);
#4912=PLANE('',#5705);
#4913=PLANE('',#5714);
#4914=PLANE('',#5721);
#4915=PLANE('',#5722);
#4916=PLANE('',#5724);
#4917=PLANE('',#5725);
#4918=PLANE('',#5727);
#4919=PLANE('',#5728);
#4920=PLANE('',#5730);
#4921=PLANE('',#5732);
#4922=PLANE('',#5733);
#4923=PLANE('',#5735);
#4924=PLANE('',#5736);
#4925=PLANE('',#5738);
#4926=PLANE('',#5739);
#4927=ADVANCED_FACE('',(#518),#4790,.T.);
#4928=ADVANCED_FACE('',(#519),#4791,.T.);
#4929=ADVANCED_FACE('',(#520),#4792,.T.);
#4930=ADVANCED_FACE('',(#521),#4793,.T.);
#4931=ADVANCED_FACE('',(#522),#4794,.F.);
#4932=ADVANCED_FACE('',(#523),#4795,.F.);
#4933=ADVANCED_FACE('',(#524),#4796,.F.);
#4934=ADVANCED_FACE('',(#525),#4797,.F.);
#4935=ADVANCED_FACE('',(#526),#4798,.T.);
#4936=ADVANCED_FACE('',(#527),#4799,.T.);
#4937=ADVANCED_FACE('',(#528),#4800,.T.);
#4938=ADVANCED_FACE('',(#529),#4801,.T.);
#4939=ADVANCED_FACE('',(#530),#403,.F.);
#4940=ADVANCED_FACE('',(#531),#4802,.F.);
#4941=ADVANCED_FACE('',(#532),#4803,.F.);
#4942=ADVANCED_FACE('',(#533),#4804,.T.);
#4943=ADVANCED_FACE('',(#534),#4805,.T.);
#4944=ADVANCED_FACE('',(#535,#155),#4806,.T.);
#4945=ADVANCED_FACE('',(#536),#404,.T.);
#4946=ADVANCED_FACE('',(#537),#405,.F.);
#4947=ADVANCED_FACE('',(#538,#156),#4807,.T.);
#4948=ADVANCED_FACE('',(#539),#406,.F.);
#4949=ADVANCED_FACE('',(#540),#4808,.T.);
#4950=ADVANCED_FACE('',(#541),#407,.T.);
#4951=ADVANCED_FACE('',(#542),#4809,.T.);
#4952=ADVANCED_FACE('',(#543),#408,.F.);
#4953=ADVANCED_FACE('',(#544),#4810,.T.);
#4954=ADVANCED_FACE('',(#545),#409,.T.);
#4955=ADVANCED_FACE('',(#546),#4811,.T.);
#4956=ADVANCED_FACE('',(#547),#410,.F.);
#4957=ADVANCED_FACE('',(#548,#157),#4812,.T.);
#4958=ADVANCED_FACE('',(#549),#411,.F.);
#4959=ADVANCED_FACE('',(#550),#412,.T.);
#4960=ADVANCED_FACE('',(#551,#158),#4813,.T.);
#4961=ADVANCED_FACE('',(#552),#4814,.F.);
#4962=ADVANCED_FACE('',(#553),#4815,.F.);
#4963=ADVANCED_FACE('',(#554),#4816,.F.);
#4964=ADVANCED_FACE('',(#555),#4817,.T.);
#4965=ADVANCED_FACE('',(#556),#413,.F.);
#4966=ADVANCED_FACE('',(#557),#414,.T.);
#4967=ADVANCED_FACE('',(#558),#4818,.T.);
#4968=ADVANCED_FACE('',(#559),#415,.T.);
#4969=ADVANCED_FACE('',(#560),#4819,.T.);
#4970=ADVANCED_FACE('',(#561),#416,.F.);
#4971=ADVANCED_FACE('',(#562),#4820,.T.);
#4972=ADVANCED_FACE('',(#563),#417,.T.);
#4973=ADVANCED_FACE('',(#564),#4821,.T.);
#4974=ADVANCED_FACE('',(#565),#418,.F.);
#4975=ADVANCED_FACE('',(#566),#4822,.T.);
#4976=ADVANCED_FACE('',(#567),#419,.T.);
#4977=ADVANCED_FACE('',(#568),#4823,.T.);
#4978=ADVANCED_FACE('',(#569),#420,.T.);
#4979=ADVANCED_FACE('',(#570),#421,.F.);
#4980=ADVANCED_FACE('',(#571),#4824,.T.);
#4981=ADVANCED_FACE('',(#572),#4825,.T.);
#4982=ADVANCED_FACE('',(#573),#422,.T.);
#4983=ADVANCED_FACE('',(#574),#4826,.T.);
#4984=ADVANCED_FACE('',(#575),#423,.F.);
#4985=ADVANCED_FACE('',(#576),#4827,.T.);
#4986=ADVANCED_FACE('',(#577),#424,.T.);
#4987=ADVANCED_FACE('',(#578),#4828,.T.);
#4988=ADVANCED_FACE('',(#579),#4829,.T.);
#4989=ADVANCED_FACE('',(#580),#425,.T.);
#4990=ADVANCED_FACE('',(#581),#4830,.T.);
#4991=ADVANCED_FACE('',(#582),#4831,.T.);
#4992=ADVANCED_FACE('',(#583),#4832,.T.);
#4993=ADVANCED_FACE('',(#584),#426,.T.);
#4994=ADVANCED_FACE('',(#585),#4833,.T.);
#4995=ADVANCED_FACE('',(#586),#4834,.T.);
#4996=ADVANCED_FACE('',(#587),#427,.T.);
#4997=ADVANCED_FACE('',(#588),#134,.T.);
#4998=ADVANCED_FACE('',(#589),#428,.T.);
#4999=ADVANCED_FACE('',(#590),#429,.T.);
#5000=ADVANCED_FACE('',(#591),#430,.T.);
#5001=ADVANCED_FACE('',(#592),#135,.T.);
#5002=ADVANCED_FACE('',(#593),#136,.T.);
#5003=ADVANCED_FACE('',(#594),#431,.T.);
#5004=ADVANCED_FACE('',(#595),#432,.T.);
#5005=ADVANCED_FACE('',(#596,#159),#433,.T.);
#5006=ADVANCED_FACE('',(#597),#23,.F.);
#5007=ADVANCED_FACE('',(#598),#24,.F.);
#5008=ADVANCED_FACE('',(#599),#25,.T.);
#5009=ADVANCED_FACE('',(#600),#26,.T.);
#5010=ADVANCED_FACE('',(#601),#434,.F.);
#5011=ADVANCED_FACE('',(#602),#435,.F.);
#5012=ADVANCED_FACE('',(#603),#436,.F.);
#5013=ADVANCED_FACE('',(#604),#137,.F.);
#5014=ADVANCED_FACE('',(#605),#138,.F.);
#5015=ADVANCED_FACE('',(#606),#437,.F.);
#5016=ADVANCED_FACE('',(#607),#438,.F.);
#5017=ADVANCED_FACE('',(#608),#439,.F.);
#5018=ADVANCED_FACE('',(#609),#440,.F.);
#5019=ADVANCED_FACE('',(#610),#139,.F.);
#5020=ADVANCED_FACE('',(#611),#441,.F.);
#5021=ADVANCED_FACE('',(#612),#4835,.F.);
#5022=ADVANCED_FACE('',(#613,#160,#161,#162,#163),#4836,.F.);
#5023=ADVANCED_FACE('',(#614),#27,.F.);
#5024=ADVANCED_FACE('',(#615),#28,.F.);
#5025=ADVANCED_FACE('',(#616),#29,.F.);
#5026=ADVANCED_FACE('',(#617),#30,.F.);
#5027=ADVANCED_FACE('',(#618),#442,.F.);
#5028=ADVANCED_FACE('',(#619),#443,.F.);
#5029=ADVANCED_FACE('',(#620),#444,.F.);
#5030=ADVANCED_FACE('',(#621),#4837,.F.);
#5031=ADVANCED_FACE('',(#622),#445,.F.);
#5032=ADVANCED_FACE('',(#623),#4838,.F.);
#5033=ADVANCED_FACE('',(#624),#446,.F.);
#5034=ADVANCED_FACE('',(#625),#4839,.F.);
#5035=ADVANCED_FACE('',(#626),#447,.F.);
#5036=ADVANCED_FACE('',(#627),#4840,.F.);
#5037=ADVANCED_FACE('',(#628),#448,.F.);
#5038=ADVANCED_FACE('',(#629),#4841,.T.);
#5039=ADVANCED_FACE('',(#630),#449,.F.);
#5040=ADVANCED_FACE('',(#631),#4842,.T.);
#5041=ADVANCED_FACE('',(#632),#450,.T.);
#5042=ADVANCED_FACE('',(#633),#4843,.T.);
#5043=ADVANCED_FACE('',(#634),#4844,.F.);
#5044=ADVANCED_FACE('',(#635),#451,.F.);
#5045=ADVANCED_FACE('',(#636),#452,.T.);
#5046=ADVANCED_FACE('',(#637),#31,.T.);
#5047=ADVANCED_FACE('',(#638),#32,.T.);
#5048=ADVANCED_FACE('',(#639),#33,.T.);
#5049=ADVANCED_FACE('',(#640),#34,.T.);
#5050=ADVANCED_FACE('',(#641),#35,.T.);
#5051=ADVANCED_FACE('',(#642),#453,.T.);
#5052=ADVANCED_FACE('',(#643),#4845,.T.);
#5053=ADVANCED_FACE('',(#644),#36,.T.);
#5054=ADVANCED_FACE('',(#645),#37,.T.);
#5055=ADVANCED_FACE('',(#646),#38,.T.);
#5056=ADVANCED_FACE('',(#647),#454,.T.);
#5057=ADVANCED_FACE('',(#648),#39,.T.);
#5058=ADVANCED_FACE('',(#649),#40,.T.);
#5059=ADVANCED_FACE('',(#650),#4846,.T.);
#5060=ADVANCED_FACE('',(#651),#41,.T.);
#5061=ADVANCED_FACE('',(#652),#42,.T.);
#5062=ADVANCED_FACE('',(#653),#43,.T.);
#5063=ADVANCED_FACE('',(#654),#44,.T.);
#5064=ADVANCED_FACE('',(#655),#4847,.T.);
#5065=ADVANCED_FACE('',(#656),#455,.T.);
#5066=ADVANCED_FACE('',(#657),#45,.T.);
#5067=ADVANCED_FACE('',(#658),#46,.T.);
#5068=ADVANCED_FACE('',(#659),#47,.T.);
#5069=ADVANCED_FACE('',(#660),#48,.T.);
#5070=ADVANCED_FACE('',(#661),#4848,.T.);
#5071=ADVANCED_FACE('',(#662),#456,.T.);
#5072=ADVANCED_FACE('',(#663),#49,.T.);
#5073=ADVANCED_FACE('',(#664),#4849,.F.);
#5074=ADVANCED_FACE('',(#665),#50,.T.);
#5075=ADVANCED_FACE('',(#666),#51,.T.);
#5076=ADVANCED_FACE('',(#667),#52,.T.);
#5077=ADVANCED_FACE('',(#668),#4850,.T.);
#5078=ADVANCED_FACE('',(#669),#140,.T.);
#5079=ADVANCED_FACE('',(#670),#4851,.T.);
#5080=ADVANCED_FACE('',(#671,#164,#165,#166,#167,#168),#4852,.T.);
#5081=ADVANCED_FACE('',(#672),#457,.T.);
#5082=ADVANCED_FACE('',(#673),#458,.T.);
#5083=ADVANCED_FACE('',(#674),#459,.T.);
#5084=ADVANCED_FACE('',(#675),#53,.F.);
#5085=ADVANCED_FACE('',(#676),#54,.F.);
#5086=ADVANCED_FACE('',(#677),#55,.F.);
#5087=ADVANCED_FACE('',(#678),#56,.F.);
#5088=ADVANCED_FACE('',(#679),#57,.T.);
#5089=ADVANCED_FACE('',(#680),#58,.T.);
#5090=ADVANCED_FACE('',(#681),#59,.T.);
#5091=ADVANCED_FACE('',(#682),#60,.T.);
#5092=ADVANCED_FACE('',(#683),#460,.T.);
#5093=ADVANCED_FACE('',(#684),#4853,.T.);
#5094=ADVANCED_FACE('',(#685),#461,.T.);
#5095=ADVANCED_FACE('',(#686),#4854,.F.);
#5096=ADVANCED_FACE('',(#687),#462,.F.);
#5097=ADVANCED_FACE('',(#688),#463,.T.);
#5098=ADVANCED_FACE('',(#689),#4855,.F.);
#5099=ADVANCED_FACE('',(#690),#464,.T.);
#5100=ADVANCED_FACE('',(#691),#4856,.F.);
#5101=ADVANCED_FACE('',(#692),#465,.F.);
#5102=ADVANCED_FACE('',(#693),#4857,.F.);
#5103=ADVANCED_FACE('',(#694),#466,.T.);
#5104=ADVANCED_FACE('',(#695),#4858,.F.);
#5105=ADVANCED_FACE('',(#696),#467,.F.);
#5106=ADVANCED_FACE('',(#697),#4859,.F.);
#5107=ADVANCED_FACE('',(#698),#468,.T.);
#5108=ADVANCED_FACE('',(#699),#4860,.F.);
#5109=ADVANCED_FACE('',(#700),#469,.T.);
#5110=ADVANCED_FACE('',(#701),#470,.F.);
#5111=ADVANCED_FACE('',(#702),#4861,.F.);
#5112=ADVANCED_FACE('',(#703),#4862,.F.);
#5113=ADVANCED_FACE('',(#704),#4863,.F.);
#5114=ADVANCED_FACE('',(#705),#4864,.F.);
#5115=ADVANCED_FACE('',(#706),#4865,.F.);
#5116=ADVANCED_FACE('',(#707),#471,.F.);
#5117=ADVANCED_FACE('',(#708),#4866,.F.);
#5118=ADVANCED_FACE('',(#709),#4867,.F.);
#5119=ADVANCED_FACE('',(#710),#472,.F.);
#5120=ADVANCED_FACE('',(#711),#4868,.T.);
#5121=ADVANCED_FACE('',(#712),#4869,.T.);
#5122=ADVANCED_FACE('',(#713),#473,.T.);
#5123=ADVANCED_FACE('',(#714),#4870,.T.);
#5124=ADVANCED_FACE('',(#715),#474,.F.);
#5125=ADVANCED_FACE('',(#716),#4871,.T.);
#5126=ADVANCED_FACE('',(#717),#475,.T.);
#5127=ADVANCED_FACE('',(#718),#476,.T.);
#5128=ADVANCED_FACE('',(#719),#4872,.T.);
#5129=ADVANCED_FACE('',(#720),#477,.F.);
#5130=ADVANCED_FACE('',(#721),#4873,.T.);
#5131=ADVANCED_FACE('',(#722),#4874,.F.);
#5132=ADVANCED_FACE('',(#723),#4875,.F.);
#5133=ADVANCED_FACE('',(#724),#478,.F.);
#5134=ADVANCED_FACE('',(#725),#479,.F.);
#5135=ADVANCED_FACE('',(#726),#4876,.T.);
#5136=ADVANCED_FACE('',(#727),#4877,.T.);
#5137=ADVANCED_FACE('',(#728),#480,.T.);
#5138=ADVANCED_FACE('',(#729),#4878,.T.);
#5139=ADVANCED_FACE('',(#730),#4879,.F.);
#5140=ADVANCED_FACE('',(#731),#481,.F.);
#5141=ADVANCED_FACE('',(#732,#169),#4880,.T.);
#5142=ADVANCED_FACE('',(#733),#482,.F.);
#5143=ADVANCED_FACE('',(#734,#170),#4881,.T.);
#5144=ADVANCED_FACE('',(#735),#483,.F.);
#5145=ADVANCED_FACE('',(#736,#171),#4882,.T.);
#5146=ADVANCED_FACE('',(#737),#484,.F.);
#5147=ADVANCED_FACE('',(#738,#172),#4883,.T.);
#5148=ADVANCED_FACE('',(#739),#485,.F.);
#5149=ADVANCED_FACE('',(#740),#486,.F.);
#5150=ADVANCED_FACE('',(#741),#487,.F.);
#5151=ADVANCED_FACE('',(#742),#488,.F.);
#5152=ADVANCED_FACE('',(#743),#4884,.T.);
#5153=ADVANCED_FACE('',(#744),#4885,.T.);
#5154=ADVANCED_FACE('',(#745),#4886,.T.);
#5155=ADVANCED_FACE('',(#746),#4887,.T.);
#5156=ADVANCED_FACE('',(#747),#4888,.T.);
#5157=ADVANCED_FACE('',(#748),#489,.T.);
#5158=ADVANCED_FACE('',(#749),#4889,.F.);
#5159=ADVANCED_FACE('',(#750),#4890,.F.);
#5160=ADVANCED_FACE('',(#751),#4891,.F.);
#5161=ADVANCED_FACE('',(#752),#4892,.F.);
#5162=ADVANCED_FACE('',(#753),#490,.T.);
#5163=ADVANCED_FACE('',(#754),#4893,.F.);
#5164=ADVANCED_FACE('',(#755),#4894,.F.);
#5165=ADVANCED_FACE('',(#756),#4895,.F.);
#5166=ADVANCED_FACE('',(#757),#4896,.F.);
#5167=ADVANCED_FACE('',(#758),#491,.T.);
#5168=ADVANCED_FACE('',(#759),#4897,.T.);
#5169=ADVANCED_FACE('',(#760),#4898,.T.);
#5170=ADVANCED_FACE('',(#761),#4899,.T.);
#5171=ADVANCED_FACE('',(#762),#4900,.T.);
#5172=ADVANCED_FACE('',(#763),#492,.T.);
#5173=ADVANCED_FACE('',(#764),#4901,.T.);
#5174=ADVANCED_FACE('',(#765),#4902,.T.);
#5175=ADVANCED_FACE('',(#766),#4903,.T.);
#5176=ADVANCED_FACE('',(#767),#4904,.T.);
#5177=ADVANCED_FACE('',(#768),#493,.T.);
#5178=ADVANCED_FACE('',(#769),#4905,.F.);
#5179=ADVANCED_FACE('',(#770),#4906,.F.);
#5180=ADVANCED_FACE('',(#771),#4907,.T.);
#5181=ADVANCED_FACE('',(#772),#494,.F.);
#5182=ADVANCED_FACE('',(#773),#495,.T.);
#5183=ADVANCED_FACE('',(#774),#61,.F.);
#5184=ADVANCED_FACE('',(#775),#62,.F.);
#5185=ADVANCED_FACE('',(#776),#496,.T.);
#5186=ADVANCED_FACE('',(#777),#497,.T.);
#5187=ADVANCED_FACE('',(#778),#498,.T.);
#5188=ADVANCED_FACE('',(#779),#141,.T.);
#5189=ADVANCED_FACE('',(#780),#499,.T.);
#5190=ADVANCED_FACE('',(#781),#142,.T.);
#5191=ADVANCED_FACE('',(#782),#500,.T.);
#5192=ADVANCED_FACE('',(#783),#501,.T.);
#5193=ADVANCED_FACE('',(#784),#502,.T.);
#5194=ADVANCED_FACE('',(#785),#143,.T.);
#5195=ADVANCED_FACE('',(#786),#503,.T.);
#5196=ADVANCED_FACE('',(#787),#504,.F.);
#5197=ADVANCED_FACE('',(#788),#4908,.T.);
#5198=ADVANCED_FACE('',(#789),#505,.T.);
#5199=ADVANCED_FACE('',(#790),#4909,.T.);
#5200=ADVANCED_FACE('',(#791),#4910,.T.);
#5201=ADVANCED_FACE('',(#792),#506,.T.);
#5202=ADVANCED_FACE('',(#793),#4911,.T.);
#5203=ADVANCED_FACE('',(#794,#173,#174,#175,#176),#4912,.F.);
#5204=ADVANCED_FACE('',(#795),#507,.T.);
#5205=ADVANCED_FACE('',(#796),#508,.T.);
#5206=ADVANCED_FACE('',(#797),#509,.T.);
#5207=ADVANCED_FACE('',(#798),#510,.T.);
#5208=ADVANCED_FACE('',(#799,#177,#178,#179,#180),#4913,.T.);
#5209=ADVANCED_FACE('',(#800),#511,.F.);
#5210=ADVANCED_FACE('',(#801),#4914,.F.);
#5211=ADVANCED_FACE('',(#802,#181),#4915,.F.);
#5212=ADVANCED_FACE('',(#803),#512,.F.);
#5213=ADVANCED_FACE('',(#804,#182),#4916,.F.);
#5214=ADVANCED_FACE('',(#805,#183),#4917,.F.);
#5215=ADVANCED_FACE('',(#806),#513,.F.);
#5216=ADVANCED_FACE('',(#807,#184),#4918,.F.);
#5217=ADVANCED_FACE('',(#808),#4919,.F.);
#5218=ADVANCED_FACE('',(#809),#514,.F.);
#5219=ADVANCED_FACE('',(#810),#4920,.F.);
#5220=ADVANCED_FACE('',(#811),#515,.T.);
#5221=ADVANCED_FACE('',(#812),#4921,.F.);
#5222=ADVANCED_FACE('',(#813),#4922,.T.);
#5223=ADVANCED_FACE('',(#814),#516,.T.);
#5224=ADVANCED_FACE('',(#815),#4923,.T.);
#5225=ADVANCED_FACE('',(#816),#4924,.T.);
#5226=ADVANCED_FACE('',(#817),#517,.T.);
#5227=ADVANCED_FACE('',(#818),#4925,.T.);
#5228=ADVANCED_FACE('',(#819),#4926,.T.);
#5229=CLOSED_SHELL('',(#4927,#4928,#4929,#4930,#4931,#4932,#4933,#4934,
#4935,#4936,#4937,#4938,#4939,#4940,#4941,#4942,#4943,#4944,#4945,#4946,
#4947,#4948,#4949,#4950,#4951,#4952,#4953,#4954,#4955,#4956,#4957,#4958,
#4959,#4960,#4961,#4962,#4963,#4964,#4965,#4966,#4967,#4968,#4969,#4970,
#4971,#4972,#4973,#4974,#4975,#4976,#4977,#4978,#4979,#4980,#4981));
#5230=CLOSED_SHELL('',(#4982,#4983,#4984,#4985,#4986,#4987,#4988,#4989,
#4990,#4991,#4992,#4993,#4994,#4995,#4996,#4997,#4998,#4999,#5000,#5001,
#5002,#5003,#5004,#5005,#5006,#5007,#5008,#5009,#5010,#5011,#5012,#5013,
#5014,#5015,#5016,#5017,#5018,#5019,#5020,#5021,#5022,#5023,#5024,#5025,
#5026,#5027,#5028,#5029,#5030,#5031,#5032,#5033,#5034,#5035,#5036,#5037,
#5038,#5039,#5040,#5041,#5042,#5043,#5044,#5045,#5046,#5047,#5048,#5049,
#5050,#5051,#5052,#5053,#5054,#5055,#5056,#5057,#5058,#5059,#5060,#5061,
#5062,#5063,#5064,#5065,#5066,#5067,#5068,#5069,#5070,#5071,#5072,#5073,
#5074,#5075,#5076,#5077,#5078,#5079,#5080,#5081,#5082,#5083,#5084,#5085,
#5086,#5087,#5088,#5089,#5090,#5091,#5092,#5093,#5094,#5095,#5096,#5097,
#5098,#5099,#5100,#5101,#5102,#5103,#5104,#5105,#5106,#5107,#5108,#5109,
#5110,#5111,#5112,#5113,#5114,#5115));
#5231=CLOSED_SHELL('',(#5116,#5117,#5118,#5119,#5120,#5121,#5122,#5123,
#5124,#5125,#5126,#5127,#5128,#5129,#5130,#5131));
#5232=CLOSED_SHELL('',(#5132,#5133,#5134,#5135,#5136,#5137,#5138,#5139));
#5233=CLOSED_SHELL('',(#5140,#5141,#5142,#5143,#5144,#5145,#5146,#5147,
#5148,#5149,#5150,#5151,#5152,#5153,#5154,#5155,#5156,#5157,#5158,#5159,
#5160,#5161,#5162,#5163,#5164,#5165,#5166,#5167,#5168,#5169,#5170,#5171,
#5172,#5173,#5174,#5175,#5176,#5177,#5178,#5179,#5180,#5181,#5182,#5183,
#5184,#5185,#5186,#5187,#5188,#5189,#5190,#5191,#5192,#5193,#5194,#5195,
#5196,#5197,#5198,#5199,#5200,#5201,#5202,#5203,#5204,#5205,#5206,#5207,
#5208,#5209,#5210,#5211,#5212,#5213,#5214,#5215,#5216,#5217,#5218,#5219,
#5220,#5221,#5222,#5223,#5224,#5225,#5226,#5227,#5228));
#5234=DERIVED_UNIT_ELEMENT(#5238,1.);
#5235=DERIVED_UNIT_ELEMENT(#10454,-3.);
#5236=DERIVED_UNIT_ELEMENT(#5238,1.);
#5237=DERIVED_UNIT_ELEMENT(#10454,-3.);
#5238=(
MASS_UNIT()
NAMED_UNIT(*)
SI_UNIT(.KILO.,.GRAM.)
);
#5239=DERIVED_UNIT((#5234,#5235));
#5240=DERIVED_UNIT((#5236,#5237));
#5241=MEASURE_REPRESENTATION_ITEM('density measure',
POSITIVE_RATIO_MEASURE(7850.),#5239);
#5242=MEASURE_REPRESENTATION_ITEM('density measure',
POSITIVE_RATIO_MEASURE(7850.),#5240);
#5243=PROPERTY_DEFINITION_REPRESENTATION(#5253,#5247);
#5244=PROPERTY_DEFINITION_REPRESENTATION(#5254,#5248);
#5245=PROPERTY_DEFINITION_REPRESENTATION(#5255,#5249);
#5246=PROPERTY_DEFINITION_REPRESENTATION(#5256,#5250);
#5247=REPRESENTATION('material name',(#5251),#10448);
#5248=REPRESENTATION('density',(#5241),#10448);
#5249=REPRESENTATION('material name',(#5252),#10449);
#5250=REPRESENTATION('density',(#5242),#10449);
#5251=DESCRIPTIVE_REPRESENTATION_ITEM('Steel','Steel');
#5252=DESCRIPTIVE_REPRESENTATION_ITEM('Steel','Steel');
#5253=PROPERTY_DEFINITION('material property','material name',#10471);
#5254=PROPERTY_DEFINITION('material property','density of part',#10471);
#5255=PROPERTY_DEFINITION('material property','material name',#10472);
#5256=PROPERTY_DEFINITION('material property','density of part',#10472);
#5257=AXIS2_PLACEMENT_3D('',#7172,#5742,#5743);
#5258=AXIS2_PLACEMENT_3D('',#7173,#5744,#5745);
#5259=AXIS2_PLACEMENT_3D('',#7174,#5746,#5747);
#5260=AXIS2_PLACEMENT_3D('',#7181,#5751,#5752);
#5261=AXIS2_PLACEMENT_3D('',#7187,#5756,#5757);
#5262=AXIS2_PLACEMENT_3D('',#7191,#5760,#5761);
#5263=AXIS2_PLACEMENT_3D('',#7193,#5763,#5764);
#5264=AXIS2_PLACEMENT_3D('',#7200,#5768,#5769);
#5265=AXIS2_PLACEMENT_3D('',#7206,#5773,#5774);
#5266=AXIS2_PLACEMENT_3D('',#7210,#5777,#5778);
#5267=AXIS2_PLACEMENT_3D('',#7212,#5780,#5781);
#5268=AXIS2_PLACEMENT_3D('',#7219,#5785,#5786);
#5269=AXIS2_PLACEMENT_3D('',#7225,#5790,#5791);
#5270=AXIS2_PLACEMENT_3D('',#7229,#5794,#5795);
#5271=AXIS2_PLACEMENT_3D('',#7231,#5797,#5798);
#5272=AXIS2_PLACEMENT_3D('',#7234,#5799,#5800);
#5273=AXIS2_PLACEMENT_3D('',#7238,#5802,#5803);
#5274=AXIS2_PLACEMENT_3D('',#7240,#5805,#5806);
#5275=AXIS2_PLACEMENT_3D('',#7246,#5810,#5811);
#5276=AXIS2_PLACEMENT_3D('',#7250,#5814,#5815);
#5277=AXIS2_PLACEMENT_3D('',#7259,#5819,#5820);
#5278=AXIS2_PLACEMENT_3D('',#7261,#5821,#5822);
#5279=AXIS2_PLACEMENT_3D('',#7265,#5824,#5825);
#5280=AXIS2_PLACEMENT_3D('',#7269,#5827,#5828);
#5281=AXIS2_PLACEMENT_3D('',#7273,#5830,#5831);
#5282=AXIS2_PLACEMENT_3D('',#7277,#5833,#5834);
#5283=AXIS2_PLACEMENT_3D('',#7281,#5836,#5837);
#5284=AXIS2_PLACEMENT_3D('',#7285,#5839,#5840);
#5285=AXIS2_PLACEMENT_3D('',#7287,#5841,#5842);
#5286=AXIS2_PLACEMENT_3D('',#7295,#5846,#5847);
#5287=AXIS2_PLACEMENT_3D('',#7297,#5848,#5849);
#5288=AXIS2_PLACEMENT_3D('',#7301,#5851,#5852);
#5289=AXIS2_PLACEMENT_3D('',#7305,#5854,#5855);
#5290=AXIS2_PLACEMENT_3D('',#7309,#5857,#5858);
#5291=AXIS2_PLACEMENT_3D('',#7313,#5860,#5861);
#5292=AXIS2_PLACEMENT_3D('',#7317,#5863,#5864);
#5293=AXIS2_PLACEMENT_3D('',#7321,#5866,#5867);
#5294=AXIS2_PLACEMENT_3D('',#7322,#5868,#5869);
#5295=AXIS2_PLACEMENT_3D('',#7323,#5870,#5871);
#5296=AXIS2_PLACEMENT_3D('',#7329,#5875,#5876);
#5297=AXIS2_PLACEMENT_3D('',#7333,#5879,#5880);
#5298=AXIS2_PLACEMENT_3D('',#7336,#5882,#5883);
#5299=AXIS2_PLACEMENT_3D('',#7337,#5884,#5885);
#5300=AXIS2_PLACEMENT_3D('',#7340,#5887,#5888);
#5301=AXIS2_PLACEMENT_3D('',#7341,#5889,#5890);
#5302=AXIS2_PLACEMENT_3D('',#7345,#5893,#5894);
#5303=AXIS2_PLACEMENT_3D('',#7348,#5896,#5897);
#5304=AXIS2_PLACEMENT_3D('',#7349,#5898,#5899);
#5305=AXIS2_PLACEMENT_3D('',#7353,#5902,#5903);
#5306=AXIS2_PLACEMENT_3D('',#7356,#5905,#5906);
#5307=AXIS2_PLACEMENT_3D('',#7357,#5907,#5908);
#5308=AXIS2_PLACEMENT_3D('',#7361,#5911,#5912);
#5309=AXIS2_PLACEMENT_3D('',#7364,#5914,#5915);
#5310=AXIS2_PLACEMENT_3D('',#7365,#5916,#5917);
#5311=AXIS2_PLACEMENT_3D('',#7369,#5920,#5921);
#5312=AXIS2_PLACEMENT_3D('',#7372,#5923,#5924);
#5313=AXIS2_PLACEMENT_3D('',#7373,#5925,#5926);
#5314=AXIS2_PLACEMENT_3D('',#7377,#5929,#5930);
#5315=AXIS2_PLACEMENT_3D('',#7380,#5932,#5933);
#5316=AXIS2_PLACEMENT_3D('',#7381,#5934,#5935);
#5317=AXIS2_PLACEMENT_3D('',#7385,#5938,#5939);
#5318=AXIS2_PLACEMENT_3D('',#7388,#5941,#5942);
#5319=AXIS2_PLACEMENT_3D('',#7389,#5943,#5944);
#5320=AXIS2_PLACEMENT_3D('',#7392,#5946,#5947);
#5321=AXIS2_PLACEMENT_3D('',#7393,#5948,#5949);
#5322=AXIS2_PLACEMENT_3D('',#7400,#5954,#5955);
#5323=AXIS2_PLACEMENT_3D('',#7402,#5957,#5958);
#5324=AXIS2_PLACEMENT_3D('',#7403,#5959,#5960);
#5325=AXIS2_PLACEMENT_3D('',#7408,#5962,#5963);
#5326=AXIS2_PLACEMENT_3D('',#7410,#5964,#5965);
#5327=AXIS2_PLACEMENT_3D('',#7414,#5967,#5968);
#5328=AXIS2_PLACEMENT_3D('',#7418,#5970,#5971);
#5329=AXIS2_PLACEMENT_3D('',#7422,#5973,#5974);
#5330=AXIS2_PLACEMENT_3D('',#7426,#5976,#5977);
#5331=AXIS2_PLACEMENT_3D('',#7430,#5979,#5980);
#5332=AXIS2_PLACEMENT_3D('',#7434,#5982,#5983);
#5333=AXIS2_PLACEMENT_3D('',#7436,#5984,#5985);
#5334=AXIS2_PLACEMENT_3D('',#7439,#5988,#5989);
#5335=AXIS2_PLACEMENT_3D('',#7441,#5991,#5992);
#5336=AXIS2_PLACEMENT_3D('',#7443,#5994,#5995);
#5337=AXIS2_PLACEMENT_3D('',#7445,#5997,#5998);
#5338=AXIS2_PLACEMENT_3D('',#7447,#6000,#6001);
#5339=AXIS2_PLACEMENT_3D('',#7449,#6003,#6004);
#5340=AXIS2_PLACEMENT_3D('',#7451,#6006,#6007);
#5341=AXIS2_PLACEMENT_3D('',#7453,#6009,#6010);
#5342=AXIS2_PLACEMENT_3D('',#7455,#6012,#6013);
#5343=AXIS2_PLACEMENT_3D('',#7457,#6015,#6016);
#5344=AXIS2_PLACEMENT_3D('',#7459,#6018,#6019);
#5345=AXIS2_PLACEMENT_3D('',#7461,#6021,#6022);
#5346=AXIS2_PLACEMENT_3D('',#7463,#6024,#6025);
#5347=AXIS2_PLACEMENT_3D('',#7465,#6027,#6028);
#5348=AXIS2_PLACEMENT_3D('',#7467,#6030,#6031);
#5349=AXIS2_PLACEMENT_3D('',#7469,#6033,#6034);
#5350=AXIS2_PLACEMENT_3D('',#7471,#6036,#6037);
#5351=AXIS2_PLACEMENT_3D('',#7473,#6039,#6040);
#5352=AXIS2_PLACEMENT_3D('',#7474,#6041,#6042);
#5353=AXIS2_PLACEMENT_3D('',#7477,#6043,#6044);
#5354=AXIS2_PLACEMENT_3D('',#7481,#6046,#6047);
#5355=AXIS2_PLACEMENT_3D('',#7483,#6049,#6050);
#5356=AXIS2_PLACEMENT_3D('',#7489,#6054,#6055);
#5357=AXIS2_PLACEMENT_3D('',#7491,#6056,#6057);
#5358=AXIS2_PLACEMENT_3D('',#7494,#6059,#6060);
#5359=AXIS2_PLACEMENT_3D('',#7495,#6061,#6062);
#5360=AXIS2_PLACEMENT_3D('',#7501,#6066,#6067);
#5361=AXIS2_PLACEMENT_3D('',#7503,#6068,#6069);
#5362=AXIS2_PLACEMENT_3D('',#7506,#6071,#6072);
#5363=AXIS2_PLACEMENT_3D('',#7507,#6073,#6074);
#5364=AXIS2_PLACEMENT_3D('',#7513,#6078,#6079);
#5365=AXIS2_PLACEMENT_3D('',#7519,#6083,#6084);
#5366=AXIS2_PLACEMENT_3D('',#7521,#6085,#6086);
#5367=AXIS2_PLACEMENT_3D('',#7524,#6088,#6089);
#5368=AXIS2_PLACEMENT_3D('',#7525,#6090,#6091);
#5369=AXIS2_PLACEMENT_3D('',#7531,#6095,#6096);
#5370=AXIS2_PLACEMENT_3D('',#7539,#6100,#6101);
#5371=AXIS2_PLACEMENT_3D('',#7540,#6102,#6103);
#5372=AXIS2_PLACEMENT_3D('',#7546,#6107,#6108);
#5373=AXIS2_PLACEMENT_3D('',#7548,#6109,#6110);
#5374=AXIS2_PLACEMENT_3D('',#7551,#6112,#6113);
#5375=AXIS2_PLACEMENT_3D('',#7552,#6114,#6115);
#5376=AXIS2_PLACEMENT_3D('',#7558,#6119,#6120);
#5377=AXIS2_PLACEMENT_3D('',#7561,#6123,#6124);
#5378=AXIS2_PLACEMENT_3D('',#7563,#6125,#6126);
#5379=AXIS2_PLACEMENT_3D('',#7566,#6128,#6129);
#5380=AXIS2_PLACEMENT_3D('',#7567,#6130,#6131);
#5381=AXIS2_PLACEMENT_3D('',#7579,#6132,#6133);
#5382=AXIS2_PLACEMENT_3D('',#7580,#6134,#6135);
#5383=AXIS2_PLACEMENT_3D('',#7582,#6136,#6137);
#5384=AXIS2_PLACEMENT_3D('',#7589,#6138,#6139);
#5385=AXIS2_PLACEMENT_3D('',#7591,#6140,#6141);
#5386=AXIS2_PLACEMENT_3D('',#7593,#6143,#6144);
#5387=AXIS2_PLACEMENT_3D('',#7602,#6146,#6147);
#5388=AXIS2_PLACEMENT_3D('',#7619,#6149,#6150);
#5389=AXIS2_PLACEMENT_3D('',#7623,#6152,#6153);
#5390=AXIS2_PLACEMENT_3D('',#7624,#6154,#6155);
#5391=AXIS2_PLACEMENT_3D('',#7625,#6156,#6157);
#5392=AXIS2_PLACEMENT_3D('',#7626,#6158,#6159);
#5393=AXIS2_PLACEMENT_3D('',#7627,#6160,#6161);
#5394=AXIS2_PLACEMENT_3D('',#7630,#6162,#6163);
#5395=AXIS2_PLACEMENT_3D('',#7631,#6164,#6165);
#5396=AXIS2_PLACEMENT_3D('',#7646,#6166,#6167);
#5397=AXIS2_PLACEMENT_3D('',#7659,#6168,#6169);
#5398=AXIS2_PLACEMENT_3D('',#7672,#6171,#6172);
#5399=AXIS2_PLACEMENT_3D('',#7681,#6174,#6175);
#5400=AXIS2_PLACEMENT_3D('',#7692,#6177,#6178);
#5401=AXIS2_PLACEMENT_3D('',#7693,#6179,#6180);
#5402=AXIS2_PLACEMENT_3D('',#7851,#6182,#6183);
#5403=AXIS2_PLACEMENT_3D('',#7903,#6184,#6185);
#5404=AXIS2_PLACEMENT_3D('',#7905,#6186,#6187);
#5405=AXIS2_PLACEMENT_3D('',#7906,#6188,#6189);
#5406=AXIS2_PLACEMENT_3D('',#7965,#6190,#6191);
#5407=AXIS2_PLACEMENT_3D('',#7967,#6192,#6193);
#5408=AXIS2_PLACEMENT_3D('',#7968,#6194,#6195);
#5409=AXIS2_PLACEMENT_3D('',#7969,#6196,#6197);
#5410=AXIS2_PLACEMENT_3D('',#7974,#6200,#6201);
#5411=AXIS2_PLACEMENT_3D('',#7975,#6202,#6203);
#5412=AXIS2_PLACEMENT_3D('',#7979,#6205,#6206);
#5413=AXIS2_PLACEMENT_3D('',#7995,#6208,#6209);
#5414=AXIS2_PLACEMENT_3D('',#7998,#6210,#6211);
#5415=AXIS2_PLACEMENT_3D('',#8002,#6213,#6214);
#5416=AXIS2_PLACEMENT_3D('',#8004,#6216,#6217);
#5417=AXIS2_PLACEMENT_3D('',#8006,#6218,#6219);
#5418=AXIS2_PLACEMENT_3D('',#8007,#6220,#6221);
#5419=AXIS2_PLACEMENT_3D('',#8021,#6222,#6223);
#5420=AXIS2_PLACEMENT_3D('',#8024,#6224,#6225);
#5421=AXIS2_PLACEMENT_3D('',#8040,#6226,#6227);
#5422=AXIS2_PLACEMENT_3D('',#8041,#6228,#6229);
#5423=AXIS2_PLACEMENT_3D('',#8042,#6230,#6231);
#5424=AXIS2_PLACEMENT_3D('',#8046,#6233,#6234);
#5425=AXIS2_PLACEMENT_3D('',#8048,#6236,#6237);
#5426=AXIS2_PLACEMENT_3D('',#8079,#6240,#6241);
#5427=AXIS2_PLACEMENT_3D('',#8080,#6242,#6243);
#5428=AXIS2_PLACEMENT_3D('',#8084,#6246,#6247);
#5429=AXIS2_PLACEMENT_3D('',#8085,#6248,#6249);
#5430=AXIS2_PLACEMENT_3D('',#8090,#6252,#6253);
#5431=AXIS2_PLACEMENT_3D('',#8091,#6254,#6255);
#5432=AXIS2_PLACEMENT_3D('',#8093,#6256,#6257);
#5433=AXIS2_PLACEMENT_3D('',#8095,#6258,#6259);
#5434=AXIS2_PLACEMENT_3D('',#8096,#6260,#6261);
#5435=AXIS2_PLACEMENT_3D('',#8097,#6262,#6263);
#5436=AXIS2_PLACEMENT_3D('',#8100,#6266,#6267);
#5437=AXIS2_PLACEMENT_3D('',#8105,#6269,#6270);
#5438=AXIS2_PLACEMENT_3D('',#8110,#6274,#6275);
#5439=AXIS2_PLACEMENT_3D('',#8113,#6277,#6278);
#5440=AXIS2_PLACEMENT_3D('',#8115,#6279,#6280);
#5441=AXIS2_PLACEMENT_3D('',#8120,#6282,#6283);
#5442=AXIS2_PLACEMENT_3D('',#8124,#6285,#6286);
#5443=AXIS2_PLACEMENT_3D('',#8128,#6288,#6289);
#5444=AXIS2_PLACEMENT_3D('',#8131,#6291,#6292);
#5445=AXIS2_PLACEMENT_3D('',#8133,#6293,#6294);
#5446=AXIS2_PLACEMENT_3D('',#8158,#6295,#6296);
#5447=AXIS2_PLACEMENT_3D('',#8191,#6297,#6298);
#5448=AXIS2_PLACEMENT_3D('',#8224,#6299,#6300);
#5449=AXIS2_PLACEMENT_3D('',#8249,#6301,#6302);
#5450=AXIS2_PLACEMENT_3D('',#8250,#6303,#6304);
#5451=AXIS2_PLACEMENT_3D('',#8252,#6305,#6306);
#5452=AXIS2_PLACEMENT_3D('',#8254,#6308,#6309);
#5453=AXIS2_PLACEMENT_3D('',#8256,#6310,#6311);
#5454=AXIS2_PLACEMENT_3D('',#8258,#6313,#6314);
#5455=AXIS2_PLACEMENT_3D('',#8260,#6315,#6316);
#5456=AXIS2_PLACEMENT_3D('',#8262,#6318,#6319);
#5457=AXIS2_PLACEMENT_3D('',#8268,#6323,#6324);
#5458=AXIS2_PLACEMENT_3D('',#8270,#6325,#6326);
#5459=AXIS2_PLACEMENT_3D('',#8272,#6328,#6329);
#5460=AXIS2_PLACEMENT_3D('',#8276,#6332,#6333);
#5461=AXIS2_PLACEMENT_3D('',#8278,#6334,#6335);
#5462=AXIS2_PLACEMENT_3D('',#8280,#6337,#6338);
#5463=AXIS2_PLACEMENT_3D('',#8286,#6342,#6343);
#5464=AXIS2_PLACEMENT_3D('',#8287,#6344,#6345);
#5465=AXIS2_PLACEMENT_3D('',#8288,#6346,#6347);
#5466=AXIS2_PLACEMENT_3D('',#8292,#6350,#6351);
#5467=AXIS2_PLACEMENT_3D('',#8293,#6352,#6353);
#5468=AXIS2_PLACEMENT_3D('',#8294,#6354,#6355);
#5469=AXIS2_PLACEMENT_3D('',#8298,#6357,#6358);
#5470=AXIS2_PLACEMENT_3D('',#8300,#6360,#6361);
#5471=AXIS2_PLACEMENT_3D('',#8325,#6363,#6364);
#5472=AXIS2_PLACEMENT_3D('',#8330,#6366,#6367);
#5473=AXIS2_PLACEMENT_3D('',#8334,#6369,#6370);
#5474=AXIS2_PLACEMENT_3D('',#8336,#6372,#6373);
#5475=AXIS2_PLACEMENT_3D('',#8357,#6375,#6376);
#5476=AXIS2_PLACEMENT_3D('',#8359,#6378,#6379);
#5477=AXIS2_PLACEMENT_3D('',#8363,#6382,#6383);
#5478=AXIS2_PLACEMENT_3D('',#8365,#6384,#6385);
#5479=AXIS2_PLACEMENT_3D('',#8369,#6388,#6389);
#5480=AXIS2_PLACEMENT_3D('',#8373,#6392,#6393);
#5481=AXIS2_PLACEMENT_3D('',#8374,#6394,#6395);
#5482=AXIS2_PLACEMENT_3D('',#8544,#6403,#6404);
#5483=AXIS2_PLACEMENT_3D('',#8546,#6406,#6407);
#5484=AXIS2_PLACEMENT_3D('',#8653,#6411,#6412);
#5485=AXIS2_PLACEMENT_3D('',#8712,#6415,#6416);
#5486=AXIS2_PLACEMENT_3D('',#8811,#6421,#6422);
#5487=AXIS2_PLACEMENT_3D('',#8813,#6424,#6425);
#5488=AXIS2_PLACEMENT_3D('',#8931,#6430,#6431);
#5489=AXIS2_PLACEMENT_3D('',#8933,#6433,#6434);
#5490=AXIS2_PLACEMENT_3D('',#8963,#6437,#6438);
#5491=AXIS2_PLACEMENT_3D('',#9071,#6444,#6445);
#5492=AXIS2_PLACEMENT_3D('',#9072,#6446,#6447);
#5493=AXIS2_PLACEMENT_3D('',#9073,#6448,#6449);
#5494=AXIS2_PLACEMENT_3D('',#9074,#6450,#6451);
#5495=AXIS2_PLACEMENT_3D('',#9087,#6454,#6455);
#5496=AXIS2_PLACEMENT_3D('',#9097,#6457,#6458);
#5497=AXIS2_PLACEMENT_3D('',#9110,#6459,#6460);
#5498=AXIS2_PLACEMENT_3D('',#9122,#6461,#6462);
#5499=AXIS2_PLACEMENT_3D('',#9123,#6463,#6464);
#5500=AXIS2_PLACEMENT_3D('',#9622,#6473,#6474);
#5501=AXIS2_PLACEMENT_3D('',#9624,#6476,#6477);
#5502=AXIS2_PLACEMENT_3D('',#9625,#6478,#6479);
#5503=AXIS2_PLACEMENT_3D('',#9627,#6481,#6482);
#5504=AXIS2_PLACEMENT_3D('',#9628,#6483,#6484);
#5505=AXIS2_PLACEMENT_3D('',#9632,#6487,#6488);
#5506=AXIS2_PLACEMENT_3D('',#9635,#6490,#6491);
#5507=AXIS2_PLACEMENT_3D('',#9636,#6492,#6493);
#5508=AXIS2_PLACEMENT_3D('',#9639,#6495,#6496);
#5509=AXIS2_PLACEMENT_3D('',#9640,#6497,#6498);
#5510=AXIS2_PLACEMENT_3D('',#9644,#6501,#6502);
#5511=AXIS2_PLACEMENT_3D('',#9647,#6504,#6505);
#5512=AXIS2_PLACEMENT_3D('',#9648,#6506,#6507);
#5513=AXIS2_PLACEMENT_3D('',#9652,#6510,#6511);
#5514=AXIS2_PLACEMENT_3D('',#9655,#6513,#6514);
#5515=AXIS2_PLACEMENT_3D('',#9656,#6515,#6516);
#5516=AXIS2_PLACEMENT_3D('',#9660,#6519,#6520);
#5517=AXIS2_PLACEMENT_3D('',#9663,#6522,#6523);
#5518=AXIS2_PLACEMENT_3D('',#9664,#6524,#6525);
#5519=AXIS2_PLACEMENT_3D('',#9668,#6528,#6529);
#5520=AXIS2_PLACEMENT_3D('',#9671,#6531,#6532);
#5521=AXIS2_PLACEMENT_3D('',#9672,#6533,#6534);
#5522=AXIS2_PLACEMENT_3D('',#9676,#6537,#6538);
#5523=AXIS2_PLACEMENT_3D('',#9679,#6540,#6541);
#5524=AXIS2_PLACEMENT_3D('',#9680,#6542,#6543);
#5525=AXIS2_PLACEMENT_3D('',#9684,#6546,#6547);
#5526=AXIS2_PLACEMENT_3D('',#9687,#6549,#6550);
#5527=AXIS2_PLACEMENT_3D('',#9688,#6551,#6552);
#5528=AXIS2_PLACEMENT_3D('',#9691,#6554,#6555);
#5529=AXIS2_PLACEMENT_3D('',#9692,#6556,#6557);
#5530=AXIS2_PLACEMENT_3D('',#9696,#6560,#6561);
#5531=AXIS2_PLACEMENT_3D('',#9700,#6564,#6565);
#5532=AXIS2_PLACEMENT_3D('',#9703,#6568,#6569);
#5533=AXIS2_PLACEMENT_3D('',#9704,#6570,#6571);
#5534=AXIS2_PLACEMENT_3D('',#9705,#6572,#6573);
#5535=AXIS2_PLACEMENT_3D('',#9710,#6575,#6576);
#5536=AXIS2_PLACEMENT_3D('',#9713,#6578,#6579);
#5537=AXIS2_PLACEMENT_3D('',#9714,#6580,#6581);
#5538=AXIS2_PLACEMENT_3D('',#9720,#6585,#6586);
#5539=AXIS2_PLACEMENT_3D('',#9722,#6587,#6588);
#5540=AXIS2_PLACEMENT_3D('',#9723,#6589,#6590);
#5541=AXIS2_PLACEMENT_3D('',#9724,#6591,#6592);
#5542=AXIS2_PLACEMENT_3D('',#9726,#6593,#6594);
#5543=AXIS2_PLACEMENT_3D('',#9730,#6596,#6597);
#5544=AXIS2_PLACEMENT_3D('',#9732,#6599,#6600);
#5545=AXIS2_PLACEMENT_3D('',#9734,#6601,#6602);
#5546=AXIS2_PLACEMENT_3D('',#9738,#6604,#6605);
#5547=AXIS2_PLACEMENT_3D('',#9742,#6607,#6608);
#5548=AXIS2_PLACEMENT_3D('',#9746,#6610,#6611);
#5549=AXIS2_PLACEMENT_3D('',#9750,#6613,#6614);
#5550=AXIS2_PLACEMENT_3D('',#9752,#6616,#6617);
#5551=AXIS2_PLACEMENT_3D('',#9756,#6620,#6621);
#5552=AXIS2_PLACEMENT_3D('',#9759,#6623,#6624);
#5553=AXIS2_PLACEMENT_3D('',#9760,#6625,#6626);
#5554=AXIS2_PLACEMENT_3D('',#9764,#6629,#6630);
#5555=AXIS2_PLACEMENT_3D('',#9767,#6632,#6633);
#5556=AXIS2_PLACEMENT_3D('',#9768,#6634,#6635);
#5557=AXIS2_PLACEMENT_3D('',#9772,#6638,#6639);
#5558=AXIS2_PLACEMENT_3D('',#9775,#6641,#6642);
#5559=AXIS2_PLACEMENT_3D('',#9776,#6643,#6644);
#5560=AXIS2_PLACEMENT_3D('',#9778,#6645,#6646);
#5561=AXIS2_PLACEMENT_3D('',#9780,#6648,#6649);
#5562=AXIS2_PLACEMENT_3D('',#9784,#6652,#6653);
#5563=AXIS2_PLACEMENT_3D('',#9786,#6654,#6655);
#5564=AXIS2_PLACEMENT_3D('',#9788,#6657,#6658);
#5565=AXIS2_PLACEMENT_3D('',#9790,#6660,#6661);
#5566=AXIS2_PLACEMENT_3D('',#9791,#6662,#6663);
#5567=AXIS2_PLACEMENT_3D('',#9796,#6665,#6666);
#5568=AXIS2_PLACEMENT_3D('',#9799,#6668,#6669);
#5569=AXIS2_PLACEMENT_3D('',#9800,#6670,#6671);
#5570=AXIS2_PLACEMENT_3D('',#9804,#6673,#6674);
#5571=AXIS2_PLACEMENT_3D('',#9806,#6676,#6677);
#5572=AXIS2_PLACEMENT_3D('',#9810,#6679,#6680);
#5573=AXIS2_PLACEMENT_3D('',#9812,#6682,#6683);
#5574=AXIS2_PLACEMENT_3D('',#9818,#6687,#6688);
#5575=AXIS2_PLACEMENT_3D('',#9821,#6690,#6691);
#5576=AXIS2_PLACEMENT_3D('',#9822,#6692,#6693);
#5577=AXIS2_PLACEMENT_3D('',#9825,#6695,#6696);
#5578=AXIS2_PLACEMENT_3D('',#9826,#6697,#6698);
#5579=AXIS2_PLACEMENT_3D('',#9828,#6700,#6701);
#5580=AXIS2_PLACEMENT_3D('',#9829,#6702,#6703);
#5581=AXIS2_PLACEMENT_3D('',#9830,#6704,#6705);
#5582=AXIS2_PLACEMENT_3D('',#9832,#6706,#6707);
#5583=AXIS2_PLACEMENT_3D('',#9835,#6709,#6710);
#5584=AXIS2_PLACEMENT_3D('',#9836,#6711,#6712);
#5585=AXIS2_PLACEMENT_3D('',#9838,#6713,#6714);
#5586=AXIS2_PLACEMENT_3D('',#9839,#6715,#6716);
#5587=AXIS2_PLACEMENT_3D('',#9841,#6717,#6718);
#5588=AXIS2_PLACEMENT_3D('',#9844,#6720,#6721);
#5589=AXIS2_PLACEMENT_3D('',#9845,#6722,#6723);
#5590=AXIS2_PLACEMENT_3D('',#9847,#6724,#6725);
#5591=AXIS2_PLACEMENT_3D('',#9848,#6726,#6727);
#5592=AXIS2_PLACEMENT_3D('',#9850,#6728,#6729);
#5593=AXIS2_PLACEMENT_3D('',#9853,#6731,#6732);
#5594=AXIS2_PLACEMENT_3D('',#9854,#6733,#6734);
#5595=AXIS2_PLACEMENT_3D('',#9856,#6735,#6736);
#5596=AXIS2_PLACEMENT_3D('',#9857,#6737,#6738);
#5597=AXIS2_PLACEMENT_3D('',#9859,#6739,#6740);
#5598=AXIS2_PLACEMENT_3D('',#9862,#6742,#6743);
#5599=AXIS2_PLACEMENT_3D('',#9863,#6744,#6745);
#5600=AXIS2_PLACEMENT_3D('',#9865,#6746,#6747);
#5601=AXIS2_PLACEMENT_3D('',#9866,#6748,#6749);
#5602=AXIS2_PLACEMENT_3D('',#9868,#6750,#6751);
#5603=AXIS2_PLACEMENT_3D('',#9870,#6753,#6754);
#5604=AXIS2_PLACEMENT_3D('',#9872,#6755,#6756);
#5605=AXIS2_PLACEMENT_3D('',#9874,#6758,#6759);
#5606=AXIS2_PLACEMENT_3D('',#9876,#6760,#6761);
#5607=AXIS2_PLACEMENT_3D('',#9878,#6763,#6764);
#5608=AXIS2_PLACEMENT_3D('',#9880,#6765,#6766);
#5609=AXIS2_PLACEMENT_3D('',#9882,#6768,#6769);
#5610=AXIS2_PLACEMENT_3D('',#9891,#6774,#6775);
#5611=AXIS2_PLACEMENT_3D('',#9900,#6780,#6781);
#5612=AXIS2_PLACEMENT_3D('',#9909,#6786,#6787);
#5613=AXIS2_PLACEMENT_3D('',#9918,#6792,#6793);
#5614=AXIS2_PLACEMENT_3D('',#9923,#6795,#6796);
#5615=AXIS2_PLACEMENT_3D('',#9925,#6797,#6798);
#5616=AXIS2_PLACEMENT_3D('',#9929,#6800,#6801);
#5617=AXIS2_PLACEMENT_3D('',#9933,#6803,#6804);
#5618=AXIS2_PLACEMENT_3D('',#9937,#6806,#6807);
#5619=AXIS2_PLACEMENT_3D('',#9941,#6809,#6810);
#5620=AXIS2_PLACEMENT_3D('',#9945,#6812,#6813);
#5621=AXIS2_PLACEMENT_3D('',#9949,#6815,#6816);
#5622=AXIS2_PLACEMENT_3D('',#9951,#6817,#6818);
#5623=AXIS2_PLACEMENT_3D('',#9961,#6824,#6825);
#5624=AXIS2_PLACEMENT_3D('',#9967,#6828,#6829);
#5625=AXIS2_PLACEMENT_3D('',#9971,#6831,#6832);
#5626=AXIS2_PLACEMENT_3D('',#9975,#6834,#6835);
#5627=AXIS2_PLACEMENT_3D('',#9981,#6838,#6839);
#5628=AXIS2_PLACEMENT_3D('',#9987,#6844,#6845);
#5629=AXIS2_PLACEMENT_3D('',#9990,#6846,#6847);
#5630=AXIS2_PLACEMENT_3D('',#9994,#6849,#6850);
#5631=AXIS2_PLACEMENT_3D('',#9996,#6852,#6853);
#5632=AXIS2_PLACEMENT_3D('',#10002,#6857,#6858);
#5633=AXIS2_PLACEMENT_3D('',#10006,#6861,#6862);
#5634=AXIS2_PLACEMENT_3D('',#10010,#6865,#6866);
#5635=AXIS2_PLACEMENT_3D('',#10012,#6868,#6869);
#5636=AXIS2_PLACEMENT_3D('',#10015,#6870,#6871);
#5637=AXIS2_PLACEMENT_3D('',#10019,#6873,#6874);
#5638=AXIS2_PLACEMENT_3D('',#10021,#6876,#6877);
#5639=AXIS2_PLACEMENT_3D('',#10027,#6881,#6882);
#5640=AXIS2_PLACEMENT_3D('',#10031,#6885,#6886);
#5641=AXIS2_PLACEMENT_3D('',#10035,#6889,#6890);
#5642=AXIS2_PLACEMENT_3D('',#10037,#6892,#6893);
#5643=AXIS2_PLACEMENT_3D('',#10040,#6894,#6895);
#5644=AXIS2_PLACEMENT_3D('',#10044,#6897,#6898);
#5645=AXIS2_PLACEMENT_3D('',#10046,#6900,#6901);
#5646=AXIS2_PLACEMENT_3D('',#10052,#6905,#6906);
#5647=AXIS2_PLACEMENT_3D('',#10056,#6909,#6910);
#5648=AXIS2_PLACEMENT_3D('',#10060,#6913,#6914);
#5649=AXIS2_PLACEMENT_3D('',#10062,#6916,#6917);
#5650=AXIS2_PLACEMENT_3D('',#10065,#6918,#6919);
#5651=AXIS2_PLACEMENT_3D('',#10069,#6921,#6922);
#5652=AXIS2_PLACEMENT_3D('',#10071,#6924,#6925);
#5653=AXIS2_PLACEMENT_3D('',#10077,#6929,#6930);
#5654=AXIS2_PLACEMENT_3D('',#10081,#6933,#6934);
#5655=AXIS2_PLACEMENT_3D('',#10085,#6937,#6938);
#5656=AXIS2_PLACEMENT_3D('',#10087,#6940,#6941);
#5657=AXIS2_PLACEMENT_3D('',#10089,#6942,#6943);
#5658=AXIS2_PLACEMENT_3D('',#10105,#6944,#6945);
#5659=AXIS2_PLACEMENT_3D('',#10106,#6946,#6947);
#5660=AXIS2_PLACEMENT_3D('',#10107,#6948,#6949);
#5661=AXIS2_PLACEMENT_3D('',#10108,#6950,#6951);
#5662=AXIS2_PLACEMENT_3D('',#10109,#6952,#6953);
#5663=AXIS2_PLACEMENT_3D('',#10115,#6957,#6958);
#5664=AXIS2_PLACEMENT_3D('',#10116,#6959,#6960);
#5665=AXIS2_PLACEMENT_3D('',#10120,#6963,#6964);
#5666=AXIS2_PLACEMENT_3D('',#10121,#6965,#6966);
#5667=AXIS2_PLACEMENT_3D('',#10123,#6967,#6968);
#5668=AXIS2_PLACEMENT_3D('',#10127,#6970,#6971);
#5669=AXIS2_PLACEMENT_3D('',#10194,#6973,#6974);
#5670=AXIS2_PLACEMENT_3D('',#10196,#6975,#6976);
#5671=AXIS2_PLACEMENT_3D('',#10197,#6977,#6978);
#5672=AXIS2_PLACEMENT_3D('',#10263,#6979,#6980);
#5673=AXIS2_PLACEMENT_3D('',#10265,#6981,#6982);
#5674=AXIS2_PLACEMENT_3D('',#10266,#6983,#6984);
#5675=AXIS2_PLACEMENT_3D('',#10267,#6985,#6986);
#5676=AXIS2_PLACEMENT_3D('',#10271,#6988,#6989);
#5677=AXIS2_PLACEMENT_3D('',#10273,#6991,#6992);
#5678=AXIS2_PLACEMENT_3D('',#10290,#6995,#6996);
#5679=AXIS2_PLACEMENT_3D('',#10294,#6998,#6999);
#5680=AXIS2_PLACEMENT_3D('',#10296,#7001,#7002);
#5681=AXIS2_PLACEMENT_3D('',#10297,#7003,#7004);
#5682=AXIS2_PLACEMENT_3D('',#10298,#7005,#7006);
#5683=AXIS2_PLACEMENT_3D('',#10299,#7007,#7008);
#5684=AXIS2_PLACEMENT_3D('',#10303,#7010,#7011);
#5685=AXIS2_PLACEMENT_3D('',#10305,#7013,#7014);
#5686=AXIS2_PLACEMENT_3D('',#10307,#7015,#7016);
#5687=AXIS2_PLACEMENT_3D('',#10309,#7017,#7018);
#5688=AXIS2_PLACEMENT_3D('',#10322,#7019,#7020);
#5689=AXIS2_PLACEMENT_3D('',#10326,#7022,#7023);
#5690=AXIS2_PLACEMENT_3D('',#10328,#7025,#7026);
#5691=AXIS2_PLACEMENT_3D('',#10331,#7029,#7030);
#5692=AXIS2_PLACEMENT_3D('',#10335,#7032,#7033);
#5693=AXIS2_PLACEMENT_3D('',#10337,#7035,#7036);
#5694=AXIS2_PLACEMENT_3D('',#10340,#7037,#7038);
#5695=AXIS2_PLACEMENT_3D('',#10341,#7039,#7040);
#5696=AXIS2_PLACEMENT_3D('',#10342,#7041,#7042);
#5697=AXIS2_PLACEMENT_3D('',#10343,#7043,#7044);
#5698=AXIS2_PLACEMENT_3D('',#10346,#7047,#7048);
#5699=AXIS2_PLACEMENT_3D('',#10349,#7051,#7052);
#5700=AXIS2_PLACEMENT_3D('',#10351,#7054,#7055);
#5701=AXIS2_PLACEMENT_3D('',#10353,#7057,#7058);
#5702=AXIS2_PLACEMENT_3D('',#10355,#7060,#7061);
#5703=AXIS2_PLACEMENT_3D('',#10357,#7063,#7064);
#5704=AXIS2_PLACEMENT_3D('',#10359,#7066,#7067);
#5705=AXIS2_PLACEMENT_3D('',#10360,#7068,#7069);
#5706=AXIS2_PLACEMENT_3D('',#10361,#7070,#7071);
#5707=AXIS2_PLACEMENT_3D('',#10365,#7073,#7074);
#5708=AXIS2_PLACEMENT_3D('',#10367,#7076,#7077);
#5709=AXIS2_PLACEMENT_3D('',#10371,#7079,#7080);
#5710=AXIS2_PLACEMENT_3D('',#10373,#7082,#7083);
#5711=AXIS2_PLACEMENT_3D('',#10377,#7085,#7086);
#5712=AXIS2_PLACEMENT_3D('',#10379,#7088,#7089);
#5713=AXIS2_PLACEMENT_3D('',#10383,#7091,#7092);
#5714=AXIS2_PLACEMENT_3D('',#10385,#7094,#7095);
#5715=AXIS2_PLACEMENT_3D('',#10389,#7097,#7098);
#5716=AXIS2_PLACEMENT_3D('',#10393,#7100,#7101);
#5717=AXIS2_PLACEMENT_3D('',#10397,#7103,#7104);
#5718=AXIS2_PLACEMENT_3D('',#10401,#7107,#7108);
#5719=AXIS2_PLACEMENT_3D('',#10405,#7111,#7112);
#5720=AXIS2_PLACEMENT_3D('',#10407,#7114,#7115);
#5721=AXIS2_PLACEMENT_3D('',#10410,#7118,#7119);
#5722=AXIS2_PLACEMENT_3D('',#10411,#7120,#7121);
#5723=AXIS2_PLACEMENT_3D('',#10412,#7122,#7123);
#5724=AXIS2_PLACEMENT_3D('',#10414,#7125,#7126);
#5725=AXIS2_PLACEMENT_3D('',#10415,#7127,#7128);
#5726=AXIS2_PLACEMENT_3D('',#10417,#7130,#7131);
#5727=AXIS2_PLACEMENT_3D('',#10418,#7132,#7133);
#5728=AXIS2_PLACEMENT_3D('',#10419,#7134,#7135);
#5729=AXIS2_PLACEMENT_3D('',#10421,#7137,#7138);
#5730=AXIS2_PLACEMENT_3D('',#10423,#7140,#7141);
#5731=AXIS2_PLACEMENT_3D('',#10425,#7143,#7144);
#5732=AXIS2_PLACEMENT_3D('',#10427,#7146,#7147);
#5733=AXIS2_PLACEMENT_3D('',#10428,#7148,#7149);
#5734=AXIS2_PLACEMENT_3D('',#10430,#7151,#7152);
#5735=AXIS2_PLACEMENT_3D('',#10432,#7154,#7155);
#5736=AXIS2_PLACEMENT_3D('',#10434,#7157,#7158);
#5737=AXIS2_PLACEMENT_3D('',#10436,#7160,#7161);
#5738=AXIS2_PLACEMENT_3D('',#10438,#7163,#7164);
#5739=AXIS2_PLACEMENT_3D('',#10440,#7166,#7167);
#5740=AXIS2_PLACEMENT_3D('',#10441,#7168,#7169);
#5741=AXIS2_PLACEMENT_3D('',#10442,#7170,#7171);
#5742=DIRECTION('axis',(0.,0.,1.));
#5743=DIRECTION('refdir',(1.,0.,0.));
#5744=DIRECTION('axis',(0.,0.,1.));
#5745=DIRECTION('refdir',(1.,0.,0.));
#5746=DIRECTION('center_axis',(-0.27472112789738,-0.961523947640823,0.));
#5747=DIRECTION('ref_axis',(0.,0.,-1.));
#5748=DIRECTION('',(0.785081015728861,-0.224308861636819,0.577350269189626));
#5749=DIRECTION('',(0.785081015728862,-0.224308861636819,-0.577350269189625));
#5750=DIRECTION('',(0.,0.,1.));
#5751=DIRECTION('center_axis',(-0.6181225377691,-0.343401409871721,-0.707106781186548));
#5752=DIRECTION('ref_axis',(-0.485642931178631,0.874157276121539,0.));
#5753=DIRECTION('',(0.224308861636819,0.785081015728862,-0.577350269189625));
#5754=DIRECTION('',(0.485642931178631,-0.874157276121539,0.));
#5755=DIRECTION('',(-0.485642931178631,0.874157276121539,0.));
#5756=DIRECTION('center_axis',(-0.961523947640823,0.27472112789738,0.));
#5757=DIRECTION('ref_axis',(0.,0.,1.));
#5758=DIRECTION('',(0.224308861636819,0.785081015728861,0.577350269189626));
#5759=DIRECTION('',(0.,0.,-1.));
#5760=DIRECTION('center_axis',(-0.618122537769101,-0.343401409871722,0.707106781186547));
#5761=DIRECTION('ref_axis',(0.485642931178631,-0.874157276121539,0.));
#5762=DIRECTION('',(-0.485642931178631,0.874157276121539,0.));
#5763=DIRECTION('center_axis',(-0.27472112789738,0.961523947640823,0.));
#5764=DIRECTION('ref_axis',(0.,0.,-1.));
#5765=DIRECTION('',(-0.785081015728861,-0.224308861636819,0.577350269189626));
#5766=DIRECTION('',(0.,0.,-1.));
#5767=DIRECTION('',(-0.785081015728862,-0.224308861636819,-0.577350269189625));
#5768=DIRECTION('center_axis',(-0.6181225377691,0.343401409871721,0.707106781186548));
#5769=DIRECTION('ref_axis',(0.485642931178631,0.874157276121539,0.));
#5770=DIRECTION('',(-0.224308861636819,0.785081015728862,-0.577350269189625));
#5771=DIRECTION('',(0.485642931178631,0.874157276121539,0.));
#5772=DIRECTION('',(0.485642931178631,0.874157276121539,0.));
#5773=DIRECTION('center_axis',(-0.961523947640823,-0.27472112789738,0.));
#5774=DIRECTION('ref_axis',(0.,0.,1.));
#5775=DIRECTION('',(0.,0.,1.));
#5776=DIRECTION('',(-0.224308861636819,0.785081015728861,0.577350269189626));
#5777=DIRECTION('center_axis',(-0.618122537769101,0.343401409871722,-0.707106781186547));
#5778=DIRECTION('ref_axis',(-0.485642931178631,-0.874157276121539,0.));
#5779=DIRECTION('',(-0.485642931178631,-0.874157276121539,0.));
#5780=DIRECTION('center_axis',(-0.187545805568128,0.982255858121397,0.));
#5781=DIRECTION('ref_axis',(0.,0.,1.));
#5782=DIRECTION('',(0.80200854975235,0.153130509013713,-0.577350269189627));
#5783=DIRECTION('',(0.80200854975235,0.153130509013713,0.577350269189627));
#5784=DIRECTION('',(0.,0.,-1.));
#5785=DIRECTION('center_axis',(-0.584900831844763,0.397355026276634,0.707106781186547));
#5786=DIRECTION('ref_axis',(-0.561944867237533,-0.827174689038169,3.70074341541719E-16));
#5787=DIRECTION('',(0.153130509013713,-0.80200854975235,0.577350269189626));
#5788=DIRECTION('',(0.561944867237533,0.827174689038169,-6.2803698347351E-16));
#5789=DIRECTION('',(-0.561944867237533,-0.827174689038169,3.33066907387547E-16));
#5790=DIRECTION('center_axis',(-0.982255858121397,-0.187545805568128,0.));
#5791=DIRECTION('ref_axis',(0.,0.,-1.));
#5792=DIRECTION('',(0.153130509013713,-0.80200854975235,-0.577350269189626));
#5793=DIRECTION('',(0.,0.,1.));
#5794=DIRECTION('center_axis',(-0.584900831844763,0.397355026276634,-0.707106781186547));
#5795=DIRECTION('ref_axis',(0.561944867237533,0.827174689038169,-3.70074341541719E-16));
#5796=DIRECTION('',(-0.561944867237533,-0.827174689038169,0.));
#5797=DIRECTION('center_axis',(-0.561944867237533,0.827174689038169,-3.33066907387547E-16));
#5798=DIRECTION('ref_axis',(-0.827174689038227,-0.561944867237447,0.));
#5799=DIRECTION('center_axis',(0.982255858121397,-0.187545805568128,0.));
#5800=DIRECTION('ref_axis',(-0.187545805568128,-0.982255858121397,2.35513868802591E-16));
#5801=DIRECTION('',(0.561944867237533,-0.827174689038169,2.84290388095057E-16));
#5802=DIRECTION('center_axis',(0.187545805568128,0.982255858121397,0.));
#5803=DIRECTION('ref_axis',(-0.982255858121397,0.187545805568128,-2.35513868802542E-16));
#5804=DIRECTION('',(-0.561944867237533,0.827174689038169,-4.0204732249634E-16));
#5805=DIRECTION('center_axis',(-0.982255858121397,0.187545805568128,0.));
#5806=DIRECTION('ref_axis',(0.,0.,-1.));
#5807=DIRECTION('',(-0.153130509013713,-0.80200854975235,0.577350269189626));
#5808=DIRECTION('',(0.,0.,-1.));
#5809=DIRECTION('',(-0.153130509013713,-0.80200854975235,-0.577350269189626));
#5810=DIRECTION('center_axis',(-0.584900831844763,-0.397355026276634,-0.707106781186547));
#5811=DIRECTION('ref_axis',(0.561944867237533,-0.827174689038169,3.70074341541719E-16));
#5812=DIRECTION('',(-0.80200854975235,0.153130509013713,0.577350269189627));
#5813=DIRECTION('',(0.561944867237533,-0.827174689038169,3.92523114670944E-16));
#5814=DIRECTION('center_axis',(0.,0.,-1.));
#5815=DIRECTION('ref_axis',(1.,0.,0.));
#5816=DIRECTION('',(0.561944867237533,-0.827174689038169,0.));
#5817=DIRECTION('',(-0.827174689038169,-0.561944867237533,0.));
#5818=DIRECTION('',(-0.561944867237533,0.827174689038169,0.));
#5819=DIRECTION('center_axis',(0.,0.,1.));
#5820=DIRECTION('ref_axis',(0.82717468903817,0.561944867237531,0.));
#5821=DIRECTION('center_axis',(0.,0.,-1.));
#5822=DIRECTION('ref_axis',(-0.874157276121539,0.48564293117863,0.));
#5823=DIRECTION('',(0.485642931178631,0.874157276121539,0.));
#5824=DIRECTION('center_axis',(0.,0.,-1.));
#5825=DIRECTION('ref_axis',(-0.940301884377559,-0.34034154350595,0.));
#5826=DIRECTION('',(-0.340341543505955,0.940301884377557,0.));
#5827=DIRECTION('center_axis',(0.,0.,1.));
#5828=DIRECTION('ref_axis',(0.940301884377559,0.34034154350595,0.));
#5829=DIRECTION('',(0.947162409448146,-0.320754376631687,0.));
#5830=DIRECTION('center_axis',(0.,0.,-1.));
#5831=DIRECTION('ref_axis',(-0.320754376631682,0.947162409448148,0.));
#5832=DIRECTION('',(0.947162409448146,0.320754376631687,0.));
#5833=DIRECTION('center_axis',(0.,0.,1.));
#5834=DIRECTION('ref_axis',(0.320754376631699,-0.947162409448142,0.));
#5835=DIRECTION('',(-0.340341543505952,-0.940301884377558,0.));
#5836=DIRECTION('center_axis',(0.,0.,-1.));
#5837=DIRECTION('ref_axis',(0.874157276121538,0.485642931178631,0.));
#5838=DIRECTION('',(0.485642931178631,-0.874157276121539,0.));
#5839=DIRECTION('center_axis',(0.,0.,-1.));
#5840=DIRECTION('ref_axis',(0.851397453678013,0.524521091921569,0.));
#5841=DIRECTION('center_axis',(0.,0.,1.));
#5842=DIRECTION('ref_axis',(-0.851397453678016,-0.524521091921565,0.));
#5843=DIRECTION('',(-0.561944867237533,-0.827174689038169,0.));
#5844=DIRECTION('',(-0.827174689038169,0.561944867237533,0.));
#5845=DIRECTION('',(0.561944867237533,0.827174689038169,0.));
#5846=DIRECTION('center_axis',(0.,0.,-1.));
#5847=DIRECTION('ref_axis',(-0.851397453678016,-0.524521091921565,0.));
#5848=DIRECTION('center_axis',(0.,0.,1.));
#5849=DIRECTION('ref_axis',(0.851397453678015,0.524521091921567,0.));
#5850=DIRECTION('',(-0.485642931178631,0.874157276121539,0.));
#5851=DIRECTION('center_axis',(0.,0.,1.));
#5852=DIRECTION('ref_axis',(0.874157276121539,0.48564293117863,0.));
#5853=DIRECTION('',(0.340341543505952,0.940301884377558,0.));
#5854=DIRECTION('center_axis',(0.,0.,-1.));
#5855=DIRECTION('ref_axis',(0.320754376631713,-0.947162409448137,0.));
#5856=DIRECTION('',(-0.947162409448146,-0.320754376631687,0.));
#5857=DIRECTION('center_axis',(0.,0.,1.));
#5858=DIRECTION('ref_axis',(-0.320754376631683,0.947162409448148,0.));
#5859=DIRECTION('',(-0.947162409448146,0.320754376631688,0.));
#5860=DIRECTION('center_axis',(0.,0.,-1.));
#5861=DIRECTION('ref_axis',(0.940301884377712,0.340341543505527,0.));
#5862=DIRECTION('',(0.340341543505955,-0.940301884377557,0.));
#5863=DIRECTION('center_axis',(0.,0.,1.));
#5864=DIRECTION('ref_axis',(-0.940301884377558,-0.340341543505952,0.));
#5865=DIRECTION('',(-0.485642931178631,-0.874157276121539,0.));
#5866=DIRECTION('center_axis',(0.,0.,1.));
#5867=DIRECTION('ref_axis',(-0.874157276121539,0.48564293117863,0.));
#5868=DIRECTION('center_axis',(0.,0.,-1.));
#5869=DIRECTION('ref_axis',(0.82717468903817,0.561944867237532,0.));
#5870=DIRECTION('center_axis',(0.561944867237533,0.827174689038169,0.));
#5871=DIRECTION('ref_axis',(-0.827174689038169,0.561944867237533,0.));
#5872=DIRECTION('',(0.,0.,-1.));
#5873=DIRECTION('',(0.827174689038169,-0.561944867237533,0.));
#5874=DIRECTION('',(0.,0.,-1.));
#5875=DIRECTION('center_axis',(-0.827174689038169,0.561944867237533,0.));
#5876=DIRECTION('ref_axis',(0.561944867237533,0.827174689038169,0.));
#5877=DIRECTION('',(0.,0.,1.));
#5878=DIRECTION('',(0.561944867237533,0.827174689038169,0.));
#5879=DIRECTION('center_axis',(0.,0.,-1.));
#5880=DIRECTION('ref_axis',(-0.851397453678016,-0.524521091921565,0.));
#5881=DIRECTION('',(0.,0.,1.));
#5882=DIRECTION('center_axis',(0.,0.,-1.));
#5883=DIRECTION('ref_axis',(-0.82717468903817,0.561944867237532,0.));
#5884=DIRECTION('center_axis',(0.,0.,-1.));
#5885=DIRECTION('ref_axis',(0.851397453678013,0.524521091921569,0.));
#5886=DIRECTION('',(0.,0.,1.));
#5887=DIRECTION('center_axis',(0.,0.,1.));
#5888=DIRECTION('ref_axis',(0.,1.,0.));
#5889=DIRECTION('center_axis',(-0.874157276121539,-0.48564293117863,0.));
#5890=DIRECTION('ref_axis',(-0.485642931178631,0.874157276121539,0.));
#5891=DIRECTION('',(0.,0.,1.));
#5892=DIRECTION('',(-0.485642931178631,0.874157276121538,0.));
#5893=DIRECTION('center_axis',(0.,0.,-1.));
#5894=DIRECTION('ref_axis',(0.874157276121538,0.485642931178631,0.));
#5895=DIRECTION('',(0.,0.,1.));
#5896=DIRECTION('center_axis',(0.,0.,1.));
#5897=DIRECTION('ref_axis',(0.,1.,0.));
#5898=DIRECTION('center_axis',(-0.940301884377558,0.340341543505952,0.));
#5899=DIRECTION('ref_axis',(0.340341543505952,0.940301884377558,0.));
#5900=DIRECTION('',(0.,0.,1.));
#5901=DIRECTION('',(0.340341543505951,0.940301884377558,0.));
#5902=DIRECTION('center_axis',(0.,0.,-1.));
#5903=DIRECTION('ref_axis',(0.320754376631699,-0.947162409448142,0.));
#5904=DIRECTION('',(0.,0.,1.));
#5905=DIRECTION('center_axis',(0.,0.,-1.));
#5906=DIRECTION('ref_axis',(-0.940301884377558,0.340341543505951,0.));
#5907=DIRECTION('center_axis',(0.320754376631687,-0.947162409448146,0.));
#5908=DIRECTION('ref_axis',(-0.947162409448146,-0.320754376631687,0.));
#5909=DIRECTION('',(0.,0.,1.));
#5910=DIRECTION('',(-0.947162409448146,-0.320754376631688,0.));
#5911=DIRECTION('center_axis',(0.,0.,-1.));
#5912=DIRECTION('ref_axis',(-0.320754376631682,0.947162409448148,0.));
#5913=DIRECTION('',(0.,0.,1.));
#5914=DIRECTION('center_axis',(0.,0.,1.));
#5915=DIRECTION('ref_axis',(0.320754376631682,0.947162409448148,0.));
#5916=DIRECTION('center_axis',(-0.320754376631687,-0.947162409448146,0.));
#5917=DIRECTION('ref_axis',(-0.947162409448146,0.320754376631687,0.));
#5918=DIRECTION('',(0.,0.,1.));
#5919=DIRECTION('',(-0.947162409448146,0.320754376631687,0.));
#5920=DIRECTION('center_axis',(0.,0.,-1.));
#5921=DIRECTION('ref_axis',(0.940301884377559,0.34034154350595,0.));
#5922=DIRECTION('',(0.,0.,1.));
#5923=DIRECTION('center_axis',(0.,0.,-1.));
#5924=DIRECTION('ref_axis',(-0.320754376631672,-0.947162409448151,0.));
#5925=DIRECTION('center_axis',(0.940301884377557,0.340341543505955,0.));
#5926=DIRECTION('ref_axis',(0.340341543505955,-0.940301884377557,0.));
#5927=DIRECTION('',(0.,0.,1.));
#5928=DIRECTION('',(0.34034154350595,-0.940301884377558,0.));
#5929=DIRECTION('center_axis',(0.,0.,-1.));
#5930=DIRECTION('ref_axis',(-0.940301884377559,-0.34034154350595,0.));
#5931=DIRECTION('',(0.,0.,1.));
#5932=DIRECTION('center_axis',(0.,0.,1.));
#5933=DIRECTION('ref_axis',(0.,1.,0.));
#5934=DIRECTION('center_axis',(0.874157276121539,-0.48564293117863,0.));
#5935=DIRECTION('ref_axis',(-0.485642931178631,-0.874157276121539,0.));
#5936=DIRECTION('',(0.,0.,1.));
#5937=DIRECTION('',(-0.485642931178631,-0.874157276121539,0.));
#5938=DIRECTION('center_axis',(0.,0.,-1.));
#5939=DIRECTION('ref_axis',(-0.874157276121539,0.48564293117863,0.));
#5940=DIRECTION('',(0.,0.,1.));
#5941=DIRECTION('center_axis',(0.,0.,1.));
#5942=DIRECTION('ref_axis',(0.,1.,0.));
#5943=DIRECTION('center_axis',(0.,0.,-1.));
#5944=DIRECTION('ref_axis',(0.82717468903817,0.561944867237531,0.));
#5945=DIRECTION('',(0.,0.,1.));
#5946=DIRECTION('center_axis',(0.,0.,-1.));
#5947=DIRECTION('ref_axis',(0.851397453678016,-0.524521091921565,0.));
#5948=DIRECTION('center_axis',(0.827174689038169,0.561944867237533,0.));
#5949=DIRECTION('ref_axis',(0.561944867237533,-0.827174689038169,0.));
#5950=DIRECTION('',(0.,0.,-1.));
#5951=DIRECTION('',(0.561944867237533,-0.827174689038169,0.));
#5952=DIRECTION('',(0.,0.,1.));
#5953=DIRECTION('',(-0.561944867237533,0.827174689038169,-3.14018491736755E-16));
#5954=DIRECTION('center_axis',(-0.187545805568128,-0.982255858121397,0.));
#5955=DIRECTION('ref_axis',(0.,0.,1.));
#5956=DIRECTION('',(-0.80200854975235,0.153130509013713,-0.577350269189627));
#5957=DIRECTION('center_axis',(-0.584900831844763,-0.397355026276634,0.707106781186547));
#5958=DIRECTION('ref_axis',(-0.561944867237533,0.827174689038169,-3.70074341541719E-16));
#5959=DIRECTION('center_axis',(0.,0.,-1.));
#5960=DIRECTION('ref_axis',(1.,0.,0.));
#5961=DIRECTION('',(-0.561944867237533,0.827174689038169,0.));
#5962=DIRECTION('center_axis',(0.,0.,1.));
#5963=DIRECTION('ref_axis',(0.82717468903817,0.561944867237532,0.));
#5964=DIRECTION('center_axis',(0.,0.,-1.));
#5965=DIRECTION('ref_axis',(-0.874157276121539,0.48564293117863,0.));
#5966=DIRECTION('',(0.485642931178631,0.874157276121539,0.));
#5967=DIRECTION('center_axis',(0.,0.,-1.));
#5968=DIRECTION('ref_axis',(-0.940301884377558,-0.340341543505952,0.));
#5969=DIRECTION('',(-0.340341543505955,0.940301884377557,0.));
#5970=DIRECTION('center_axis',(0.,0.,1.));
#5971=DIRECTION('ref_axis',(0.940301884377712,0.340341543505527,0.));
#5972=DIRECTION('',(0.947162409448146,-0.320754376631688,0.));
#5973=DIRECTION('center_axis',(0.,0.,-1.));
#5974=DIRECTION('ref_axis',(-0.320754376631683,0.947162409448148,0.));
#5975=DIRECTION('',(0.947162409448146,0.320754376631687,0.));
#5976=DIRECTION('center_axis',(0.,0.,1.));
#5977=DIRECTION('ref_axis',(0.320754376631713,-0.947162409448137,0.));
#5978=DIRECTION('',(-0.340341543505952,-0.940301884377558,0.));
#5979=DIRECTION('center_axis',(0.,0.,-1.));
#5980=DIRECTION('ref_axis',(0.874157276121539,0.48564293117863,0.));
#5981=DIRECTION('',(0.485642931178631,-0.874157276121539,0.));
#5982=DIRECTION('center_axis',(0.,0.,-1.));
#5983=DIRECTION('ref_axis',(0.851397453678015,0.524521091921567,0.));
#5984=DIRECTION('center_axis',(0.,0.,1.));
#5985=DIRECTION('ref_axis',(-0.851397453678016,-0.524521091921565,0.));
#5986=DIRECTION('',(-0.561944867237533,-0.827174689038169,0.));
#5987=DIRECTION('',(0.827174689038169,0.561944867237533,0.));
#5988=DIRECTION('center_axis',(0.827174689038169,-0.561944867237533,0.));
#5989=DIRECTION('ref_axis',(0.561944867237533,0.827174689038169,0.));
#5990=DIRECTION('',(0.,0.,-1.));
#5991=DIRECTION('center_axis',(0.,0.,1.));
#5992=DIRECTION('ref_axis',(-0.851397453678016,-0.524521091921565,0.));
#5993=DIRECTION('',(0.,0.,-1.));
#5994=DIRECTION('center_axis',(0.,0.,1.));
#5995=DIRECTION('ref_axis',(0.851397453678015,0.524521091921567,0.));
#5996=DIRECTION('',(0.,0.,-1.));
#5997=DIRECTION('center_axis',(0.874157276121539,0.485642931178631,0.));
#5998=DIRECTION('ref_axis',(-0.485642931178631,0.874157276121539,0.));
#5999=DIRECTION('',(0.,0.,-1.));
#6000=DIRECTION('center_axis',(0.,0.,1.));
#6001=DIRECTION('ref_axis',(0.874157276121539,0.48564293117863,0.));
#6002=DIRECTION('',(0.,0.,-1.));
#6003=DIRECTION('center_axis',(0.940301884377558,-0.340341543505952,0.));
#6004=DIRECTION('ref_axis',(0.340341543505952,0.940301884377558,0.));
#6005=DIRECTION('',(0.,0.,-1.));
#6006=DIRECTION('center_axis',(0.,0.,1.));
#6007=DIRECTION('ref_axis',(0.320754376631713,-0.947162409448137,0.));
#6008=DIRECTION('',(0.,0.,-1.));
#6009=DIRECTION('center_axis',(-0.320754376631687,0.947162409448146,0.));
#6010=DIRECTION('ref_axis',(-0.947162409448146,-0.320754376631687,0.));
#6011=DIRECTION('',(0.,0.,-1.));
#6012=DIRECTION('center_axis',(0.,0.,1.));
#6013=DIRECTION('ref_axis',(-0.320754376631683,0.947162409448148,0.));
#6014=DIRECTION('',(0.,0.,-1.));
#6015=DIRECTION('center_axis',(0.320754376631688,0.947162409448146,0.));
#6016=DIRECTION('ref_axis',(-0.947162409448146,0.320754376631688,0.));
#6017=DIRECTION('',(0.,0.,-1.));
#6018=DIRECTION('center_axis',(0.,0.,1.));
#6019=DIRECTION('ref_axis',(0.940301884377712,0.340341543505527,0.));
#6020=DIRECTION('',(0.,0.,-1.));
#6021=DIRECTION('center_axis',(-0.940301884377557,-0.340341543505955,0.));
#6022=DIRECTION('ref_axis',(0.340341543505955,-0.940301884377557,0.));
#6023=DIRECTION('',(0.,0.,-1.));
#6024=DIRECTION('center_axis',(0.,0.,1.));
#6025=DIRECTION('ref_axis',(-0.940301884377558,-0.340341543505952,0.));
#6026=DIRECTION('',(0.,0.,-1.));
#6027=DIRECTION('center_axis',(-0.874157276121539,0.485642931178631,0.));
#6028=DIRECTION('ref_axis',(-0.485642931178631,-0.874157276121539,0.));
#6029=DIRECTION('',(0.,0.,-1.));
#6030=DIRECTION('center_axis',(0.,0.,1.));
#6031=DIRECTION('ref_axis',(-0.874157276121539,0.48564293117863,0.));
#6032=DIRECTION('',(0.,0.,-1.));
#6033=DIRECTION('center_axis',(0.,0.,1.));
#6034=DIRECTION('ref_axis',(0.82717468903817,0.561944867237532,0.));
#6035=DIRECTION('',(0.,0.,1.));
#6036=DIRECTION('center_axis',(-0.827174689038169,-0.561944867237533,0.));
#6037=DIRECTION('ref_axis',(0.561944867237533,-0.827174689038169,0.));
#6038=DIRECTION('',(0.,0.,-1.));
#6039=DIRECTION('center_axis',(-0.561944867237533,0.827174689038169,0.));
#6040=DIRECTION('ref_axis',(-0.827174689038169,-0.561944867237533,0.));
#6041=DIRECTION('center_axis',(0.,0.,1.));
#6042=DIRECTION('ref_axis',(-0.940301884377558,0.340341543505951,0.));
#6043=DIRECTION('center_axis',(0.,0.,1.));
#6044=DIRECTION('ref_axis',(-0.940301884377558,0.340341543505951,0.));
#6045=DIRECTION('',(0.,0.,1.));
#6046=DIRECTION('center_axis',(0.,0.,1.));
#6047=DIRECTION('ref_axis',(-0.940301884377558,0.340341543505951,0.));
#6048=DIRECTION('',(0.,0.,1.));
#6049=DIRECTION('center_axis',(0.320754376631688,-0.947162409448146,0.));
#6050=DIRECTION('ref_axis',(0.947162409448146,0.320754376631688,0.));
#6051=DIRECTION('',(0.947162409448146,0.320754376631688,0.));
#6052=DIRECTION('',(0.,0.,1.));
#6053=DIRECTION('',(0.947162409448146,0.320754376631688,0.));
#6054=DIRECTION('center_axis',(0.,0.,1.));
#6055=DIRECTION('ref_axis',(0.320754376631682,0.947162409448148,0.));
#6056=DIRECTION('center_axis',(0.,0.,-1.));
#6057=DIRECTION('ref_axis',(0.320754376631682,0.947162409448148,0.));
#6058=DIRECTION('',(0.,0.,1.));
#6059=DIRECTION('center_axis',(0.,0.,-1.));
#6060=DIRECTION('ref_axis',(5.46369598732844E-16,1.,0.));
#6061=DIRECTION('center_axis',(-0.320754376631687,-0.947162409448146,0.));
#6062=DIRECTION('ref_axis',(0.947162409448146,-0.320754376631687,0.));
#6063=DIRECTION('',(0.947162409448146,-0.320754376631687,0.));
#6064=DIRECTION('',(0.,0.,1.));
#6065=DIRECTION('',(0.947162409448146,-0.320754376631687,0.));
#6066=DIRECTION('center_axis',(0.,0.,1.));
#6067=DIRECTION('ref_axis',(-0.320754376631672,-0.947162409448151,0.));
#6068=DIRECTION('center_axis',(0.,0.,1.));
#6069=DIRECTION('ref_axis',(-0.320754376631672,-0.947162409448151,0.));
#6070=DIRECTION('',(0.,0.,1.));
#6071=DIRECTION('center_axis',(0.,0.,1.));
#6072=DIRECTION('ref_axis',(-0.320754376631686,-0.947162409448146,0.));
#6073=DIRECTION('center_axis',(0.940301884377558,0.34034154350595,0.));
#6074=DIRECTION('ref_axis',(-0.34034154350595,0.940301884377558,0.));
#6075=DIRECTION('',(-0.34034154350595,0.940301884377558,0.));
#6076=DIRECTION('',(0.,0.,1.));
#6077=DIRECTION('',(-0.34034154350595,0.940301884377558,0.));
#6078=DIRECTION('center_axis',(0.874157276121539,-0.485642931178631,0.));
#6079=DIRECTION('ref_axis',(0.485642931178631,0.874157276121539,0.));
#6080=DIRECTION('',(0.485642931178631,0.874157276121539,0.));
#6081=DIRECTION('',(0.,0.,1.));
#6082=DIRECTION('',(0.485642931178631,0.874157276121539,0.));
#6083=DIRECTION('center_axis',(0.,0.,1.));
#6084=DIRECTION('ref_axis',(0.851397453678016,-0.524521091921565,0.));
#6085=DIRECTION('center_axis',(0.,0.,1.));
#6086=DIRECTION('ref_axis',(0.851397453678016,-0.524521091921565,0.));
#6087=DIRECTION('',(0.,0.,1.));
#6088=DIRECTION('center_axis',(0.,0.,1.));
#6089=DIRECTION('ref_axis',(0.999751558977817,0.0222894666025085,0.));
#6090=DIRECTION('center_axis',(0.827174689038169,0.561944867237533,0.));
#6091=DIRECTION('ref_axis',(-0.561944867237533,0.827174689038169,0.));
#6092=DIRECTION('',(-0.561944867237533,0.827174689038169,0.));
#6093=DIRECTION('',(0.,0.,1.));
#6094=DIRECTION('',(-0.561944867237533,0.827174689038169,0.));
#6095=DIRECTION('center_axis',(0.,1.,0.));
#6096=DIRECTION('ref_axis',(-1.,0.,0.));
#6097=DIRECTION('',(-1.,0.,0.));
#6098=DIRECTION('',(0.,0.,1.));
#6099=DIRECTION('',(-1.,0.,0.));
#6100=DIRECTION('center_axis',(0.,-1.,0.));
#6101=DIRECTION('ref_axis',(-1.,0.,0.));
#6102=DIRECTION('center_axis',(-0.827174689038169,0.561944867237533,0.));
#6103=DIRECTION('ref_axis',(-0.561944867237533,-0.827174689038169,0.));
#6104=DIRECTION('',(-0.561944867237533,-0.827174689038169,0.));
#6105=DIRECTION('',(0.,0.,1.));
#6106=DIRECTION('',(-0.561944867237533,-0.827174689038169,0.));
#6107=DIRECTION('center_axis',(0.,0.,1.));
#6108=DIRECTION('ref_axis',(-0.82717468903817,0.561944867237532,0.));
#6109=DIRECTION('center_axis',(0.,0.,1.));
#6110=DIRECTION('ref_axis',(-0.82717468903817,0.561944867237532,0.));
#6111=DIRECTION('',(0.,0.,1.));
#6112=DIRECTION('center_axis',(0.,0.,1.));
#6113=DIRECTION('ref_axis',(-0.999751558977817,0.022289466602508,0.));
#6114=DIRECTION('center_axis',(-0.874157276121538,-0.485642931178631,0.));
#6115=DIRECTION('ref_axis',(0.485642931178631,-0.874157276121538,0.));
#6116=DIRECTION('',(0.485642931178631,-0.874157276121538,0.));
#6117=DIRECTION('',(0.,0.,1.));
#6118=DIRECTION('',(0.485642931178631,-0.874157276121538,0.));
#6119=DIRECTION('center_axis',(-0.940301884377558,0.340341543505951,0.));
#6120=DIRECTION('ref_axis',(-0.340341543505951,-0.940301884377558,0.));
#6121=DIRECTION('',(-0.340341543505951,-0.940301884377558,0.));
#6122=DIRECTION('',(-0.340341543505951,-0.940301884377558,0.));
#6123=DIRECTION('center_axis',(0.947162409448146,-0.320754376631687,0.));
#6124=DIRECTION('ref_axis',(-0.22680759481153,-0.669744962605774,0.707106781186547));
#6125=DIRECTION('center_axis',(0.842811349713876,0.538209093934202,0.));
#6126=DIRECTION('ref_axis',(0.538209093934202,-0.842811349713876,0.));
#6127=DIRECTION('',(-0.947162409448146,0.320754376631687,0.));
#6128=DIRECTION('center_axis',(-0.947162409448148,0.320754376631682,0.));
#6129=DIRECTION('ref_axis',(-0.320754376631682,-0.947162409448148,0.));
#6130=DIRECTION('center_axis',(0.,0.,-1.));
#6131=DIRECTION('ref_axis',(-1.,0.,0.));
#6132=DIRECTION('center_axis',(0.,0.,1.));
#6133=DIRECTION('ref_axis',(5.46369598732844E-16,1.,0.));
#6134=DIRECTION('center_axis',(-0.947162409448146,-0.320754376631688,0.));
#6135=DIRECTION('ref_axis',(0.320754376631688,-0.947162409448146,0.));
#6136=DIRECTION('center_axis',(0.,0.,1.));
#6137=DIRECTION('ref_axis',(5.46369598732844E-16,1.,0.));
#6138=DIRECTION('center_axis',(0.947162409448146,0.320754376631688,0.));
#6139=DIRECTION('ref_axis',(0.226807594811531,-0.669744962605773,0.707106781186548));
#6140=DIRECTION('center_axis',(-0.842811349713871,0.53820909393421,1.47355679664212E-16));
#6141=DIRECTION('ref_axis',(-0.53820909393421,-0.842811349713871,0.));
#6142=DIRECTION('',(-0.947162409448146,-0.320754376631688,0.));
#6143=DIRECTION('center_axis',(0.485642931178631,0.874157276121539,0.));
#6144=DIRECTION('ref_axis',(0.618122537769101,-0.343401409871721,0.707106781186548));
#6145=DIRECTION('',(-0.485642931178631,-0.874157276121539,0.));
#6146=DIRECTION('center_axis',(0.0798241856534565,0.996808958318876,0.));
#6147=DIRECTION('ref_axis',(-0.996808958318876,0.0798241856534565,0.));
#6148=DIRECTION('',(-0.485642931178631,-0.874157276121539,0.));
#6149=DIRECTION('center_axis',(-0.561944867237533,0.827174689038169,0.));
#6150=DIRECTION('ref_axis',(0.584900831844763,0.397355026276633,0.707106781186548));
#6151=DIRECTION('',(0.561944867237533,-0.827174689038169,0.));
#6152=DIRECTION('center_axis',(0.561944867237532,-0.82717468903817,0.));
#6153=DIRECTION('ref_axis',(0.82717468903817,0.561944867237532,0.));
#6154=DIRECTION('center_axis',(-0.883726447278096,0.468003810220851,0.));
#6155=DIRECTION('ref_axis',(0.468003810220851,0.883726447278096,0.));
#6156=DIRECTION('center_axis',(0.,0.,1.));
#6157=DIRECTION('ref_axis',(1.,0.,0.));
#6158=DIRECTION('center_axis',(0.,0.,-1.));
#6159=DIRECTION('ref_axis',(0.999751558977817,0.0222894666025085,0.));
#6160=DIRECTION('center_axis',(0.,0.,1.));
#6161=DIRECTION('ref_axis',(-0.999850495481623,0.0172912314527572,0.));
#6162=DIRECTION('center_axis',(0.,0.,-1.));
#6163=DIRECTION('ref_axis',(-0.999751558977817,0.022289466602508,0.));
#6164=DIRECTION('center_axis',(0.561944867237532,0.827174689038169,0.));
#6165=DIRECTION('ref_axis',(-0.827174689038169,0.561944867237532,0.));
#6166=DIRECTION('center_axis',(-0.561944867237533,-0.827174689038169,0.));
#6167=DIRECTION('ref_axis',(-0.584900831844763,0.397355026276633,0.707106781186548));
#6168=DIRECTION('center_axis',(-0.883726447278096,-0.46800381022085,-1.54509204604462E-16));
#6169=DIRECTION('ref_axis',(-0.46800381022085,0.883726447278096,-2.91758031611817E-16));
#6170=DIRECTION('',(0.561944867237533,0.827174689038169,0.));
#6171=DIRECTION('center_axis',(0.485642931178631,-0.874157276121538,0.));
#6172=DIRECTION('ref_axis',(-0.618122537769101,-0.343401409871722,0.707106781186548));
#6173=DIRECTION('',(-0.485642931178631,0.874157276121538,0.));
#6174=DIRECTION('center_axis',(0.0798241856534542,-0.996808958318876,-6.97816132554472E-18));
#6175=DIRECTION('ref_axis',(0.996808958318876,0.0798241856534542,-1.53290880502448E-17));
#6176=DIRECTION('',(-0.485642931178631,0.874157276121538,0.));
#6177=DIRECTION('center_axis',(-0.340341543505951,-0.940301884377558,0.));
#6178=DIRECTION('ref_axis',(-0.66489383880586,0.240657813332554,0.707106781186548));
#6179=DIRECTION('center_axis',(0.520602512717747,-0.853799170620333,9.10212435113312E-17));
#6180=DIRECTION('ref_axis',(-0.853799170620333,-0.520602512717747,0.));
#6181=DIRECTION('',(0.340341543505951,0.940301884377558,0.));
#6182=DIRECTION('center_axis',(-0.520602512717739,-0.853799170620338,2.73063730533989E-16));
#6183=DIRECTION('ref_axis',(0.853799170620338,-0.520602512717739,0.));
#6184=DIRECTION('center_axis',(0.,0.,1.));
#6185=DIRECTION('ref_axis',(-0.320754376631686,-0.947162409448147,0.));
#6186=DIRECTION('center_axis',(0.781442162382881,0.623977681371992,0.));
#6187=DIRECTION('ref_axis',(0.623977681371992,-0.781442162382881,0.));
#6188=DIRECTION('center_axis',(-0.607626209593616,-0.794223135784205,2.71545164727703E-16));
#6189=DIRECTION('ref_axis',(0.794223135784205,-0.607626209593615,0.));
#6190=DIRECTION('center_axis',(0.,0.,1.));
#6191=DIRECTION('ref_axis',(-0.940301884377558,0.340341543505951,0.));
#6192=DIRECTION('center_axis',(0.607626209593623,-0.7942231357842,9.05150549092357E-17));
#6193=DIRECTION('ref_axis',(-0.794223135784199,-0.607626209593622,0.));
#6194=DIRECTION('center_axis',(-0.781442162382876,0.623977681371999,1.46536203214291E-16));
#6195=DIRECTION('ref_axis',(-0.623977681371999,-0.781442162382875,0.));
#6196=DIRECTION('center_axis',(-0.340341543505951,-0.940301884377558,0.));
#6197=DIRECTION('ref_axis',(-0.66489383880586,0.240657813332554,0.707106781186548));
#6198=DIRECTION('',(0.340341543505951,0.940301884377558,0.));
#6199=DIRECTION('',(-0.340341543505951,-0.940301884377558,0.));
#6200=DIRECTION('center_axis',(0.169237080240634,-0.98557537036577,-8.32981720440818E-18));
#6201=DIRECTION('ref_axis',(0.98557537036577,0.169237080240634,-1.82983017175874E-17));
#6202=DIRECTION('center_axis',(0.485642931178631,-0.874157276121538,0.));
#6203=DIRECTION('ref_axis',(-0.618122537769101,-0.343401409871722,0.707106781186548));
#6204=DIRECTION('',(-0.485642931178631,0.874157276121538,0.));
#6205=DIRECTION('center_axis',(-0.0102369499075099,-0.999947601055471,-5.56983678096469E-18));
#6206=DIRECTION('ref_axis',(0.999947601055471,-0.0102369499075099,-1.82983017175874E-17));
#6207=DIRECTION('',(0.485642931178631,-0.874157276121538,0.));
#6208=DIRECTION('center_axis',(-0.561944867237533,-0.827174689038169,0.));
#6209=DIRECTION('ref_axis',(-0.584900831844763,0.397355026276633,0.707106781186548));
#6210=DIRECTION('center_axis',(-0.883726447278097,-0.46800381022085,0.));
#6211=DIRECTION('ref_axis',(-0.46800381022085,0.883726447278097,-9.65682528777886E-17));
#6212=DIRECTION('',(0.561944867237533,0.827174689038169,0.));
#6213=DIRECTION('center_axis',(0.561944867237532,0.827174689038169,0.));
#6214=DIRECTION('ref_axis',(-0.827174689038169,0.561944867237532,0.));
#6215=DIRECTION('',(-0.561944867237533,-0.827174689038169,0.));
#6216=DIRECTION('center_axis',(0.,0.,1.));
#6217=DIRECTION('ref_axis',(-0.999850495481623,0.0172912314527571,0.));
#6218=DIRECTION('center_axis',(0.,0.,1.));
#6219=DIRECTION('ref_axis',(-0.999751558977817,0.022289466602508,0.));
#6220=DIRECTION('center_axis',(0.,0.,-1.));
#6221=DIRECTION('ref_axis',(-0.999751558977817,0.022289466602508,0.));
#6222=DIRECTION('center_axis',(0.,0.,1.));
#6223=DIRECTION('ref_axis',(1.,0.,0.));
#6224=DIRECTION('center_axis',(0.,0.,1.));
#6225=DIRECTION('ref_axis',(0.999751558977817,0.0222894666025085,0.));
#6226=DIRECTION('center_axis',(0.,0.,-1.));
#6227=DIRECTION('ref_axis',(0.999751558977817,0.0222894666025085,0.));
#6228=DIRECTION('center_axis',(0.561944867237532,-0.82717468903817,0.));
#6229=DIRECTION('ref_axis',(0.82717468903817,0.561944867237532,0.));
#6230=DIRECTION('center_axis',(-0.561944867237533,0.827174689038169,0.));
#6231=DIRECTION('ref_axis',(0.584900831844763,0.397355026276633,0.707106781186548));
#6232=DIRECTION('',(0.561944867237533,-0.827174689038169,0.));
#6233=DIRECTION('center_axis',(-0.883726447278096,0.468003810220851,0.));
#6234=DIRECTION('ref_axis',(0.468003810220851,0.883726447278096,1.93136505755577E-16));
#6235=DIRECTION('',(-0.561944867237533,0.827174689038169,0.));
#6236=DIRECTION('center_axis',(0.485642931178631,0.874157276121539,0.));
#6237=DIRECTION('ref_axis',(0.618122537769101,-0.343401409871722,0.707106781186548));
#6238=DIRECTION('',(-0.485642931178631,-0.874157276121539,0.));
#6239=DIRECTION('',(0.485642931178631,0.874157276121539,0.));
#6240=DIRECTION('center_axis',(-0.0102369499075073,0.999947601055471,0.));
#6241=DIRECTION('ref_axis',(-0.999947601055471,-0.0102369499075073,0.));
#6242=DIRECTION('center_axis',(-0.34034154350595,0.940301884377558,0.));
#6243=DIRECTION('ref_axis',(0.66489383880586,0.240657813332554,0.707106781186547));
#6244=DIRECTION('',(-0.34034154350595,0.940301884377558,0.));
#6245=DIRECTION('',(0.34034154350595,-0.940301884377558,0.));
#6246=DIRECTION('center_axis',(0.169237080240637,0.98557537036577,0.));
#6247=DIRECTION('ref_axis',(-0.98557537036577,0.169237080240637,0.));
#6248=DIRECTION('center_axis',(0.947162409448146,0.320754376631688,0.));
#6249=DIRECTION('ref_axis',(0.226807594811531,-0.669744962605773,0.707106781186548));
#6250=DIRECTION('',(0.947162409448146,0.320754376631688,0.));
#6251=DIRECTION('',(-0.947162409448146,-0.320754376631688,0.));
#6252=DIRECTION('center_axis',(-0.947162409448146,-0.320754376631688,0.));
#6253=DIRECTION('ref_axis',(0.320754376631688,-0.947162409448146,0.));
#6254=DIRECTION('center_axis',(0.,0.,-1.));
#6255=DIRECTION('ref_axis',(-1.,0.,0.));
#6256=DIRECTION('center_axis',(0.,0.,-1.));
#6257=DIRECTION('ref_axis',(5.46369598732844E-16,1.,0.));
#6258=DIRECTION('center_axis',(0.,0.,1.));
#6259=DIRECTION('ref_axis',(5.46369598732844E-16,1.,0.));
#6260=DIRECTION('center_axis',(-0.947162409448148,0.320754376631682,0.));
#6261=DIRECTION('ref_axis',(-0.320754376631682,-0.947162409448148,0.));
#6262=DIRECTION('center_axis',(0.947162409448146,-0.320754376631687,0.));
#6263=DIRECTION('ref_axis',(-0.22680759481153,-0.669744962605774,0.707106781186547));
#6264=DIRECTION('',(0.947162409448146,-0.320754376631687,0.));
#6265=DIRECTION('',(-0.947162409448146,0.320754376631687,0.));
#6266=DIRECTION('center_axis',(0.,1.,0.));
#6267=DIRECTION('ref_axis',(-1.,0.,0.));
#6268=DIRECTION('',(0.,0.,-1.));
#6269=DIRECTION('center_axis',(0.,1.,0.));
#6270=DIRECTION('ref_axis',(1.,0.,0.));
#6271=DIRECTION('',(-1.,0.,0.));
#6272=DIRECTION('',(0.,0.,-1.));
#6273=DIRECTION('',(1.,0.,0.));
#6274=DIRECTION('center_axis',(0.,0.,1.));
#6275=DIRECTION('ref_axis',(1.,0.,0.));
#6276=DIRECTION('',(1.,0.,0.));
#6277=DIRECTION('center_axis',(0.,0.,1.));
#6278=DIRECTION('ref_axis',(1.,0.,0.));
#6279=DIRECTION('center_axis',(0.,0.,1.));
#6280=DIRECTION('ref_axis',(1.,0.,0.));
#6281=DIRECTION('',(1.36223684003087E-16,1.,0.));
#6282=DIRECTION('center_axis',(0.,0.,-1.));
#6283=DIRECTION('ref_axis',(0.707106781186547,0.707106781186547,0.));
#6284=DIRECTION('',(-1.,0.,0.));
#6285=DIRECTION('center_axis',(0.,0.,-1.));
#6286=DIRECTION('ref_axis',(-0.707106781186547,0.707106781186547,0.));
#6287=DIRECTION('',(0.,-1.,0.));
#6288=DIRECTION('center_axis',(0.,0.,-1.));
#6289=DIRECTION('ref_axis',(-0.707106781186547,-0.707106781186547,0.));
#6290=DIRECTION('',(1.,0.,0.));
#6291=DIRECTION('center_axis',(0.,0.,-1.));
#6292=DIRECTION('ref_axis',(0.707106781186547,-0.707106781186548,0.));
#6293=DIRECTION('center_axis',(0.,0.,1.));
#6294=DIRECTION('ref_axis',(1.,0.,0.));
#6295=DIRECTION('center_axis',(7.4982300459814E-17,2.50431177310543E-18,
1.));
#6296=DIRECTION('ref_axis',(-0.940301884377558,0.340341543505951,6.96536770830486E-17));
#6297=DIRECTION('center_axis',(-1.0696965765341E-14,-5.61329376155192E-15,
1.));
#6298=DIRECTION('ref_axis',(-0.874157276121538,-0.485642931178631,-1.20768868921227E-14));
#6299=DIRECTION('center_axis',(6.48361092658056E-16,2.89322423067842E-16,
1.));
#6300=DIRECTION('ref_axis',(0.851397453678016,-0.524521091921565,-4.00257270088027E-16));
#6301=DIRECTION('center_axis',(-6.70637012915575E-17,5.37044264884379E-18,
1.));
#6302=DIRECTION('ref_axis',(0.874157276121539,-0.48564293117863,6.12323399573676E-17));
#6303=DIRECTION('center_axis',(0.,0.,-1.));
#6304=DIRECTION('ref_axis',(1.,0.,0.));
#6305=DIRECTION('center_axis',(0.,0.,-1.));
#6306=DIRECTION('ref_axis',(1.,0.,0.));
#6307=DIRECTION('',(0.,0.,-1.));
#6308=DIRECTION('center_axis',(0.,0.,-1.));
#6309=DIRECTION('ref_axis',(1.,0.,0.));
#6310=DIRECTION('center_axis',(0.,0.,-1.));
#6311=DIRECTION('ref_axis',(1.,0.,0.));
#6312=DIRECTION('',(0.,0.,-1.));
#6313=DIRECTION('center_axis',(0.,0.,-1.));
#6314=DIRECTION('ref_axis',(1.,0.,0.));
#6315=DIRECTION('center_axis',(0.,0.,-1.));
#6316=DIRECTION('ref_axis',(1.,0.,0.));
#6317=DIRECTION('',(0.,0.,-1.));
#6318=DIRECTION('center_axis',(-1.,0.,0.));
#6319=DIRECTION('ref_axis',(0.,1.,0.));
#6320=DIRECTION('',(0.,0.,1.));
#6321=DIRECTION('',(0.,0.,-1.));
#6322=DIRECTION('',(0.,1.,0.));
#6323=DIRECTION('center_axis',(0.,0.,-1.));
#6324=DIRECTION('ref_axis',(-0.707106781186547,0.707106781186547,0.));
#6325=DIRECTION('center_axis',(0.,0.,1.));
#6326=DIRECTION('ref_axis',(-0.707106781186547,0.707106781186547,0.));
#6327=DIRECTION('',(0.,0.,1.));
#6328=DIRECTION('center_axis',(0.,1.,0.));
#6329=DIRECTION('ref_axis',(1.,0.,0.));
#6330=DIRECTION('',(0.,0.,-1.));
#6331=DIRECTION('',(1.,0.,0.));
#6332=DIRECTION('center_axis',(0.,0.,-1.));
#6333=DIRECTION('ref_axis',(0.707106781186547,0.707106781186547,0.));
#6334=DIRECTION('center_axis',(0.,0.,1.));
#6335=DIRECTION('ref_axis',(0.707106781186547,0.707106781186547,0.));
#6336=DIRECTION('',(0.,0.,1.));
#6337=DIRECTION('center_axis',(0.,-1.,0.));
#6338=DIRECTION('ref_axis',(-1.,0.,0.));
#6339=DIRECTION('',(0.,0.,1.));
#6340=DIRECTION('',(0.,0.,-1.));
#6341=DIRECTION('',(-1.,0.,0.));
#6342=DIRECTION('center_axis',(0.,0.,-1.));
#6343=DIRECTION('ref_axis',(-0.707106781186547,-0.707106781186547,0.));
#6344=DIRECTION('center_axis',(0.,0.,1.));
#6345=DIRECTION('ref_axis',(-0.707106781186547,-0.707106781186547,0.));
#6346=DIRECTION('center_axis',(1.,-1.36223684003087E-16,0.));
#6347=DIRECTION('ref_axis',(-1.36223684003087E-16,-1.,0.));
#6348=DIRECTION('',(0.,0.,-1.));
#6349=DIRECTION('',(-1.36223684003087E-16,-1.,0.));
#6350=DIRECTION('center_axis',(0.,0.,-1.));
#6351=DIRECTION('ref_axis',(0.707106781186547,-0.707106781186548,0.));
#6352=DIRECTION('center_axis',(0.,0.,1.));
#6353=DIRECTION('ref_axis',(0.707106781186547,-0.707106781186548,0.));
#6354=DIRECTION('center_axis',(0.,1.,0.));
#6355=DIRECTION('ref_axis',(-1.,0.,0.));
#6356=DIRECTION('',(-1.,0.,0.));
#6357=DIRECTION('center_axis',(0.,-1.,0.));
#6358=DIRECTION('ref_axis',(-1.,0.,0.));
#6359=DIRECTION('',(-1.,0.,0.));
#6360=DIRECTION('center_axis',(-1.,0.,0.));
#6361=DIRECTION('ref_axis',(0.,0.707106781186547,0.707106781186548));
#6362=DIRECTION('',(-1.,0.,0.));
#6363=DIRECTION('center_axis',(0.,1.,0.));
#6364=DIRECTION('ref_axis',(-1.,0.,0.));
#6365=DIRECTION('',(-1.,0.,0.));
#6366=DIRECTION('center_axis',(0.,1.,0.));
#6367=DIRECTION('ref_axis',(-1.,0.,0.));
#6368=DIRECTION('',(-0.999999982390252,0.,0.000187668576931464));
#6369=DIRECTION('center_axis',(0.,-1.,0.));
#6370=DIRECTION('ref_axis',(-1.,0.,0.));
#6371=DIRECTION('',(0.,0.,1.));
#6372=DIRECTION('center_axis',(0.,1.,0.));
#6373=DIRECTION('ref_axis',(0.0448649360605891,0.,0.998993061793864));
#6374=DIRECTION('',(0.,-1.,0.));
#6375=DIRECTION('center_axis',(0.,-1.,0.));
#6376=DIRECTION('ref_axis',(-1.,0.,0.));
#6377=DIRECTION('',(0.,1.,0.));
#6378=DIRECTION('center_axis',(-0.000187668576931464,0.,-0.999999982390252));
#6379=DIRECTION('ref_axis',(-0.999999982390252,0.,0.000187668576931464));
#6380=DIRECTION('',(0.999999982390252,0.,-0.000187668576931464));
#6381=DIRECTION('',(0.,1.,0.));
#6382=DIRECTION('center_axis',(0.,1.,0.));
#6383=DIRECTION('ref_axis',(-1.,0.,0.));
#6384=DIRECTION('center_axis',(0.,1.,0.));
#6385=DIRECTION('ref_axis',(-1.,0.,0.));
#6386=DIRECTION('',(-1.,0.,0.));
#6387=DIRECTION('',(0.,0.,1.));
#6388=DIRECTION('center_axis',(0.,1.,0.));
#6389=DIRECTION('ref_axis',(1.,0.,0.));
#6390=DIRECTION('',(0.,1.,0.));
#6391=DIRECTION('',(0.,1.,0.));
#6392=DIRECTION('center_axis',(0.,1.,0.));
#6393=DIRECTION('ref_axis',(1.,0.,0.));
#6394=DIRECTION('center_axis',(-0.34034154350595,0.940301884377558,0.));
#6395=DIRECTION('ref_axis',(0.664893838805861,0.240657813332554,0.707106781186548));
#6396=DIRECTION('',(0.34034154350595,-0.940301884377558,0.));
#6397=DIRECTION('',(0.34034154350595,-0.940301884377558,0.));
#6398=DIRECTION('',(0.369385896000904,0.13369894082207,0.919607880054682));
#6399=DIRECTION('',(0.354074246126515,0.12815690093206,0.926394752237636));
#6400=DIRECTION('',(-2.18547839493141E-17,0.,1.));
#6401=DIRECTION('',(0.,0.,1.));
#6402=DIRECTION('',(0.,0.,1.));
#6403=DIRECTION('center_axis',(-0.34034154350595,0.940301884377558,0.));
#6404=DIRECTION('ref_axis',(0.664893838805861,0.240657813332554,0.707106781186547));
#6405=DIRECTION('',(0.34034154350595,-0.940301884377558,0.));
#6406=DIRECTION('center_axis',(0.,0.,1.));
#6407=DIRECTION('ref_axis',(1.,0.,0.));
#6408=DIRECTION('',(-0.477831599450843,0.172950779738859,0.861257795525805));
#6409=DIRECTION('',(-0.0737795800892643,0.0267044622413187,0.996916970092421));
#6410=DIRECTION('',(-0.454571864137105,0.164531936439978,0.875382009311494));
#6411=DIRECTION('center_axis',(-0.340341543505951,-0.940301884377558,0.));
#6412=DIRECTION('ref_axis',(-0.66489383880586,0.240657813332554,0.707106781186548));
#6413=DIRECTION('',(0.,0.,1.));
#6414=DIRECTION('',(0.,0.,1.));
#6415=DIRECTION('center_axis',(0.,0.,1.));
#6416=DIRECTION('ref_axis',(1.,0.,0.));
#6417=DIRECTION('',(0.,0.,1.));
#6418=DIRECTION('',(0.,0.,1.));
#6419=DIRECTION('',(0.,-2.18547839493141E-17,1.));
#6420=DIRECTION('',(1.91229359556498E-17,-2.18547839493141E-17,1.));
#6421=DIRECTION('center_axis',(0.,0.,1.));
#6422=DIRECTION('ref_axis',(1.,0.,0.));
#6423=DIRECTION('',(-0.485642931178631,-0.874157276121539,0.));
#6424=DIRECTION('center_axis',(0.485642931178631,0.874157276121539,0.));
#6425=DIRECTION('ref_axis',(0.618122537769101,-0.343401409871722,0.707106781186548));
#6426=DIRECTION('',(0.,0.,1.));
#6427=DIRECTION('',(0.,0.,1.));
#6428=DIRECTION('',(0.,0.,1.));
#6429=DIRECTION('',(-0.0104467251210144,-0.00580373617834132,0.999928588740525));
#6430=DIRECTION('center_axis',(0.,0.,1.));
#6431=DIRECTION('ref_axis',(1.,0.,0.));
#6432=DIRECTION('',(-0.485642931178631,0.874157276121538,0.));
#6433=DIRECTION('center_axis',(0.485642931178631,-0.874157276121538,0.));
#6434=DIRECTION('ref_axis',(-0.618122537769101,-0.343401409871722,0.707106781186548));
#6435=DIRECTION('',(1.09273919746571E-17,-1.74838271594513E-16,1.));
#6436=DIRECTION('',(0.,0.,1.));
#6437=DIRECTION('center_axis',(0.00165354178737162,-0.999998632898844,0.));
#6438=DIRECTION('ref_axis',(0.,0.,-1.));
#6439=DIRECTION('',(0.999998632898844,0.00165354178737162,0.));
#6440=DIRECTION('',(-0.999998632898844,-0.00165354178737162,0.));
#6441=DIRECTION('',(0.,0.,1.));
#6442=DIRECTION('',(1.70740499604016E-19,-1.74838271594513E-16,1.));
#6443=DIRECTION('',(0.0306134699633867,-0.4511719483262,0.891911816549339));
#6444=DIRECTION('center_axis',(0.,0.,1.));
#6445=DIRECTION('ref_axis',(1.,0.,0.));
#6446=DIRECTION('center_axis',(0.,0.,1.));
#6447=DIRECTION('ref_axis',(5.46369598732844E-16,1.,0.));
#6448=DIRECTION('center_axis',(0.,0.,-1.));
#6449=DIRECTION('ref_axis',(-1.,0.,0.));
#6450=DIRECTION('center_axis',(0.,0.,1.));
#6451=DIRECTION('ref_axis',(1.,0.,0.));
#6452=DIRECTION('',(1.,0.,0.));
#6453=DIRECTION('',(0.561944867237533,0.827174689038169,0.));
#6454=DIRECTION('center_axis',(0.,0.,1.));
#6455=DIRECTION('ref_axis',(1.,0.,0.));
#6456=DIRECTION('',(1.,0.,0.));
#6457=DIRECTION('center_axis',(-1.,0.,0.));
#6458=DIRECTION('ref_axis',(0.,0.707106781186547,0.707106781186548));
#6459=DIRECTION('center_axis',(-1.,0.,0.));
#6460=DIRECTION('ref_axis',(0.,0.707106781186547,0.707106781186548));
#6461=DIRECTION('center_axis',(-0.883726447278096,-0.46800381022085,-1.54509204604462E-16));
#6462=DIRECTION('ref_axis',(-0.46800381022085,0.883726447278096,-2.91758031611817E-16));
#6463=DIRECTION('center_axis',(-0.561944867237533,-0.827174689038169,0.));
#6464=DIRECTION('ref_axis',(-0.584900831844763,0.397355026276633,0.707106781186548));
#6465=DIRECTION('',(-0.559818351719969,0.380315129927644,0.736181917073257));
#6466=DIRECTION('',(-0.262500246202812,0.495676327671285,0.827888035261877));
#6467=DIRECTION('',(0.,-2.21314267841155E-15,1.));
#6468=DIRECTION('',(-5.53285669602889E-16,0.,1.));
#6469=DIRECTION('',(-0.209322209963279,0.395260826744028,0.894400967831384));
#6470=DIRECTION('',(-0.48771090018751,0.331328606506142,0.807687707191949));
#6471=DIRECTION('',(0.,-4.37095678986282E-17,1.));
#6472=DIRECTION('',(4.37095678986282E-17,-4.37095678986282E-17,1.));
#6473=DIRECTION('center_axis',(-1.,0.,0.));
#6474=DIRECTION('ref_axis',(0.,0.707106781186547,0.707106781186548));
#6475=DIRECTION('',(1.,0.,0.));
#6476=DIRECTION('center_axis',(-0.883726447278097,-0.46800381022085,0.));
#6477=DIRECTION('ref_axis',(-0.46800381022085,0.883726447278097,-6.67138189138436E-17));
#6478=DIRECTION('center_axis',(0.,0.,1.));
#6479=DIRECTION('ref_axis',(1.,0.,0.));
#6480=DIRECTION('',(0.561944867237533,0.827174689038169,0.));
#6481=DIRECTION('center_axis',(-0.561944867237533,-0.827174689038169,0.));
#6482=DIRECTION('ref_axis',(-0.584900831844763,0.397355026276633,0.707106781186548));
#6483=DIRECTION('center_axis',(-0.827174689038169,0.561944867237533,0.));
#6484=DIRECTION('ref_axis',(-0.561944867237533,-0.827174689038169,0.));
#6485=DIRECTION('',(0.,0.,1.));
#6486=DIRECTION('',(0.561944867237533,0.827174689038169,0.));
#6487=DIRECTION('center_axis',(0.,0.,1.));
#6488=DIRECTION('ref_axis',(-0.82717468903817,0.561944867237532,0.));
#6489=DIRECTION('',(0.,0.,1.));
#6490=DIRECTION('center_axis',(0.,0.,-1.));
#6491=DIRECTION('ref_axis',(-0.82717468903817,0.561944867237532,0.));
#6492=DIRECTION('center_axis',(0.,0.,1.));
#6493=DIRECTION('ref_axis',(0.,1.,0.));
#6494=DIRECTION('',(0.,0.,1.));
#6495=DIRECTION('center_axis',(0.,0.,1.));
#6496=DIRECTION('ref_axis',(0.,1.,0.));
#6497=DIRECTION('center_axis',(-0.874157276121538,-0.485642931178631,0.));
#6498=DIRECTION('ref_axis',(0.485642931178631,-0.874157276121538,0.));
#6499=DIRECTION('',(0.,0.,1.));
#6500=DIRECTION('',(-0.485642931178631,0.874157276121538,0.));
#6501=DIRECTION('center_axis',(0.,0.,1.));
#6502=DIRECTION('ref_axis',(0.,1.,0.));
#6503=DIRECTION('',(0.,0.,1.));
#6504=DIRECTION('center_axis',(0.,0.,1.));
#6505=DIRECTION('ref_axis',(0.,1.,0.));
#6506=DIRECTION('center_axis',(-0.940301884377558,0.340341543505951,0.));
#6507=DIRECTION('ref_axis',(-0.340341543505951,-0.940301884377558,0.));
#6508=DIRECTION('',(0.,0.,1.));
#6509=DIRECTION('',(0.340341543505951,0.940301884377558,0.));
#6510=DIRECTION('center_axis',(0.,0.,1.));
#6511=DIRECTION('ref_axis',(-0.940301884377558,0.340341543505951,0.));
#6512=DIRECTION('',(0.,0.,1.));
#6513=DIRECTION('center_axis',(0.,0.,-1.));
#6514=DIRECTION('ref_axis',(-0.940301884377558,0.340341543505951,0.));
#6515=DIRECTION('center_axis',(0.320754376631688,-0.947162409448146,0.));
#6516=DIRECTION('ref_axis',(0.947162409448146,0.320754376631688,0.));
#6517=DIRECTION('',(0.,0.,1.));
#6518=DIRECTION('',(-0.947162409448146,-0.320754376631688,0.));
#6519=DIRECTION('center_axis',(0.,0.,1.));
#6520=DIRECTION('ref_axis',(0.320754376631682,0.947162409448148,0.));
#6521=DIRECTION('',(0.,0.,1.));
#6522=DIRECTION('center_axis',(0.,0.,1.));
#6523=DIRECTION('ref_axis',(0.320754376631682,0.947162409448148,0.));
#6524=DIRECTION('center_axis',(-0.320754376631687,-0.947162409448146,0.));
#6525=DIRECTION('ref_axis',(0.947162409448146,-0.320754376631687,0.));
#6526=DIRECTION('',(0.,0.,1.));
#6527=DIRECTION('',(-0.947162409448146,0.320754376631687,0.));
#6528=DIRECTION('center_axis',(0.,0.,1.));
#6529=DIRECTION('ref_axis',(-0.320754376631672,-0.947162409448151,0.));
#6530=DIRECTION('',(0.,0.,1.));
#6531=DIRECTION('center_axis',(0.,0.,-1.));
#6532=DIRECTION('ref_axis',(-0.320754376631672,-0.947162409448151,0.));
#6533=DIRECTION('center_axis',(0.940301884377558,0.34034154350595,0.));
#6534=DIRECTION('ref_axis',(-0.34034154350595,0.940301884377558,0.));
#6535=DIRECTION('',(0.,0.,1.));
#6536=DIRECTION('',(0.34034154350595,-0.940301884377558,0.));
#6537=DIRECTION('center_axis',(0.,0.,1.));
#6538=DIRECTION('ref_axis',(0.,1.,0.));
#6539=DIRECTION('',(0.,0.,1.));
#6540=DIRECTION('center_axis',(0.,0.,1.));
#6541=DIRECTION('ref_axis',(0.,1.,0.));
#6542=DIRECTION('center_axis',(0.874157276121539,-0.485642931178631,0.));
#6543=DIRECTION('ref_axis',(0.485642931178631,0.874157276121539,0.));
#6544=DIRECTION('',(0.,0.,1.));
#6545=DIRECTION('',(-0.485642931178631,-0.874157276121539,0.));
#6546=DIRECTION('center_axis',(0.,0.,1.));
#6547=DIRECTION('ref_axis',(0.,1.,0.));
#6548=DIRECTION('',(0.,0.,1.));
#6549=DIRECTION('center_axis',(0.,0.,1.));
#6550=DIRECTION('ref_axis',(0.,1.,0.));
#6551=DIRECTION('center_axis',(0.,0.,1.));
#6552=DIRECTION('ref_axis',(0.851397453678016,-0.524521091921565,0.));
#6553=DIRECTION('',(0.,0.,1.));
#6554=DIRECTION('center_axis',(0.,0.,-1.));
#6555=DIRECTION('ref_axis',(0.851397453678016,-0.524521091921565,0.));
#6556=DIRECTION('center_axis',(0.827174689038169,0.561944867237533,0.));
#6557=DIRECTION('ref_axis',(-0.561944867237533,0.827174689038169,0.));
#6558=DIRECTION('',(0.,0.,-1.));
#6559=DIRECTION('',(0.561944867237533,-0.827174689038169,0.));
#6560=DIRECTION('center_axis',(0.,1.,0.));
#6561=DIRECTION('ref_axis',(-1.,0.,0.));
#6562=DIRECTION('',(0.,0.,1.));
#6563=DIRECTION('',(1.,0.,0.));
#6564=DIRECTION('center_axis',(0.,0.,1.));
#6565=DIRECTION('ref_axis',(1.,0.,0.));
#6566=DIRECTION('',(0.,1.,0.));
#6567=DIRECTION('',(0.,-1.,0.));
#6568=DIRECTION('center_axis',(1.,0.,0.));
#6569=DIRECTION('ref_axis',(0.,1.,0.));
#6570=DIRECTION('center_axis',(-1.,0.,0.));
#6571=DIRECTION('ref_axis',(0.,-1.,0.));
#6572=DIRECTION('center_axis',(0.,0.,1.));
#6573=DIRECTION('ref_axis',(-0.82717468903817,0.561944867237532,0.));
#6574=DIRECTION('',(0.,0.,-1.));
#6575=DIRECTION('center_axis',(0.,0.,1.));
#6576=DIRECTION('ref_axis',(-0.82717468903817,0.561944867237532,0.));
#6577=DIRECTION('',(0.,0.,1.));
#6578=DIRECTION('center_axis',(0.,0.,1.));
#6579=DIRECTION('ref_axis',(-0.82717468903817,0.561944867237532,0.));
#6580=DIRECTION('center_axis',(-0.874157276121538,-0.485642931178631,0.));
#6581=DIRECTION('ref_axis',(0.485642931178631,-0.874157276121538,0.));
#6582=DIRECTION('',(0.,0.,1.));
#6583=DIRECTION('',(0.485642931178631,-0.874157276121538,0.));
#6584=DIRECTION('',(0.485642931178631,-0.874157276121538,0.));
#6585=DIRECTION('center_axis',(0.,0.,1.));
#6586=DIRECTION('ref_axis',(1.,0.,0.));
#6587=DIRECTION('center_axis',(0.,0.,-1.));
#6588=DIRECTION('ref_axis',(-0.857479825611603,-0.514517588299074,0.));
#6589=DIRECTION('center_axis',(0.,0.,1.));
#6590=DIRECTION('ref_axis',(-1.,0.,0.));
#6591=DIRECTION('center_axis',(0.,0.,1.));
#6592=DIRECTION('ref_axis',(-0.857479825611603,-0.514517588299074,0.));
#6593=DIRECTION('center_axis',(0.,0.,-1.));
#6594=DIRECTION('ref_axis',(-0.857479825611603,-0.514517588299074,0.));
#6595=DIRECTION('',(0.,0.,1.));
#6596=DIRECTION('center_axis',(0.,0.,-1.));
#6597=DIRECTION('ref_axis',(-0.857479825611603,-0.514517588299074,0.));
#6598=DIRECTION('',(0.,0.,1.));
#6599=DIRECTION('center_axis',(0.,0.,-1.));
#6600=DIRECTION('ref_axis',(-1.,0.,0.));
#6601=DIRECTION('center_axis',(0.,0.,1.));
#6602=DIRECTION('ref_axis',(-1.,0.,0.));
#6603=DIRECTION('',(0.184288535050185,-0.982872186934322,0.));
#6604=DIRECTION('center_axis',(0.,0.,-1.));
#6605=DIRECTION('ref_axis',(0.462713892351791,0.886507672738739,0.));
#6606=DIRECTION('',(0.886507672738737,-0.462713892351794,0.));
#6607=DIRECTION('center_axis',(0.,0.,1.));
#6608=DIRECTION('ref_axis',(-1.,0.,0.));
#6609=DIRECTION('',(0.306025727287408,0.952023242488445,0.));
#6610=DIRECTION('center_axis',(0.,0.,-1.));
#6611=DIRECTION('ref_axis',(-0.537472254256289,0.843281433392591,0.));
#6612=DIRECTION('',(0.843281433392589,0.537472254256292,0.));
#6613=DIRECTION('center_axis',(0.,0.,1.));
#6614=DIRECTION('ref_axis',(-1.,0.,0.));
#6615=DIRECTION('',(-0.182205803083075,-0.983260415822203,0.));
#6616=DIRECTION('center_axis',(-0.983260415822203,0.182205803083075,0.));
#6617=DIRECTION('ref_axis',(-0.182205803083075,-0.983260415822203,0.));
#6618=DIRECTION('',(0.,0.,1.));
#6619=DIRECTION('',(-0.182205803083075,-0.983260415822203,0.));
#6620=DIRECTION('center_axis',(0.,0.,1.));
#6621=DIRECTION('ref_axis',(-1.,0.,0.));
#6622=DIRECTION('',(0.,0.,1.));
#6623=DIRECTION('center_axis',(0.,0.,1.));
#6624=DIRECTION('ref_axis',(-1.,0.,0.));
#6625=DIRECTION('center_axis',(0.537472254256292,-0.843281433392589,0.));
#6626=DIRECTION('ref_axis',(0.843281433392589,0.537472254256292,0.));
#6627=DIRECTION('',(0.,0.,1.));
#6628=DIRECTION('',(0.843281433392589,0.537472254256292,0.));
#6629=DIRECTION('center_axis',(0.,0.,1.));
#6630=DIRECTION('ref_axis',(-0.537472254256289,0.843281433392591,0.));
#6631=DIRECTION('',(0.,0.,1.));
#6632=DIRECTION('center_axis',(0.,0.,-1.));
#6633=DIRECTION('ref_axis',(-0.537472254256289,0.843281433392591,0.));
#6634=DIRECTION('center_axis',(0.952023242488445,-0.306025727287408,0.));
#6635=DIRECTION('ref_axis',(0.306025727287408,0.952023242488445,0.));
#6636=DIRECTION('',(0.,0.,1.));
#6637=DIRECTION('',(0.306025727287408,0.952023242488445,0.));
#6638=DIRECTION('center_axis',(0.,0.,1.));
#6639=DIRECTION('ref_axis',(-1.,0.,0.));
#6640=DIRECTION('',(0.,0.,1.));
#6641=DIRECTION('center_axis',(0.,0.,1.));
#6642=DIRECTION('ref_axis',(-1.,0.,0.));
#6643=DIRECTION('center_axis',(0.,0.,1.));
#6644=DIRECTION('ref_axis',(0.427022491567017,-0.904241003104757,0.));
#6645=DIRECTION('center_axis',(0.,0.,1.));
#6646=DIRECTION('ref_axis',(-1.,0.,0.));
#6647=DIRECTION('',(0.,0.,1.));
#6648=DIRECTION('center_axis',(-0.982872186934322,-0.184288535050185,0.));
#6649=DIRECTION('ref_axis',(0.184288535050185,-0.982872186934322,0.));
#6650=DIRECTION('',(0.184288535050185,-0.982872186934322,0.));
#6651=DIRECTION('',(0.,0.,1.));
#6652=DIRECTION('center_axis',(0.,0.,1.));
#6653=DIRECTION('ref_axis',(0.462713892351791,0.886507672738739,0.));
#6654=DIRECTION('center_axis',(0.,0.,-1.));
#6655=DIRECTION('ref_axis',(0.462713892351791,0.886507672738739,0.));
#6656=DIRECTION('',(0.,0.,1.));
#6657=DIRECTION('center_axis',(-0.462713892351794,-0.886507672738737,0.));
#6658=DIRECTION('ref_axis',(0.886507672738737,-0.462713892351794,0.));
#6659=DIRECTION('',(0.886507672738737,-0.462713892351794,0.));
#6660=DIRECTION('center_axis',(0.,0.,-1.));
#6661=DIRECTION('ref_axis',(-1.,0.,0.));
#6662=DIRECTION('center_axis',(0.,0.,1.));
#6663=DIRECTION('ref_axis',(1.,0.,0.));
#6664=DIRECTION('',(-0.446917816920362,0.894575019167838,0.));
#6665=DIRECTION('center_axis',(0.,0.,1.));
#6666=DIRECTION('ref_axis',(0.851397453678016,-0.524521091921565,0.));
#6667=DIRECTION('',(0.898249012538856,-0.439486872924517,0.));
#6668=DIRECTION('center_axis',(0.,0.,-1.));
#6669=DIRECTION('ref_axis',(0.999969726869075,0.00778108895902347,0.));
#6670=DIRECTION('center_axis',(0.,0.,1.));
#6671=DIRECTION('ref_axis',(0.851397453678016,-0.524521091921565,0.));
#6672=DIRECTION('',(0.,0.,1.));
#6673=DIRECTION('center_axis',(0.,0.,1.));
#6674=DIRECTION('ref_axis',(0.851397453678016,-0.524521091921565,0.));
#6675=DIRECTION('',(0.,0.,-1.));
#6676=DIRECTION('center_axis',(0.,0.,1.));
#6677=DIRECTION('ref_axis',(0.999969726869075,0.00778108895902347,0.));
#6678=DIRECTION('',(0.,0.,1.));
#6679=DIRECTION('center_axis',(0.,0.,-1.));
#6680=DIRECTION('ref_axis',(0.999969726869075,0.00778108895902347,0.));
#6681=DIRECTION('',(0.,0.,1.));
#6682=DIRECTION('center_axis',(-0.439486872924517,-0.898249012538856,0.));
#6683=DIRECTION('ref_axis',(0.898249012538856,-0.439486872924517,0.));
#6684=DIRECTION('',(0.898249012538856,-0.439486872924517,0.));
#6685=DIRECTION('',(0.,0.,1.));
#6686=DIRECTION('',(0.898249012538856,-0.439486872924517,0.));
#6687=DIRECTION('center_axis',(0.,0.,-1.));
#6688=DIRECTION('ref_axis',(-1.,0.,0.));
#6689=DIRECTION('',(-0.446917816920362,0.894575019167838,0.));
#6690=DIRECTION('center_axis',(0.,0.,1.));
#6691=DIRECTION('ref_axis',(0.894575019167838,0.446917816920362,0.));
#6692=DIRECTION('center_axis',(0.,0.,1.));
#6693=DIRECTION('ref_axis',(0.894575019167838,0.446917816920362,0.));
#6694=DIRECTION('',(0.,0.,1.));
#6695=DIRECTION('center_axis',(0.,0.,1.));
#6696=DIRECTION('ref_axis',(0.894575019167838,0.446917816920362,0.));
#6697=DIRECTION('center_axis',(0.894575019167838,0.446917816920362,0.));
#6698=DIRECTION('ref_axis',(-0.446917816920362,0.894575019167838,0.));
#6699=DIRECTION('',(-0.446917816920362,0.894575019167838,0.));
#6700=DIRECTION('center_axis',(0.,0.,-1.));
#6701=DIRECTION('ref_axis',(-1.,0.,0.));
#6702=DIRECTION('axis',(0.,0.,1.));
#6703=DIRECTION('refdir',(1.,0.,0.));
#6704=DIRECTION('center_axis',(0.,0.,1.));
#6705=DIRECTION('ref_axis',(1.,0.,0.));
#6706=DIRECTION('center_axis',(0.,0.,1.));
#6707=DIRECTION('ref_axis',(1.,0.,0.));
#6708=DIRECTION('',(0.,0.,1.));
#6709=DIRECTION('center_axis',(0.,0.,1.));
#6710=DIRECTION('ref_axis',(1.,0.,0.));
#6711=DIRECTION('center_axis',(0.,0.,-1.));
#6712=DIRECTION('ref_axis',(1.,0.,0.));
#6713=DIRECTION('center_axis',(0.,0.,-1.));
#6714=DIRECTION('ref_axis',(-1.,0.,0.));
#6715=DIRECTION('center_axis',(0.,0.,1.));
#6716=DIRECTION('ref_axis',(1.,0.,0.));
#6717=DIRECTION('center_axis',(0.,0.,1.));
#6718=DIRECTION('ref_axis',(1.,0.,0.));
#6719=DIRECTION('',(0.,0.,1.));
#6720=DIRECTION('center_axis',(0.,0.,1.));
#6721=DIRECTION('ref_axis',(1.,0.,0.));
#6722=DIRECTION('center_axis',(0.,0.,-1.));
#6723=DIRECTION('ref_axis',(1.,0.,0.));
#6724=DIRECTION('center_axis',(0.,0.,-1.));
#6725=DIRECTION('ref_axis',(-1.,0.,0.));
#6726=DIRECTION('center_axis',(0.,0.,1.));
#6727=DIRECTION('ref_axis',(1.,0.,0.));
#6728=DIRECTION('center_axis',(0.,0.,1.));
#6729=DIRECTION('ref_axis',(1.,0.,0.));
#6730=DIRECTION('',(0.,0.,1.));
#6731=DIRECTION('center_axis',(0.,0.,1.));
#6732=DIRECTION('ref_axis',(1.,0.,0.));
#6733=DIRECTION('center_axis',(0.,0.,-1.));
#6734=DIRECTION('ref_axis',(1.,0.,0.));
#6735=DIRECTION('center_axis',(0.,0.,-1.));
#6736=DIRECTION('ref_axis',(-1.,0.,0.));
#6737=DIRECTION('center_axis',(0.,0.,1.));
#6738=DIRECTION('ref_axis',(1.,0.,0.));
#6739=DIRECTION('center_axis',(0.,0.,1.));
#6740=DIRECTION('ref_axis',(1.,0.,0.));
#6741=DIRECTION('',(0.,0.,1.));
#6742=DIRECTION('center_axis',(0.,0.,1.));
#6743=DIRECTION('ref_axis',(1.,0.,0.));
#6744=DIRECTION('center_axis',(0.,0.,-1.));
#6745=DIRECTION('ref_axis',(1.,0.,0.));
#6746=DIRECTION('center_axis',(0.,0.,-1.));
#6747=DIRECTION('ref_axis',(-1.,0.,0.));
#6748=DIRECTION('center_axis',(0.,0.,-1.));
#6749=DIRECTION('ref_axis',(-1.,0.,0.));
#6750=DIRECTION('center_axis',(0.,0.,-1.));
#6751=DIRECTION('ref_axis',(-1.,0.,0.));
#6752=DIRECTION('',(0.,0.,-1.));
#6753=DIRECTION('center_axis',(0.,0.,-1.));
#6754=DIRECTION('ref_axis',(-1.,0.,0.));
#6755=DIRECTION('center_axis',(0.,0.,-1.));
#6756=DIRECTION('ref_axis',(-1.,0.,0.));
#6757=DIRECTION('',(0.,0.,-1.));
#6758=DIRECTION('center_axis',(0.,0.,-1.));
#6759=DIRECTION('ref_axis',(-1.,0.,0.));
#6760=DIRECTION('center_axis',(0.,0.,-1.));
#6761=DIRECTION('ref_axis',(-1.,0.,0.));
#6762=DIRECTION('',(0.,0.,-1.));
#6763=DIRECTION('center_axis',(0.,0.,-1.));
#6764=DIRECTION('ref_axis',(-1.,0.,0.));
#6765=DIRECTION('center_axis',(0.,0.,-1.));
#6766=DIRECTION('ref_axis',(-1.,0.,0.));
#6767=DIRECTION('',(0.,0.,-1.));
#6768=DIRECTION('center_axis',(-1.,0.,0.));
#6769=DIRECTION('ref_axis',(0.,-1.,0.));
#6770=DIRECTION('',(0.,-1.,0.));
#6771=DIRECTION('',(0.,0.,1.));
#6772=DIRECTION('',(0.,-1.,0.));
#6773=DIRECTION('',(0.,0.,1.));
#6774=DIRECTION('center_axis',(1.,0.,0.));
#6775=DIRECTION('ref_axis',(0.,1.,0.));
#6776=DIRECTION('',(0.,1.,0.));
#6777=DIRECTION('',(0.,0.,1.));
#6778=DIRECTION('',(0.,1.,0.));
#6779=DIRECTION('',(0.,0.,1.));
#6780=DIRECTION('center_axis',(-1.,0.,0.));
#6781=DIRECTION('ref_axis',(0.,-1.,0.));
#6782=DIRECTION('',(0.,1.,0.));
#6783=DIRECTION('',(0.,0.,1.));
#6784=DIRECTION('',(0.,-1.,0.));
#6785=DIRECTION('',(0.,0.,1.));
#6786=DIRECTION('center_axis',(1.,0.,0.));
#6787=DIRECTION('ref_axis',(0.,1.,0.));
#6788=DIRECTION('',(0.,1.,0.));
#6789=DIRECTION('',(0.,0.,1.));
#6790=DIRECTION('',(0.,1.,0.));
#6791=DIRECTION('',(0.,0.,1.));
#6792=DIRECTION('center_axis',(0.,0.,1.));
#6793=DIRECTION('ref_axis',(1.,0.,0.));
#6794=DIRECTION('',(0.561944867237533,-0.827174689038169,0.));
#6795=DIRECTION('center_axis',(0.,0.,-1.));
#6796=DIRECTION('ref_axis',(1.,0.,0.));
#6797=DIRECTION('center_axis',(0.,0.,1.));
#6798=DIRECTION('ref_axis',(0.,1.,0.));
#6799=DIRECTION('',(-0.48564293117863,-0.874157276121539,0.));
#6800=DIRECTION('center_axis',(0.,0.,1.));
#6801=DIRECTION('ref_axis',(0.,1.,0.));
#6802=DIRECTION('',(0.340341543505949,-0.940301884377559,0.));
#6803=DIRECTION('center_axis',(0.,0.,-1.));
#6804=DIRECTION('ref_axis',(1.,0.,0.));
#6805=DIRECTION('',(-0.947162409448146,0.320754376631687,0.));
#6806=DIRECTION('center_axis',(0.,0.,1.));
#6807=DIRECTION('ref_axis',(-1.,0.,0.));
#6808=DIRECTION('',(-0.947162409448146,-0.320754376631688,0.));
#6809=DIRECTION('center_axis',(0.,0.,-1.));
#6810=DIRECTION('ref_axis',(1.,0.,0.));
#6811=DIRECTION('',(0.340341543505951,0.940301884377558,0.));
#6812=DIRECTION('center_axis',(0.,0.,1.));
#6813=DIRECTION('ref_axis',(0.,1.,0.));
#6814=DIRECTION('',(-0.485642931178631,0.874157276121538,0.));
#6815=DIRECTION('center_axis',(0.,0.,1.));
#6816=DIRECTION('ref_axis',(0.,1.,0.));
#6817=DIRECTION('center_axis',(0.,0.,-1.));
#6818=DIRECTION('ref_axis',(1.,0.,0.));
#6819=DIRECTION('',(0.561944867237533,0.827174689038169,0.));
#6820=DIRECTION('',(1.,0.,0.));
#6821=DIRECTION('',(-1.,0.,-4.30394906982158E-16));
#6822=DIRECTION('',(-1.,0.,0.));
#6823=DIRECTION('',(-0.561944867237533,-0.827174689038169,0.));
#6824=DIRECTION('center_axis',(0.,0.,1.));
#6825=DIRECTION('ref_axis',(-0.82717468903817,0.561944867237532,0.));
#6826=DIRECTION('',(0.485642931178631,-0.874157276121538,0.));
#6827=DIRECTION('',(-0.340341543505951,-0.940301884377558,0.));
#6828=DIRECTION('center_axis',(0.,0.,1.));
#6829=DIRECTION('ref_axis',(-0.940301884377558,0.340341543505951,0.));
#6830=DIRECTION('',(0.947162409448146,0.320754376631688,0.));
#6831=DIRECTION('center_axis',(0.,0.,-1.));
#6832=DIRECTION('ref_axis',(0.320754376631682,0.947162409448148,0.));
#6833=DIRECTION('',(0.947162409448146,-0.320754376631687,0.));
#6834=DIRECTION('center_axis',(0.,0.,1.));
#6835=DIRECTION('ref_axis',(-0.320754376631691,-0.947162409448145,0.));
#6836=DIRECTION('',(-0.340341543505949,0.940301884377559,0.));
#6837=DIRECTION('',(0.485642931178631,0.874157276121539,0.));
#6838=DIRECTION('center_axis',(0.,0.,1.));
#6839=DIRECTION('ref_axis',(0.851397453678016,-0.524521091921565,0.));
#6840=DIRECTION('',(-0.561944867237533,0.827174689038169,0.));
#6841=DIRECTION('',(-1.,0.,0.));
#6842=DIRECTION('',(-1.,0.,0.));
#6843=DIRECTION('',(1.,0.,0.));
#6844=DIRECTION('center_axis',(-0.485642931178984,-0.874157276121342,4.04426492295329E-13));
#6845=DIRECTION('ref_axis',(-0.874157276121351,0.485642931178968,-1.21682165517422E-12));
#6846=DIRECTION('center_axis',(0.961523947640823,0.274721127897378,1.71575929551302E-12));
#6847=DIRECTION('ref_axis',(-0.274721127897378,0.961523947640823,-1.14639555906209E-12));
#6848=DIRECTION('',(0.485642931178984,0.874157276121342,-4.04441154826625E-13));
#6849=DIRECTION('center_axis',(0.274721127897378,-0.961523947640823,0.));
#6850=DIRECTION('ref_axis',(-0.961523947640823,-0.274721127897378,-5.7445012867436E-13));
#6851=DIRECTION('',(-0.485642931178984,-0.874157276121342,4.04441154826136E-13));
#6852=DIRECTION('center_axis',(0.618122537769105,-0.343401409871724,0.707106781186543));
#6853=DIRECTION('ref_axis',(0.485642931178631,0.874157276121538,0.));
#6854=DIRECTION('',(-0.785081015728858,-0.224308861636817,0.577350269189631));
#6855=DIRECTION('',(0.485642931178631,0.874157276121539,4.71027737605135E-16));
#6856=DIRECTION('',(-0.224308861637679,0.785081015728269,0.577350269190097));
#6857=DIRECTION('center_axis',(0.274721127897378,-0.961523947640823,0.));
#6858=DIRECTION('ref_axis',(0.,0.,1.));
#6859=DIRECTION('',(-0.785081015727804,-0.224308861636515,-0.577350269191182));
#6860=DIRECTION('',(0.,0.,1.));
#6861=DIRECTION('center_axis',(0.961523947640823,0.274721127897378,1.71575929551302E-12));
#6862=DIRECTION('ref_axis',(2.12109897988687E-12,-1.17838832215937E-12,
-1.));
#6863=DIRECTION('',(1.17838832215937E-12,2.12109897988687E-12,-1.));
#6864=DIRECTION('',(-0.224308861635533,0.785081015727971,-0.577350269191337));
#6865=DIRECTION('center_axis',(0.618122537770323,-0.343401409873055,-0.707106781184833));
#6866=DIRECTION('ref_axis',(-0.485642931179338,-0.874157276121146,0.));
#6867=DIRECTION('',(-0.485642931178631,-0.874157276121539,8.09382662453449E-13));
#6868=DIRECTION('center_axis',(0.561944867237533,0.827174689038169,1.11022302462516E-15));
#6869=DIRECTION('ref_axis',(0.827174689038174,-0.561944867237525,1.57009245829121E-14));
#6870=DIRECTION('center_axis',(-0.982255858121397,-0.187545805568128,0.));
#6871=DIRECTION('ref_axis',(0.187545805568128,-0.982255858121397,1.03171840141338E-14));
#6872=DIRECTION('',(-0.561944867237533,-0.827174689038169,-1.0653915613848E-15));
#6873=DIRECTION('center_axis',(-0.187545805568128,0.982255858121397,0.));
#6874=DIRECTION('ref_axis',(0.982255858121397,0.187545805568128,1.18872764728176E-14));
#6875=DIRECTION('',(0.561944867237533,0.827174689038169,1.14389618431901E-15));
#6876=DIRECTION('center_axis',(-0.58490083184478,0.397355026276644,0.707106781186528));
#6877=DIRECTION('ref_axis',(-0.561944867237533,-0.827174689038169,-1.11022302462516E-15));
#6878=DIRECTION('',(0.802008549752334,0.15313050901371,0.577350269189648));
#6879=DIRECTION('',(-0.561944867237533,-0.827174689038169,-1.09906472107867E-15));
#6880=DIRECTION('',(0.15313050901371,-0.802008549752336,0.577350269189646));
#6881=DIRECTION('center_axis',(-0.187545805568128,0.982255858121397,0.));
#6882=DIRECTION('ref_axis',(0.,0.,1.));
#6883=DIRECTION('',(0.802008549752352,0.153130509013713,-0.577350269189623));
#6884=DIRECTION('',(0.,0.,1.));
#6885=DIRECTION('center_axis',(-0.982255858121397,-0.187545805568128,0.));
#6886=DIRECTION('ref_axis',(0.,0.,-1.));
#6887=DIRECTION('',(0.,0.,-1.));
#6888=DIRECTION('',(0.153130509013713,-0.802008549752352,-0.577350269189623));
#6889=DIRECTION('center_axis',(-0.584900831844761,0.397355026276633,-0.70710678118655));
#6890=DIRECTION('ref_axis',(0.561944867237533,0.827174689038169,1.11022302462516E-15));
#6891=DIRECTION('',(0.561944867237533,0.827174689038169,1.17756934401283E-15));
#6892=DIRECTION('center_axis',(0.485642931178985,-0.874157276121342,4.04426492295329E-13));
#6893=DIRECTION('ref_axis',(0.874157276121342,0.485642931178984,-1.20112073089162E-12));
#6894=DIRECTION('center_axis',(-0.961523947640823,0.274721127897378,1.71575929551302E-12));
#6895=DIRECTION('ref_axis',(0.274721127897378,0.961523947640823,-1.13529332903095E-12));
#6896=DIRECTION('',(-0.485642931178985,0.874157276121342,-4.04441154826136E-13));
#6897=DIRECTION('center_axis',(-0.274721127897378,-0.961523947640823,0.));
#6898=DIRECTION('ref_axis',(0.961523947640823,-0.274721127897378,-5.63347898643235E-13));
#6899=DIRECTION('',(0.485642931178985,-0.874157276121342,4.04401902515158E-13));
#6900=DIRECTION('center_axis',(0.618122537770322,0.343401409873055,0.707106781184833));
#6901=DIRECTION('ref_axis',(0.485642931179338,-0.874157276121146,0.));
#6902=DIRECTION('',(0.785081015727804,-0.224308861636515,-0.577350269191182));
#6903=DIRECTION('',(-0.485642931178631,0.874157276121538,-8.08833130092909E-13));
#6904=DIRECTION('',(0.224308861635533,0.785081015727971,-0.577350269191337));
#6905=DIRECTION('center_axis',(0.274721127897378,0.961523947640823,0.));
#6906=DIRECTION('ref_axis',(0.,0.,1.));
#6907=DIRECTION('',(0.785081015728858,-0.224308861636817,0.577350269189631));
#6908=DIRECTION('',(0.,0.,-1.));
#6909=DIRECTION('center_axis',(0.618122537769105,0.343401409871724,-0.707106781186543));
#6910=DIRECTION('ref_axis',(-0.485642931178631,0.874157276121538,0.));
#6911=DIRECTION('',(0.224308861637679,0.785081015728269,0.577350269190097));
#6912=DIRECTION('',(0.485642931178631,-0.874157276121538,0.));
#6913=DIRECTION('center_axis',(0.961523947640823,-0.274721127897378,-1.71575929551302E-12));
#6914=DIRECTION('ref_axis',(-2.12109897988687E-12,-1.17838832215937E-12,
-1.));
#6915=DIRECTION('',(1.17838832215937E-12,-2.12109897988687E-12,1.));
#6916=DIRECTION('center_axis',(-0.561944867237533,0.827174689038169,1.11022302462516E-15));
#6917=DIRECTION('ref_axis',(-0.827174689038171,-0.56194486723753,7.8504622934188E-15));
#6918=DIRECTION('center_axis',(0.982255858121397,-0.187545805568128,0.));
#6919=DIRECTION('ref_axis',(-0.187545805568128,-0.982255858121397,4.76606889378383E-15));
#6920=DIRECTION('',(0.561944867237533,-0.827174689038169,-1.14389618431901E-15));
#6921=DIRECTION('center_axis',(0.187545805568128,0.982255858121397,0.));
#6922=DIRECTION('ref_axis',(-0.982255858121397,0.187545805568128,6.33616135246762E-15));
#6923=DIRECTION('',(-0.561944867237533,0.827174689038169,1.1046438728519E-15));
#6924=DIRECTION('center_axis',(-0.584900831844761,-0.397355026276633,0.70710678118655));
#6925=DIRECTION('ref_axis',(-0.561944867237533,0.827174689038169,1.11022302462516E-15));
#6926=DIRECTION('',(-0.802008549752352,0.153130509013713,-0.577350269189623));
#6927=DIRECTION('',(0.561944867237533,-0.827174689038169,-1.17756934401283E-15));
#6928=DIRECTION('',(-0.153130509013713,-0.802008549752352,-0.577350269189623));
#6929=DIRECTION('center_axis',(-0.187545805568128,-0.982255858121397,0.));
#6930=DIRECTION('ref_axis',(0.,0.,1.));
#6931=DIRECTION('',(-0.802008549752334,0.15313050901371,0.577350269189648));
#6932=DIRECTION('',(0.,0.,-1.));
#6933=DIRECTION('center_axis',(-0.58490083184478,-0.397355026276644,-0.707106781186528));
#6934=DIRECTION('ref_axis',(0.561944867237533,-0.827174689038169,-1.11022302462516E-15));
#6935=DIRECTION('',(-0.15313050901371,-0.802008549752336,0.577350269189646));
#6936=DIRECTION('',(-0.561944867237533,0.827174689038169,1.09906472107867E-15));
#6937=DIRECTION('center_axis',(-0.982255858121397,0.187545805568128,0.));
#6938=DIRECTION('ref_axis',(0.,0.,-1.));
#6939=DIRECTION('',(0.,0.,1.));
#6940=DIRECTION('center_axis',(0.,1.,0.));
#6941=DIRECTION('ref_axis',(1.,0.,0.));
#6942=DIRECTION('center_axis',(0.,-1.,0.));
#6943=DIRECTION('ref_axis',(1.,0.,0.));
#6944=DIRECTION('center_axis',(0.,-1.,0.));
#6945=DIRECTION('ref_axis',(1.,0.,0.));
#6946=DIRECTION('center_axis',(0.,1.,0.));
#6947=DIRECTION('ref_axis',(1.,0.,0.));
#6948=DIRECTION('center_axis',(0.,-1.,0.));
#6949=DIRECTION('ref_axis',(1.,0.,0.));
#6950=DIRECTION('center_axis',(0.,-1.,0.));
#6951=DIRECTION('ref_axis',(-1.,0.,1.74838271594513E-16));
#6952=DIRECTION('center_axis',(0.,1.,0.));
#6953=DIRECTION('ref_axis',(-1.,0.,0.));
#6954=DIRECTION('',(0.,0.,-1.));
#6955=DIRECTION('',(1.,0.,0.));
#6956=DIRECTION('',(0.,0.,-1.));
#6957=DIRECTION('center_axis',(0.,1.,0.));
#6958=DIRECTION('ref_axis',(-1.,0.,0.));
#6959=DIRECTION('center_axis',(0.,1.,0.));
#6960=DIRECTION('ref_axis',(-1.,0.,0.));
#6961=DIRECTION('',(0.,0.,1.));
#6962=DIRECTION('',(1.,0.,0.));
#6963=DIRECTION('center_axis',(0.,-1.,0.));
#6964=DIRECTION('ref_axis',(-1.,0.,0.));
#6965=DIRECTION('center_axis',(1.,0.,0.));
#6966=DIRECTION('ref_axis',(0.,0.707106781186548,-0.707106781186547));
#6967=DIRECTION('center_axis',(0.883726447278096,-0.468003810220852,0.));
#6968=DIRECTION('ref_axis',(0.468003810220851,0.883726447278096,0.));
#6969=DIRECTION('',(-1.,0.,0.));
#6970=DIRECTION('center_axis',(0.883726447278098,0.468003810220848,0.));
#6971=DIRECTION('ref_axis',(-0.468003810220848,0.883726447278098,0.));
#6972=DIRECTION('',(1.,0.,0.));
#6973=DIRECTION('center_axis',(-3.60074586861581E-16,3.52677994619175E-16,
-1.));
#6974=DIRECTION('ref_axis',(0.940301884377558,0.340341543505951,-2.18547839493142E-16));
#6975=DIRECTION('center_axis',(0.96125083666157,0.275675223800458,-3.21323864338018E-16));
#6976=DIRECTION('ref_axis',(0.275675223800458,-0.961250836661569,0.));
#6977=DIRECTION('center_axis',(-0.255667234768954,-0.966764844760915,0.));
#6978=DIRECTION('ref_axis',(0.966764844760915,-0.255667234768954,0.));
#6979=DIRECTION('center_axis',(0.,0.,-1.));
#6980=DIRECTION('ref_axis',(0.320754376631687,-0.947162409448146,0.));
#6981=DIRECTION('center_axis',(0.255667234768955,-0.966764844760915,5.96005565738035E-16));
#6982=DIRECTION('ref_axis',(-0.966764844760915,-0.255667234768955,0.));
#6983=DIRECTION('center_axis',(-0.961250836661569,0.275675223800459,-3.84746511969927E-15));
#6984=DIRECTION('ref_axis',(-0.275675223800459,-0.961250836661569,0.));
#6985=DIRECTION('center_axis',(0.340341543505949,-0.940301884377559,0.));
#6986=DIRECTION('ref_axis',(0.664893838805862,0.240657813332553,-0.707106781186547));
#6987=DIRECTION('',(-0.340341543505949,0.940301884377559,0.));
#6988=DIRECTION('center_axis',(-0.0798241856534612,-0.996808958318876,0.));
#6989=DIRECTION('ref_axis',(-0.996808958318876,0.0798241856534612,0.));
#6990=DIRECTION('',(0.340341543505949,-0.940301884377559,0.));
#6991=DIRECTION('center_axis',(-0.485642931178631,-0.874157276121539,0.));
#6992=DIRECTION('ref_axis',(0.6181225377691,-0.343401409871721,-0.707106781186548));
#6993=DIRECTION('',(-0.485642931178631,-0.874157276121539,0.));
#6994=DIRECTION('',(0.485642931178631,0.874157276121539,0.));
#6995=DIRECTION('center_axis',(0.561944867237533,-0.827174689038169,0.));
#6996=DIRECTION('ref_axis',(0.584900831844765,0.397355026276633,-0.707106781186546));
#6997=DIRECTION('',(0.561944867237533,-0.827174689038169,0.));
#6998=DIRECTION('center_axis',(-0.561944867237533,0.827174689038169,0.));
#6999=DIRECTION('ref_axis',(0.827174689038169,0.561944867237533,0.));
#7000=DIRECTION('',(-0.561944867237533,0.827174689038169,0.));
#7001=DIRECTION('center_axis',(0.,0.,1.));
#7002=DIRECTION('ref_axis',(1.,0.,0.));
#7003=DIRECTION('center_axis',(0.,0.,1.));
#7004=DIRECTION('ref_axis',(0.999751558977817,0.0222894666025084,0.));
#7005=DIRECTION('center_axis',(0.,0.,-1.));
#7006=DIRECTION('ref_axis',(0.999751558977817,0.0222894666025084,0.));
#7007=DIRECTION('center_axis',(-0.561944867237533,-0.827174689038169,0.));
#7008=DIRECTION('ref_axis',(-0.584900831844763,0.397355026276633,-0.707106781186548));
#7009=DIRECTION('',(-0.561944867237533,-0.827174689038169,0.));
#7010=DIRECTION('center_axis',(0.561944867237533,0.827174689038169,0.));
#7011=DIRECTION('ref_axis',(0.,0.,-1.));
#7012=DIRECTION('',(0.561944867237533,0.827174689038169,0.));
#7013=DIRECTION('center_axis',(0.,0.,1.));
#7014=DIRECTION('ref_axis',(-0.999806720031989,0.0196601774884118,0.));
#7015=DIRECTION('center_axis',(0.,0.,-1.));
#7016=DIRECTION('ref_axis',(-0.999751558977817,0.0222894666025081,0.));
#7017=DIRECTION('center_axis',(0.,0.,1.));
#7018=DIRECTION('ref_axis',(-0.999751558977817,0.0222894666025081,0.));
#7019=DIRECTION('center_axis',(0.485642931178631,-0.874157276121538,0.));
#7020=DIRECTION('ref_axis',(-0.6181225377691,-0.343401409871722,-0.707106781186548));
#7021=DIRECTION('',(0.485642931178631,-0.874157276121538,0.));
#7022=DIRECTION('center_axis',(-0.0798241856534545,0.996808958318876,1.16186903588266E-15));
#7023=DIRECTION('ref_axis',(-0.996808958318876,-0.0798241856534545,-2.55230452880194E-15));
#7024=DIRECTION('',(-0.485642931178631,0.874157276121538,0.));
#7025=DIRECTION('center_axis',(-0.340341543505951,-0.940301884377558,0.));
#7026=DIRECTION('ref_axis',(-0.66489383880586,0.240657813332554,-0.707106781186548));
#7027=DIRECTION('',(0.340341543505951,0.940301884377558,0.));
#7028=DIRECTION('',(-0.340341543505951,-0.940301884377558,0.));
#7029=DIRECTION('center_axis',(0.947162409448146,0.320754376631688,0.));
#7030=DIRECTION('ref_axis',(0.22680759481153,-0.669744962605774,-0.707106781186547));
#7031=DIRECTION('',(0.947162409448146,0.320754376631688,0.));
#7032=DIRECTION('center_axis',(-0.947162409448146,-0.320754376631687,0.));
#7033=DIRECTION('ref_axis',(0.,0.,-1.));
#7034=DIRECTION('',(-0.947162409448146,-0.320754376631688,0.));
#7035=DIRECTION('center_axis',(0.,0.,1.));
#7036=DIRECTION('ref_axis',(1.,0.,0.));
#7037=DIRECTION('center_axis',(-0.947162409448148,0.320754376631681,0.));
#7038=DIRECTION('ref_axis',(0.,0.,-1.));
#7039=DIRECTION('center_axis',(0.,0.,1.));
#7040=DIRECTION('ref_axis',(0.,1.,0.));
#7041=DIRECTION('center_axis',(0.,0.,-1.));
#7042=DIRECTION('ref_axis',(0.,1.,0.));
#7043=DIRECTION('center_axis',(-0.947162409448146,0.320754376631687,0.));
#7044=DIRECTION('ref_axis',(-0.22680759481153,-0.669744962605774,-0.707106781186547));
#7045=DIRECTION('',(-0.947162409448146,0.320754376631687,0.));
#7046=DIRECTION('',(0.947162409448146,-0.320754376631687,0.));
#7047=DIRECTION('center_axis',(0.,0.,1.));
#7048=DIRECTION('ref_axis',(0.320754376631682,0.947162409448148,0.));
#7049=DIRECTION('',(0.,0.,1.));
#7050=DIRECTION('',(0.,0.,1.));
#7051=DIRECTION('center_axis',(-0.320754376631687,-0.947162409448146,0.));
#7052=DIRECTION('ref_axis',(0.947162409448146,-0.320754376631687,0.));
#7053=DIRECTION('',(0.,0.,1.));
#7054=DIRECTION('center_axis',(0.,0.,1.));
#7055=DIRECTION('ref_axis',(-0.320754376631691,-0.947162409448145,0.));
#7056=DIRECTION('',(0.,0.,1.));
#7057=DIRECTION('center_axis',(0.940301884377559,0.340341543505949,0.));
#7058=DIRECTION('ref_axis',(-0.340341543505949,0.940301884377559,0.));
#7059=DIRECTION('',(0.,0.,1.));
#7060=DIRECTION('center_axis',(0.874157276121539,-0.485642931178631,0.));
#7061=DIRECTION('ref_axis',(0.485642931178631,0.874157276121539,0.));
#7062=DIRECTION('',(0.,0.,1.));
#7063=DIRECTION('center_axis',(0.,0.,1.));
#7064=DIRECTION('ref_axis',(0.851397453678016,-0.524521091921565,0.));
#7065=DIRECTION('',(0.,0.,1.));
#7066=DIRECTION('center_axis',(0.827174689038169,0.561944867237533,0.));
#7067=DIRECTION('ref_axis',(-0.561944867237533,0.827174689038169,0.));
#7068=DIRECTION('center_axis',(0.,0.,1.));
#7069=DIRECTION('ref_axis',(1.,0.,0.));
#7070=DIRECTION('center_axis',(0.,0.,1.));
#7071=DIRECTION('ref_axis',(0.,1.,0.));
#7072=DIRECTION('',(0.,0.,1.));
#7073=DIRECTION('center_axis',(0.,0.,1.));
#7074=DIRECTION('ref_axis',(0.,1.,0.));
#7075=DIRECTION('',(0.,0.,1.));
#7076=DIRECTION('center_axis',(0.,0.,1.));
#7077=DIRECTION('ref_axis',(0.,1.,0.));
#7078=DIRECTION('',(0.,0.,1.));
#7079=DIRECTION('center_axis',(0.,0.,1.));
#7080=DIRECTION('ref_axis',(0.,1.,0.));
#7081=DIRECTION('',(0.,0.,1.));
#7082=DIRECTION('center_axis',(0.,0.,1.));
#7083=DIRECTION('ref_axis',(0.,1.,0.));
#7084=DIRECTION('',(0.,0.,1.));
#7085=DIRECTION('center_axis',(0.,0.,1.));
#7086=DIRECTION('ref_axis',(0.,1.,0.));
#7087=DIRECTION('',(0.,0.,1.));
#7088=DIRECTION('center_axis',(0.,0.,1.));
#7089=DIRECTION('ref_axis',(0.,1.,0.));
#7090=DIRECTION('',(0.,0.,1.));
#7091=DIRECTION('center_axis',(0.,0.,1.));
#7092=DIRECTION('ref_axis',(0.,1.,0.));
#7093=DIRECTION('',(0.,0.,1.));
#7094=DIRECTION('center_axis',(0.,0.,1.));
#7095=DIRECTION('ref_axis',(1.,0.,0.));
#7096=DIRECTION('',(0.340341543505951,0.940301884377558,0.));
#7097=DIRECTION('center_axis',(0.,0.,-1.));
#7098=DIRECTION('ref_axis',(-0.940301884377558,0.340341543505951,0.));
#7099=DIRECTION('',(-0.947162409448146,-0.320754376631688,0.));
#7100=DIRECTION('center_axis',(0.,0.,1.));
#7101=DIRECTION('ref_axis',(0.320754376631682,0.947162409448148,0.));
#7102=DIRECTION('',(-0.947162409448146,0.320754376631687,0.));
#7103=DIRECTION('center_axis',(0.,0.,-1.));
#7104=DIRECTION('ref_axis',(-0.320754376631691,-0.947162409448145,0.));
#7105=DIRECTION('',(0.340341543505949,-0.940301884377559,0.));
#7106=DIRECTION('',(-0.485642931178631,-0.874157276121539,0.));
#7107=DIRECTION('center_axis',(0.,0.,-1.));
#7108=DIRECTION('ref_axis',(0.851397453678016,-0.524521091921565,0.));
#7109=DIRECTION('',(0.561944867237533,-0.827174689038169,0.));
#7110=DIRECTION('',(0.561944867237533,0.827174689038169,0.));
#7111=DIRECTION('center_axis',(0.,0.,-1.));
#7112=DIRECTION('ref_axis',(-0.82717468903817,0.561944867237532,0.));
#7113=DIRECTION('',(-0.485642931178631,0.874157276121538,0.));
#7114=DIRECTION('center_axis',(0.,0.,1.));
#7115=DIRECTION('ref_axis',(-0.320754376631691,-0.947162409448145,0.));
#7116=DIRECTION('',(0.,0.,1.));
#7117=DIRECTION('',(0.,0.,1.));
#7118=DIRECTION('center_axis',(0.940301884377559,0.340341543505949,0.));
#7119=DIRECTION('ref_axis',(-0.340341543505949,0.940301884377559,0.));
#7120=DIRECTION('center_axis',(0.874157276121539,-0.485642931178631,0.));
#7121=DIRECTION('ref_axis',(0.485642931178631,0.874157276121539,0.));
#7122=DIRECTION('center_axis',(0.,0.,1.));
#7123=DIRECTION('ref_axis',(0.851397453678016,-0.524521091921565,0.));
#7124=DIRECTION('',(0.,0.,1.));
#7125=DIRECTION('center_axis',(0.827174689038169,0.561944867237533,0.));
#7126=DIRECTION('ref_axis',(-0.561944867237533,0.827174689038169,0.));
#7127=DIRECTION('center_axis',(-0.827174689038169,0.561944867237533,0.));
#7128=DIRECTION('ref_axis',(-0.561944867237533,-0.827174689038169,0.));
#7129=DIRECTION('',(0.,0.,1.));
#7130=DIRECTION('center_axis',(0.,0.,1.));
#7131=DIRECTION('ref_axis',(-0.82717468903817,0.561944867237532,0.));
#7132=DIRECTION('center_axis',(-0.874157276121538,-0.485642931178631,0.));
#7133=DIRECTION('ref_axis',(0.485642931178631,-0.874157276121538,0.));
#7134=DIRECTION('center_axis',(-0.940301884377558,0.340341543505951,0.));
#7135=DIRECTION('ref_axis',(-0.340341543505951,-0.940301884377558,0.));
#7136=DIRECTION('',(0.,0.,1.));
#7137=DIRECTION('center_axis',(0.,0.,1.));
#7138=DIRECTION('ref_axis',(-0.940301884377558,0.340341543505951,0.));
#7139=DIRECTION('',(0.,0.,1.));
#7140=DIRECTION('center_axis',(0.320754376631688,-0.947162409448146,0.));
#7141=DIRECTION('ref_axis',(0.947162409448146,0.320754376631688,0.));
#7142=DIRECTION('',(0.,0.,1.));
#7143=DIRECTION('center_axis',(0.,0.,1.));
#7144=DIRECTION('ref_axis',(0.320754376631682,0.947162409448148,0.));
#7145=DIRECTION('',(0.,0.,1.));
#7146=DIRECTION('center_axis',(-0.320754376631687,-0.947162409448146,0.));
#7147=DIRECTION('ref_axis',(0.947162409448146,-0.320754376631687,0.));
#7148=DIRECTION('center_axis',(0.320754376631688,-0.947162409448146,0.));
#7149=DIRECTION('ref_axis',(0.947162409448146,0.320754376631688,0.));
#7150=DIRECTION('',(0.,0.,1.));
#7151=DIRECTION('center_axis',(0.,0.,1.));
#7152=DIRECTION('ref_axis',(-0.940301884377558,0.340341543505951,0.));
#7153=DIRECTION('',(0.,0.,1.));
#7154=DIRECTION('center_axis',(-0.940301884377558,0.340341543505951,0.));
#7155=DIRECTION('ref_axis',(-0.340341543505951,-0.940301884377558,0.));
#7156=DIRECTION('',(0.,0.,1.));
#7157=DIRECTION('center_axis',(-0.874157276121538,-0.485642931178631,0.));
#7158=DIRECTION('ref_axis',(0.485642931178631,-0.874157276121538,0.));
#7159=DIRECTION('',(0.,0.,1.));
#7160=DIRECTION('center_axis',(0.,0.,1.));
#7161=DIRECTION('ref_axis',(-0.82717468903817,0.561944867237532,0.));
#7162=DIRECTION('',(0.,0.,1.));
#7163=DIRECTION('center_axis',(-0.827174689038169,0.561944867237533,0.));
#7164=DIRECTION('ref_axis',(-0.561944867237533,-0.827174689038169,0.));
#7165=DIRECTION('',(0.,0.,1.));
#7166=DIRECTION('center_axis',(0.,1.,0.));
#7167=DIRECTION('ref_axis',(-1.,0.,0.));
#7168=DIRECTION('',(0.,0.,1.));
#7169=DIRECTION('',(1.,0.,0.));
#7170=DIRECTION('',(0.,0.,1.));
#7171=DIRECTION('',(1.,0.,0.));
#7172=CARTESIAN_POINT('',(0.,0.,0.));
#7173=CARTESIAN_POINT('',(0.,0.,0.));
#7174=CARTESIAN_POINT('Origin',(-0.960200536185708,-0.167676730325084,-0.08));
#7175=CARTESIAN_POINT('',(-0.960200536185708,-0.167676730325084,-0.08));
#7176=CARTESIAN_POINT('',(-0.906665094953417,-0.182972570677167,-0.0406299212598425));
#7177=CARTESIAN_POINT('',(-0.906665094953416,-0.182972570677168,-0.040629921259841));
#7178=CARTESIAN_POINT('',(-0.960200536185708,-0.167676730325084,-0.00125984251968496));
#7179=CARTESIAN_POINT('',(-0.942355389108278,-0.172775343775779,-0.0143832020997374));
#7180=CARTESIAN_POINT('',(-0.960200536185708,-0.167676730325084,-0.04));
#7181=CARTESIAN_POINT('Origin',(-0.960200536185708,-0.167676730325084,-0.00125984251968496));
#7182=CARTESIAN_POINT('',(-0.845481733545082,-0.374170575078211,-0.00125984251968497));
#7183=CARTESIAN_POINT('',(-0.830185893192999,-0.320635133845921,-0.0406299212598425));
#7184=CARTESIAN_POINT('',(-0.830185893192998,-0.320635133845919,-0.040629921259844));
#7185=CARTESIAN_POINT('',(-0.747826396807234,-0.549950181206338,-0.00125984251968495));
#7186=CARTESIAN_POINT('',(-0.868425494073208,-0.251803852261544,-0.0406299212598424));
#7187=CARTESIAN_POINT('Origin',(-0.845481733545082,-0.374170575078211,-0.00125984251968497));
#7188=CARTESIAN_POINT('',(-0.845481733545082,-0.374170575078211,-0.08));
#7189=CARTESIAN_POINT('',(-0.840383120094388,-0.356325428000781,-0.0668766404199474));
#7190=CARTESIAN_POINT('',(-0.845481733545082,-0.374170575078212,-0.000629921259842483));
#7191=CARTESIAN_POINT('Origin',(-0.845481733545082,-0.374170575078211,-0.08));
#7192=CARTESIAN_POINT('',(-0.690466995486921,-0.653197103582902,-0.0800000000000001));
#7193=CARTESIAN_POINT('Origin',(1.02598910097268,-0.167676730325084,-0.08));
#7194=CARTESIAN_POINT('',(1.02598910097268,-0.167676730325084,-0.08));
#7195=CARTESIAN_POINT('',(0.972453659740394,-0.182972570677167,-0.0406299212598425));
#7196=CARTESIAN_POINT('',(0.972453659740392,-0.182972570677168,-0.040629921259841));
#7197=CARTESIAN_POINT('',(1.02598910097268,-0.167676730325084,-0.00125984251968496));
#7198=CARTESIAN_POINT('',(1.02598910097268,-0.167676730325084,-0.04));
#7199=CARTESIAN_POINT('',(1.00814395389525,-0.172775343775779,-0.0143832020997374));
#7200=CARTESIAN_POINT('Origin',(1.02598910097268,-0.167676730325084,-0.00125984251968496));
#7201=CARTESIAN_POINT('',(0.911270298332059,-0.374170575078211,-0.00125984251968497));
#7202=CARTESIAN_POINT('',(0.895974457979975,-0.320635133845921,-0.0406299212598425));
#7203=CARTESIAN_POINT('',(0.895974457979975,-0.320635133845919,-0.040629921259844));
#7204=CARTESIAN_POINT('',(0.934214058860185,-0.251803852261544,-0.0406299212598424));
#7205=CARTESIAN_POINT('',(1.18090219571805,0.111166840216582,-0.00125984251968504));
#7206=CARTESIAN_POINT('Origin',(0.911270298332059,-0.374170575078211,-0.00125984251968497));
#7207=CARTESIAN_POINT('',(0.911270298332059,-0.374170575078211,-0.08));
#7208=CARTESIAN_POINT('',(0.911270298332059,-0.374170575078211,-0.000629921259842483));
#7209=CARTESIAN_POINT('',(0.906171684881364,-0.356325428000781,-0.0668766404199474));
#7210=CARTESIAN_POINT('Origin',(0.911270298332059,-0.374170575078211,-0.08));
#7211=CARTESIAN_POINT('',(1.12354279439774,0.00791991784001829,-0.0800000000000001));
#7212=CARTESIAN_POINT('Origin',(-0.931322322690349,2.38194304040671,-0.0015748031496063));
#7213=CARTESIAN_POINT('',(-0.931322322690349,2.38194304040671,-0.0015748031496063));
#7214=CARTESIAN_POINT('',(-0.876632576380282,2.39238515937524,-0.0409448818897639));
#7215=CARTESIAN_POINT('',(-0.876632576380282,2.39238515937524,-0.0409448818897637));
#7216=CARTESIAN_POINT('',(-0.931322322690349,2.38194304040671,-0.0803149606299213));
#7217=CARTESIAN_POINT('',(-0.91309240725366,2.38542374672955,-0.0671916010498689));
#7218=CARTESIAN_POINT('',(-0.931322322690348,2.38194304040671,-0.00078740157480315));
#7219=CARTESIAN_POINT('Origin',(-0.931322322690349,2.38194304040671,-0.0803149606299213));
#7220=CARTESIAN_POINT('',(-0.798579440665735,2.5773386362425,-0.0803149606299214));
#7221=CARTESIAN_POINT('',(-0.788137321697206,2.52264888993243,-0.0409448818897639));
#7222=CARTESIAN_POINT('',(-0.788137321697206,2.52264888993243,-0.0409448818897639));
#7223=CARTESIAN_POINT('',(-1.0846837851039,2.15619719347694,-0.0803149606299209));
#7224=CARTESIAN_POINT('',(-0.832384949038744,2.45751702465383,-0.0409448818897639));
#7225=CARTESIAN_POINT('Origin',(-0.798579440665735,2.5773386362425,-0.0803149606299214));
#7226=CARTESIAN_POINT('',(-0.798579440665735,2.5773386362425,-0.00157480314960639));
#7227=CARTESIAN_POINT('',(-0.795098734342892,2.55910872080581,-0.0146981627296589));
#7228=CARTESIAN_POINT('',(-0.798579440665735,2.5773386362425,-0.0401574803149607));
#7229=CARTESIAN_POINT('Origin',(-0.798579440665735,2.5773386362425,-0.00157480314960639));
#7230=CARTESIAN_POINT('',(-1.0183123440916,2.25389499139484,-0.00157480314960684));
#7231=CARTESIAN_POINT('Origin',(0.900015721170114,2.45876853654762,-0.0409448818897639));
#7232=CARTESIAN_POINT('',(0.854221234209487,2.52419574955152,-0.0398313279036434));
#7233=CARTESIAN_POINT('',(0.854221234209487,2.52419574955152,-0.0420584358758844));
#7234=CARTESIAN_POINT('Origin',(0.854516581934791,2.52574260917061,-0.0409448818897639));
#7235=CARTESIAN_POINT('',(0.943968000786347,2.39208981164993,-0.0398313279036433));
#7236=CARTESIAN_POINT('',(0.899094617497917,2.45814278060073,-0.0398313279036433));
#7237=CARTESIAN_POINT('',(0.943968000786347,2.39208981164993,-0.0420584358758845));
#7238=CARTESIAN_POINT('Origin',(0.945514860405436,2.39179446392463,-0.0409448818897638));
#7239=CARTESIAN_POINT('',(0.899094617497917,2.45814278060073,-0.0420584358758844));
#7240=CARTESIAN_POINT('Origin',(0.864368005452711,2.5773386362425,-0.0803149606299214));
#7241=CARTESIAN_POINT('',(0.864368005452711,2.5773386362425,-0.0803149606299214));
#7242=CARTESIAN_POINT('',(0.853925886484182,2.52264888993243,-0.0409448818897639));
#7243=CARTESIAN_POINT('',(0.864368005452711,2.5773386362425,-0.00157480314960639));
#7244=CARTESIAN_POINT('',(0.864368005452711,2.5773386362425,-0.0401574803149607));
#7245=CARTESIAN_POINT('',(0.860887299129868,2.55910872080581,-0.0146981627296589));
#7246=CARTESIAN_POINT('Origin',(0.997110887477325,2.38194304040671,-0.0803149606299213));
#7247=CARTESIAN_POINT('',(0.997110887477325,2.38194304040671,-0.0803149606299213));
#7248=CARTESIAN_POINT('',(0.978880972040636,2.38542374672955,-0.0671916010498689));
#7249=CARTESIAN_POINT('',(0.77749995726512,2.70520714245407,-0.0803149606299213));
#7250=CARTESIAN_POINT('Origin',(0.0328942823934887,0.312071835244005,-0.1));
#7251=CARTESIAN_POINT('',(0.475402573367415,2.97243369901138,-0.1));
#7252=CARTESIAN_POINT('',(1.22134735861894,1.87441380105713,-0.1));
#7253=CARTESIAN_POINT('',(1.02383793044503,2.16514481286438,-0.1));
#7254=CARTESIAN_POINT('',(0.557889027052915,3.02847124450143,-0.1));
#7255=CARTESIAN_POINT('',(-0.253043702354413,2.47756042601972,-0.1));
#7256=CARTESIAN_POINT('',(1.30383381230444,1.93045134654718,-0.1));
#7257=CARTESIAN_POINT('',(1.10632438413053,2.22118235835443,-0.1));
#7258=CARTESIAN_POINT('',(1.33809127270778,0.393898226832541,-0.1));
#7259=CARTESIAN_POINT('Origin',(0.133987819177959,1.13571117859037,-0.1));
#7260=CARTESIAN_POINT('',(1.33581529046342,0.390010410758248,-0.1));
#7261=CARTESIAN_POINT('Origin',(1.42323101807558,0.341446117640385,-0.1));
#7262=CARTESIAN_POINT('',(0.601240822215737,-0.932223632087592,-0.1));
#7263=CARTESIAN_POINT('',(1.16562537961489,0.0836685712308865,-0.1));
#7264=CARTESIAN_POINT('',(0.594626361390136,-1.01482207955605,-0.1));
#7265=CARTESIAN_POINT('Origin',(0.688656549827891,-0.980787925205455,-0.1));
#7266=CARTESIAN_POINT('',(1.04904324688035,-2.27029341966282,-0.1));
#7267=CARTESIAN_POINT('',(0.349774170556607,-0.338339937343775,-0.1));
#7268=CARTESIAN_POINT('',(0.922937620779418,-2.39904381495823,-0.1));
#7269=CARTESIAN_POINT('Origin',(0.955013058442586,-2.30432757401341,-0.1));
#7270=CARTESIAN_POINT('',(0.129120595382994,-2.13021950077435,-0.1));
#7271=CARTESIAN_POINT('',(0.111874018281584,-2.12437898701239,-0.1));
#7272=CARTESIAN_POINT('',(-0.063332030596018,-2.13021950077435,-0.1));
#7273=CARTESIAN_POINT('Origin',(0.0328942823934876,-2.4143682236088,-0.1));
#7274=CARTESIAN_POINT('',(-0.857149055992444,-2.39904381495823,-0.1));
#7275=CARTESIAN_POINT('',(0.350823059203604,-1.98996682992045,-0.1));
#7276=CARTESIAN_POINT('',(-0.983254682093369,-2.27029341966282,-0.1));
#7277=CARTESIAN_POINT('Origin',(-0.889224493655614,-2.30432757401342,-0.1));
#7278=CARTESIAN_POINT('',(-0.528837796603159,-1.01482207955605,-0.1));
#7279=CARTESIAN_POINT('',(-0.511194048514737,-0.966075607397161,-0.1));
#7280=CARTESIAN_POINT('',(-0.535452257428761,-0.932223632087592,-0.1));
#7281=CARTESIAN_POINT('Origin',(-0.622867985040915,-0.980787925205455,-0.1));
#7282=CARTESIAN_POINT('',(-1.27002672567645,0.390010410758247,-0.1));
#7283=CARTESIAN_POINT('',(-0.73254958070407,-0.577448450192034,-0.1));
#7284=CARTESIAN_POINT('',(-1.2723027079208,0.393898226832541,-0.1));
#7285=CARTESIAN_POINT('Origin',(-1.3574424532886,0.341446117640384,-0.1));
#7286=CARTESIAN_POINT('',(-1.23804524751746,1.93045134654718,-0.1));
#7287=CARTESIAN_POINT('Origin',(-0.0681992543909822,1.13571117859037,-0.1));
#7288=CARTESIAN_POINT('',(-0.492100462265938,3.02847124450143,-0.1));
#7289=CARTESIAN_POINT('',(-1.41350821196931,1.6721724093773,-0.1));
#7290=CARTESIAN_POINT('',(-0.409614008580438,2.97243369901138,-0.1));
#7291=CARTESIAN_POINT('',(0.36007549398414,2.44954165327469,-0.1));
#7292=CARTESIAN_POINT('',(-1.15555879383196,1.87441380105713,-0.1));
#7293=CARTESIAN_POINT('',(-1.33102175828381,1.61613486388725,-0.1));
#7294=CARTESIAN_POINT('',(-1.18740074275982,0.446203846587619,-0.1));
#7295=CARTESIAN_POINT('Origin',(-0.0681992543909822,1.13571117859037,-0.1));
#7296=CARTESIAN_POINT('',(-1.18285513468581,0.438439072419713,-0.1));
#7297=CARTESIAN_POINT('Origin',(-1.3574424532886,0.341446117640384,-0.1));
#7298=CARTESIAN_POINT('',(-0.448280666438125,-0.883794970426128,-0.1));
#7299=CARTESIAN_POINT('',(-0.645377989713434,-0.529019788530569,-0.1));
#7300=CARTESIAN_POINT('',(-0.435070217802741,-1.04876118255048,-0.1));
#7301=CARTESIAN_POINT('Origin',(-0.622867985040915,-0.980787925205455,-0.1));
#7302=CARTESIAN_POINT('',(-0.889487103292951,-2.30423252265726,-0.1));
#7303=CARTESIAN_POINT('',(-0.417426469714319,-1.0000147103916,-0.1));
#7304=CARTESIAN_POINT('',(-0.889134912647725,-2.30459209967372,-0.1));
#7305=CARTESIAN_POINT('Origin',(-0.889224493655614,-2.30432757401342,-0.1));
#7306=CARTESIAN_POINT('',(-0.0953178872512983,-2.03576778548984,-0.1));
#7307=CARTESIAN_POINT('',(0.318837202548323,-1.89551511463594,-0.1));
#7308=CARTESIAN_POINT('',(0.161106452038273,-2.03576778548984,-0.1));
#7309=CARTESIAN_POINT('Origin',(0.0328942823934876,-2.4143682236088,-0.1));
#7310=CARTESIAN_POINT('',(0.954923477434698,-2.30459209967372,-0.1));
#7311=CARTESIAN_POINT('',(0.143859874936864,-2.02992727172788,-0.1));
#7312=CARTESIAN_POINT('',(0.955275668079929,-2.30423252265725,-0.1));
#7313=CARTESIAN_POINT('Origin',(0.955013058442586,-2.30432757401341,-0.1));
#7314=CARTESIAN_POINT('',(0.500858782589718,-1.04876118255048,-0.1));
#7315=CARTESIAN_POINT('',(0.256006591756189,-0.372279040338209,-0.1));
#7316=CARTESIAN_POINT('',(0.514069231225102,-0.883794970426128,-0.1));
#7317=CARTESIAN_POINT('Origin',(0.688656549827891,-0.980787925205455,-0.1));
#7318=CARTESIAN_POINT('',(1.24864369947279,0.438439072419712,-0.1));
#7319=CARTESIAN_POINT('',(1.07845378862425,0.132097232892351,-0.1));
#7320=CARTESIAN_POINT('',(1.25318930754679,0.44620384658762,-0.1));
#7321=CARTESIAN_POINT('Origin',(1.42323101807558,0.341446117640385,-0.1));
#7322=CARTESIAN_POINT('Origin',(0.133987819177959,1.13571117859037,-0.1));
#7323=CARTESIAN_POINT('Origin',(-0.409614008580439,2.97243369901138,0.));
#7324=CARTESIAN_POINT('',(-0.492100462265938,3.02847124450143,0.05));
#7325=CARTESIAN_POINT('',(-0.492100462265938,3.02847124450143,0.));
#7326=CARTESIAN_POINT('',(-0.409614008580438,2.97243369901138,0.05));
#7327=CARTESIAN_POINT('',(0.36007549398414,2.44954165327469,0.05));
#7328=CARTESIAN_POINT('',(-0.409614008580439,2.97243369901138,0.));
#7329=CARTESIAN_POINT('Origin',(-1.23804524751746,1.93045134654718,0.));
#7330=CARTESIAN_POINT('',(-1.23804524751746,1.93045134654718,0.05));
#7331=CARTESIAN_POINT('',(-1.23804524751746,1.93045134654718,0.));
#7332=CARTESIAN_POINT('',(-1.02565608253069,2.24308511499255,0.05));
#7333=CARTESIAN_POINT('Origin',(-0.0681992543909822,1.13571117859037,0.));
#7334=CARTESIAN_POINT('',(-1.2723027079208,0.393898226832541,0.05));
#7335=CARTESIAN_POINT('',(-1.2723027079208,0.393898226832541,0.));
#7336=CARTESIAN_POINT('Origin',(-0.0681992543909822,1.13571117859037,0.05));
#7337=CARTESIAN_POINT('Origin',(-1.3574424532886,0.341446117640384,0.));
#7338=CARTESIAN_POINT('',(-1.27002672567645,0.390010410758247,0.05));
#7339=CARTESIAN_POINT('',(-1.27002672567645,0.390010410758247,0.));
#7340=CARTESIAN_POINT('Origin',(-1.3574424532886,0.341446117640384,0.05));
#7341=CARTESIAN_POINT('Origin',(-0.535452257428761,-0.932223632087592,0.));
#7342=CARTESIAN_POINT('',(-0.535452257428761,-0.932223632087591,0.05));
#7343=CARTESIAN_POINT('',(-0.535452257428761,-0.932223632087592,0.));
#7344=CARTESIAN_POINT('',(-1.09983681482791,0.083668571230885,0.05));
#7345=CARTESIAN_POINT('Origin',(-0.622867985040915,-0.980787925205455,0.));
#7346=CARTESIAN_POINT('',(-0.528837796603159,-1.01482207955605,0.05));
#7347=CARTESIAN_POINT('',(-0.528837796603159,-1.01482207955605,0.));
#7348=CARTESIAN_POINT('Origin',(-0.622867985040915,-0.980787925205455,0.05));
#7349=CARTESIAN_POINT('Origin',(-0.983254682093369,-2.27029341966282,0.));
#7350=CARTESIAN_POINT('',(-0.983254682093369,-2.27029341966282,0.05));
#7351=CARTESIAN_POINT('',(-0.983254682093369,-2.27029341966282,0.));
#7352=CARTESIAN_POINT('',(-0.283985605769633,-0.338339937343774,0.05));
#7353=CARTESIAN_POINT('Origin',(-0.889224493655614,-2.30432757401342,0.));
#7354=CARTESIAN_POINT('',(-0.857149055992444,-2.39904381495823,0.05));
#7355=CARTESIAN_POINT('',(-0.857149055992444,-2.39904381495823,0.));
#7356=CARTESIAN_POINT('Origin',(-0.889224493655613,-2.30432757401342,0.05));
#7357=CARTESIAN_POINT('Origin',(-0.0633320305960181,-2.13021950077435,0.));
#7358=CARTESIAN_POINT('',(-0.063332030596018,-2.13021950077435,0.05));
#7359=CARTESIAN_POINT('',(-0.063332030596018,-2.13021950077435,0.));
#7360=CARTESIAN_POINT('',(-0.0460854534946077,-2.12437898701239,0.05));
#7361=CARTESIAN_POINT('Origin',(0.0328942823934876,-2.4143682236088,0.));
#7362=CARTESIAN_POINT('',(0.129120595382994,-2.13021950077435,0.05));
#7363=CARTESIAN_POINT('',(0.129120595382994,-2.13021950077435,0.));
#7364=CARTESIAN_POINT('Origin',(0.0328942823934876,-2.4143682236088,0.05));
#7365=CARTESIAN_POINT('Origin',(0.922937620779418,-2.39904381495823,0.));
#7366=CARTESIAN_POINT('',(0.922937620779418,-2.39904381495823,0.05));
#7367=CARTESIAN_POINT('',(0.922937620779418,-2.39904381495823,0.));
#7368=CARTESIAN_POINT('',(-0.285034494416627,-1.98996682992045,0.05));
#7369=CARTESIAN_POINT('Origin',(0.955013058442586,-2.30432757401341,0.));
#7370=CARTESIAN_POINT('',(1.04904324688035,-2.27029341966282,0.05));
#7371=CARTESIAN_POINT('',(1.04904324688035,-2.27029341966282,0.));
#7372=CARTESIAN_POINT('Origin',(0.955013058442586,-2.30432757401341,0.05));
#7373=CARTESIAN_POINT('Origin',(0.594626361390136,-1.01482207955605,0.));
#7374=CARTESIAN_POINT('',(0.594626361390136,-1.01482207955605,0.05));
#7375=CARTESIAN_POINT('',(0.594626361390136,-1.01482207955605,0.));
#7376=CARTESIAN_POINT('',(0.576982613301713,-0.966075607397158,0.05));
#7377=CARTESIAN_POINT('Origin',(0.688656549827891,-0.980787925205455,0.));
#7378=CARTESIAN_POINT('',(0.601240822215737,-0.932223632087591,0.05));
#7379=CARTESIAN_POINT('',(0.601240822215737,-0.932223632087592,0.));
#7380=CARTESIAN_POINT('Origin',(0.688656549827891,-0.980787925205455,0.05));
#7381=CARTESIAN_POINT('Origin',(1.33581529046342,0.390010410758248,0.));
#7382=CARTESIAN_POINT('',(1.33581529046342,0.390010410758248,0.05));
#7383=CARTESIAN_POINT('',(1.33581529046342,0.390010410758248,0.));
#7384=CARTESIAN_POINT('',(0.798338145491047,-0.577448450192034,0.05));
#7385=CARTESIAN_POINT('Origin',(1.42323101807558,0.341446117640385,0.));
#7386=CARTESIAN_POINT('',(1.33809127270778,0.393898226832541,0.05));
#7387=CARTESIAN_POINT('',(1.33809127270778,0.393898226832541,0.));
#7388=CARTESIAN_POINT('Origin',(1.42323101807558,0.341446117640385,0.05));
#7389=CARTESIAN_POINT('Origin',(0.133987819177959,1.13571117859037,0.));
#7390=CARTESIAN_POINT('',(1.30383381230444,1.93045134654718,0.05));
#7391=CARTESIAN_POINT('',(1.30383381230444,1.93045134654718,0.));
#7392=CARTESIAN_POINT('Origin',(0.133987819177959,1.13571117859037,0.05));
#7393=CARTESIAN_POINT('Origin',(0.557889027052915,3.02847124450143,0.));
#7394=CARTESIAN_POINT('',(0.557889027052915,3.02847124450143,0.05));
#7395=CARTESIAN_POINT('',(0.557889027052915,3.02847124450143,0.));
#7396=CARTESIAN_POINT('',(1.47929677675629,1.6721724093773,0.05));
#7397=CARTESIAN_POINT('',(0.997110887477325,2.38194304040671,-0.0015748031496063));
#7398=CARTESIAN_POINT('',(0.997110887477325,2.38194304040671,-0.00078740157480315));
#7399=CARTESIAN_POINT('',(0.711128516252813,2.80290494037196,-0.00157480314960675));
#7400=CARTESIAN_POINT('Origin',(0.997110887477325,2.38194304040671,-0.0015748031496063));
#7401=CARTESIAN_POINT('',(0.942421141167259,2.39238515937524,-0.0409448818897637));
#7402=CARTESIAN_POINT('Origin',(0.864368005452711,2.5773386362425,-0.00157480314960639));
#7403=CARTESIAN_POINT('Origin',(0.0328942823934887,0.312071835244005,0.05));
#7404=CARTESIAN_POINT('',(1.22134735861894,1.87441380105713,0.05));
#7405=CARTESIAN_POINT('',(0.475402573367415,2.97243369901138,0.05));
#7406=CARTESIAN_POINT('',(1.02383793044503,2.16514481286438,0.05));
#7407=CARTESIAN_POINT('',(1.25318930754679,0.44620384658762,0.05));
#7408=CARTESIAN_POINT('Origin',(0.133987819177959,1.13571117859037,0.05));
#7409=CARTESIAN_POINT('',(1.24864369947279,0.438439072419712,0.05));
#7410=CARTESIAN_POINT('Origin',(1.42323101807558,0.341446117640385,0.05));
#7411=CARTESIAN_POINT('',(0.514069231225102,-0.883794970426128,0.05));
#7412=CARTESIAN_POINT('',(1.07845378862425,0.132097232892351,0.05));
#7413=CARTESIAN_POINT('',(0.500858782589718,-1.04876118255048,0.05));
#7414=CARTESIAN_POINT('Origin',(0.688656549827891,-0.980787925205455,0.05));
#7415=CARTESIAN_POINT('',(0.955275668079929,-2.30423252265725,0.05));
#7416=CARTESIAN_POINT('',(0.256006591756189,-0.372279040338209,0.05));
#7417=CARTESIAN_POINT('',(0.954923477434698,-2.30459209967372,0.05));
#7418=CARTESIAN_POINT('Origin',(0.955013058442586,-2.30432757401341,0.05));
#7419=CARTESIAN_POINT('',(0.161106452038273,-2.03576778548984,0.05));
#7420=CARTESIAN_POINT('',(0.143859874936864,-2.02992727172788,0.05));
#7421=CARTESIAN_POINT('',(-0.0953178872512983,-2.03576778548984,0.05));
#7422=CARTESIAN_POINT('Origin',(0.0328942823934876,-2.4143682236088,0.05));
#7423=CARTESIAN_POINT('',(-0.889134912647725,-2.30459209967372,0.05));
#7424=CARTESIAN_POINT('',(0.318837202548323,-1.89551511463594,0.05));
#7425=CARTESIAN_POINT('',(-0.889487103292951,-2.30423252265726,0.05));
#7426=CARTESIAN_POINT('Origin',(-0.889224493655614,-2.30432757401342,0.05));
#7427=CARTESIAN_POINT('',(-0.435070217802741,-1.04876118255048,0.05));
#7428=CARTESIAN_POINT('',(-0.417426469714319,-1.0000147103916,0.05));
#7429=CARTESIAN_POINT('',(-0.448280666438125,-0.883794970426128,0.05));
#7430=CARTESIAN_POINT('Origin',(-0.622867985040915,-0.980787925205455,0.05));
#7431=CARTESIAN_POINT('',(-1.18285513468581,0.438439072419713,0.05));
#7432=CARTESIAN_POINT('',(-0.645377989713434,-0.529019788530569,0.05));
#7433=CARTESIAN_POINT('',(-1.18740074275982,0.446203846587619,0.05));
#7434=CARTESIAN_POINT('Origin',(-1.3574424532886,0.341446117640384,0.05));
#7435=CARTESIAN_POINT('',(-1.15555879383196,1.87441380105713,0.05));
#7436=CARTESIAN_POINT('Origin',(-0.0681992543909822,1.13571117859037,0.05));
#7437=CARTESIAN_POINT('',(-1.33102175828381,1.61613486388725,0.05));
#7438=CARTESIAN_POINT('',(-0.253043702354413,2.47756042601972,0.05));
#7439=CARTESIAN_POINT('Origin',(-1.15555879383196,1.87441380105713,0.));
#7440=CARTESIAN_POINT('',(-1.15555879383196,1.87441380105713,0.));
#7441=CARTESIAN_POINT('Origin',(-0.0681992543909822,1.13571117859037,0.));
#7442=CARTESIAN_POINT('',(-1.18740074275982,0.446203846587619,0.));
#7443=CARTESIAN_POINT('Origin',(-1.3574424532886,0.341446117640384,0.));
#7444=CARTESIAN_POINT('',(-1.18285513468581,0.438439072419713,0.));
#7445=CARTESIAN_POINT('Origin',(-0.448280666438125,-0.883794970426127,0.));
#7446=CARTESIAN_POINT('',(-0.448280666438125,-0.883794970426128,0.));
#7447=CARTESIAN_POINT('Origin',(-0.622867985040915,-0.980787925205455,0.));
#7448=CARTESIAN_POINT('',(-0.435070217802741,-1.04876118255048,0.));
#7449=CARTESIAN_POINT('Origin',(-0.889487103292951,-2.30423252265726,0.));
#7450=CARTESIAN_POINT('',(-0.889487103292951,-2.30423252265726,0.));
#7451=CARTESIAN_POINT('Origin',(-0.889224493655614,-2.30432757401342,0.));
#7452=CARTESIAN_POINT('',(-0.889134912647725,-2.30459209967372,0.));
#7453=CARTESIAN_POINT('Origin',(-0.0953178872512983,-2.03576778548984,0.));
#7454=CARTESIAN_POINT('',(-0.0953178872512983,-2.03576778548984,0.));
#7455=CARTESIAN_POINT('Origin',(0.0328942823934876,-2.4143682236088,0.));
#7456=CARTESIAN_POINT('',(0.161106452038274,-2.03576778548984,0.));
#7457=CARTESIAN_POINT('Origin',(0.954923477434698,-2.30459209967372,0.));
#7458=CARTESIAN_POINT('',(0.954923477434698,-2.30459209967372,0.));
#7459=CARTESIAN_POINT('Origin',(0.955013058442586,-2.30432757401341,0.));
#7460=CARTESIAN_POINT('',(0.955275668079929,-2.30423252265725,0.));
#7461=CARTESIAN_POINT('Origin',(0.500858782589718,-1.04876118255048,0.));
#7462=CARTESIAN_POINT('',(0.500858782589718,-1.04876118255048,0.));
#7463=CARTESIAN_POINT('Origin',(0.688656549827891,-0.980787925205455,0.));
#7464=CARTESIAN_POINT('',(0.514069231225102,-0.883794970426128,0.));
#7465=CARTESIAN_POINT('Origin',(1.24864369947279,0.438439072419712,0.));
#7466=CARTESIAN_POINT('',(1.24864369947279,0.438439072419712,0.));
#7467=CARTESIAN_POINT('Origin',(1.42323101807558,0.341446117640385,0.));
#7468=CARTESIAN_POINT('',(1.25318930754679,0.44620384658762,0.));
#7469=CARTESIAN_POINT('Origin',(0.133987819177959,1.13571117859037,0.));
#7470=CARTESIAN_POINT('',(1.22134735861894,1.87441380105713,0.));
#7471=CARTESIAN_POINT('Origin',(0.475402573367415,2.97243369901138,0.));
#7472=CARTESIAN_POINT('',(0.475402573367415,2.97243369901138,0.));
#7473=CARTESIAN_POINT('Origin',(0.557889027052915,3.02847124450143,0.));
#7474=CARTESIAN_POINT('Origin',(-0.889224493655613,-2.30432757401342,0.));
#7475=CARTESIAN_POINT('',(-1.07728487053112,-2.23625926531223,0.05));
#7476=CARTESIAN_POINT('',(-0.825073618329275,-2.49376005590305,0.05));
#7477=CARTESIAN_POINT('Origin',(-0.889224493655613,-2.30432757401342,0.05));
#7478=CARTESIAN_POINT('',(-0.825073618329276,-2.49376005590305,0.3));
#7479=CARTESIAN_POINT('',(-0.825073618329275,-2.49376005590305,0.));
#7480=CARTESIAN_POINT('',(-1.07728487053112,-2.23625926531223,0.3));
#7481=CARTESIAN_POINT('Origin',(-0.889224493655613,-2.30432757401342,0.3));
#7482=CARTESIAN_POINT('',(-1.07728487053112,-2.23625926531223,0.));
#7483=CARTESIAN_POINT('Origin',(-0.825073618329275,-2.49376005590305,0.));
#7484=CARTESIAN_POINT('',(-0.0312565929328498,-2.22493574171917,0.05));
#7485=CARTESIAN_POINT('',(-0.0140100158314389,-2.21909522795721,0.05));
#7486=CARTESIAN_POINT('',(-0.0312565929328498,-2.22493574171917,0.3));
#7487=CARTESIAN_POINT('',(-0.0312565929328498,-2.22493574171917,0.));
#7488=CARTESIAN_POINT('',(-0.014010015831439,-2.21909522795721,0.3));
#7489=CARTESIAN_POINT('Origin',(0.0328942823934876,-2.4143682236088,0.));
#7490=CARTESIAN_POINT('',(0.097045157719825,-2.22493574171917,0.05));
#7491=CARTESIAN_POINT('Origin',(0.0328942823934876,-2.4143682236088,0.05));
#7492=CARTESIAN_POINT('',(0.097045157719825,-2.22493574171917,0.3));
#7493=CARTESIAN_POINT('',(0.097045157719825,-2.22493574171917,0.));
#7494=CARTESIAN_POINT('Origin',(0.0328942823934876,-2.4143682236088,0.3));
#7495=CARTESIAN_POINT('Origin',(0.097045157719825,-2.22493574171917,0.));
#7496=CARTESIAN_POINT('',(0.890862183116251,-2.49376005590305,0.05));
#7497=CARTESIAN_POINT('',(-0.317109932079796,-2.08468307086527,0.05));
#7498=CARTESIAN_POINT('',(0.890862183116241,-2.49376005590304,0.3));
#7499=CARTESIAN_POINT('',(0.890862183116251,-2.49376005590305,0.));
#7500=CARTESIAN_POINT('',(-0.317109932079796,-2.08468307086527,0.3));
#7501=CARTESIAN_POINT('Origin',(0.955013058442586,-2.30432757401341,0.));
#7502=CARTESIAN_POINT('',(1.1430734353181,-2.23625926531222,0.05));
#7503=CARTESIAN_POINT('Origin',(0.955013058442586,-2.30432757401341,0.05));
#7504=CARTESIAN_POINT('',(1.1430734353181,-2.23625926531222,0.3));
#7505=CARTESIAN_POINT('',(1.1430734353181,-2.23625926531222,0.));
#7506=CARTESIAN_POINT('Origin',(0.95501305844258,-2.30432757401341,0.3));
#7507=CARTESIAN_POINT('Origin',(1.1430734353181,-2.23625926531222,0.));
#7508=CARTESIAN_POINT('',(0.688656549827891,-0.980787925205455,0.05));
#7509=CARTESIAN_POINT('',(0.671012801739469,-0.932041453046563,0.05));
#7510=CARTESIAN_POINT('',(0.688656549827891,-0.980787925205455,0.3));
#7511=CARTESIAN_POINT('',(0.688656549827891,-0.980787925205455,0.));
#7512=CARTESIAN_POINT('',(0.671012801739469,-0.932041453046563,0.3));
#7513=CARTESIAN_POINT('Origin',(0.688656549827891,-0.980787925205455,0.));
#7514=CARTESIAN_POINT('',(1.42323101807558,0.341446117640385,0.05));
#7515=CARTESIAN_POINT('',(0.885753873103201,-0.626012743309897,0.05));
#7516=CARTESIAN_POINT('',(1.42323101807558,0.341446117640385,0.3));
#7517=CARTESIAN_POINT('',(1.42323101807558,0.341446117640385,0.));
#7518=CARTESIAN_POINT('',(0.885753873103201,-0.626012743309897,0.3));
#7519=CARTESIAN_POINT('Origin',(0.133987819177959,1.13571117859037,0.));
#7520=CARTESIAN_POINT('',(1.38655128120825,1.98664583327093,0.05));
#7521=CARTESIAN_POINT('Origin',(0.133987819177959,1.13571117859037,0.05));
#7522=CARTESIAN_POINT('',(1.38655128120825,1.98664583327093,0.3));
#7523=CARTESIAN_POINT('',(1.38655128120825,1.98664583327093,0.));
#7524=CARTESIAN_POINT('Origin',(0.133987819177959,1.13571117859037,0.3));
#7525=CARTESIAN_POINT('Origin',(1.38655128120825,1.98664583327093,0.));
#7526=CARTESIAN_POINT('',(0.610847022331014,3.12847124450143,0.05));
#7527=CARTESIAN_POINT('',(1.56201424566011,1.72836689610105,0.05));
#7528=CARTESIAN_POINT('',(0.610847022331014,3.12847124450143,0.3));
#7529=CARTESIAN_POINT('',(0.610847022331014,3.12847124450143,0.));
#7530=CARTESIAN_POINT('',(1.56201424566011,1.72836689610105,0.3));
#7531=CARTESIAN_POINT('Origin',(0.610847022331014,3.12847124450143,0.));
#7532=CARTESIAN_POINT('',(-0.524788812600065,3.12847124450143,0.05));
#7533=CARTESIAN_POINT('',(-0.545058457544038,3.12847124450143,0.05));
#7534=CARTESIAN_POINT('',(0.321870652362251,3.12847124450143,0.05));
#7535=CARTESIAN_POINT('',(-0.545058457544038,3.12847124450143,0.3));
#7536=CARTESIAN_POINT('',(-0.545058457544038,3.12847124450143,0.));
#7537=CARTESIAN_POINT('',(-0.439889038606167,3.12847124450143,0.3));
#7538=CARTESIAN_POINT('',(0.321870652362251,3.12847124450143,0.3));
#7539=CARTESIAN_POINT('Origin',(0.0329745780953087,3.12847124450143,4.37095678986282E-17));
#7540=CARTESIAN_POINT('Origin',(-0.545058457544038,3.12847124450143,0.));
#7541=CARTESIAN_POINT('',(-1.32076271642128,1.98664583327093,0.05));
#7542=CARTESIAN_POINT('',(-1.10837355143451,2.2992796017163,0.05));
#7543=CARTESIAN_POINT('',(-1.32076271642128,1.98664583327093,0.3));
#7544=CARTESIAN_POINT('',(-1.32076271642128,1.98664583327093,0.));
#7545=CARTESIAN_POINT('',(-1.10837355143451,2.2992796017163,0.3));
#7546=CARTESIAN_POINT('Origin',(-0.0681992543909822,1.13571117859037,0.));
#7547=CARTESIAN_POINT('',(-1.3574424532886,0.341446117640384,0.05));
#7548=CARTESIAN_POINT('Origin',(-0.0681992543909822,1.13571117859037,0.05));
#7549=CARTESIAN_POINT('',(-1.3574424532886,0.341446117640384,0.3));
#7550=CARTESIAN_POINT('',(-1.3574424532886,0.341446117640384,0.));
#7551=CARTESIAN_POINT('Origin',(-0.0681992543909822,1.13571117859037,0.3));
#7552=CARTESIAN_POINT('Origin',(-1.3574424532886,0.341446117640383,0.));
#7553=CARTESIAN_POINT('',(-0.622867985040915,-0.980787925205455,0.05));
#7554=CARTESIAN_POINT('',(-1.18725254244007,0.035104278113022,0.05));
#7555=CARTESIAN_POINT('',(-0.622867985040915,-0.980787925205455,0.3));
#7556=CARTESIAN_POINT('',(-0.622867985040915,-0.980787925205455,0.));
#7557=CARTESIAN_POINT('',(-1.18725254244007,0.035104278113022,0.3));
#7558=CARTESIAN_POINT('Origin',(-0.622867985040915,-0.980787925205455,0.));
#7559=CARTESIAN_POINT('',(-0.378015794207389,-0.304305782993179,0.05));
#7560=CARTESIAN_POINT('',(-0.378015794207389,-0.304305782993179,0.3));
#7561=CARTESIAN_POINT('Origin',(-0.156732743763953,-1.61110186614119,0.3));
#7562=CARTESIAN_POINT('',(0.460739693356935,-1.8202074901401,0.8));
#7563=CARTESIAN_POINT('Origin',(0.460739693356935,-1.8202074901401,0.3));
#7564=CARTESIAN_POINT('',(0.257422346035666,-1.75135453699509,0.8));
#7565=CARTESIAN_POINT('',(-0.156732743763953,-1.61110186614119,0.8));
#7566=CARTESIAN_POINT('Origin',(0.257422346035666,-1.75135453699509,0.3));
#7567=CARTESIAN_POINT('Origin',(0.0328942823934876,-2.4143682236088,0.3));
#7568=CARTESIAN_POINT('',(0.000812726588711151,-1.94156007559135,0.74595590827467));
#7569=CARTESIAN_POINT('',(-0.0297783977662737,-1.71717948649266,0.8));
#7570=CARTESIAN_POINT('Ctrl Pts',(0.000812726588711151,-1.94156007559135,
0.74595590827467));
#7571=CARTESIAN_POINT('Ctrl Pts',(-0.00292621036413642,-1.91474276888091,
0.759649726570254));
#7572=CARTESIAN_POINT('Ctrl Pts',(-0.00700514947623922,-1.88458289449719,
0.771763588203092));
#7573=CARTESIAN_POINT('Ctrl Pts',(-0.0152162529762714,-1.82405173771462,
0.789266270719092));
#7574=CARTESIAN_POINT('Ctrl Pts',(-0.0193541981461425,-1.79337477907765,
0.795062336102008));
#7575=CARTESIAN_POINT('Ctrl Pts',(-0.0256370719513782,-1.74728868247571,
0.799308337741457));
#7576=CARTESIAN_POINT('Ctrl Pts',(-0.0277040828365523,-1.73221841462093,
0.8));
#7577=CARTESIAN_POINT('Ctrl Pts',(-0.0297783977662736,-1.71717948649266,
0.8));
#7578=CARTESIAN_POINT('',(-0.191633781248694,-1.75135453699509,0.8));
#7579=CARTESIAN_POINT('Origin',(0.0328942823934876,-2.4143682236088,0.8));
#7580=CARTESIAN_POINT('Origin',(-0.191633781248694,-1.75135453699509,0.3));
#7581=CARTESIAN_POINT('',(0.0318739270005945,-1.71436896727,0.8));
#7582=CARTESIAN_POINT('Origin',(0.0328942823934876,-2.4143682236088,0.8));
#7583=CARTESIAN_POINT('Ctrl Pts',(0.0318739270005944,-1.71436896727,0.8));
#7584=CARTESIAN_POINT('Ctrl Pts',(0.0272548286263309,-1.75104927533514,
0.8));
#7585=CARTESIAN_POINT('Ctrl Pts',(0.0228125133516733,-1.78763754499485,
0.79592874667392));
#7586=CARTESIAN_POINT('Ctrl Pts',(0.0125049128313257,-1.86398609458038,
0.779024032576732));
#7587=CARTESIAN_POINT('Ctrl Pts',(0.00666020131660004,-1.90430347851965,
0.764601383856816));
#7588=CARTESIAN_POINT('Ctrl Pts',(0.000812726588711151,-1.94156007559135,
0.74595590827467));
#7589=CARTESIAN_POINT('Origin',(-0.174387204147283,-1.74551402323313,0.3));
#7590=CARTESIAN_POINT('',(-0.394951128569958,-1.8202074901401,0.8));
#7591=CARTESIAN_POINT('Origin',(-0.394951128569958,-1.8202074901401,0.3));
#7592=CARTESIAN_POINT('',(-0.174387204147283,-1.74551402323313,0.8));
#7593=CARTESIAN_POINT('Origin',(0.448675235042431,-0.383191277720581,0.3));
#7594=CARTESIAN_POINT('',(0.503928504226544,-0.283735393189179,0.8));
#7595=CARTESIAN_POINT('',(0.466999675274706,-0.350207285302486,0.8));
#7596=CARTESIAN_POINT('Ctrl Pts',(0.503928504226409,-0.283735393189121,
0.8));
#7597=CARTESIAN_POINT('Ctrl Pts',(0.496549527263818,-0.307359681230467,
0.800000000000001));
#7598=CARTESIAN_POINT('Ctrl Pts',(0.483588056495137,-0.330573947137095,
0.8));
#7599=CARTESIAN_POINT('Ctrl Pts',(0.466999675274706,-0.350207285302486,
0.8));
#7600=CARTESIAN_POINT('',(0.14103987097608,-0.936934933040017,0.8));
#7601=CARTESIAN_POINT('',(0.448675235042431,-0.383191277720581,0.8));
#7602=CARTESIAN_POINT('Origin',(0.14103987097608,-0.936934933040017,0.3));
#7603=CARTESIAN_POINT('',(0.992170001841678,0.595099302518067,0.8));
#7604=CARTESIAN_POINT('Ctrl Pts',(0.992170001842291,0.595099302517726,0.8));
#7605=CARTESIAN_POINT('Ctrl Pts',(0.99263840140812,0.594821941432792,0.799999999999999));
#7606=CARTESIAN_POINT('Ctrl Pts',(0.993106803738603,0.59454458572045,0.799999111691423));
#7607=CARTESIAN_POINT('Ctrl Pts',(1.03582290151182,0.569251681856416,0.799837093011442));
#7608=CARTESIAN_POINT('Ctrl Pts',(1.07784657633776,0.544426249585801,0.792451212139537));
#7609=CARTESIAN_POINT('Ctrl Pts',(1.15872146130582,0.49673237991447,0.763701920935461));
#7610=CARTESIAN_POINT('Ctrl Pts',(1.1971341195924,0.474122125876708,0.742495387117175));
#7611=CARTESIAN_POINT('Ctrl Pts',(1.27888229129719,0.426062059589925,0.678856858945951));
#7612=CARTESIAN_POINT('Ctrl Pts',(1.31895509435232,0.402550050304874,0.632365964875677));
#7613=CARTESIAN_POINT('Ctrl Pts',(1.38147982352166,0.36589201500893,0.524201135548256));
#7614=CARTESIAN_POINT('Ctrl Pts',(1.40333670096493,0.353094100582089,0.463565144307883));
#7615=CARTESIAN_POINT('Ctrl Pts',(1.42033602883151,0.343140738369131,0.366864261487804));
#7616=CARTESIAN_POINT('Ctrl Pts',(1.42323101807558,0.341446117640386,0.333434697937781));
#7617=CARTESIAN_POINT('Ctrl Pts',(1.42323101807558,0.341446117640386,0.3));
#7618=CARTESIAN_POINT('',(0.448675235042431,-0.383191277720581,0.8));
#7619=CARTESIAN_POINT('Origin',(1.14842690114102,1.44739446248229,0.3));
#7620=CARTESIAN_POINT('',(0.346057045940517,2.62847124450143,0.8));
#7621=CARTESIAN_POINT('',(0.972963936689168,1.70567339965216,0.8));
#7622=CARTESIAN_POINT('',(1.14842690114102,1.44739446248229,0.8));
#7623=CARTESIAN_POINT('Origin',(0.972963936689168,1.70567339965216,0.3));
#7624=CARTESIAN_POINT('Origin',(0.346057045940517,2.62847124450143,0.3));
#7625=CARTESIAN_POINT('Origin',(0.133987819177959,1.13571117859037,0.3));
#7626=CARTESIAN_POINT('Origin',(0.133987819177959,1.13571117859037,0.8));
#7627=CARTESIAN_POINT('Origin',(-0.0681992543909822,1.13571117859037,0.3));
#7628=CARTESIAN_POINT('',(-0.926381437054694,0.595099302518055,0.8));
#7629=CARTESIAN_POINT('',(-0.907175371902192,1.70567339965216,0.8));
#7630=CARTESIAN_POINT('Origin',(-0.0681992543909822,1.13571117859037,0.8));
#7631=CARTESIAN_POINT('Origin',(-0.907175371902192,1.70567339965216,0.3));
#7632=CARTESIAN_POINT('Ctrl Pts',(-0.926381437054694,0.595099302518055,
0.8));
#7633=CARTESIAN_POINT('Ctrl Pts',(-0.926849836620676,0.594821941433031,
0.8));
#7634=CARTESIAN_POINT('Ctrl Pts',(-0.927318238951502,0.594544585720558,
0.799999111691423));
#7635=CARTESIAN_POINT('Ctrl Pts',(-0.974776165743446,0.566443966925253,
0.799819107640156));
#7636=CARTESIAN_POINT('Ctrl Pts',(-1.02145670927167,0.538874885353557,0.790702344388296));
#7637=CARTESIAN_POINT('Ctrl Pts',(-1.11046424154339,0.486405570757195,0.755313837494945));
#7638=CARTESIAN_POINT('Ctrl Pts',(-1.15219385905392,0.46185675658067,0.729280958933963));
#7639=CARTESIAN_POINT('Ctrl Pts',(-1.23393472771402,0.413828211036106,0.656190564458232));
#7640=CARTESIAN_POINT('Ctrl Pts',(-1.27129042071845,0.391920207017968,0.606751251850862));
#7641=CARTESIAN_POINT('Ctrl Pts',(-1.32755552857857,0.3589427225274,0.494063986326036));
#7642=CARTESIAN_POINT('Ctrl Pts',(-1.34592947371372,0.34818641385501,0.43189674139975));
#7643=CARTESIAN_POINT('Ctrl Pts',(-1.35613202879745,0.342213228398129,0.345012514178943));
#7644=CARTESIAN_POINT('Ctrl Pts',(-1.35744245328861,0.341446117640407,0.322495168262086));
#7645=CARTESIAN_POINT('Ctrl Pts',(-1.35744245328861,0.341446117640407,0.299999999999988));
#7646=CARTESIAN_POINT('Origin',(-0.694786206915427,2.01830716809754,0.3));
#7647=CARTESIAN_POINT('',(-0.723624238615899,2.57803781345541,0.66809095853663));
#7648=CARTESIAN_POINT('',(-0.441368642226347,2.93267490671866,0.696812464387933));
#7649=CARTESIAN_POINT('Ctrl Pts',(-0.723624238615899,2.57803781345541,0.66809095853663));
#7650=CARTESIAN_POINT('Ctrl Pts',(-0.717157931336511,2.6160126407708,0.653390184651017));
#7651=CARTESIAN_POINT('Ctrl Pts',(-0.706975581705041,2.65395384959508,0.639458322885872));
#7652=CARTESIAN_POINT('Ctrl Pts',(-0.674393531254413,2.72731536170177,0.62326883187577));
#7653=CARTESIAN_POINT('Ctrl Pts',(-0.652274482972827,2.76291302153897,0.621107376343698));
#7654=CARTESIAN_POINT('Ctrl Pts',(-0.60162065980668,2.8280275295831,0.627342031555487));
#7655=CARTESIAN_POINT('Ctrl Pts',(-0.573083241743374,2.8575345216942,0.635728282711557));
#7656=CARTESIAN_POINT('Ctrl Pts',(-0.510767764223761,2.90370550484287,0.662082606838435));
#7657=CARTESIAN_POINT('Ctrl Pts',(-0.476665096064586,2.92013310091415,0.679832998036179));
#7658=CARTESIAN_POINT('Ctrl Pts',(-0.441368642226347,2.93267490671866,0.696812464387933));
#7659=CARTESIAN_POINT('Origin',(-0.280268481153541,2.62847124450143,0.3));
#7660=CARTESIAN_POINT('',(-0.522728231613726,2.27157401065517,0.8));
#7661=CARTESIAN_POINT('',(-0.694786206915427,2.01830716809754,0.8));
#7662=CARTESIAN_POINT('Ctrl Pts',(-0.522728231613726,2.27157401065517,0.8));
#7663=CARTESIAN_POINT('Ctrl Pts',(-0.557549053011763,2.2844276843318,0.8));
#7664=CARTESIAN_POINT('Ctrl Pts',(-0.590299401885692,2.30273928428736,0.795964897700175));
#7665=CARTESIAN_POINT('Ctrl Pts',(-0.638057253116677,2.34118777962628,0.782250153764787));
#7666=CARTESIAN_POINT('Ctrl Pts',(-0.655478369730765,2.35913674506033,0.774699495745078));
#7667=CARTESIAN_POINT('Ctrl Pts',(-0.685492495198411,2.39775574513266,0.756488235643323));
#7668=CARTESIAN_POINT('Ctrl Pts',(-0.698132423016349,2.41845525175941,0.745764910946406));
#7669=CARTESIAN_POINT('Ctrl Pts',(-0.724756730886314,2.48340096408706,0.712427991316131));
#7670=CARTESIAN_POINT('Ctrl Pts',(-0.727612929776979,2.53063662678499,0.689545500667682));
#7671=CARTESIAN_POINT('Ctrl Pts',(-0.723624238615899,2.57803781345541,0.66809095853663));
#7672=CARTESIAN_POINT('Origin',(-0.750173904379298,0.277925743702337,0.3));
#7673=CARTESIAN_POINT('',(-0.501569627097567,-0.181865876102864,0.799964294370263));
#7674=CARTESIAN_POINT('',(-0.494797450834105,-0.181751872679011,0.8));
#7675=CARTESIAN_POINT('Ctrl Pts',(-0.501569627097567,-0.181865876102864,
0.799964294370263));
#7676=CARTESIAN_POINT('Ctrl Pts',(-0.499312326510193,-0.181828467530025,
0.799988094578105));
#7677=CARTESIAN_POINT('Ctrl Pts',(-0.497054814637795,-0.181790386406064,
0.8));
#7678=CARTESIAN_POINT('Ctrl Pts',(-0.494797450834105,-0.181751872679011,
0.8));
#7679=CARTESIAN_POINT('',(-0.750173904379298,0.277925743702337,0.8));
#7680=CARTESIAN_POINT('',(-0.0752513061891025,-0.936934933040018,0.8));
#7681=CARTESIAN_POINT('Origin',(-0.0752513061891025,-0.936934933040018,
0.3));
#7682=CARTESIAN_POINT('',(-0.370621092707009,-0.405269317307784,0.8));
#7683=CARTESIAN_POINT('',(-0.750173904379298,0.277925743702337,0.8));
#7684=CARTESIAN_POINT('Ctrl Pts',(-0.370621092661615,-0.405269317176717,
0.8));
#7685=CARTESIAN_POINT('Ctrl Pts',(-0.392422850238111,-0.39771844320021,
0.800000000003212));
#7686=CARTESIAN_POINT('Ctrl Pts',(-0.412998447158881,-0.386400134293002,
0.799306975047205));
#7687=CARTESIAN_POINT('Ctrl Pts',(-0.459087100706806,-0.349232502364762,
0.797637315490205));
#7688=CARTESIAN_POINT('Ctrl Pts',(-0.481662147195645,-0.318901793546623,
0.796948733951061));
#7689=CARTESIAN_POINT('Ctrl Pts',(-0.504232372280283,-0.253230121585638,
0.798210690501614));
#7690=CARTESIAN_POINT('Ctrl Pts',(-0.504126174295852,-0.217842162249824,
0.799728773132081));
#7691=CARTESIAN_POINT('Ctrl Pts',(-0.501569627097571,-0.181865876102864,
0.799964294370263));
#7692=CARTESIAN_POINT('Origin',(0.0921351479813905,-0.474476554746155,0.3));
#7693=CARTESIAN_POINT('Origin',(-0.394951128569958,-1.8202074901401,0.3));
#7694=CARTESIAN_POINT('',(0.0921351479813905,-0.474476554746155,0.8));
#7695=CARTESIAN_POINT('',(-0.683239659210115,-1.9064806247223,0.737691004655747));
#7696=CARTESIAN_POINT('',(-0.438852349970233,-1.19494223174254,0.730628897762903));
#7697=CARTESIAN_POINT('Ctrl Pts',(-0.683239659210115,-1.9064806247223,0.737691004655747));
#7698=CARTESIAN_POINT('Ctrl Pts',(-0.603106891229845,-1.66881760998258,
0.734632849144718));
#7699=CARTESIAN_POINT('Ctrl Pts',(-0.521073302258652,-1.43189865543306,
0.732595822311928));
#7700=CARTESIAN_POINT('Ctrl Pts',(-0.438852349970233,-1.19494223174254,
0.730628897762903));
#7701=CARTESIAN_POINT('',(-0.237098839341884,-1.26881825589194,0.798458485046211));
#7702=CARTESIAN_POINT('Ctrl Pts',(-0.438852349970233,-1.19494223174254,
0.730628897762903));
#7703=CARTESIAN_POINT('Ctrl Pts',(-0.408604647529679,-1.2059016755157,0.749611312166448));
#7704=CARTESIAN_POINT('Ctrl Pts',(-0.37523245625644,-1.21800634466858,0.76550855803861));
#7705=CARTESIAN_POINT('Ctrl Pts',(-0.307584853659814,-1.24278182363855,
0.788185276838818));
#7706=CARTESIAN_POINT('Ctrl Pts',(-0.272874189597151,-1.25560951327112,
0.795457008716968));
#7707=CARTESIAN_POINT('Ctrl Pts',(-0.237098839341884,-1.26881825589194,
0.798458485046211));
#7708=CARTESIAN_POINT('Ctrl Pts',(-0.237098839341884,-1.26881825589194,
0.798458485046211));
#7709=CARTESIAN_POINT('Ctrl Pts',(-0.275414346832524,-1.32150283784931,
0.797034105015992));
#7710=CARTESIAN_POINT('Ctrl Pts',(-0.313580306582016,-1.37409236180286,
0.794630109199877));
#7711=CARTESIAN_POINT('Ctrl Pts',(-0.38984067324421,-1.47931596584696,0.787820243274637));
#7712=CARTESIAN_POINT('Ctrl Pts',(-0.428076473995895,-1.53189021003172,
0.783337182157892));
#7713=CARTESIAN_POINT('Ctrl Pts',(-0.502959871435994,-1.63789217022291,
0.772810889180514));
#7714=CARTESIAN_POINT('Ctrl Pts',(-0.539509082069772,-1.69135862683373,
0.766871840502974));
#7715=CARTESIAN_POINT('Ctrl Pts',(-0.611894345199909,-1.79870598631541,
0.753478889000952));
#7716=CARTESIAN_POINT('Ctrl Pts',(-0.647860523484905,-1.85253136097837,
0.745922819758431));
#7717=CARTESIAN_POINT('Ctrl Pts',(-0.683239659210115,-1.9064806247223,0.737691004655747));
#7718=CARTESIAN_POINT('Ctrl Pts',(-0.825073618329276,-2.49376005590305,
0.3));
#7719=CARTESIAN_POINT('Ctrl Pts',(-0.825073618329276,-2.49376005590305,
0.318699956271368));
#7720=CARTESIAN_POINT('Ctrl Pts',(-0.823263684170933,-2.4909257800276,0.356097091393288));
#7721=CARTESIAN_POINT('Ctrl Pts',(-0.812484046052373,-2.47404534925353,
0.429967045973953));
#7722=CARTESIAN_POINT('Ctrl Pts',(-0.7857250669659,-2.4321419857931,0.51874718352779));
#7723=CARTESIAN_POINT('Ctrl Pts',(-0.716901726519106,-2.32436771533294,
0.646297171310267));
#7724=CARTESIAN_POINT('Ctrl Pts',(-0.58797117359598,-2.1224682406619,0.765869372766597));
#7725=CARTESIAN_POINT('Ctrl Pts',(-0.459297302568606,-1.92097071834997,
0.8));
#7726=CARTESIAN_POINT('Ctrl Pts',(-0.394951128569958,-1.8202074901401,0.8));
#7727=CARTESIAN_POINT('Ctrl Pts',(-0.865568911510806,-2.5074736940198,0.3));
#7728=CARTESIAN_POINT('Ctrl Pts',(-0.865568911510806,-2.5074736940198,0.322024459443643));
#7729=CARTESIAN_POINT('Ctrl Pts',(-0.862922809603573,-2.50355192278401,
0.366042869329006));
#7730=CARTESIAN_POINT('Ctrl Pts',(-0.84786031718592,-2.48102464214929,0.449764008477048));
#7731=CARTESIAN_POINT('Ctrl Pts',(-0.814236479781021,-2.43016200558604,
0.541940430853799));
#7732=CARTESIAN_POINT('Ctrl Pts',(-0.736509744150266,-2.31317471462638,
0.663594369075277));
#7733=CARTESIAN_POINT('Ctrl Pts',(-0.598749893161507,-2.11142871173034,
0.770179418704594));
#7734=CARTESIAN_POINT('Ctrl Pts',(-0.462890704006565,-1.91730195376034,
0.8));
#7735=CARTESIAN_POINT('Ctrl Pts',(-0.394951128569958,-1.8202074901401,0.8));
#7736=CARTESIAN_POINT('Ctrl Pts',(-0.955549409451997,-2.50795678333019,
0.3));
#7737=CARTESIAN_POINT('Ctrl Pts',(-0.955549409451997,-2.50795678333019,
0.327601117095534));
#7738=CARTESIAN_POINT('Ctrl Pts',(-0.951058691216488,-2.50240674068189,
0.382725220806882));
#7739=CARTESIAN_POINT('Ctrl Pts',(-0.926389679907996,-2.47169590353493,
0.482498390878848));
#7740=CARTESIAN_POINT('Ctrl Pts',(-0.87695419010064,-2.40912923347683,0.579005816285162));
#7741=CARTESIAN_POINT('Ctrl Pts',(-0.778060213099558,-2.28371744642848,
0.689548626326795));
#7742=CARTESIAN_POINT('Ctrl Pts',(-0.620278520736246,-2.08938888591591,
0.776160085960274));
#7743=CARTESIAN_POINT('Ctrl Pts',(-0.470077506882484,-1.90996442458108,
0.8));
#7744=CARTESIAN_POINT('Ctrl Pts',(-0.394951128569958,-1.82020749014009,
0.8));
#7745=CARTESIAN_POINT('Ctrl Pts',(-1.06429550441496,-2.42785127866474,0.3));
#7746=CARTESIAN_POINT('Ctrl Pts',(-1.06429550441496,-2.42785127866474,0.329461426337088));
#7747=CARTESIAN_POINT('Ctrl Pts',(-1.05839595395023,-2.42250477647063,0.388293694776925));
#7748=CARTESIAN_POINT('Ctrl Pts',(-1.02611716061077,-2.39330303764103,0.493328356229023));
#7749=CARTESIAN_POINT('Ctrl Pts',(-0.962274824403462,-2.33591860559927,
0.591010057675726));
#7750=CARTESIAN_POINT('Ctrl Pts',(-0.839095012139813,-2.22540318669854,
0.697609022785785));
#7751=CARTESIAN_POINT('Ctrl Pts',(-0.652593170637981,-2.05638680899373,
0.777918318314514));
#7752=CARTESIAN_POINT('Ctrl Pts',(-0.480857711196361,-1.89895813081219,
0.8));
#7753=CARTESIAN_POINT('Ctrl Pts',(-0.394951128569958,-1.8202074901401,0.8));
#7754=CARTESIAN_POINT('Ctrl Pts',(-1.09683995318931,-2.32018432834591,0.3));
#7755=CARTESIAN_POINT('Ctrl Pts',(-1.09683995318931,-2.32018432834591,0.324972795190697));
#7756=CARTESIAN_POINT('Ctrl Pts',(-1.09194011121784,-2.31673999278454,0.374863694772858));
#7757=CARTESIAN_POINT('Ctrl Pts',(-1.06442311471591,-2.29756720395023,0.467132720221023));
#7758=CARTESIAN_POINT('Ctrl Pts',(-1.00592665960016,-2.25750893258908,0.561773207126481));
#7759=CARTESIAN_POINT('Ctrl Pts',(-0.881525940138494,-2.17220418164146,
0.677700226158432));
#7760=CARTESIAN_POINT('Ctrl Pts',(-0.679544928924262,-2.0289089396196,0.773495140388522));
#7761=CARTESIAN_POINT('Ctrl Pts',(-0.48984121479126,-1.88978621933811,0.8));
#7762=CARTESIAN_POINT('Ctrl Pts',(-0.394951128569958,-1.82020749014009,
0.8));
#7763=CARTESIAN_POINT('Ctrl Pts',(-1.08456040767694,-2.25636025333033,0.3));
#7764=CARTESIAN_POINT('Ctrl Pts',(-1.08456040767694,-2.25636025333033,0.320356609334777));
#7765=CARTESIAN_POINT('Ctrl Pts',(-1.08113160831771,-2.25420480859342,0.361057514032938));
#7766=CARTESIAN_POINT('Ctrl Pts',(-1.0611741519744,-2.24169213956516,0.439841651828786));
#7767=CARTESIAN_POINT('Ctrl Pts',(-1.01419572734618,-2.21246204312402,0.530325295687161));
#7768=CARTESIAN_POINT('Ctrl Pts',(-0.900338440298093,-2.14152713267802,
0.654942331178763));
#7769=CARTESIAN_POINT('Ctrl Pts',(-0.695762419542012,-2.01240971280222,
0.768031919309671));
#7770=CARTESIAN_POINT('Ctrl Pts',(-0.495231316948199,-1.88428307245366,
0.8));
#7771=CARTESIAN_POINT('Ctrl Pts',(-0.394951128569958,-1.8202074901401,0.8));
#7772=CARTESIAN_POINT('Ctrl Pts',(-1.07728487053112,-2.23625926531223,0.3));
#7773=CARTESIAN_POINT('Ctrl Pts',(-1.07728487053112,-2.23625926531223,0.318699956271368));
#7774=CARTESIAN_POINT('Ctrl Pts',(-1.07441364390064,-2.23450854002478,0.356097091393288));
#7775=CARTESIAN_POINT('Ctrl Pts',(-1.0573131411612,-2.22408153915475,0.429967045973953));
#7776=CARTESIAN_POINT('Ctrl Pts',(-1.01486347910947,-2.19819793386605,0.51874718352779));
#7777=CARTESIAN_POINT('Ctrl Pts',(-0.905684144060967,-2.13162603016907,
0.646297171310268));
#7778=CARTESIAN_POINT('Ctrl Pts',(-0.701152484536757,-2.00691321766859,
0.765869372766597));
#7779=CARTESIAN_POINT('Ctrl Pts',(-0.497028017667178,-1.88244869015885,
0.8));
#7780=CARTESIAN_POINT('Ctrl Pts',(-0.394951128569958,-1.8202074901401,0.8));
#7781=CARTESIAN_POINT('Ctrl Pts',(1.1430734353181,-2.23625926531222,0.3));
#7782=CARTESIAN_POINT('Ctrl Pts',(1.1430734353181,-2.23625926531222,0.318699956271368));
#7783=CARTESIAN_POINT('Ctrl Pts',(1.14020425996838,-2.23450979078954,0.35609790279836));
#7784=CARTESIAN_POINT('Ctrl Pts',(1.12308695398026,-2.22407254416877,0.42995965856404));
#7785=CARTESIAN_POINT('Ctrl Pts',(1.08068912621813,-2.19822054474517,0.518764229663537));
#7786=CARTESIAN_POINT('Ctrl Pts',(0.998703392648451,-2.14822989076928,0.614371899751551));
#7787=CARTESIAN_POINT('Ctrl Pts',(0.889750006036127,-2.08179575872595,0.694184465498171));
#7788=CARTESIAN_POINT('Ctrl Pts',(0.715811708747976,-1.97573719396971,0.774346123223636));
#7789=CARTESIAN_POINT('Ctrl Pts',(0.562816582454155,-1.88244869015885,0.8));
#7790=CARTESIAN_POINT('Ctrl Pts',(0.460739693356935,-1.8202074901401,0.8));
#7791=CARTESIAN_POINT('Ctrl Pts',(1.15762450960974,-2.27646124134841,0.3));
#7792=CARTESIAN_POINT('Ctrl Pts',(1.15762450960974,-2.27646124134841,0.322024459443643));
#7793=CARTESIAN_POINT('Ctrl Pts',(1.1536563047513,-2.27390034853332,0.366034492813906));
#7794=CARTESIAN_POINT('Ctrl Pts',(1.13081782286101,-2.25931150611203,0.449755272281663));
#7795=CARTESIAN_POINT('Ctrl Pts',(1.07924220336874,-2.22673041792425,0.541955237692176));
#7796=CARTESIAN_POINT('Ctrl Pts',(0.990298799589387,-2.17021154783312,0.633230137177674));
#7797=CARTESIAN_POINT('Ctrl Pts',(0.878910812362727,-2.09810782732051,0.706214473557918));
#7798=CARTESIAN_POINT('Ctrl Pts',(0.706836210485118,-1.98488089640422,0.777679271612673));
#7799=CARTESIAN_POINT('Ctrl Pts',(0.559223181016195,-1.88611745474848,0.8));
#7800=CARTESIAN_POINT('Ctrl Pts',(0.460739693356935,-1.8202074901401,0.8));
#7801=CARTESIAN_POINT('Ctrl Pts',(1.15997462605008,-2.36641242583701,0.3));
#7802=CARTESIAN_POINT('Ctrl Pts',(1.15997462605008,-2.36641242583701,0.327601117095534));
#7803=CARTESIAN_POINT('Ctrl Pts',(1.15434615679346,-2.36205206610388,0.382699721050869));
#7804=CARTESIAN_POINT('Ctrl Pts',(1.12315764889659,-2.33804078675857,0.482490472648579));
#7805=CARTESIAN_POINT('Ctrl Pts',(1.05941498467808,-2.28979785608195,0.579001033191784));
#7806=CARTESIAN_POINT('Ctrl Pts',(0.963910283474022,-2.21759105257693,0.662134844133367));
#7807=CARTESIAN_POINT('Ctrl Pts',(0.853090981100711,-2.13219652633452,0.724038629162623));
#7808=CARTESIAN_POINT('Ctrl Pts',(0.688846675834331,-2.00316577552101,0.782363138159976));
#7809=CARTESIAN_POINT('Ctrl Pts',(0.552036378140277,-1.89345498392774,0.8));
#7810=CARTESIAN_POINT('Ctrl Pts',(0.460739693356935,-1.8202074901401,0.8));
#7811=CARTESIAN_POINT('Ctrl Pts',(1.08214325586756,-2.47679748221596,0.3));
#7812=CARTESIAN_POINT('Ctrl Pts',(1.08214325586756,-2.47679748221596,0.329461426337089));
#7813=CARTESIAN_POINT('Ctrl Pts',(1.07669279086278,-2.47102367569363,0.388262483587859));
#7814=CARTESIAN_POINT('Ctrl Pts',(1.04685424289699,-2.43939662395595,0.493322150179889));
#7815=CARTESIAN_POINT('Ctrl Pts',(0.987984157001753,-2.37656175353379,0.590993624983624));
#7816=CARTESIAN_POINT('Ctrl Pts',(0.903237816354895,-2.28598106521445,0.671243118986692));
#7817=CARTESIAN_POINT('Ctrl Pts',(0.805975784893618,-2.1826887576749,0.729527853573613));
#7818=CARTESIAN_POINT('Ctrl Pts',(0.661856948851261,-2.03069481214706,0.78375303998655));
#7819=CARTESIAN_POINT('Ctrl Pts',(0.541256173826399,-1.90446127769663,0.8));
#7820=CARTESIAN_POINT('Ctrl Pts',(0.460739693356935,-1.8202074901401,0.8));
#7821=CARTESIAN_POINT('Ctrl Pts',(0.975174921061174,-2.51156929570846,0.3));
#7822=CARTESIAN_POINT('Ctrl Pts',(0.975174921061174,-2.51156929570846,0.324972795190697));
#7823=CARTESIAN_POINT('Ctrl Pts',(0.971639258745644,-2.50675158842459,0.374846574273554));
#7824=CARTESIAN_POINT('Ctrl Pts',(0.951906900362571,-2.47965395733074,0.467123915735965));
#7825=CARTESIAN_POINT('Ctrl Pts',(0.910576370543722,-2.42189862792541,0.561778947124497));
#7826=CARTESIAN_POINT('Ctrl Pts',(0.844642281231955,-2.32998763039975,0.648856824176818));
#7827=CARTESIAN_POINT('Ctrl Pts',(0.763845823585169,-2.21980698111315,0.715931905329787));
#7828=CARTESIAN_POINT('Ctrl Pts',(0.639434113264428,-2.05366074909755,0.780268292314724));
#7829=CARTESIAN_POINT('Ctrl Pts',(0.5322726702315,-1.91363318917071,0.8));
#7830=CARTESIAN_POINT('Ctrl Pts',(0.460739693356935,-1.8202074901401,0.8));
#7831=CARTESIAN_POINT('Ctrl Pts',(0.911109829707007,-2.50061687496142,0.3));
#7832=CARTESIAN_POINT('Ctrl Pts',(0.911109829707007,-2.50061687496142,0.320356609334777));
#7833=CARTESIAN_POINT('Ctrl Pts',(0.908887377895297,-2.49723442235876,0.361054200693776));
#7834=CARTESIAN_POINT('Ctrl Pts',(0.895955967588944,-2.47754075099885,0.439833846350557));
#7835=CARTESIAN_POINT('Ctrl Pts',(0.865767661822348,-2.43117927650891,0.530338601001021));
#7836=CARTESIAN_POINT('Ctrl Pts',(0.810747171127895,-2.34684724339509,0.623794703814049));
#7837=CARTESIAN_POINT('Ctrl Pts',(0.739206973874908,-2.23813684676933,0.700200710779386));
#7838=CARTESIAN_POINT('Ctrl Pts',(0.626001175761813,-2.06743212702527,0.776018826600248));
#7839=CARTESIAN_POINT('Ctrl Pts',(0.526882568074561,-1.91913633605516,0.8));
#7840=CARTESIAN_POINT('Ctrl Pts',(0.460739693356935,-1.8202074901401,0.8));
#7841=CARTESIAN_POINT('Ctrl Pts',(0.890862183116241,-2.49376005590304,0.3));
#7842=CARTESIAN_POINT('Ctrl Pts',(0.890862183116241,-2.49376005590304,0.318699956271368));
#7843=CARTESIAN_POINT('Ctrl Pts',(0.889053542023061,-2.49092780490976,0.35609790279836));
#7844=CARTESIAN_POINT('Ctrl Pts',(0.878263311646323,-2.47403078713351,0.42995965856404));
#7845=CARTESIAN_POINT('Ctrl Pts',(0.851537007323423,-2.43217859089024,0.518764229663537));
#7846=CARTESIAN_POINT('Ctrl Pts',(0.799855688228202,-2.35124795855321,0.614371899751551));
#7847=CARTESIAN_POINT('Ctrl Pts',(0.731174778820575,-2.24369672872487,0.694184465498171));
#7848=CARTESIAN_POINT('Ctrl Pts',(0.62152935328579,-2.07199690030053,0.774346123223636));
#7849=CARTESIAN_POINT('Ctrl Pts',(0.525085867355582,-1.92097071834997,0.8));
#7850=CARTESIAN_POINT('Ctrl Pts',(0.460739693356935,-1.8202074901401,0.8));
#7851=CARTESIAN_POINT('Origin',(0.460739693356935,-1.8202074901401,0.3));
#7852=CARTESIAN_POINT('Ctrl Pts',(1.04904324688034,-2.27029341966281,0.3));
#7853=CARTESIAN_POINT('Ctrl Pts',(1.04904324688034,-2.27029341966281,0.329919930034188));
#7854=CARTESIAN_POINT('Ctrl Pts',(1.03909686319529,-2.26268386619426,0.389764377501447));
#7855=CARTESIAN_POINT('Ctrl Pts',(0.980680178317869,-2.21799175485952,0.50337645847863));
#7856=CARTESIAN_POINT('Ctrl Pts',(0.812057638509138,-2.08898584946638,0.647629912217802));
#7857=CARTESIAN_POINT('Ctrl Pts',(0.592754702059071,-1.92120653654529,0.7));
#7858=CARTESIAN_POINT('Ctrl Pts',(0.460739693356935,-1.8202074901401,0.7));
#7859=CARTESIAN_POINT('Ctrl Pts',(1.05631878402616,-2.29039440768091,0.3));
#7860=CARTESIAN_POINT('Ctrl Pts',(1.05631878402616,-2.29039440768091,0.33324141191854));
#7861=CARTESIAN_POINT('Ctrl Pts',(1.04392262447639,-2.28098098275328,0.39940320420068));
#7862=CARTESIAN_POINT('Ctrl Pts',(0.978020594804699,-2.230875238013,0.51550083093891));
#7863=CARTESIAN_POINT('Ctrl Pts',(0.804861753985485,-2.09617068100756,0.652032110351066));
#7864=CARTESIAN_POINT('Ctrl Pts',(0.590059650980602,-1.92395810998751,0.7));
#7865=CARTESIAN_POINT('Ctrl Pts',(0.460739693356935,-1.8202074901401,0.7));
#7866=CARTESIAN_POINT('Ctrl Pts',(1.05749532196133,-2.33539151373561,0.3));
#7867=CARTESIAN_POINT('Ctrl Pts',(1.05749532196133,-2.33539151373561,0.338825899860423));
#7868=CARTESIAN_POINT('Ctrl Pts',(1.04135166990001,-2.32196658807018,0.415538690733025));
#7869=CARTESIAN_POINT('Ctrl Pts',(0.965537324746092,-2.25916273428586,0.53457146074212));
#7870=CARTESIAN_POINT('Ctrl Pts',(0.790275531768811,-2.11057646731316,0.658033111828347));
#7871=CARTESIAN_POINT('Ctrl Pts',(0.584669548823661,-1.92946125687196,0.7));
#7872=CARTESIAN_POINT('Ctrl Pts',(0.460739693356934,-1.82020749014009,0.7));
#7873=CARTESIAN_POINT('Ctrl Pts',(1.02181335703429,-2.38589314988991,0.3));
#7874=CARTESIAN_POINT('Ctrl Pts',(1.02181335703429,-2.38589314988991,0.340520655799675));
#7875=CARTESIAN_POINT('Ctrl Pts',(1.00591646597809,-2.36971541062305,0.42042800155621));
#7876=CARTESIAN_POINT('Ctrl Pts',(0.933710098607334,-2.29614790683822,0.540140419500706));
#7877=CARTESIAN_POINT('Ctrl Pts',(0.770394384143111,-2.13070567235717,0.659631028469111));
#7878=CARTESIAN_POINT('Ctrl Pts',(0.577258158357871,-1.93702808383807,0.7));
#7879=CARTESIAN_POINT('Ctrl Pts',(0.460739693356935,-1.8202074901401,0.7));
#7880=CARTESIAN_POINT('Ctrl Pts',(0.970980318935711,-2.40700525551391,0.3));
#7881=CARTESIAN_POINT('Ctrl Pts',(0.970980318935711,-2.40700525551391,0.33680049755152));
#7882=CARTESIAN_POINT('Ctrl Pts',(0.958790552066031,-2.39242423397255,0.409695990403205));
#7883=CARTESIAN_POINT('Ctrl Pts',(0.89940200589353,-2.321182873802,0.527756803450334));
#7884=CARTESIAN_POINT('Ctrl Pts',(0.75259511049823,-2.14924460538943,0.655960702613096));
#7885=CARTESIAN_POINT('Ctrl Pts',(0.570520530661696,-1.94390701744363,0.7));
#7886=CARTESIAN_POINT('Ctrl Pts',(0.460739693356934,-1.8202074901401,0.7));
#7887=CARTESIAN_POINT('Ctrl Pts',(0.938123355722485,-2.40418642925201,0.3));
#7888=CARTESIAN_POINT('Ctrl Pts',(0.938123355722485,-2.40418642925201,0.332416698269974));
#7889=CARTESIAN_POINT('Ctrl Pts',(0.928919398383091,-2.39258854936922,0.397004929692123));
#7890=CARTESIAN_POINT('Ctrl Pts',(0.878826383924112,-2.32958593076518,0.512474389198096));
#7891=CARTESIAN_POINT('Ctrl Pts',(0.742013442685199,-2.16036923348695,0.650926988441678));
#7892=CARTESIAN_POINT('Ctrl Pts',(0.566477954043993,-1.94803437760697,0.7));
#7893=CARTESIAN_POINT('Ctrl Pts',(0.460739693356935,-1.8202074901401,0.7));
#7894=CARTESIAN_POINT('Ctrl Pts',(0.92293762077941,-2.39904381495823,0.3));
#7895=CARTESIAN_POINT('Ctrl Pts',(0.92293762077941,-2.39904381495823,0.329919930034189));
#7896=CARTESIAN_POINT('Ctrl Pts',(0.915123291090177,-2.38925749267103,0.389764377501447));
#7897=CARTESIAN_POINT('Ctrl Pts',(0.869228496616253,-2.33178087370452,0.50337645847863));
#7898=CARTESIAN_POINT('Ctrl Pts',(0.736750989129621,-2.16587187886705,0.647629912217802));
#7899=CARTESIAN_POINT('Ctrl Pts',(0.56445666573514,-1.95009805768864,0.7));
#7900=CARTESIAN_POINT('Ctrl Pts',(0.460739693356935,-1.8202074901401,0.7));
#7901=CARTESIAN_POINT('',(0.92293762077941,-2.39904381495823,0.3));
#7902=CARTESIAN_POINT('',(1.04904324688034,-2.27029341966281,0.3));
#7903=CARTESIAN_POINT('Origin',(0.95501305844258,-2.30432757401341,0.3));
#7904=CARTESIAN_POINT('',(0.460739693356935,-1.8202074901401,0.7));
#7905=CARTESIAN_POINT('Origin',(0.460739693356935,-1.8202074901401,0.3));
#7906=CARTESIAN_POINT('Origin',(0.460739693356935,-1.8202074901401,0.3));
#7907=CARTESIAN_POINT('Ctrl Pts',(-0.857149055992445,-2.39904381495823,
0.3));
#7908=CARTESIAN_POINT('Ctrl Pts',(-0.857149055992445,-2.39904381495823,
0.329919930034188));
#7909=CARTESIAN_POINT('Ctrl Pts',(-0.851296102411681,-2.39171383371208,
0.374797091471917));
#7910=CARTESIAN_POINT('Ctrl Pts',(-0.822548957437128,-2.35571217563697,
0.461179717888782));
#7911=CARTESIAN_POINT('Ctrl Pts',(-0.754790390988172,-2.27085433173235,
0.567476825325153));
#7912=CARTESIAN_POINT('Ctrl Pts',(-0.602355229819246,-2.07995125054344,
0.672693558325978));
#7913=CARTESIAN_POINT('Ctrl Pts',(-0.464095776822096,-1.90680120183912,
0.7));
#7914=CARTESIAN_POINT('Ctrl Pts',(-0.394951128569958,-1.8202074901401,0.7));
#7915=CARTESIAN_POINT('Ctrl Pts',(-0.87739670258321,-2.40590063401661,0.3));
#7916=CARTESIAN_POINT('Ctrl Pts',(-0.87739670258321,-2.40590063401661,0.33324141191854));
#7917=CARTESIAN_POINT('Ctrl Pts',(-0.870211184415859,-2.39683336138205,
0.382829073704379));
#7918=CARTESIAN_POINT('Ctrl Pts',(-0.837490767237691,-2.35560361738789,
0.47303177597049));
#7919=CARTESIAN_POINT('Ctrl Pts',(-0.76497390942463,-2.26516795790003,0.576784906731356));
#7920=CARTESIAN_POINT('Ctrl Pts',(-0.607782814302984,-2.0744747929201,0.674843988295965));
#7921=CARTESIAN_POINT('Ctrl Pts',(-0.465892477541076,-1.90496681954431,
0.7));
#7922=CARTESIAN_POINT('Ctrl Pts',(-0.394951128569958,-1.8202074901401,0.7));
#7923=CARTESIAN_POINT('Ctrl Pts',(-0.922408536874978,-2.4061431953629,0.3));
#7924=CARTESIAN_POINT('Ctrl Pts',(-0.922408536874978,-2.4061431953629,0.338825899860423));
#7925=CARTESIAN_POINT('Ctrl Pts',(-0.912295947092423,-2.39445912404963,
0.396277230413869));
#7926=CARTESIAN_POINT('Ctrl Pts',(-0.870456940874544,-2.34610614650634,
0.492177782995657));
#7927=CARTESIAN_POINT('Ctrl Pts',(-0.786610723547994,-2.24991127755476,
0.590759846943467));
#7928=CARTESIAN_POINT('Ctrl Pts',(-0.618612334521585,-2.0635332888723,0.677832469079539));
#7929=CARTESIAN_POINT('Ctrl Pts',(-0.469485878979035,-1.90129805495468,
0.7));
#7930=CARTESIAN_POINT('Ctrl Pts',(-0.394951128569958,-1.82020749014009,
0.7));
#7931=CARTESIAN_POINT('Ctrl Pts',(-0.972158809320191,-2.36942080971903,
0.3));
#7932=CARTESIAN_POINT('Ctrl Pts',(-0.972158809320191,-2.36942080971903,
0.340520655799674));
#7933=CARTESIAN_POINT('Ctrl Pts',(-0.960034527304869,-2.35799949430639,
0.400354025794126));
#7934=CARTESIAN_POINT('Ctrl Pts',(-0.911027446279544,-2.31183485226267,
0.497860763921329));
#7935=CARTESIAN_POINT('Ctrl Pts',(-0.815817705825741,-2.22200414248557,
0.594727361699247));
#7936=CARTESIAN_POINT('Ctrl Pts',(-0.63345765151654,-2.04842156810119,0.67864116443504));
#7937=CARTESIAN_POINT('Ctrl Pts',(-0.474426805956229,-1.89625350364393,
0.7));
#7938=CARTESIAN_POINT('Ctrl Pts',(-0.394951128569958,-1.8202074901401,0.7));
#7939=CARTESIAN_POINT('Ctrl Pts',(-0.992211441025316,-2.31816058269392,
0.3));
#7940=CARTESIAN_POINT('Ctrl Pts',(-0.992211441025316,-2.31816058269392,
0.33680049755152));
#7941=CARTESIAN_POINT('Ctrl Pts',(-0.981250949163449,-2.30939637960961,
0.391407991922545));
#7942=CARTESIAN_POINT('Ctrl Pts',(-0.934547675915559,-2.27202910671753,
0.485297313160849));
#7943=CARTESIAN_POINT('Ctrl Pts',(-0.838501846486551,-2.194543313112,0.585818757014762));
#7944=CARTESIAN_POINT('Ctrl Pts',(-0.646889868421778,-2.03462509243901,
0.676794722473749));
#7945=CARTESIAN_POINT('Ctrl Pts',(-0.478918557753678,-1.89166754790689,
0.7));
#7946=CARTESIAN_POINT('Ctrl Pts',(-0.394951128569958,-1.82020749014009,
0.7));
#7947=CARTESIAN_POINT('Ctrl Pts',(-0.988711334952733,-2.2853691606764,0.3));
#7948=CARTESIAN_POINT('Ctrl Pts',(-0.988711334952733,-2.2853691606764,0.332416698269974));
#7949=CARTESIAN_POINT('Ctrl Pts',(-0.979935796344247,-2.27870455966886,
0.380830131092404));
#7950=CARTESIAN_POINT('Ctrl Pts',(-0.939363847796156,-2.24779168934607,
0.470076393633689));
#7951=CARTESIAN_POINT('Ctrl Pts',(-0.848865408076918,-2.17832616738621,
0.574456066991356));
#7952=CARTESIAN_POINT('Ctrl Pts',(-0.654923383795766,-2.02632381774561,
0.674305112441952));
#7953=CARTESIAN_POINT('Ctrl Pts',(-0.481613608832148,-1.88891597446467,
0.7));
#7954=CARTESIAN_POINT('Ctrl Pts',(-0.394951128569958,-1.8202074901401,0.7));
#7955=CARTESIAN_POINT('Ctrl Pts',(-0.983254682093368,-2.27029341966283,
0.3));
#7956=CARTESIAN_POINT('Ctrl Pts',(-0.983254682093368,-2.27029341966283,
0.329919930034189));
#7957=CARTESIAN_POINT('Ctrl Pts',(-0.975804814437377,-2.26459384401232,
0.374797091471917));
#7958=CARTESIAN_POINT('Ctrl Pts',(-0.939214326815559,-2.23660002426685,
0.461179717888783));
#7959=CARTESIAN_POINT('Ctrl Pts',(-0.852968580007752,-2.17061708588939,
0.567476825325154));
#7960=CARTESIAN_POINT('Ctrl Pts',(-0.658943159994089,-2.022176521499,0.672693558325978));
#7961=CARTESIAN_POINT('Ctrl Pts',(-0.482961134371382,-1.88754018774356,
0.7));
#7962=CARTESIAN_POINT('Ctrl Pts',(-0.394951128569958,-1.8202074901401,0.7));
#7963=CARTESIAN_POINT('',(-0.983254682093368,-2.27029341966283,0.3));
#7964=CARTESIAN_POINT('',(-0.857149055992444,-2.39904381495823,0.3));
#7965=CARTESIAN_POINT('Origin',(-0.889224493655613,-2.30432757401342,0.3));
#7966=CARTESIAN_POINT('',(-0.394951128569958,-1.8202074901401,0.7));
#7967=CARTESIAN_POINT('Origin',(-0.394951128569958,-1.8202074901401,0.3));
#7968=CARTESIAN_POINT('Origin',(-0.394951128569958,-1.8202074901401,0.3));
#7969=CARTESIAN_POINT('Origin',(0.0921351479813905,-0.474476554746155,0.3));
#7970=CARTESIAN_POINT('',(-0.0752513061891025,-0.936934933040018,0.7));
#7971=CARTESIAN_POINT('',(0.0921351479813905,-0.474476554746155,0.7));
#7972=CARTESIAN_POINT('',(-0.528837796603159,-1.01482207955605,0.3));
#7973=CARTESIAN_POINT('',(-0.283985605769633,-0.338339937343774,0.3));
#7974=CARTESIAN_POINT('Origin',(-0.0752513061891025,-0.936934933040018,
0.3));
#7975=CARTESIAN_POINT('Origin',(-0.750173904379298,0.277925743702337,0.3));
#7976=CARTESIAN_POINT('',(-0.926381437054694,0.595099302518055,0.7));
#7977=CARTESIAN_POINT('',(-0.750173904379298,0.277925743702337,0.7));
#7978=CARTESIAN_POINT('',(-0.535452257428761,-0.932223632087592,0.3));
#7979=CARTESIAN_POINT('Origin',(-0.0752513061891025,-0.936934933040018,
0.3));
#7980=CARTESIAN_POINT('',(-1.27002672567645,0.390010410758247,0.3));
#7981=CARTESIAN_POINT('',(-1.09983681482791,0.083668571230885,0.3));
#7982=CARTESIAN_POINT('Ctrl Pts',(-0.926381437054694,0.595099302518055,
0.7));
#7983=CARTESIAN_POINT('Ctrl Pts',(-0.926754701500543,0.594874794277549,
0.7));
#7984=CARTESIAN_POINT('Ctrl Pts',(-0.927127968744844,0.594650291390924,
0.699999289353139));
#7985=CARTESIAN_POINT('Ctrl Pts',(-0.927501237282711,0.594425794744072,
0.699997868060958));
#7986=CARTESIAN_POINT('Ctrl Pts',(-1.01236458289636,0.543386034897715,0.699674734452663));
#7987=CARTESIAN_POINT('Ctrl Pts',(-1.09657901164765,0.493121311398234,0.661124522688911));
#7988=CARTESIAN_POINT('Ctrl Pts',(-1.15898867380532,0.455974751968448,0.594301039210065));
#7989=CARTESIAN_POINT('Ctrl Pts',(-1.22181006263079,0.418583130658725,0.527036710367971));
#7990=CARTESIAN_POINT('Ctrl Pts',(-1.26189319745539,0.394833730113335,0.431758379266626));
#7991=CARTESIAN_POINT('Ctrl Pts',(-1.268877966431,0.390691634002299,0.332653326114141));
#7992=CARTESIAN_POINT('Ctrl Pts',(-1.26964425842583,0.390237208794712,0.321780610188555));
#7993=CARTESIAN_POINT('Ctrl Pts',(-1.27002672567646,0.39001041075827,0.310887058739628));
#7994=CARTESIAN_POINT('Ctrl Pts',(-1.27002672567646,0.39001041075827,0.3));
#7995=CARTESIAN_POINT('Origin',(-0.694786206915427,2.01830716809754,0.3));
#7996=CARTESIAN_POINT('',(-0.280268481153541,2.62847124450143,0.7));
#7997=CARTESIAN_POINT('',(-0.492100462265938,3.02847124450143,0.3));
#7998=CARTESIAN_POINT('Origin',(-0.280268481153541,2.62847124450143,0.3));
#7999=CARTESIAN_POINT('',(-0.907175371902192,1.70567339965216,0.7));
#8000=CARTESIAN_POINT('',(-0.694786206915427,2.01830716809754,0.7));
#8001=CARTESIAN_POINT('',(-1.23804524751746,1.93045134654718,0.3));
#8002=CARTESIAN_POINT('Origin',(-0.907175371902192,1.70567339965216,0.3));
#8003=CARTESIAN_POINT('',(-1.02565608253069,2.24308511499255,0.3));
#8004=CARTESIAN_POINT('Origin',(-0.0681992543909822,1.13571117859037,0.3));
#8005=CARTESIAN_POINT('',(-1.2723027079208,0.39389822683254,0.3));
#8006=CARTESIAN_POINT('Origin',(-0.0681992543909822,1.13571117859037,0.3));
#8007=CARTESIAN_POINT('Origin',(-0.0681992543909822,1.13571117859037,0.7));
#8008=CARTESIAN_POINT('Ctrl Pts',(-0.926381437054694,0.595099302518055,
0.7));
#8009=CARTESIAN_POINT('Ctrl Pts',(-0.926757753839825,0.594879948981912,
0.7));
#8010=CARTESIAN_POINT('Ctrl Pts',(-0.927134070851755,0.594660596717209,
0.699999289353139));
#8011=CARTESIAN_POINT('Ctrl Pts',(-0.927510386582944,0.594441246603827,
0.699997868060958));
#8012=CARTESIAN_POINT('Ctrl Pts',(-1.01306736577913,0.544571067038966,0.699674731249466));
#8013=CARTESIAN_POINT('Ctrl Pts',(-1.09783413518474,0.495249960263359,0.661123717526123));
#8014=CARTESIAN_POINT('Ctrl Pts',(-1.16062492901315,0.458757172305609,0.5942990519549));
#8015=CARTESIAN_POINT('Ctrl Pts',(-1.2238317027155,0.422022624936822,0.527031682696309));
#8016=CARTESIAN_POINT('Ctrl Pts',(-1.26412833907949,0.398642386032953,0.431748197124863));
#8017=CARTESIAN_POINT('Ctrl Pts',(-1.2711486473291,0.394568004990296,0.332639271448563));
#8018=CARTESIAN_POINT('Ctrl Pts',(-1.27191847762857,0.394121218059193,0.321771222465361));
#8019=CARTESIAN_POINT('Ctrl Pts',(-1.27230270792081,0.393898226832562,0.310882367674873));
#8020=CARTESIAN_POINT('Ctrl Pts',(-1.27230270792081,0.393898226832562,0.3));
#8021=CARTESIAN_POINT('Origin',(0.133987819177959,1.13571117859037,0.3));
#8022=CARTESIAN_POINT('',(1.33809127270778,0.393898226832541,0.3));
#8023=CARTESIAN_POINT('',(1.30383381230444,1.93045134654718,0.3));
#8024=CARTESIAN_POINT('Origin',(0.133987819177959,1.13571117859037,0.3));
#8025=CARTESIAN_POINT('',(0.992170001841678,0.595099302518067,0.7));
#8026=CARTESIAN_POINT('Ctrl Pts',(0.992170001842172,0.595099302517801,0.7));
#8027=CARTESIAN_POINT('Ctrl Pts',(0.99254631862718,0.594879948981729,0.699999999999999));
#8028=CARTESIAN_POINT('Ctrl Pts',(0.992922635638829,0.594660596717119,0.699999289353138));
#8029=CARTESIAN_POINT('Ctrl Pts',(0.993298951369896,0.59444124660381,0.699997868060958));
#8030=CARTESIAN_POINT('Ctrl Pts',(1.07851598937876,0.544769214849609,0.699676015160057));
#8031=CARTESIAN_POINT('Ctrl Pts',(1.16307024639681,0.49557137162438,0.661335533202763));
#8032=CARTESIAN_POINT('Ctrl Pts',(1.22569878644377,0.459172548225277,0.595057537569693));
#8033=CARTESIAN_POINT('Ctrl Pts',(1.28957833573078,0.422046655915335,0.527455634579258));
#8034=CARTESIAN_POINT('Ctrl Pts',(1.33033448655202,0.398400027878212,0.430870175288298));
#8035=CARTESIAN_POINT('Ctrl Pts',(1.33705064898373,0.394502169604805,0.330996212069728));
#8036=CARTESIAN_POINT('Ctrl Pts',(1.33774434901934,0.394099567009864,0.320680414537235));
#8037=CARTESIAN_POINT('Ctrl Pts',(1.33809127270778,0.393898226832543,0.310340514185904));
#8038=CARTESIAN_POINT('Ctrl Pts',(1.33809127270778,0.393898226832543,0.3));
#8039=CARTESIAN_POINT('',(0.972963936689168,1.70567339965216,0.7));
#8040=CARTESIAN_POINT('Origin',(0.133987819177959,1.13571117859037,0.7));
#8041=CARTESIAN_POINT('Origin',(0.972963936689168,1.70567339965216,0.3));
#8042=CARTESIAN_POINT('Origin',(1.14842690114102,1.44739446248229,0.3));
#8043=CARTESIAN_POINT('',(0.346057045940517,2.62847124450143,0.7));
#8044=CARTESIAN_POINT('',(1.14842690114102,1.44739446248229,0.7));
#8045=CARTESIAN_POINT('',(0.557889027052915,3.02847124450143,0.3));
#8046=CARTESIAN_POINT('Origin',(0.346057045940517,2.62847124450143,0.3));
#8047=CARTESIAN_POINT('',(1.47929677675629,1.6721724093773,0.3));
#8048=CARTESIAN_POINT('Origin',(0.448675235042431,-0.383191277720581,0.3));
#8049=CARTESIAN_POINT('',(0.14103987097608,-0.936934933040017,0.7));
#8050=CARTESIAN_POINT('',(0.448675235042431,-0.383191277720581,0.7));
#8051=CARTESIAN_POINT('',(1.33581529046342,0.390010410758248,0.3));
#8052=CARTESIAN_POINT('Ctrl Pts',(0.992170001843049,0.595099302519258,0.700000001055747));
#8053=CARTESIAN_POINT('Ctrl Pts',(0.992543265991926,0.594874794469729,0.700000000060747));
#8054=CARTESIAN_POINT('Ctrl Pts',(0.992916527519398,0.594650316098323,0.699998624258866));
#8055=CARTESIAN_POINT('Ctrl Pts',(0.99328980401635,0.594425784122497,0.699998161556183));
#8056=CARTESIAN_POINT('Ctrl Pts',(1.02695753114575,0.574174090389681,0.699956428021434));
#8057=CARTESIAN_POINT('Ctrl Pts',(1.06052892486302,0.554049428154453,0.693861895955802));
#8058=CARTESIAN_POINT('Ctrl Pts',(1.09267423687484,0.534811867138961,0.682335947178434));
#8059=CARTESIAN_POINT('Ctrl Pts',(1.12481727989018,0.515575664018459,0.670810811967198));
#8060=CARTESIAN_POINT('Ctrl Pts',(1.15553848498651,0.497233285778827,0.653854964656108));
#8061=CARTESIAN_POINT('Ctrl Pts',(1.1835132745855,0.480554190124748,0.632089522391012));
#8062=CARTESIAN_POINT('Ctrl Pts',(1.18727542638525,0.478311124470538,0.629162426281843));
#8063=CARTESIAN_POINT('Ctrl Pts',(1.19098795001872,0.476098217022358,0.626148343852922));
#8064=CARTESIAN_POINT('Ctrl Pts',(1.19464762312882,0.473917340240955,0.623048786093547));
#8065=CARTESIAN_POINT('Ctrl Pts',(1.22369119378822,0.456609660840482,0.59845035282123));
#8066=CARTESIAN_POINT('Ctrl Pts',(1.24940615461048,0.441319324420259,0.56846845984157));
#8067=CARTESIAN_POINT('Ctrl Pts',(1.27043582051527,0.428822110757014,0.534584808383808));
#8068=CARTESIAN_POINT('Ctrl Pts',(1.27288724956224,0.427365310029936,0.530634989695432));
#8069=CARTESIAN_POINT('Ctrl Pts',(1.27527501200309,0.425946463928464,0.526632152555771));
#8070=CARTESIAN_POINT('Ctrl Pts',(1.27759819875968,0.424566092474223,0.522579372994458));
#8071=CARTESIAN_POINT('Ctrl Pts',(1.30235714180565,0.409855033141252,0.479387607178969));
#8072=CARTESIAN_POINT('Ctrl Pts',(1.31978497179939,0.39951987091438,0.430523275101174));
#8073=CARTESIAN_POINT('Ctrl Pts',(1.32877834705966,0.394184199086881,0.379710659049522));
#8074=CARTESIAN_POINT('Ctrl Pts',(1.33341941029529,0.391430706695053,0.353488628116881));
#8075=CARTESIAN_POINT('Ctrl Pts',(1.33581529046342,0.39001041075825,0.326747758350225));
#8076=CARTESIAN_POINT('Ctrl Pts',(1.33581529046342,0.39001041075825,0.3));
#8077=CARTESIAN_POINT('',(0.601240822215737,-0.932223632087592,0.3));
#8078=CARTESIAN_POINT('',(0.798338145491047,-0.577448450192034,0.3));
#8079=CARTESIAN_POINT('Origin',(0.14103987097608,-0.936934933040017,0.3));
#8080=CARTESIAN_POINT('Origin',(0.20086185955069,-1.10221222479954,0.3));
#8081=CARTESIAN_POINT('',(0.594626361390136,-1.01482207955605,0.3));
#8082=CARTESIAN_POINT('',(0.576982613301713,-0.966075607397158,0.3));
#8083=CARTESIAN_POINT('',(0.20086185955069,-1.10221222479954,0.7));
#8084=CARTESIAN_POINT('Origin',(0.14103987097608,-0.936934933040017,0.3));
#8085=CARTESIAN_POINT('Origin',(-0.174387204147283,-1.74551402323313,0.3));
#8086=CARTESIAN_POINT('',(-0.0633320305960186,-2.13021950077435,0.3));
#8087=CARTESIAN_POINT('',(-0.0460854534946078,-2.12437898701239,0.3));
#8088=CARTESIAN_POINT('',(-0.191633781248694,-1.75135453699509,0.7));
#8089=CARTESIAN_POINT('',(-0.174387204147283,-1.74551402323313,0.7));
#8090=CARTESIAN_POINT('Origin',(-0.191633781248694,-1.75135453699509,0.3));
#8091=CARTESIAN_POINT('Origin',(0.0328942823934876,-2.4143682236088,0.3));
#8092=CARTESIAN_POINT('',(0.129120595382993,-2.13021950077435,0.3));
#8093=CARTESIAN_POINT('Origin',(0.0328942823934876,-2.4143682236088,0.3));
#8094=CARTESIAN_POINT('',(0.257422346035666,-1.75135453699509,0.7));
#8095=CARTESIAN_POINT('Origin',(0.0328942823934876,-2.4143682236088,0.7));
#8096=CARTESIAN_POINT('Origin',(0.257422346035666,-1.75135453699509,0.3));
#8097=CARTESIAN_POINT('Origin',(-0.156732743763953,-1.61110186614119,0.3));
#8098=CARTESIAN_POINT('',(-0.285034494416628,-1.98996682992045,0.3));
#8099=CARTESIAN_POINT('',(-0.156732743763953,-1.61110186614119,0.7));
#8100=CARTESIAN_POINT('Origin',(0.610847022331014,3.02847124450143,0.));
#8101=CARTESIAN_POINT('',(-0.467025421904691,3.02847124450143,0.0499999999999999));
#8102=CARTESIAN_POINT('',(-0.467025421904691,3.02847124450143,-6.12323399573677E-17));
#8103=CARTESIAN_POINT('',(-0.467025421904691,3.02847124450143,1.09273919746571E-16));
#8104=CARTESIAN_POINT('',(-0.367025421904691,3.02847124450143,0.3));
#8105=CARTESIAN_POINT('Origin',(0.0329745780953087,3.02847124450143,0.));
#8106=CARTESIAN_POINT('',(0.321870652362251,3.02847124450143,0.3));
#8107=CARTESIAN_POINT('',(-0.492100462265938,3.02847124450143,0.05));
#8108=CARTESIAN_POINT('',(-0.492100462265938,3.02847124450143,0.));
#8109=CARTESIAN_POINT('',(0.321870652362251,3.02847124450143,0.05));
#8110=CARTESIAN_POINT('Origin',(0.0328942823934883,0.312071835244005,0.7));
#8111=CARTESIAN_POINT('',(0.321870652362251,2.62847124450143,0.7));
#8112=CARTESIAN_POINT('',(0.461042507501739,0.241894129689537,0.7));
#8113=CARTESIAN_POINT('Origin',(0.555530696478116,0.241894129689537,0.7));
#8114=CARTESIAN_POINT('',(-0.0783275712384152,0.245831137563551,0.7));
#8115=CARTESIAN_POINT('Origin',(0.0161606177379628,0.245831137563551,0.7));
#8116=CARTESIAN_POINT('',(0.524034633485992,1.39169727929583,0.7));
#8117=CARTESIAN_POINT('',(0.524034633485992,1.88342956276039,0.7));
#8118=CARTESIAN_POINT('',(0.524034633485992,1.1352506990022,0.7));
#8119=CARTESIAN_POINT('',(0.449034633485992,1.95842956276039,0.7));
#8120=CARTESIAN_POINT('Origin',(0.449034633485992,1.88342956276039,0.7));
#8121=CARTESIAN_POINT('',(-0.436398437380146,1.95842956276039,0.7));
#8122=CARTESIAN_POINT('',(-0.239252077493329,1.95842956276039,0.7));
#8123=CARTESIAN_POINT('',(-0.511398437380146,1.88342956276039,0.7));
#8124=CARTESIAN_POINT('Origin',(-0.436398437380146,1.88342956276039,0.7));
#8125=CARTESIAN_POINT('',(-0.511398437380146,1.39169727929583,0.7));
#8126=CARTESIAN_POINT('',(-0.511398437380146,0.814384557269918,0.7));
#8127=CARTESIAN_POINT('',(-0.436398437380146,1.31669727929583,0.7));
#8128=CARTESIAN_POINT('Origin',(-0.436398437380146,1.39169727929583,0.7));
#8129=CARTESIAN_POINT('',(0.449034633485992,1.31669727929583,0.7));
#8130=CARTESIAN_POINT('',(0.27846445793974,1.31669727929583,0.7));
#8131=CARTESIAN_POINT('Origin',(0.449034633485992,1.39169727929583,0.7));
#8132=CARTESIAN_POINT('',(-0.621634657852586,0.245831137563551,0.7));
#8133=CARTESIAN_POINT('Origin',(-0.527146468876208,0.245831137563551,0.7));
#8134=CARTESIAN_POINT('Ctrl Pts',(-0.0719440757763015,-0.978234156774247,
0.708986614468273));
#8135=CARTESIAN_POINT('Ctrl Pts',(-0.176300298502303,-0.986590974224024,
0.708986614468273));
#8136=CARTESIAN_POINT('Ctrl Pts',(-0.349221604247904,-1.00043846455613,
0.652851264551758));
#8137=CARTESIAN_POINT('Ctrl Pts',(-0.499099305943716,-1.01244062945005,
0.479403832309304));
#8138=CARTESIAN_POINT('Ctrl Pts',(-0.528837796603159,-1.01482207955605,
0.359839860068377));
#8139=CARTESIAN_POINT('Ctrl Pts',(-0.528837796603159,-1.01482207955605,
0.3));
#8140=CARTESIAN_POINT('Ctrl Pts',(-0.074013115726057,-0.952396905317781,
0.697187237770536));
#8141=CARTESIAN_POINT('Ctrl Pts',(-0.175933870519116,-0.960558691169167,
0.697187237770536));
#8142=CARTESIAN_POINT('Ctrl Pts',(-0.344865939072363,-0.974086724490375,
0.642217619364441));
#8143=CARTESIAN_POINT('Ctrl Pts',(-0.490372923882927,-0.985738883585114,
0.473600581026213));
#8144=CARTESIAN_POINT('Ctrl Pts',(-0.519145112158031,-0.988042952463469,
0.357873474468863));
#8145=CARTESIAN_POINT('Ctrl Pts',(-0.519145112158031,-0.988042952463469,
0.3));
#8146=CARTESIAN_POINT('Ctrl Pts',(-0.076489496652148,-0.921472960762254,
0.697187237770536));
#8147=CARTESIAN_POINT('Ctrl Pts',(-0.178410251445207,-0.92963474661364,
0.697187237770536));
#8148=CARTESIAN_POINT('Ctrl Pts',(-0.347342319998455,-0.943162779934847,
0.642217619364441));
#8149=CARTESIAN_POINT('Ctrl Pts',(-0.492849304809018,-0.954814939029587,
0.473600581026213));
#8150=CARTESIAN_POINT('Ctrl Pts',(-0.521621493084122,-0.957119007907942,
0.357873474468863));
#8151=CARTESIAN_POINT('Ctrl Pts',(-0.521621493084122,-0.957119007907942,
0.3));
#8152=CARTESIAN_POINT('Ctrl Pts',(-0.0785585366019035,-0.895635709305789,
0.708986614468273));
#8153=CARTESIAN_POINT('Ctrl Pts',(-0.182914759327905,-0.903992526755566,
0.708986614468273));
#8154=CARTESIAN_POINT('Ctrl Pts',(-0.355836065073507,-0.917840017087669,
0.652851264551758));
#8155=CARTESIAN_POINT('Ctrl Pts',(-0.505713766769318,-0.929842181981589,
0.479403832309304));
#8156=CARTESIAN_POINT('Ctrl Pts',(-0.535452257428761,-0.932223632087592,
0.359839860068377));
#8157=CARTESIAN_POINT('Ctrl Pts',(-0.535452257428761,-0.932223632087592,
0.3));
#8158=CARTESIAN_POINT('Origin',(-0.622867985040915,-0.980787925205455,0.3));
#8159=CARTESIAN_POINT('Ctrl Pts',(-0.925130729640178,0.592987143164199,
0.700030131970542));
#8160=CARTESIAN_POINT('Ctrl Pts',(-0.925505564063182,0.592765186335416,
0.700030131970542));
#8161=CARTESIAN_POINT('Ctrl Pts',(-0.925880446037222,0.59254322305114,0.700028751806131));
#8162=CARTESIAN_POINT('Ctrl Pts',(-0.998406157007775,0.549591634930715,
0.699939830684432));
#8163=CARTESIAN_POINT('Ctrl Pts',(-1.1058782891321,0.486255127693395,0.658452640766636));
#8164=CARTESIAN_POINT('Ctrl Pts',(-1.23489193222112,0.410552285483702,0.508596784266606));
#8165=CARTESIAN_POINT('Ctrl Pts',(-1.27002672567646,0.390010410758269,0.383483300515514));
#8166=CARTESIAN_POINT('Ctrl Pts',(-1.27002672567646,0.39001041075827,0.29999999999999));
#8167=CARTESIAN_POINT('Ctrl Pts',(-0.92589569371146,0.594278992880423,0.699993267475567));
#8168=CARTESIAN_POINT('Ctrl Pts',(-0.926270481573326,0.594057063635651,
0.699993266969431));
#8169=CARTESIAN_POINT('Ctrl Pts',(-0.92664532441228,0.593835123505747,0.699991888151639));
#8170=CARTESIAN_POINT('Ctrl Pts',(-0.999162457092898,0.550888608828346,
0.699902746199535));
#8171=CARTESIAN_POINT('Ctrl Pts',(-1.10662271375345,0.487559089046867,0.658420258566855));
#8172=CARTESIAN_POINT('Ctrl Pts',(-1.23562401007369,0.411863489340617,0.508578958106702));
#8173=CARTESIAN_POINT('Ctrl Pts',(-1.27075600277512,0.391323254760979,0.383476248855202));
#8174=CARTESIAN_POINT('Ctrl Pts',(-1.27075606446829,0.391323220583562,0.29999999999999));
#8175=CARTESIAN_POINT('Ctrl Pts',(-0.926661080929484,0.595571557194913,
0.699990229579635));
#8176=CARTESIAN_POINT('Ctrl Pts',(-0.927035860383116,0.595349632942163,
0.699990227692306));
#8177=CARTESIAN_POINT('Ctrl Pts',(-0.927410683298948,0.595127704584592,
0.69998885151015));
#8178=CARTESIAN_POINT('Ctrl Pts',(-0.999925461930534,0.552182584255798,
0.699899901618452));
#8179=CARTESIAN_POINT('Ctrl Pts',(-1.10738284234876,0.48885475580654,0.658418078088649));
#8180=CARTESIAN_POINT('Ctrl Pts',(-1.23638268331831,0.413160009721147,0.508578883915507));
#8181=CARTESIAN_POINT('Ctrl Pts',(-1.2715149865589,0.39261959317386,0.383476176682536));
#8182=CARTESIAN_POINT('Ctrl Pts',(-1.27151498188814,0.392619597719761,0.29999999999999));
#8183=CARTESIAN_POINT('Ctrl Pts',(-0.927426114714631,0.596863524641942,
0.700021021365067));
#8184=CARTESIAN_POINT('Ctrl Pts',(-0.927800911975282,0.59664158981871,0.700021021365067));
#8185=CARTESIAN_POINT('Ctrl Pts',(-0.928175757102272,0.596419648354529,
0.700019641716178));
#8186=CARTESIAN_POINT('Ctrl Pts',(-1.00069421400482,0.553472354673793,0.699930490397863));
#8187=CARTESIAN_POINT('Ctrl Pts',(-1.10815790252354,0.490140814181492,0.658446339499395));
#8188=CARTESIAN_POINT('Ctrl Pts',(-1.23716719528099,0.414440523341541,0.50859633455368));
#8189=CARTESIAN_POINT('Ctrl Pts',(-1.27230270792081,0.393898226832563,0.383483300515514));
#8190=CARTESIAN_POINT('Ctrl Pts',(-1.27230270792081,0.393898226832564,0.29999999999999));
#8191=CARTESIAN_POINT('Origin',(-1.35744245328861,0.341446117640396,0.299999999999994));
#8192=CARTESIAN_POINT('Ctrl Pts',(0.993214685730439,0.596863535159892,0.700021021615751));
#8193=CARTESIAN_POINT('Ctrl Pts',(0.993589482991289,0.596641600336541,0.70002102161575));
#8194=CARTESIAN_POINT('Ctrl Pts',(0.993964273941647,0.596419690789557,0.700019643924456));
#8195=CARTESIAN_POINT('Ctrl Pts',(1.06649353585135,0.553466039096592,0.699929948449149));
#8196=CARTESIAN_POINT('Ctrl Pts',(1.17399136794808,0.49011441633972,0.658425726494655));
#8197=CARTESIAN_POINT('Ctrl Pts',(1.30299625133144,0.414416862868708,0.508505477510773));
#8198=CARTESIAN_POINT('Ctrl Pts',(1.33809127270778,0.393898226832543,0.383442572361131));
#8199=CARTESIAN_POINT('Ctrl Pts',(1.33809127270778,0.393898226832543,0.3));
#8200=CARTESIAN_POINT('Ctrl Pts',(0.99244965194721,0.595571567716102,0.69999022964674));
#8201=CARTESIAN_POINT('Ctrl Pts',(0.992824431366298,0.59534964348401,0.699990227667542));
#8202=CARTESIAN_POINT('Ctrl Pts',(0.993199200173479,0.595127747002985,0.699988853621762));
#8203=CARTESIAN_POINT('Ctrl Pts',(1.06572478271844,0.552176269311179,0.699899358017864));
#8204=CARTESIAN_POINT('Ctrl Pts',(1.17321630237721,0.488828361132235,0.658397470253703));
#8205=CARTESIAN_POINT('Ctrl Pts',(1.30221173887443,0.413136349536651,0.508488027497348));
#8206=CARTESIAN_POINT('Ctrl Pts',(1.33730354993583,0.39261959400436,0.383435456263059));
#8207=CARTESIAN_POINT('Ctrl Pts',(1.33730354667511,0.39261959771974,0.3));
#8208=CARTESIAN_POINT('Ctrl Pts',(0.991684264728996,0.594279003401293,0.699993267359007));
#8209=CARTESIAN_POINT('Ctrl Pts',(0.992059052498217,0.594057074211507,0.699993266788396));
#8210=CARTESIAN_POINT('Ctrl Pts',(0.992433841338309,0.593835165893299,0.69999189005998));
#8211=CARTESIAN_POINT('Ctrl Pts',(1.06496177681276,0.550882294511347,0.699902200901894));
#8212=CARTESIAN_POINT('Ctrl Pts',(1.17245617344231,0.487532694570191,0.658399649978373));
#8213=CARTESIAN_POINT('Ctrl Pts',(1.30145306590693,0.411839828991952,0.508488099754193));
#8214=CARTESIAN_POINT('Ctrl Pts',(1.33654456582627,0.391323255783564,0.383435528678305));
#8215=CARTESIAN_POINT('Ctrl Pts',(1.33654462925525,0.391323220583542,0.3));
#8216=CARTESIAN_POINT('Ctrl Pts',(0.990919300655418,0.592987153681191,0.70003013167042));
#8217=CARTESIAN_POINT('Ctrl Pts',(0.991294135077813,0.592765196852768,0.70003013167042));
#8218=CARTESIAN_POINT('Ctrl Pts',(0.991668962870336,0.592543265488596,0.700028753469298));
#8219=CARTESIAN_POINT('Ctrl Pts',(1.06420547959333,0.549585318911174,0.699939286813785));
#8220=CARTESIAN_POINT('Ctrl Pts',(1.1717117574872,0.486228728128958,0.6584320249586));
#8221=CARTESIAN_POINT('Ctrl Pts',(1.30072098759247,0.41052862540886,0.508505925130757));
#8222=CARTESIAN_POINT('Ctrl Pts',(1.33581529046342,0.390010410758249,0.383442572361131));
#8223=CARTESIAN_POINT('Ctrl Pts',(1.33581529046342,0.390010410758249,0.3));
#8224=CARTESIAN_POINT('Origin',(1.42323101807558,0.341446117640386,0.3));
#8225=CARTESIAN_POINT('Ctrl Pts',(0.144347101388881,-0.895635709305788,
0.708986614468273));
#8226=CARTESIAN_POINT('Ctrl Pts',(0.248703324114882,-0.903992526755565,
0.708986614468273));
#8227=CARTESIAN_POINT('Ctrl Pts',(0.421623483312361,-0.917839925272413,
0.652848627232845));
#8228=CARTESIAN_POINT('Ctrl Pts',(0.571501822032037,-0.929842141179027,
0.47940306692922));
#8229=CARTESIAN_POINT('Ctrl Pts',(0.601240822215737,-0.932223632087592,
0.359839860068377));
#8230=CARTESIAN_POINT('Ctrl Pts',(0.601240822215737,-0.932223632087592,
0.3));
#8231=CARTESIAN_POINT('Ctrl Pts',(0.142278061439125,-0.921472960762253,
0.697187237770536));
#8232=CARTESIAN_POINT('Ctrl Pts',(0.244198816232184,-0.929634746613639,
0.697187237770536));
#8233=CARTESIAN_POINT('Ctrl Pts',(0.413129549245274,-0.943162672985161,
0.642214415271594));
#8234=CARTESIAN_POINT('Ctrl Pts',(0.558637153836128,-0.954814881711735,
0.47359950458054));
#8235=CARTESIAN_POINT('Ctrl Pts',(0.587410057871099,-0.957119007907942,
0.357873474468863));
#8236=CARTESIAN_POINT('Ctrl Pts',(0.587410057871099,-0.957119007907942,
0.3));
#8237=CARTESIAN_POINT('Ctrl Pts',(0.139801680513034,-0.95239690531778,0.697187237770536));
#8238=CARTESIAN_POINT('Ctrl Pts',(0.241722435306093,-0.960558691169166,
0.697187237770536));
#8239=CARTESIAN_POINT('Ctrl Pts',(0.410653168319183,-0.974086617540688,
0.642214415271594));
#8240=CARTESIAN_POINT('Ctrl Pts',(0.556160772910037,-0.985738826267262,
0.47359950458054));
#8241=CARTESIAN_POINT('Ctrl Pts',(0.584933676945008,-0.988042952463469,
0.357873474468863));
#8242=CARTESIAN_POINT('Ctrl Pts',(0.584933676945008,-0.988042952463469,
0.3));
#8243=CARTESIAN_POINT('Ctrl Pts',(0.137732640563279,-0.978234156774246,
0.708986614468273));
#8244=CARTESIAN_POINT('Ctrl Pts',(0.24208886328928,-0.986590974224023,0.708986614468273));
#8245=CARTESIAN_POINT('Ctrl Pts',(0.415009022486759,-1.00043837274087,0.652848627232845));
#8246=CARTESIAN_POINT('Ctrl Pts',(0.564887361206435,-1.01244058864749,0.47940306692922));
#8247=CARTESIAN_POINT('Ctrl Pts',(0.594626361390136,-1.01482207955605,0.359839860068377));
#8248=CARTESIAN_POINT('Ctrl Pts',(0.594626361390136,-1.01482207955605,0.3));
#8249=CARTESIAN_POINT('Origin',(0.688656549827891,-0.980787925205455,0.3));
#8250=CARTESIAN_POINT('Origin',(-0.527146468876208,0.245831137563551,0.8));
#8251=CARTESIAN_POINT('',(-0.621634657852586,0.245831137563551,0.8));
#8252=CARTESIAN_POINT('Origin',(-0.527146468876208,0.245831137563551,0.8));
#8253=CARTESIAN_POINT('',(-0.621634657852586,0.245831137563551,0.8));
#8254=CARTESIAN_POINT('Origin',(0.0161606177379628,0.245831137563551,0.8));
#8255=CARTESIAN_POINT('',(-0.0783275712384152,0.245831137563551,0.8));
#8256=CARTESIAN_POINT('Origin',(0.0161606177379628,0.245831137563551,0.8));
#8257=CARTESIAN_POINT('',(-0.0783275712384152,0.245831137563551,0.8));
#8258=CARTESIAN_POINT('Origin',(0.555530696478116,0.241894129689537,0.8));
#8259=CARTESIAN_POINT('',(0.461042507501739,0.241894129689537,0.8));
#8260=CARTESIAN_POINT('Origin',(0.555530696478116,0.241894129689537,0.8));
#8261=CARTESIAN_POINT('',(0.461042507501739,0.241894129689537,0.8));
#8262=CARTESIAN_POINT('Origin',(-0.511398437380146,1.31669727929583,0.8));
#8263=CARTESIAN_POINT('',(-0.511398437380146,1.39169727929583,0.8));
#8264=CARTESIAN_POINT('',(-0.511398437380146,1.39169727929583,0.8));
#8265=CARTESIAN_POINT('',(-0.511398437380146,1.88342956276039,0.8));
#8266=CARTESIAN_POINT('',(-0.511398437380146,1.88342956276039,0.8));
#8267=CARTESIAN_POINT('',(-0.511398437380146,0.814384557269918,0.8));
#8268=CARTESIAN_POINT('Origin',(-0.436398437380146,1.88342956276039,0.8));
#8269=CARTESIAN_POINT('',(-0.436398437380146,1.95842956276039,0.8));
#8270=CARTESIAN_POINT('Origin',(-0.436398437380146,1.88342956276039,0.8));
#8271=CARTESIAN_POINT('',(-0.436398437380146,1.95842956276039,0.8));
#8272=CARTESIAN_POINT('Origin',(-0.511398437380146,1.95842956276039,0.8));
#8273=CARTESIAN_POINT('',(0.449034633485992,1.95842956276039,0.8));
#8274=CARTESIAN_POINT('',(0.449034633485992,1.95842956276039,0.8));
#8275=CARTESIAN_POINT('',(-0.239252077493329,1.95842956276039,0.8));
#8276=CARTESIAN_POINT('Origin',(0.449034633485992,1.88342956276039,0.8));
#8277=CARTESIAN_POINT('',(0.524034633485992,1.88342956276039,0.8));
#8278=CARTESIAN_POINT('Origin',(0.449034633485992,1.88342956276039,0.8));
#8279=CARTESIAN_POINT('',(0.524034633485992,1.88342956276039,0.8));
#8280=CARTESIAN_POINT('Origin',(0.524034633485992,1.31669727929583,0.8));
#8281=CARTESIAN_POINT('',(0.449034633485992,1.31669727929583,0.8));
#8282=CARTESIAN_POINT('',(0.449034633485992,1.31669727929583,0.8));
#8283=CARTESIAN_POINT('',(-0.436398437380146,1.31669727929583,0.8));
#8284=CARTESIAN_POINT('',(-0.436398437380146,1.31669727929583,0.8));
#8285=CARTESIAN_POINT('',(0.27846445793974,1.31669727929583,0.8));
#8286=CARTESIAN_POINT('Origin',(-0.436398437380146,1.39169727929583,0.8));
#8287=CARTESIAN_POINT('Origin',(-0.436398437380146,1.39169727929583,0.8));
#8288=CARTESIAN_POINT('Origin',(0.524034633485992,1.95842956276039,0.8));
#8289=CARTESIAN_POINT('',(0.524034633485992,1.39169727929583,0.8));
#8290=CARTESIAN_POINT('',(0.524034633485992,1.39169727929583,0.8));
#8291=CARTESIAN_POINT('',(0.524034633485992,1.1352506990022,0.8));
#8292=CARTESIAN_POINT('Origin',(0.449034633485992,1.39169727929583,0.8));
#8293=CARTESIAN_POINT('Origin',(0.449034633485992,1.39169727929583,0.8));
#8294=CARTESIAN_POINT('Origin',(0.610847022331014,3.12847124450143,0.));
#8295=CARTESIAN_POINT('',(0.590737968790682,3.12847124450143,0.05));
#8296=CARTESIAN_POINT('',(0.321870652362251,3.12847124450143,0.05));
#8297=CARTESIAN_POINT('',(0.505838194796784,3.12847124450143,0.3));
#8298=CARTESIAN_POINT('Origin',(0.0329745780953087,3.12847124450143,4.37095678986282E-17));
#8299=CARTESIAN_POINT('',(0.321870652362251,3.12847124450143,0.3));
#8300=CARTESIAN_POINT('Origin',(0.321870652362251,2.62847124450143,0.3));
#8301=CARTESIAN_POINT('',(0.432974578095309,3.02847124450143,0.3));
#8302=CARTESIAN_POINT('Ctrl Pts',(-0.367025421904691,3.02847124450143,0.3));
#8303=CARTESIAN_POINT('Ctrl Pts',(-0.366712246264688,3.02847124450143,0.300417567520004));
#8304=CARTESIAN_POINT('Ctrl Pts',(-0.366398454480361,3.02847059063859,0.300834594348549));
#8305=CARTESIAN_POINT('Ctrl Pts',(-0.34815216587804,3.0283949930153,0.325004927748161));
#8306=CARTESIAN_POINT('Ctrl Pts',(-0.32818426115203,3.02619079678788,0.3469468470728));
#8307=CARTESIAN_POINT('Ctrl Pts',(-0.263321325041518,3.01606256827194,0.407213514125208));
#8308=CARTESIAN_POINT('Ctrl Pts',(-0.209167513797671,3.00327959844788,0.442012832267774));
#8309=CARTESIAN_POINT('Ctrl Pts',(-0.12081044620673,2.98749616136211,0.47681457856918));
#8310=CARTESIAN_POINT('Ctrl Pts',(-0.090165633499185,2.9828579836067,0.485616907944467));
#8311=CARTESIAN_POINT('Ctrl Pts',(-0.0284022522524615,2.9765385722506,0.497212406449887));
#8312=CARTESIAN_POINT('Ctrl Pts',(0.00271982301758859,2.9748814060152,0.5));
#8313=CARTESIAN_POINT('Ctrl Pts',(0.0632293331730289,2.9748814060152,0.5));
#8314=CARTESIAN_POINT('Ctrl Pts',(0.0943514084430791,2.9765385722506,0.497212406449887));
#8315=CARTESIAN_POINT('Ctrl Pts',(0.156114789689803,2.9828579836067,0.485616907944467));
#8316=CARTESIAN_POINT('Ctrl Pts',(0.186759602397348,2.98749616136211,0.47681457856918));
#8317=CARTESIAN_POINT('Ctrl Pts',(0.275116669988289,3.00327959844788,0.442012832267774));
#8318=CARTESIAN_POINT('Ctrl Pts',(0.329270481232135,3.01606256827194,0.407213514125208));
#8319=CARTESIAN_POINT('Ctrl Pts',(0.394133417342648,3.02619079678788,0.3469468470728));
#8320=CARTESIAN_POINT('Ctrl Pts',(0.414101322068657,3.0283949930153,0.32500492774816));
#8321=CARTESIAN_POINT('Ctrl Pts',(0.432347610670979,3.02847059063859,0.300834594348549));
#8322=CARTESIAN_POINT('Ctrl Pts',(0.432661402455305,3.02847124450143,0.300417567520004));
#8323=CARTESIAN_POINT('Ctrl Pts',(0.432974578095309,3.02847124450143,0.3));
#8324=CARTESIAN_POINT('',(0.321870652362251,3.02847124450143,0.3));
#8325=CARTESIAN_POINT('Origin',(0.0329745780953087,3.32847124450143,0.27990053565579));
#8326=CARTESIAN_POINT('',(-0.467025421904691,3.32847124450143,0.0500000000000002));
#8327=CARTESIAN_POINT('',(-0.524788812600065,3.32847124450143,0.0500000000000001));
#8328=CARTESIAN_POINT('',(0.0329344302443985,3.32847124450143,0.05));
#8329=CARTESIAN_POINT('',(0.592974542762609,3.32847124450143,-0.00019892868841938));
#8330=CARTESIAN_POINT('Origin',(0.0329745780953087,3.32847124450143,4.37095678986282E-17));
#8331=CARTESIAN_POINT('',(0.532974542875814,3.32847124450143,-0.000187668573626374));
#8332=CARTESIAN_POINT('',(0.533060447683403,3.32847124450143,-0.000187684695259725));
#8333=CARTESIAN_POINT('',(-0.467025421904691,3.32847124450143,2.18547839493141E-16));
#8334=CARTESIAN_POINT('Origin',(0.0329745780953087,3.32847124450143,4.37095678986282E-17));
#8335=CARTESIAN_POINT('',(-0.467025421904691,3.32847124450143,0.139950267827895));
#8336=CARTESIAN_POINT('Origin',(0.0329745780953087,3.12847124450143,4.37095678986282E-17));
#8337=CARTESIAN_POINT('',(-0.524788812600065,3.12847124450143,0.05));
#8338=CARTESIAN_POINT('Ctrl Pts',(0.505838194796784,3.12847124450143,0.3));
#8339=CARTESIAN_POINT('Ctrl Pts',(0.50204819799517,3.12847124450143,0.305973838649662));
#8340=CARTESIAN_POINT('Ctrl Pts',(0.498183143712012,3.12836407638994,0.311815242697679));
#8341=CARTESIAN_POINT('Ctrl Pts',(0.443505267799184,3.12558080035007,0.391253902484445));
#8342=CARTESIAN_POINT('Ctrl Pts',(0.373940536029329,3.10656940465263,0.453371695234776));
#8343=CARTESIAN_POINT('Ctrl Pts',(0.253715017337318,3.07967982457994,0.516647346210263));
#8344=CARTESIAN_POINT('Ctrl Pts',(0.210976209074408,3.07109770247834,0.532886211830267));
#8345=CARTESIAN_POINT('Ctrl Pts',(0.123004459266557,3.05899270932543,0.554569124491368));
#8346=CARTESIAN_POINT('Ctrl Pts',(0.0777566604126149,3.05555437458268,0.56));
#8347=CARTESIAN_POINT('Ctrl Pts',(-0.0118075042219975,3.05555437458268,
0.56));
#8348=CARTESIAN_POINT('Ctrl Pts',(-0.0570553030759392,3.05899270932543,
0.554569124491368));
#8349=CARTESIAN_POINT('Ctrl Pts',(-0.145027052883791,3.07109770247834,0.532886211830267));
#8350=CARTESIAN_POINT('Ctrl Pts',(-0.1877658611467,3.07967982457994,0.516647346210263));
#8351=CARTESIAN_POINT('Ctrl Pts',(-0.307991379838712,3.10656940465263,0.453371695234776));
#8352=CARTESIAN_POINT('Ctrl Pts',(-0.377556111608566,3.12558080035007,0.391253902484445));
#8353=CARTESIAN_POINT('Ctrl Pts',(-0.432233987521395,3.12836407638994,0.311815242697679));
#8354=CARTESIAN_POINT('Ctrl Pts',(-0.436099041804553,3.12847124450143,0.305973838649662));
#8355=CARTESIAN_POINT('Ctrl Pts',(-0.439889038606167,3.12847124450143,0.3));
#8356=CARTESIAN_POINT('',(0.592974542762609,3.12847124450143,-0.00019892868841938));
#8357=CARTESIAN_POINT('Origin',(0.0329745780953087,3.12847124450143,4.37095678986282E-17));
#8358=CARTESIAN_POINT('',(0.592974542762609,3.12847124450143,-0.00019892868841938));
#8359=CARTESIAN_POINT('Origin',(0.592974542762609,3.12847124450143,-0.00019892868841938));
#8360=CARTESIAN_POINT('',(0.532974542875814,3.12847124450143,-0.000187668573626374));
#8361=CARTESIAN_POINT('',(0.533060447683403,3.12847124450143,-0.000187684695259725));
#8362=CARTESIAN_POINT('',(0.532974542875814,3.12847124450143,-0.000187668573626374));
#8363=CARTESIAN_POINT('Origin',(0.0329745780953087,3.12847124450143,0.27990053565579));
#8364=CARTESIAN_POINT('',(0.532974578095309,3.12847124450143,0.));
#8365=CARTESIAN_POINT('Origin',(0.0329745780953087,3.12847124450143,4.37095678986282E-17));
#8366=CARTESIAN_POINT('',(0.532974578095309,3.12847124450143,0.05));
#8367=CARTESIAN_POINT('',(-0.545058457544038,3.12847124450143,0.05));
#8368=CARTESIAN_POINT('',(0.532974578095309,3.12847124450143,0.));
#8369=CARTESIAN_POINT('Origin',(0.0329745780953087,0.,0.));
#8370=CARTESIAN_POINT('',(-0.467025421904691,3.12847124450143,2.18547839493141E-16));
#8371=CARTESIAN_POINT('',(0.532974578095309,3.02847124450143,0.));
#8372=CARTESIAN_POINT('',(0.532974578095309,0.,0.));
#8373=CARTESIAN_POINT('Origin',(0.0329745780953087,3.02847124450143,0.));
#8374=CARTESIAN_POINT('Origin',(0.20086185955069,-1.10221222479954,0.3));
#8375=CARTESIAN_POINT('',(0.257883657063469,-1.25975309712306,0.8));
#8376=CARTESIAN_POINT('',(0.442037235024396,-1.19141344523339,0.759803940027341));
#8377=CARTESIAN_POINT('Ctrl Pts',(0.257883657088887,-1.25975309711418,0.8));
#8378=CARTESIAN_POINT('Ctrl Pts',(0.267849067682627,-1.25602033573098,0.799999999999427));
#8379=CARTESIAN_POINT('Ctrl Pts',(0.277850664568168,-1.25228067700352,0.799659344745138));
#8380=CARTESIAN_POINT('Ctrl Pts',(0.305545390718565,-1.24196412804607,0.797766122367514));
#8381=CARTESIAN_POINT('Ctrl Pts',(0.32316821625634,-1.23544257663166,0.795475836594261));
#8382=CARTESIAN_POINT('Ctrl Pts',(0.37510628747557,-1.21620938104503,0.785570465631964));
#8383=CARTESIAN_POINT('Ctrl Pts',(0.40950113026485,-1.20346610165587,0.774625263226476));
#8384=CARTESIAN_POINT('Ctrl Pts',(0.442037235024396,-1.19141344523339,0.759803940027341));
#8385=CARTESIAN_POINT('',(0.691176678242778,-1.9036631613685,0.763197376118818));
#8386=CARTESIAN_POINT('Ctrl Pts',(0.442037235024396,-1.19141344523339,0.759803940027341));
#8387=CARTESIAN_POINT('Ctrl Pts',(0.525914547136495,-1.42855677968788,0.760589836458394));
#8388=CARTESIAN_POINT('Ctrl Pts',(0.609082948183325,-1.66590203864274,0.761682413879712));
#8389=CARTESIAN_POINT('Ctrl Pts',(0.691176678242778,-1.9036631613685,0.763197376118818));
#8390=CARTESIAN_POINT('',(0.286360274500002,-1.33842882022297,0.8));
#8391=CARTESIAN_POINT('Ctrl Pts',(0.691176678242726,-1.90366316136842,0.763197376118827));
#8392=CARTESIAN_POINT('Ctrl Pts',(0.617577070111599,-1.79677906188546,0.776541353711236));
#8393=CARTESIAN_POINT('Ctrl Pts',(0.542427523407583,-1.69041620395359,0.786486406230784));
#8394=CARTESIAN_POINT('Ctrl Pts',(0.42814917507813,-1.53176245445055,0.795750887386006));
#8395=CARTESIAN_POINT('Ctrl Pts',(0.389560724709339,-1.47907874706544,0.79792003699172));
#8396=CARTESIAN_POINT('Ctrl Pts',(0.329385211031622,-1.39707278611146,0.799684788227921));
#8397=CARTESIAN_POINT('Ctrl Pts',(0.307866209796896,-1.36774715270288,0.8));
#8398=CARTESIAN_POINT('Ctrl Pts',(0.286360274500002,-1.33842882022297,0.8));
#8399=CARTESIAN_POINT('',(0.20086185955069,-1.10221222479954,0.8));
#8400=CARTESIAN_POINT('',(0.20086185955069,-1.10221222479954,0.8));
#8401=CARTESIAN_POINT('Ctrl Pts',(0.691176678242778,-1.9036631613685,0.763197376118818));
#8402=CARTESIAN_POINT('Ctrl Pts',(0.700500633390776,-1.90028836297729,0.787592437927742));
#8403=CARTESIAN_POINT('Ctrl Pts',(0.709824588538774,-1.89691356458608,0.811987499736667));
#8404=CARTESIAN_POINT('Ctrl Pts',(0.719148543686773,-1.89353876619487,0.836382561545591));
#8405=CARTESIAN_POINT('Ctrl Pts',(0.609082948183325,-1.66590203864274,0.761682413879712));
#8406=CARTESIAN_POINT('Ctrl Pts',(0.618591526379799,-1.6624604160812,0.785997594329821));
#8407=CARTESIAN_POINT('Ctrl Pts',(0.628099961862874,-1.65901884517466,0.810313054822598));
#8408=CARTESIAN_POINT('Ctrl Pts',(0.637608540059349,-1.65557722261312,0.834628235272707));
#8409=CARTESIAN_POINT('Ctrl Pts',(0.525914547136495,-1.42855677968788,0.760589836458394));
#8410=CARTESIAN_POINT('Ctrl Pts',(0.53555063843738,-1.42506900385631,0.784847486166157));
#8411=CARTESIAN_POINT('Ctrl Pts',(0.545186616597912,-1.42158126897581,0.809105380911058));
#8412=CARTESIAN_POINT('Ctrl Pts',(0.554822707898797,-1.41809349314425,0.833363030618821));
#8413=CARTESIAN_POINT('Ctrl Pts',(0.442037235024396,-1.19141344523339,0.759803940027341));
#8414=CARTESIAN_POINT('Ctrl Pts',(0.45176439695242,-1.18789270645841,0.784020280868781));
#8415=CARTESIAN_POINT('Ctrl Pts',(0.461491558880444,-1.18437196768343,0.808236621710221));
#8416=CARTESIAN_POINT('Ctrl Pts',(0.471218720808468,-1.18085122890845,0.832452962551661));
#8417=CARTESIAN_POINT('',(0.471218720808468,-1.18085122890845,0.832452962551661));
#8418=CARTESIAN_POINT('',(0.442037235024396,-1.19141344523339,0.759803940027341));
#8419=CARTESIAN_POINT('',(0.719148543686773,-1.89353876619487,0.836382561545591));
#8420=CARTESIAN_POINT('Ctrl Pts',(0.719148543686773,-1.89353876619487,0.836382561545591));
#8421=CARTESIAN_POINT('Ctrl Pts',(0.637608540059349,-1.65557722261312,0.834628235272707));
#8422=CARTESIAN_POINT('Ctrl Pts',(0.554822707898797,-1.41809349314425,0.833363030618821));
#8423=CARTESIAN_POINT('Ctrl Pts',(0.471218720808468,-1.18085122890845,0.832452962551661));
#8424=CARTESIAN_POINT('',(0.691176678242778,-1.9036631613685,0.763197376118818));
#8425=CARTESIAN_POINT('Ctrl Pts',(0.286360274500002,-1.33842882022297,0.8));
#8426=CARTESIAN_POINT('Ctrl Pts',(0.286360274500002,-1.33842882022297,0.826333333333333));
#8427=CARTESIAN_POINT('Ctrl Pts',(0.286360274500002,-1.33842882022297,0.852666666666667));
#8428=CARTESIAN_POINT('Ctrl Pts',(0.286360274500002,-1.33842882022297,0.879));
#8429=CARTESIAN_POINT('Ctrl Pts',(0.307866209796896,-1.36774715270288,0.8));
#8430=CARTESIAN_POINT('Ctrl Pts',(0.308373393693386,-1.36756357788181,0.826333397239088));
#8431=CARTESIAN_POINT('Ctrl Pts',(0.308880927390045,-1.36737987645085,0.852666602760912));
#8432=CARTESIAN_POINT('Ctrl Pts',(0.309388111286536,-1.36719630162978,0.879));
#8433=CARTESIAN_POINT('Ctrl Pts',(0.329385211031622,-1.39707278611146,0.799684788227921));
#8434=CARTESIAN_POINT('Ctrl Pts',(0.330400398179236,-1.39670533990454,0.826001451669529));
#8435=CARTESIAN_POINT('Ctrl Pts',(0.331415282992621,-1.39633800312727,0.852318321326325));
#8436=CARTESIAN_POINT('Ctrl Pts',(0.332430470140235,-1.39597055692036,0.878634984767933));
#8437=CARTESIAN_POINT('Ctrl Pts',(0.389560724709339,-1.47907874706544,0.79792003699172));
#8438=CARTESIAN_POINT('Ctrl Pts',(0.391995537064839,-1.47819746860691,0.82414396980183));
#8439=CARTESIAN_POINT('Ctrl Pts',(0.394431069933353,-1.47731592935925,0.850367470026301));
#8440=CARTESIAN_POINT('Ctrl Pts',(0.396865882288853,-1.47643465090071,0.876591402836411));
#8441=CARTESIAN_POINT('Ctrl Pts',(0.42814917507813,-1.53176245445055,0.795750887386006));
#8442=CARTESIAN_POINT('Ctrl Pts',(0.431493734001715,-1.53055189392174,0.821860397323628));
#8443=CARTESIAN_POINT('Ctrl Pts',(0.434836635519853,-1.52934193328955,0.847970017655373));
#8444=CARTESIAN_POINT('Ctrl Pts',(0.438181194443439,-1.52813137276073,0.874079527592995));
#8445=CARTESIAN_POINT('Ctrl Pts',(0.542427523407583,-1.69041620395359,0.786486406230784));
#8446=CARTESIAN_POINT('Ctrl Pts',(0.54841811861749,-1.68824791262701,0.812108049158055));
#8447=CARTESIAN_POINT('Ctrl Pts',(0.554411329779243,-1.68607867445868,0.837729615487977));
#8448=CARTESIAN_POINT('Ctrl Pts',(0.56040192498915,-1.6839103831321,0.863351258415248));
#8449=CARTESIAN_POINT('Ctrl Pts',(0.617577070111599,-1.79677906188546,0.776541353711236));
#8450=CARTESIAN_POINT('Ctrl Pts',(0.625270807056296,-1.79399431971852,0.801640773541089));
#8451=CARTESIAN_POINT('Ctrl Pts',(0.63297790668203,-1.79120474093945,0.826735467767758));
#8452=CARTESIAN_POINT('Ctrl Pts',(0.640671643626727,-1.7884199987725,0.851834887597611));
#8453=CARTESIAN_POINT('Ctrl Pts',(0.691176678242726,-1.90366316136842,0.763197376118827));
#8454=CARTESIAN_POINT('Ctrl Pts',(0.700500633390723,-1.90028836297721,0.787592437927752));
#8455=CARTESIAN_POINT('Ctrl Pts',(0.70982458853872,-1.896913564586,0.811987499736677));
#8456=CARTESIAN_POINT('Ctrl Pts',(0.719148543686717,-1.89353876619479,0.836382561545602));
#8457=CARTESIAN_POINT('',(0.286360274500002,-1.33842882022297,0.879));
#8458=CARTESIAN_POINT('Ctrl Pts',(0.286360274500002,-1.33842882022297,0.879));
#8459=CARTESIAN_POINT('Ctrl Pts',(0.309388111286536,-1.36719630162978,0.879));
#8460=CARTESIAN_POINT('Ctrl Pts',(0.332430470140235,-1.39597055692036,0.878634984767933));
#8461=CARTESIAN_POINT('Ctrl Pts',(0.396865882288853,-1.47643465090071,0.876591402836411));
#8462=CARTESIAN_POINT('Ctrl Pts',(0.438181194443439,-1.52813137276073,0.874079527592995));
#8463=CARTESIAN_POINT('Ctrl Pts',(0.56040192498915,-1.6839103831321,0.863351258415248));
#8464=CARTESIAN_POINT('Ctrl Pts',(0.640671643626727,-1.7884199987725,0.851834887597611));
#8465=CARTESIAN_POINT('Ctrl Pts',(0.719148543686717,-1.89353876619479,0.836382561545602));
#8466=CARTESIAN_POINT('',(0.286360274500002,-1.33842882022297,0.8));
#8467=CARTESIAN_POINT('Ctrl Pts',(0.442037235024396,-1.19141344523339,0.759803940027341));
#8468=CARTESIAN_POINT('Ctrl Pts',(0.45176439695242,-1.18789270645841,0.784020280868781));
#8469=CARTESIAN_POINT('Ctrl Pts',(0.461491558880444,-1.18437196768343,0.808236621710221));
#8470=CARTESIAN_POINT('Ctrl Pts',(0.471218720808468,-1.18085122890845,0.832452962551661));
#8471=CARTESIAN_POINT('Ctrl Pts',(0.40950113026485,-1.20346610165587,0.774625263226476));
#8472=CARTESIAN_POINT('Ctrl Pts',(0.41750981731514,-1.20056736354055,0.799623483936021));
#8473=CARTESIAN_POINT('Ctrl Pts',(0.425519256797585,-1.19766835308299,0.824617834106714));
#8474=CARTESIAN_POINT('Ctrl Pts',(0.433527943847874,-1.19476961496767,0.849616054816259));
#8475=CARTESIAN_POINT('Ctrl Pts',(0.37510628747557,-1.21620938104503,0.785570465631964));
#8476=CARTESIAN_POINT('Ctrl Pts',(0.381297063119123,-1.21396863456453,0.811144560663093));
#8477=CARTESIAN_POINT('Ctrl Pts',(0.387493069831484,-1.2117259947027,0.836716504170685));
#8478=CARTESIAN_POINT('Ctrl Pts',(0.393683845475037,-1.2094852482222,0.862290599201814));
#8479=CARTESIAN_POINT('Ctrl Pts',(0.32316821625634,-1.23544257663166,0.795475836594261));
#8480=CARTESIAN_POINT('Ctrl Pts',(0.326618860339919,-1.23419361866082,0.82157062201768));
#8481=CARTESIAN_POINT('Ctrl Pts',(0.33006695757291,-1.23294558252058,0.847666233352734));
#8482=CARTESIAN_POINT('Ctrl Pts',(0.333517601656489,-1.23169662454973,0.873761018776154));
#8483=CARTESIAN_POINT('Ctrl Pts',(0.305545390718565,-1.24196412804607,0.797766122367514));
#8484=CARTESIAN_POINT('Ctrl Pts',(0.308064252378338,-1.24105242800653,0.82398208427247));
#8485=CARTESIAN_POINT('Ctrl Pts',(0.310584278252213,-1.24014030658059,0.850197207796624));
#8486=CARTESIAN_POINT('Ctrl Pts',(0.313103139911987,-1.23922860654105,0.876413169701581));
#8487=CARTESIAN_POINT('Ctrl Pts',(0.277850664568168,-1.25228067700352,0.799659344745138));
#8488=CARTESIAN_POINT('Ctrl Pts',(0.278906636315681,-1.25189846884206,0.825974609337896));
#8489=CARTESIAN_POINT('Ctrl Pts',(0.279961887195966,-1.25151652159794,0.852290256622112));
#8490=CARTESIAN_POINT('Ctrl Pts',(0.281017858943479,-1.25113431343647,0.87860552121487));
#8491=CARTESIAN_POINT('Ctrl Pts',(0.267849067682627,-1.25602033573098,0.799999999999427));
#8492=CARTESIAN_POINT('Ctrl Pts',(0.268375874008118,-1.25582965858683,0.826333447482438));
#8493=CARTESIAN_POINT('Ctrl Pts',(0.26890315658387,-1.25563880906427,0.852666552516326));
#8494=CARTESIAN_POINT('Ctrl Pts',(0.269429962909362,-1.25544813192013,0.878999999999336));
#8495=CARTESIAN_POINT('Ctrl Pts',(0.257883657088887,-1.25975309711418,0.8));
#8496=CARTESIAN_POINT('Ctrl Pts',(0.25788365709022,-1.2597530971137,0.826333333333333));
#8497=CARTESIAN_POINT('Ctrl Pts',(0.257883657091554,-1.25975309711322,0.852666666666667));
#8498=CARTESIAN_POINT('Ctrl Pts',(0.257883657092887,-1.25975309711273,0.879));
#8499=CARTESIAN_POINT('',(0.257883657063469,-1.25975309712306,0.879));
#8500=CARTESIAN_POINT('',(0.257883657063469,-1.25975309712306,0.8));
#8501=CARTESIAN_POINT('Ctrl Pts',(0.471218720808468,-1.18085122890845,0.832452962551661));
#8502=CARTESIAN_POINT('Ctrl Pts',(0.433527943847874,-1.19476961496767,0.849616054816259));
#8503=CARTESIAN_POINT('Ctrl Pts',(0.393683845475037,-1.2094852482222,0.862290599201814));
#8504=CARTESIAN_POINT('Ctrl Pts',(0.333517601656489,-1.23169662454973,0.873761018776154));
#8505=CARTESIAN_POINT('Ctrl Pts',(0.313103139911987,-1.23922860654105,0.876413169701581));
#8506=CARTESIAN_POINT('Ctrl Pts',(0.281017858943479,-1.25113431343647,0.87860552121487));
#8507=CARTESIAN_POINT('Ctrl Pts',(0.269429962909362,-1.25544813192013,0.878999999999336));
#8508=CARTESIAN_POINT('Ctrl Pts',(0.257883657092887,-1.25975309711273,0.879));
#8509=CARTESIAN_POINT('Ctrl Pts',(0.234920537377906,-1.26836262350007,0.8));
#8510=CARTESIAN_POINT('Ctrl Pts',(0.234920537377906,-1.26836262350007,0.879));
#8511=CARTESIAN_POINT('Ctrl Pts',(0.252082911948087,-1.29169816406954,0.8));
#8512=CARTESIAN_POINT('Ctrl Pts',(0.252082911948087,-1.29169816406954,0.879));
#8513=CARTESIAN_POINT('Ctrl Pts',(0.269227169683207,-1.31505774186669,0.8));
#8514=CARTESIAN_POINT('Ctrl Pts',(0.269227169683207,-1.31505774186669,0.879));
#8515=CARTESIAN_POINT('Ctrl Pts',(0.286360274500001,-1.33842882022297,0.8));
#8516=CARTESIAN_POINT('Ctrl Pts',(0.286360274500001,-1.33842882022297,0.879));
#8517=CARTESIAN_POINT('',(0.234920537377906,-1.26836262350007,0.8));
#8518=CARTESIAN_POINT('Ctrl Pts',(0.286360274500001,-1.33842882022297,0.8));
#8519=CARTESIAN_POINT('Ctrl Pts',(0.269227169683207,-1.31505774186669,0.8));
#8520=CARTESIAN_POINT('Ctrl Pts',(0.252082911948087,-1.29169816406954,0.8));
#8521=CARTESIAN_POINT('Ctrl Pts',(0.234920537377906,-1.26836262350007,0.8));
#8522=CARTESIAN_POINT('',(0.234920537377906,-1.26836262350007,0.879));
#8523=CARTESIAN_POINT('Ctrl Pts',(0.234920537377906,-1.26836262350007,0.879));
#8524=CARTESIAN_POINT('Ctrl Pts',(0.252082911948087,-1.29169816406954,0.879));
#8525=CARTESIAN_POINT('Ctrl Pts',(0.269227169683207,-1.31505774186669,0.879));
#8526=CARTESIAN_POINT('Ctrl Pts',(0.286360274500001,-1.33842882022297,0.879));
#8527=CARTESIAN_POINT('',(0.234920537377906,-1.26836262350007,0.8));
#8528=CARTESIAN_POINT('Ctrl Pts',(0.257883657063679,-1.25975309712362,0.8));
#8529=CARTESIAN_POINT('Ctrl Pts',(0.257883657063679,-1.25975309712362,0.879));
#8530=CARTESIAN_POINT('Ctrl Pts',(0.250229352121458,-1.26262041533634,0.8));
#8531=CARTESIAN_POINT('Ctrl Pts',(0.250229352121458,-1.26262041533634,0.879));
#8532=CARTESIAN_POINT('Ctrl Pts',(0.242577976647595,-1.26549035336991,0.8));
#8533=CARTESIAN_POINT('Ctrl Pts',(0.242577976647595,-1.26549035336991,0.879));
#8534=CARTESIAN_POINT('Ctrl Pts',(0.234920537377906,-1.26836262350007,0.8));
#8535=CARTESIAN_POINT('Ctrl Pts',(0.234920537377906,-1.26836262350007,0.879));
#8536=CARTESIAN_POINT('Ctrl Pts',(0.234920537377906,-1.26836262350007,0.8));
#8537=CARTESIAN_POINT('Ctrl Pts',(0.242577976647595,-1.26549035336991,0.8));
#8538=CARTESIAN_POINT('Ctrl Pts',(0.250229352121458,-1.26262041533634,0.8));
#8539=CARTESIAN_POINT('Ctrl Pts',(0.257883657063679,-1.25975309712362,0.8));
#8540=CARTESIAN_POINT('Ctrl Pts',(0.257883657063679,-1.25975309712362,0.879));
#8541=CARTESIAN_POINT('Ctrl Pts',(0.250229352121458,-1.26262041533634,0.879));
#8542=CARTESIAN_POINT('Ctrl Pts',(0.242577976647595,-1.26549035336991,0.879));
#8543=CARTESIAN_POINT('Ctrl Pts',(0.234920537377906,-1.26836262350007,0.879));
#8544=CARTESIAN_POINT('Origin',(0.20086185955069,-1.10221222479954,0.3));
#8545=CARTESIAN_POINT('',(0.20086185955069,-1.10221222479954,0.879));
#8546=CARTESIAN_POINT('Origin',(0.0328942823934883,0.312071835244005,0.879));
#8547=CARTESIAN_POINT('Ctrl Pts',(-0.237098839341884,-1.26881825589194,
0.798458485046211));
#8548=CARTESIAN_POINT('Ctrl Pts',(-0.239041701617568,-1.26811503838625,
0.824710631925311));
#8549=CARTESIAN_POINT('Ctrl Pts',(-0.240984563893252,-1.26741182088056,
0.850962778804411));
#8550=CARTESIAN_POINT('Ctrl Pts',(-0.242927426168936,-1.26670860337487,
0.877214925683512));
#8551=CARTESIAN_POINT('Ctrl Pts',(-0.272874189597151,-1.25560951327112,
0.795457008716968));
#8552=CARTESIAN_POINT('Ctrl Pts',(-0.276705643351622,-1.25422272153292,
0.821550670937163));
#8553=CARTESIAN_POINT('Ctrl Pts',(-0.280536968627315,-1.25283597629751,
0.847645553874053));
#8554=CARTESIAN_POINT('Ctrl Pts',(-0.284368422381786,-1.25144918455931,
0.873739216094249));
#8555=CARTESIAN_POINT('Ctrl Pts',(-0.307584853659814,-1.24278182363855,
0.788185276838818));
#8556=CARTESIAN_POINT('Ctrl Pts',(-0.313248838826478,-1.2407317485658,0.813896202880862));
#8557=CARTESIAN_POINT('Ctrl Pts',(-0.318912744714376,-1.23868170218795,
0.839607624537308));
#8558=CARTESIAN_POINT('Ctrl Pts',(-0.32457672988104,-1.2366316271152,0.865318550579352));
#8559=CARTESIAN_POINT('Ctrl Pts',(-0.37523245625644,-1.21800634466858,0.76550855803861));
#8560=CARTESIAN_POINT('Ctrl Pts',(-0.38446422615827,-1.21466491265628,0.790025741593614));
#8561=CARTESIAN_POINT('Ctrl Pts',(-0.393695571610877,-1.21132363427306,
0.814541726653707));
#8562=CARTESIAN_POINT('Ctrl Pts',(-0.402927341512707,-1.20798220226076,
0.839058910208711));
#8563=CARTESIAN_POINT('Ctrl Pts',(-0.408604647529679,-1.2059016755157,0.749611312166448));
#8564=CARTESIAN_POINT('Ctrl Pts',(-0.419595384840256,-1.2019235866033,0.773292981612768));
#8565=CARTESIAN_POINT('Ctrl Pts',(-0.43058289765585,-1.19794666479438,0.796968230042428));
#8566=CARTESIAN_POINT('Ctrl Pts',(-0.441573634966427,-1.19396857588198,
0.820649899488747));
#8567=CARTESIAN_POINT('Ctrl Pts',(-0.438852349970233,-1.19494223174254,
0.730628897762903));
#8568=CARTESIAN_POINT('Ctrl Pts',(-0.451435248755771,-1.19038786120942,
0.753308686378415));
#8569=CARTESIAN_POINT('Ctrl Pts',(-0.46401814754131,-1.1858334906763,0.775988474993928));
#8570=CARTESIAN_POINT('Ctrl Pts',(-0.476601046326849,-1.18127912014317,
0.798668263609441));
#8571=CARTESIAN_POINT('',(-0.476601046326849,-1.18127912014317,0.798668263609441));
#8572=CARTESIAN_POINT('',(-0.438852349970233,-1.19494223174254,0.730628897762903));
#8573=CARTESIAN_POINT('',(-0.242927426168936,-1.26670860337487,0.877214925683512));
#8574=CARTESIAN_POINT('Ctrl Pts',(-0.242927426168936,-1.26670860337487,
0.877214925683512));
#8575=CARTESIAN_POINT('Ctrl Pts',(-0.284368422381786,-1.25144918455931,
0.873739216094249));
#8576=CARTESIAN_POINT('Ctrl Pts',(-0.32457672988104,-1.2366316271152,0.865318550579352));
#8577=CARTESIAN_POINT('Ctrl Pts',(-0.402927341512707,-1.20798220226076,
0.839058910208711));
#8578=CARTESIAN_POINT('Ctrl Pts',(-0.441573634966427,-1.19396857588198,
0.820649899488747));
#8579=CARTESIAN_POINT('Ctrl Pts',(-0.476601046326849,-1.18127912014317,
0.798668263609441));
#8580=CARTESIAN_POINT('',(-0.237098839341884,-1.26881825589194,0.798458485046211));
#8581=CARTESIAN_POINT('Ctrl Pts',(-0.683239659210115,-1.9064806247223,0.737691004655747));
#8582=CARTESIAN_POINT('Ctrl Pts',(-0.695210051632392,-1.90214795039605,
0.760742730900949));
#8583=CARTESIAN_POINT('Ctrl Pts',(-0.707180444054669,-1.8978152760698,0.783794457146152));
#8584=CARTESIAN_POINT('Ctrl Pts',(-0.719150836476946,-1.89348260174354,
0.806846183391355));
#8585=CARTESIAN_POINT('Ctrl Pts',(-0.647860523484905,-1.85253136097837,
0.745922819758431));
#8586=CARTESIAN_POINT('Ctrl Pts',(-0.659091966434161,-1.84846614884527,
0.769408625451139));
#8587=CARTESIAN_POINT('Ctrl Pts',(-0.670325723701362,-1.84440009904657,
0.792892819587555));
#8588=CARTESIAN_POINT('Ctrl Pts',(-0.681557166650618,-1.84033488691347,
0.816378625280263));
#8589=CARTESIAN_POINT('Ctrl Pts',(-0.611894345199909,-1.79870598631541,
0.753478889000952));
#8590=CARTESIAN_POINT('Ctrl Pts',(-0.622358713492272,-1.79491841626412,
0.777362292196213));
#8591=CARTESIAN_POINT('Ctrl Pts',(-0.632823812717539,-1.79113058165223,
0.80124515026784));
#8592=CARTESIAN_POINT('Ctrl Pts',(-0.643288181009902,-1.78734301160094,
0.825128553463102));
#8593=CARTESIAN_POINT('Ctrl Pts',(-0.539509082069772,-1.69135862683373,
0.766871840502974));
#8594=CARTESIAN_POINT('Ctrl Pts',(-0.548412441370184,-1.68813606278591,
0.791460327079982));
#8595=CARTESIAN_POINT('Ctrl Pts',(-0.557315332975963,-1.68491366801981,
0.816049104725436));
#8596=CARTESIAN_POINT('Ctrl Pts',(-0.566218692276375,-1.68169110397199,
0.840637591302444));
#8597=CARTESIAN_POINT('Ctrl Pts',(-0.502959871435994,-1.63789217022291,
0.772810889180514));
#8598=CARTESIAN_POINT('Ctrl Pts',(-0.511062413791256,-1.63495946125218,
0.797712048374354));
#8599=CARTESIAN_POINT('Ctrl Pts',(-0.519164534949031,-1.63202690473355,
0.822613850477196));
#8600=CARTESIAN_POINT('Ctrl Pts',(-0.527267077304293,-1.62909419576282,
0.847515009671036));
#8601=CARTESIAN_POINT('Ctrl Pts',(-0.428076473995895,-1.53189021003172,
0.783337182157892));
#8602=CARTESIAN_POINT('Ctrl Pts',(-0.434478322081898,-1.52957306604309,
0.808793190819517));
#8603=CARTESIAN_POINT('Ctrl Pts',(-0.4408805921473,-1.52725576931935,0.834248448277214));
#8604=CARTESIAN_POINT('Ctrl Pts',(-0.447282440233303,-1.52493862533072,
0.859704456938839));
#8605=CARTESIAN_POINT('Ctrl Pts',(-0.38984067324421,-1.47931596584696,0.787820243274637));
#8606=CARTESIAN_POINT('Ctrl Pts',(-0.395348094056663,-1.47732255912175,
0.813512277142642));
#8607=CARTESIAN_POINT('Ctrl Pts',(-0.400856086630072,-1.4753289454481,0.839203807844025));
#8608=CARTESIAN_POINT('Ctrl Pts',(-0.406363507442525,-1.47333553872289,
0.86489584171203));
#8609=CARTESIAN_POINT('Ctrl Pts',(-0.313580306582016,-1.37409236180286,
0.794630109199877));
#8610=CARTESIAN_POINT('Ctrl Pts',(-0.317310548111244,-1.3727422037517,0.820680452783915));
#8611=CARTESIAN_POINT('Ctrl Pts',(-0.321039942491357,-1.37139235232552,
0.846731322869419));
#8612=CARTESIAN_POINT('Ctrl Pts',(-0.324770184020584,-1.37004219427437,
0.872781666453457));
#8613=CARTESIAN_POINT('Ctrl Pts',(-0.275414346832524,-1.32150283784931,
0.797034105015992));
#8614=CARTESIAN_POINT('Ctrl Pts',(-0.278254193811426,-1.32047495742051,
0.823211191318393));
#8615=CARTESIAN_POINT('Ctrl Pts',(-0.281091774537929,-1.31944789726001,
0.849388407306117));
#8616=CARTESIAN_POINT('Ctrl Pts',(-0.28393162151683,-1.31842001683121,0.875565493608518));
#8617=CARTESIAN_POINT('Ctrl Pts',(-0.237098839341884,-1.26881825589194,
0.798458485046211));
#8618=CARTESIAN_POINT('Ctrl Pts',(-0.239041701617568,-1.26811503838625,
0.824710631925311));
#8619=CARTESIAN_POINT('Ctrl Pts',(-0.240984563893252,-1.26741182088056,
0.850962778804411));
#8620=CARTESIAN_POINT('Ctrl Pts',(-0.242927426168936,-1.26670860337487,
0.877214925683512));
#8621=CARTESIAN_POINT('',(-0.719150836476946,-1.89348260174354,0.806846183391355));
#8622=CARTESIAN_POINT('Ctrl Pts',(-0.719150836476946,-1.89348260174354,
0.806846183391355));
#8623=CARTESIAN_POINT('Ctrl Pts',(-0.681557166650618,-1.84033488691347,
0.816378625280263));
#8624=CARTESIAN_POINT('Ctrl Pts',(-0.643288181009902,-1.78734301160094,
0.825128553463102));
#8625=CARTESIAN_POINT('Ctrl Pts',(-0.566218692276375,-1.68169110397199,
0.840637591302444));
#8626=CARTESIAN_POINT('Ctrl Pts',(-0.527267077304293,-1.62909419576282,
0.847515009671036));
#8627=CARTESIAN_POINT('Ctrl Pts',(-0.447282440233303,-1.52493862533072,
0.859704456938839));
#8628=CARTESIAN_POINT('Ctrl Pts',(-0.406363507442525,-1.47333553872289,
0.86489584171203));
#8629=CARTESIAN_POINT('Ctrl Pts',(-0.324770184020584,-1.37004219427437,
0.872781666453457));
#8630=CARTESIAN_POINT('Ctrl Pts',(-0.28393162151683,-1.31842001683121,0.875565493608518));
#8631=CARTESIAN_POINT('Ctrl Pts',(-0.242927426168936,-1.26670860337487,
0.877214925683512));
#8632=CARTESIAN_POINT('',(-0.683239659210115,-1.9064806247223,0.737691004655747));
#8633=CARTESIAN_POINT('Ctrl Pts',(-0.438852349970233,-1.19494223174254,
0.730628897762903));
#8634=CARTESIAN_POINT('Ctrl Pts',(-0.451435248755771,-1.19038786120942,
0.753308686378415));
#8635=CARTESIAN_POINT('Ctrl Pts',(-0.46401814754131,-1.1858334906763,0.775988474993928));
#8636=CARTESIAN_POINT('Ctrl Pts',(-0.476601046326849,-1.18127912014317,
0.798668263609441));
#8637=CARTESIAN_POINT('Ctrl Pts',(-0.521073302258652,-1.43189865543306,
0.732595822311928));
#8638=CARTESIAN_POINT('Ctrl Pts',(-0.533490997999318,-1.42740408001491,
0.755378979149094));
#8639=CARTESIAN_POINT('Ctrl Pts',(-0.545909037803899,-1.42290938006308,
0.778162805400047));
#8640=CARTESIAN_POINT('Ctrl Pts',(-0.558326733544565,-1.41841480464493,
0.800945962237213));
#8641=CARTESIAN_POINT('Ctrl Pts',(-0.603106891229845,-1.66881760998258,
0.734632849144718));
#8642=CARTESIAN_POINT('Ctrl Pts',(-0.615351385132896,-1.66438572483628,
0.757523248685163));
#8643=CARTESIAN_POINT('Ctrl Pts',(-0.627596283750867,-1.65995369320372,
0.780414439769137));
#8644=CARTESIAN_POINT('Ctrl Pts',(-0.639840777653918,-1.65552180805742,
0.803304839309583));
#8645=CARTESIAN_POINT('Ctrl Pts',(-0.683239659210115,-1.9064806247223,0.737691004655747));
#8646=CARTESIAN_POINT('Ctrl Pts',(-0.695210051632392,-1.90214795039605,
0.760742730900949));
#8647=CARTESIAN_POINT('Ctrl Pts',(-0.707180444054669,-1.8978152760698,0.783794457146152));
#8648=CARTESIAN_POINT('Ctrl Pts',(-0.719150836476946,-1.89348260174354,
0.806846183391355));
#8649=CARTESIAN_POINT('Ctrl Pts',(-0.476601046326849,-1.18127912014317,
0.798668263609441));
#8650=CARTESIAN_POINT('Ctrl Pts',(-0.558326733544565,-1.41841480464493,
0.800945962237213));
#8651=CARTESIAN_POINT('Ctrl Pts',(-0.639840777653918,-1.65552180805742,
0.803304839309583));
#8652=CARTESIAN_POINT('Ctrl Pts',(-0.719150836476946,-1.89348260174354,
0.806846183391355));
#8653=CARTESIAN_POINT('Origin',(0.0921351479813905,-0.474476554746155,0.3));
#8654=CARTESIAN_POINT('Ctrl Pts',(0.201201861298929,-0.613197426157673,
0.8));
#8655=CARTESIAN_POINT('Ctrl Pts',(0.201201861298929,-0.613197426157673,
0.879));
#8656=CARTESIAN_POINT('Ctrl Pts',(0.0671369587699268,-0.611688967772526,
0.8));
#8657=CARTESIAN_POINT('Ctrl Pts',(0.0671369587699268,-0.611688967772526,
0.879));
#8658=CARTESIAN_POINT('Ctrl Pts',(-0.0669877781551109,-0.608714283130881,
0.8));
#8659=CARTESIAN_POINT('Ctrl Pts',(-0.0669877781551109,-0.608714283130881,
0.879));
#8660=CARTESIAN_POINT('Ctrl Pts',(-0.201046701491348,-0.610214941144928,
0.8));
#8661=CARTESIAN_POINT('Ctrl Pts',(-0.201046701491348,-0.610214941144928,
0.879));
#8662=CARTESIAN_POINT('',(-0.201046701491348,-0.610214941144928,0.8));
#8663=CARTESIAN_POINT('',(0.201201861298929,-0.613197426157673,0.8));
#8664=CARTESIAN_POINT('Ctrl Pts',(-0.201046701491348,-0.610214941144928,
0.8));
#8665=CARTESIAN_POINT('Ctrl Pts',(-0.0669877781551109,-0.608714283130881,
0.8));
#8666=CARTESIAN_POINT('Ctrl Pts',(0.0671369587699268,-0.611688967772526,
0.8));
#8667=CARTESIAN_POINT('Ctrl Pts',(0.201201861298929,-0.613197426157673,
0.8));
#8668=CARTESIAN_POINT('',(-0.201046701491348,-0.610214941144928,0.879));
#8669=CARTESIAN_POINT('',(-0.201046701491348,-0.610214941144928,0.8));
#8670=CARTESIAN_POINT('',(0.201201861298929,-0.613197426157673,0.879));
#8671=CARTESIAN_POINT('Ctrl Pts',(0.201201861298929,-0.613197426157673,
0.879));
#8672=CARTESIAN_POINT('Ctrl Pts',(0.0671369587699268,-0.611688967772526,
0.879));
#8673=CARTESIAN_POINT('Ctrl Pts',(-0.0669877781551109,-0.608714283130881,
0.879));
#8674=CARTESIAN_POINT('Ctrl Pts',(-0.201046701491348,-0.610214941144928,
0.879));
#8675=CARTESIAN_POINT('',(0.201201861298929,-0.613197426157673,0.8));
#8676=CARTESIAN_POINT('Ctrl Pts',(-0.201046701491348,-0.610214941144928,
0.8));
#8677=CARTESIAN_POINT('Ctrl Pts',(-0.201046701491348,-0.610214941144928,
0.879));
#8678=CARTESIAN_POINT('Ctrl Pts',(-0.203339549603637,-0.640513418955669,
0.8));
#8679=CARTESIAN_POINT('Ctrl Pts',(-0.203339549603637,-0.640513418955669,
0.879));
#8680=CARTESIAN_POINT('Ctrl Pts',(-0.205675990695992,-0.697418285322122,
0.8));
#8681=CARTESIAN_POINT('Ctrl Pts',(-0.205675990695992,-0.697418285322122,
0.879));
#8682=CARTESIAN_POINT('Ctrl Pts',(-0.146094816479714,-0.805166205082751,
0.8));
#8683=CARTESIAN_POINT('Ctrl Pts',(-0.146094816479714,-0.805166205082751,
0.879));
#8684=CARTESIAN_POINT('Ctrl Pts',(-0.00235046280913755,-0.870411099294931,
0.8));
#8685=CARTESIAN_POINT('Ctrl Pts',(-0.00235046280913755,-0.870411099294931,
0.879));
#8686=CARTESIAN_POINT('Ctrl Pts',(0.141907947450271,-0.806644651060261,
0.8));
#8687=CARTESIAN_POINT('Ctrl Pts',(0.141907947450271,-0.806644651060261,
0.879));
#8688=CARTESIAN_POINT('Ctrl Pts',(0.203899610321458,-0.700600104636972,
0.8));
#8689=CARTESIAN_POINT('Ctrl Pts',(0.203899610321458,-0.700600104636972,
0.879));
#8690=CARTESIAN_POINT('Ctrl Pts',(0.202897843168777,-0.643361211487003,
0.8));
#8691=CARTESIAN_POINT('Ctrl Pts',(0.202897843168777,-0.643361211487003,
0.879));
#8692=CARTESIAN_POINT('Ctrl Pts',(0.201201861298929,-0.613197426157673,
0.8));
#8693=CARTESIAN_POINT('Ctrl Pts',(0.201201861298929,-0.613197426157673,
0.879));
#8694=CARTESIAN_POINT('Ctrl Pts',(0.201201861298929,-0.613197426157673,
0.8));
#8695=CARTESIAN_POINT('Ctrl Pts',(0.202897843168777,-0.643361211487003,
0.8));
#8696=CARTESIAN_POINT('Ctrl Pts',(0.203899610321458,-0.700600104636972,
0.8));
#8697=CARTESIAN_POINT('Ctrl Pts',(0.141907947450271,-0.806644651060261,
0.8));
#8698=CARTESIAN_POINT('Ctrl Pts',(-0.00235046280913755,-0.870411099294931,
0.8));
#8699=CARTESIAN_POINT('Ctrl Pts',(-0.146094816479714,-0.805166205082751,
0.8));
#8700=CARTESIAN_POINT('Ctrl Pts',(-0.205675990695992,-0.697418285322122,
0.8));
#8701=CARTESIAN_POINT('Ctrl Pts',(-0.203339549603637,-0.640513418955669,
0.8));
#8702=CARTESIAN_POINT('Ctrl Pts',(-0.201046701491348,-0.610214941144928,
0.8));
#8703=CARTESIAN_POINT('Ctrl Pts',(-0.201046701491348,-0.610214941144928,
0.879));
#8704=CARTESIAN_POINT('Ctrl Pts',(-0.203339549603637,-0.640513418955669,
0.879));
#8705=CARTESIAN_POINT('Ctrl Pts',(-0.205675990695992,-0.697418285322122,
0.879));
#8706=CARTESIAN_POINT('Ctrl Pts',(-0.146094816479714,-0.805166205082751,
0.879));
#8707=CARTESIAN_POINT('Ctrl Pts',(-0.00235046280913755,-0.870411099294931,
0.879));
#8708=CARTESIAN_POINT('Ctrl Pts',(0.141907947450271,-0.806644651060261,
0.879));
#8709=CARTESIAN_POINT('Ctrl Pts',(0.203899610321458,-0.700600104636972,
0.879));
#8710=CARTESIAN_POINT('Ctrl Pts',(0.202897843168777,-0.643361211487003,
0.879));
#8711=CARTESIAN_POINT('Ctrl Pts',(0.201201861298929,-0.613197426157673,
0.879));
#8712=CARTESIAN_POINT('Origin',(0.0328942823934883,0.312071835244005,0.879));
#8713=CARTESIAN_POINT('Ctrl Pts',(0.510927166525773,-0.19007018935962,0.8));
#8714=CARTESIAN_POINT('Ctrl Pts',(0.510927166525773,-0.19007018935962,0.879));
#8715=CARTESIAN_POINT('Ctrl Pts',(0.375444929292377,-0.186179719822998,
0.8));
#8716=CARTESIAN_POINT('Ctrl Pts',(0.375444929292377,-0.186179719822998,
0.879));
#8717=CARTESIAN_POINT('Ctrl Pts',(0.240018263181978,-0.182613818016105,
0.8));
#8718=CARTESIAN_POINT('Ctrl Pts',(0.240018263181978,-0.182613818016105,
0.879));
#8719=CARTESIAN_POINT('Ctrl Pts',(0.104492609425793,-0.18064133294924,0.8));
#8720=CARTESIAN_POINT('Ctrl Pts',(0.104492609425793,-0.18064133294924,0.879));
#8721=CARTESIAN_POINT('',(0.104492609425793,-0.18064133294924,0.8));
#8722=CARTESIAN_POINT('',(0.510927166525773,-0.19007018935962,0.8));
#8723=CARTESIAN_POINT('Ctrl Pts',(0.104492609425793,-0.18064133294924,0.8));
#8724=CARTESIAN_POINT('Ctrl Pts',(0.240018263181978,-0.182613818016105,
0.8));
#8725=CARTESIAN_POINT('Ctrl Pts',(0.375444929292377,-0.186179719822998,
0.8));
#8726=CARTESIAN_POINT('Ctrl Pts',(0.510927166525773,-0.19007018935962,0.8));
#8727=CARTESIAN_POINT('',(0.104492609425793,-0.18064133294924,0.879));
#8728=CARTESIAN_POINT('',(0.104492609425793,-0.18064133294924,0.8));
#8729=CARTESIAN_POINT('',(0.510927166525773,-0.19007018935962,0.879));
#8730=CARTESIAN_POINT('Ctrl Pts',(0.510927166525773,-0.19007018935962,0.879));
#8731=CARTESIAN_POINT('Ctrl Pts',(0.375444929292377,-0.186179719822998,
0.879));
#8732=CARTESIAN_POINT('Ctrl Pts',(0.240018263181978,-0.182613818016105,
0.879));
#8733=CARTESIAN_POINT('Ctrl Pts',(0.104492609425793,-0.18064133294924,0.879));
#8734=CARTESIAN_POINT('',(0.510927166525773,-0.19007018935962,0.8));
#8735=CARTESIAN_POINT('Ctrl Pts',(0.503928504226405,-0.283735393189135,
0.8));
#8736=CARTESIAN_POINT('Ctrl Pts',(0.503928504226405,-0.283735393189135,
0.879));
#8737=CARTESIAN_POINT('Ctrl Pts',(0.504608435536676,-0.28155903177599,0.8));
#8738=CARTESIAN_POINT('Ctrl Pts',(0.504608435536676,-0.28155903177599,0.879));
#8739=CARTESIAN_POINT('Ctrl Pts',(0.513275456705351,-0.251692311478633,
0.8));
#8740=CARTESIAN_POINT('Ctrl Pts',(0.513275456705351,-0.251692311478633,
0.879));
#8741=CARTESIAN_POINT('Ctrl Pts',(0.512763789934558,-0.221639156577956,
0.8));
#8742=CARTESIAN_POINT('Ctrl Pts',(0.512763789934558,-0.221639156577956,
0.879));
#8743=CARTESIAN_POINT('Ctrl Pts',(0.510927166525773,-0.19007018935962,0.8));
#8744=CARTESIAN_POINT('Ctrl Pts',(0.510927166525773,-0.19007018935962,0.879));
#8745=CARTESIAN_POINT('Ctrl Pts',(0.510927166525773,-0.19007018935962,0.8));
#8746=CARTESIAN_POINT('Ctrl Pts',(0.512763789934558,-0.221639156577956,
0.8));
#8747=CARTESIAN_POINT('Ctrl Pts',(0.513275456705351,-0.251692311478633,
0.8));
#8748=CARTESIAN_POINT('Ctrl Pts',(0.504608435536676,-0.28155903177599,0.8));
#8749=CARTESIAN_POINT('Ctrl Pts',(0.503928504226405,-0.283735393189135,
0.8));
#8750=CARTESIAN_POINT('',(0.503928504226544,-0.283735393189179,0.879));
#8751=CARTESIAN_POINT('Ctrl Pts',(0.503928504226405,-0.283735393189135,
0.879));
#8752=CARTESIAN_POINT('Ctrl Pts',(0.504608435536676,-0.28155903177599,0.879));
#8753=CARTESIAN_POINT('Ctrl Pts',(0.513275456705351,-0.251692311478633,
0.879));
#8754=CARTESIAN_POINT('Ctrl Pts',(0.512763789934558,-0.221639156577956,
0.879));
#8755=CARTESIAN_POINT('Ctrl Pts',(0.510927166525773,-0.19007018935962,0.879));
#8756=CARTESIAN_POINT('',(0.503928504226544,-0.283735393189179,0.8));
#8757=CARTESIAN_POINT('Ctrl Pts',(0.104492609425793,-0.18064133294924,0.8));
#8758=CARTESIAN_POINT('Ctrl Pts',(0.104492609425793,-0.18064133294924,0.879));
#8759=CARTESIAN_POINT('Ctrl Pts',(0.101885592039981,-0.21143174433402,0.8));
#8760=CARTESIAN_POINT('Ctrl Pts',(0.101885592039981,-0.21143174433402,0.879));
#8761=CARTESIAN_POINT('Ctrl Pts',(0.0992888194038469,-0.269421554580559,
0.8));
#8762=CARTESIAN_POINT('Ctrl Pts',(0.0992888194038469,-0.269421554580559,
0.879));
#8763=CARTESIAN_POINT('Ctrl Pts',(0.159147388571956,-0.379651436337035,
0.8));
#8764=CARTESIAN_POINT('Ctrl Pts',(0.159147388571956,-0.379651436337035,
0.879));
#8765=CARTESIAN_POINT('Ctrl Pts',(0.304207399629669,-0.446774334949256,
0.8));
#8766=CARTESIAN_POINT('Ctrl Pts',(0.304207399629669,-0.446774334949256,
0.879));
#8767=CARTESIAN_POINT('Ctrl Pts',(0.424908847701643,-0.39854380082115,0.8));
#8768=CARTESIAN_POINT('Ctrl Pts',(0.424908847701643,-0.39854380082115,0.879));
#8769=CARTESIAN_POINT('Ctrl Pts',(0.465705716620985,-0.351738906286791,
0.8));
#8770=CARTESIAN_POINT('Ctrl Pts',(0.465705716620985,-0.351738906286791,
0.879));
#8771=CARTESIAN_POINT('Ctrl Pts',(0.466999675274706,-0.350207285302486,
0.8));
#8772=CARTESIAN_POINT('Ctrl Pts',(0.466999675274706,-0.350207285302486,
0.879));
#8773=CARTESIAN_POINT('Ctrl Pts',(0.466999675274706,-0.350207285302486,
0.8));
#8774=CARTESIAN_POINT('Ctrl Pts',(0.465705716620985,-0.351738906286791,
0.8));
#8775=CARTESIAN_POINT('Ctrl Pts',(0.424908847701643,-0.39854380082115,0.8));
#8776=CARTESIAN_POINT('Ctrl Pts',(0.304207399629669,-0.446774334949256,
0.8));
#8777=CARTESIAN_POINT('Ctrl Pts',(0.159147388571956,-0.379651436337035,
0.8));
#8778=CARTESIAN_POINT('Ctrl Pts',(0.0992888194038469,-0.269421554580559,
0.8));
#8779=CARTESIAN_POINT('Ctrl Pts',(0.101885592039981,-0.21143174433402,0.8));
#8780=CARTESIAN_POINT('Ctrl Pts',(0.104492609425793,-0.18064133294924,0.8));
#8781=CARTESIAN_POINT('',(0.466999675274706,-0.350207285302486,0.879));
#8782=CARTESIAN_POINT('',(0.466999675274706,-0.350207285302486,0.8));
#8783=CARTESIAN_POINT('Ctrl Pts',(0.104492609425793,-0.18064133294924,0.879));
#8784=CARTESIAN_POINT('Ctrl Pts',(0.101885592039981,-0.21143174433402,0.879));
#8785=CARTESIAN_POINT('Ctrl Pts',(0.0992888194038469,-0.269421554580559,
0.879));
#8786=CARTESIAN_POINT('Ctrl Pts',(0.159147388571956,-0.379651436337035,
0.879));
#8787=CARTESIAN_POINT('Ctrl Pts',(0.304207399629669,-0.446774334949256,
0.879));
#8788=CARTESIAN_POINT('Ctrl Pts',(0.424908847701643,-0.39854380082115,0.879));
#8789=CARTESIAN_POINT('Ctrl Pts',(0.465705716620985,-0.351738906286791,
0.879));
#8790=CARTESIAN_POINT('Ctrl Pts',(0.466999675274706,-0.350207285302486,
0.879));
#8791=CARTESIAN_POINT('Ctrl Pts',(0.466999675274706,-0.350207285302486,
0.8));
#8792=CARTESIAN_POINT('Ctrl Pts',(0.466999675274706,-0.350207285302486,
0.826333333333333));
#8793=CARTESIAN_POINT('Ctrl Pts',(0.466999675274706,-0.350207285302486,
0.852666666666667));
#8794=CARTESIAN_POINT('Ctrl Pts',(0.466999675274706,-0.350207285302486,
0.879));
#8795=CARTESIAN_POINT('Ctrl Pts',(0.483588056495137,-0.330573947137095,
0.8));
#8796=CARTESIAN_POINT('Ctrl Pts',(0.483816691257068,-0.330700966449279,
0.826332495194441));
#8797=CARTESIAN_POINT('Ctrl Pts',(0.484045318605877,-0.330827981643062,
0.852667504805559));
#8798=CARTESIAN_POINT('Ctrl Pts',(0.484273953367808,-0.330955000955246,
0.879));
#8799=CARTESIAN_POINT('Ctrl Pts',(0.496549527263818,-0.307359681230467,
0.800000000000001));
#8800=CARTESIAN_POINT('Ctrl Pts',(0.496780769268518,-0.307488149010856,
0.826332480059392));
#8801=CARTESIAN_POINT('Ctrl Pts',(0.497011988474255,-0.307616604125154,
0.852667519940611));
#8802=CARTESIAN_POINT('Ctrl Pts',(0.497243230478955,-0.307745071905543,
0.879000000000002));
#8803=CARTESIAN_POINT('Ctrl Pts',(0.503928504226409,-0.283735393189121,
0.8));
#8804=CARTESIAN_POINT('Ctrl Pts',(0.503928504226402,-0.283735393189117,
0.826333333333333));
#8805=CARTESIAN_POINT('Ctrl Pts',(0.503928504226395,-0.283735393189113,
0.852666666666667));
#8806=CARTESIAN_POINT('Ctrl Pts',(0.503928504226389,-0.28373539318911,0.879));
#8807=CARTESIAN_POINT('Ctrl Pts',(0.466999675274706,-0.350207285302486,
0.879));
#8808=CARTESIAN_POINT('Ctrl Pts',(0.484273953367808,-0.330955000955246,
0.879));
#8809=CARTESIAN_POINT('Ctrl Pts',(0.497243230478955,-0.307745071905543,
0.879000000000002));
#8810=CARTESIAN_POINT('Ctrl Pts',(0.503928504226389,-0.28373539318911,0.879));
#8811=CARTESIAN_POINT('Origin',(0.0328942823934883,0.312071835244005,0.879));
#8812=CARTESIAN_POINT('',(0.448675235042431,-0.383191277720581,0.879));
#8813=CARTESIAN_POINT('Origin',(0.448675235042431,-0.383191277720581,0.3));
#8814=CARTESIAN_POINT('Ctrl Pts',(-0.0990071165280079,-0.177870550024228,
0.8));
#8815=CARTESIAN_POINT('Ctrl Pts',(-0.0990071165280079,-0.177870550024228,
0.879));
#8816=CARTESIAN_POINT('Ctrl Pts',(-0.230887378502329,-0.175525326069369,
0.8));
#8817=CARTESIAN_POINT('Ctrl Pts',(-0.230887378502329,-0.175525326069369,
0.879));
#8818=CARTESIAN_POINT('Ctrl Pts',(-0.362903971187079,-0.179552899242769,
0.8));
#8819=CARTESIAN_POINT('Ctrl Pts',(-0.362903971187079,-0.179552899242769,
0.879));
#8820=CARTESIAN_POINT('Ctrl Pts',(-0.494797450834105,-0.181751872679011,
0.8));
#8821=CARTESIAN_POINT('Ctrl Pts',(-0.494797450834105,-0.181751872679011,
0.879));
#8822=CARTESIAN_POINT('',(-0.0990071165280079,-0.177870550024228,0.8));
#8823=CARTESIAN_POINT('Ctrl Pts',(-0.494797450834105,-0.181751872679011,
0.8));
#8824=CARTESIAN_POINT('Ctrl Pts',(-0.362903971187079,-0.179552899242769,
0.8));
#8825=CARTESIAN_POINT('Ctrl Pts',(-0.230887378502329,-0.175525326069369,
0.8));
#8826=CARTESIAN_POINT('Ctrl Pts',(-0.0990071165280079,-0.177870550024228,
0.8));
#8827=CARTESIAN_POINT('',(-0.494797450834105,-0.181751872679011,0.879));
#8828=CARTESIAN_POINT('',(-0.494797450834105,-0.181751872679011,0.8));
#8829=CARTESIAN_POINT('',(-0.0990071165280079,-0.177870550024228,0.879));
#8830=CARTESIAN_POINT('Ctrl Pts',(-0.0990071165280079,-0.177870550024228,
0.879));
#8831=CARTESIAN_POINT('Ctrl Pts',(-0.230887378502329,-0.175525326069369,
0.879));
#8832=CARTESIAN_POINT('Ctrl Pts',(-0.362903971187079,-0.179552899242769,
0.879));
#8833=CARTESIAN_POINT('Ctrl Pts',(-0.494797450834105,-0.181751872679011,
0.879));
#8834=CARTESIAN_POINT('',(-0.0990071165280079,-0.177870550024228,0.8));
#8835=CARTESIAN_POINT('Ctrl Pts',(-0.370621092661641,-0.405269317176791,
0.8));
#8836=CARTESIAN_POINT('Ctrl Pts',(-0.370621092661641,-0.405269317176791,
0.879));
#8837=CARTESIAN_POINT('Ctrl Pts',(-0.359287896105053,-0.409200821587817,
0.8));
#8838=CARTESIAN_POINT('Ctrl Pts',(-0.359287896105053,-0.409200821587817,
0.879));
#8839=CARTESIAN_POINT('Ctrl Pts',(-0.313462032162665,-0.420608432404815,
0.8));
#8840=CARTESIAN_POINT('Ctrl Pts',(-0.313462032162665,-0.420608432404815,
0.879));
#8841=CARTESIAN_POINT('Ctrl Pts',(-0.21546126072549,-0.410345134362739,
0.8));
#8842=CARTESIAN_POINT('Ctrl Pts',(-0.21546126072549,-0.410345134362739,
0.879));
#8843=CARTESIAN_POINT('Ctrl Pts',(-0.129576817858176,-0.339322314900274,
0.8));
#8844=CARTESIAN_POINT('Ctrl Pts',(-0.129576817858176,-0.339322314900274,
0.879));
#8845=CARTESIAN_POINT('Ctrl Pts',(-0.0940489811995421,-0.248963614878223,
0.8));
#8846=CARTESIAN_POINT('Ctrl Pts',(-0.0940489811995421,-0.248963614878223,
0.879));
#8847=CARTESIAN_POINT('Ctrl Pts',(-0.0973589398235742,-0.201561347425512,
0.8));
#8848=CARTESIAN_POINT('Ctrl Pts',(-0.0973589398235742,-0.201561347425512,
0.879));
#8849=CARTESIAN_POINT('Ctrl Pts',(-0.0990071165280079,-0.177870550024228,
0.8));
#8850=CARTESIAN_POINT('Ctrl Pts',(-0.0990071165280079,-0.177870550024228,
0.879));
#8851=CARTESIAN_POINT('Ctrl Pts',(-0.0990071165280079,-0.177870550024228,
0.8));
#8852=CARTESIAN_POINT('Ctrl Pts',(-0.0973589398235742,-0.201561347425512,
0.8));
#8853=CARTESIAN_POINT('Ctrl Pts',(-0.0940489811995421,-0.248963614878223,
0.8));
#8854=CARTESIAN_POINT('Ctrl Pts',(-0.129576817858176,-0.339322314900274,
0.8));
#8855=CARTESIAN_POINT('Ctrl Pts',(-0.21546126072549,-0.410345134362739,
0.8));
#8856=CARTESIAN_POINT('Ctrl Pts',(-0.313462032162665,-0.420608432404815,
0.8));
#8857=CARTESIAN_POINT('Ctrl Pts',(-0.359287896105053,-0.409200821587817,
0.8));
#8858=CARTESIAN_POINT('Ctrl Pts',(-0.370621092661641,-0.405269317176791,
0.8));
#8859=CARTESIAN_POINT('',(-0.370621092707009,-0.405269317307784,0.879));
#8860=CARTESIAN_POINT('Ctrl Pts',(-0.370621092661641,-0.405269317176791,
0.879));
#8861=CARTESIAN_POINT('Ctrl Pts',(-0.359287896105053,-0.409200821587817,
0.879));
#8862=CARTESIAN_POINT('Ctrl Pts',(-0.313462032162665,-0.420608432404815,
0.879));
#8863=CARTESIAN_POINT('Ctrl Pts',(-0.21546126072549,-0.410345134362739,
0.879));
#8864=CARTESIAN_POINT('Ctrl Pts',(-0.129576817858176,-0.339322314900274,
0.879));
#8865=CARTESIAN_POINT('Ctrl Pts',(-0.0940489811995421,-0.248963614878223,
0.879));
#8866=CARTESIAN_POINT('Ctrl Pts',(-0.0973589398235742,-0.201561347425512,
0.879));
#8867=CARTESIAN_POINT('Ctrl Pts',(-0.0990071165280079,-0.177870550024228,
0.879));
#8868=CARTESIAN_POINT('',(-0.370621092707009,-0.405269317307784,0.8));
#8869=CARTESIAN_POINT('Ctrl Pts',(-0.494797450834105,-0.181751872679011,
0.8));
#8870=CARTESIAN_POINT('Ctrl Pts',(-0.494797450834105,-0.181751872679011,
0.826333333333333));
#8871=CARTESIAN_POINT('Ctrl Pts',(-0.494797450834105,-0.181751872679011,
0.852666666666667));
#8872=CARTESIAN_POINT('Ctrl Pts',(-0.494797450834105,-0.181751872679011,
0.879));
#8873=CARTESIAN_POINT('Ctrl Pts',(-0.497054814637795,-0.181790386406064,
0.8));
#8874=CARTESIAN_POINT('Ctrl Pts',(-0.49714652399197,-0.181841336047272,
0.82633333334792));
#8875=CARTESIAN_POINT('Ctrl Pts',(-0.497238233345498,-0.181892285688121,
0.852666666652081));
#8876=CARTESIAN_POINT('Ctrl Pts',(-0.497329942699673,-0.181943235329329,
0.879));
#8877=CARTESIAN_POINT('Ctrl Pts',(-0.499312326510193,-0.181828467530025,
0.799988094578105));
#8878=CARTESIAN_POINT('Ctrl Pts',(-0.499495741505163,-0.181930364749453,
0.826320800907135));
#8879=CARTESIAN_POINT('Ctrl Pts',(-0.499679156499123,-0.18203226196832,
0.852653507192415));
#8880=CARTESIAN_POINT('Ctrl Pts',(-0.499862571494092,-0.182134159187747,
0.878986213521445));
#8881=CARTESIAN_POINT('Ctrl Pts',(-0.501569627097567,-0.181865876102864,
0.799964294370263));
#8882=CARTESIAN_POINT('Ctrl Pts',(-0.50184472419242,-0.182018707822227,
0.826295747207096));
#8883=CARTESIAN_POINT('Ctrl Pts',(-0.502119821287274,-0.18217153954159,
0.85262720004393));
#8884=CARTESIAN_POINT('Ctrl Pts',(-0.502394918382127,-0.182324371260953,
0.878958652880764));
#8885=CARTESIAN_POINT('',(-0.502394918382127,-0.182324371260953,0.878958652880764));
#8886=CARTESIAN_POINT('',(-0.501569627097567,-0.181865876102864,0.799964294370263));
#8887=CARTESIAN_POINT('Ctrl Pts',(-0.494797450834105,-0.181751872679011,
0.879));
#8888=CARTESIAN_POINT('Ctrl Pts',(-0.497329942699673,-0.181943235329329,
0.879));
#8889=CARTESIAN_POINT('Ctrl Pts',(-0.499862571494092,-0.182134159187747,
0.878986213521445));
#8890=CARTESIAN_POINT('Ctrl Pts',(-0.502394918382127,-0.182324371260953,
0.878958652880764));
#8891=CARTESIAN_POINT('Ctrl Pts',(-0.501569627097571,-0.181865876102864,
0.799964294370263));
#8892=CARTESIAN_POINT('Ctrl Pts',(-0.501844724192425,-0.182018707822227,
0.826295747207096));
#8893=CARTESIAN_POINT('Ctrl Pts',(-0.502119821287279,-0.18217153954159,
0.85262720004393));
#8894=CARTESIAN_POINT('Ctrl Pts',(-0.502394918382132,-0.182324371260953,
0.878958652880764));
#8895=CARTESIAN_POINT('Ctrl Pts',(-0.504126174295852,-0.217842162249824,
0.799728773132081));
#8896=CARTESIAN_POINT('Ctrl Pts',(-0.505309062409667,-0.218499322313054,
0.826048897390952));
#8897=CARTESIAN_POINT('Ctrl Pts',(-0.506490370726488,-0.219155604711288,
0.85236579502808));
#8898=CARTESIAN_POINT('Ctrl Pts',(-0.507673258840304,-0.219812764774519,
0.87868591928695));
#8899=CARTESIAN_POINT('Ctrl Pts',(-0.504232372280283,-0.253230121585638,
0.798210690501614));
#8900=CARTESIAN_POINT('Ctrl Pts',(-0.506210399684773,-0.254329025699243,
0.824450527872844));
#8901=CARTESIAN_POINT('Ctrl Pts',(-0.508187915388946,-0.255427645534895,
0.850688142229639));
#8902=CARTESIAN_POINT('Ctrl Pts',(-0.510165942793436,-0.256526549648501,
0.876927979600869));
#8903=CARTESIAN_POINT('Ctrl Pts',(-0.481662147195645,-0.318901793546623,
0.796948733951061));
#8904=CARTESIAN_POINT('Ctrl Pts',(-0.484199916855905,-0.3203116655801,0.823120812131317));
#8905=CARTESIAN_POINT('Ctrl Pts',(-0.486737871133534,-0.321721640178783,
0.849294555735074));
#8906=CARTESIAN_POINT('Ctrl Pts',(-0.489275640793793,-0.32313151221226,
0.875466633915329));
#8907=CARTESIAN_POINT('Ctrl Pts',(-0.459087100706806,-0.349232502364762,
0.797637315490205));
#8908=CARTESIAN_POINT('Ctrl Pts',(-0.461394586808558,-0.350514439087957,
0.823845045734704));
#8909=CARTESIAN_POINT('Ctrl Pts',(-0.463701937398796,-0.351796300526978,
0.850056281093158));
#8910=CARTESIAN_POINT('Ctrl Pts',(-0.466009423500547,-0.353078237250173,
0.876264011337657));
#8911=CARTESIAN_POINT('Ctrl Pts',(-0.412998447142473,-0.386400134306234,
0.7993069750478));
#8912=CARTESIAN_POINT('Ctrl Pts',(-0.41428207633823,-0.38711326163721,0.825604575213263));
#8913=CARTESIAN_POINT('Ctrl Pts',(-0.415565624464868,-0.387826343929786,
0.851899876939889));
#8914=CARTESIAN_POINT('Ctrl Pts',(-0.416849253660625,-0.388539471260762,
0.878197477105352));
#8915=CARTESIAN_POINT('Ctrl Pts',(-0.39242285020119,-0.39771844322052,0.800000000004456));
#8916=CARTESIAN_POINT('Ctrl Pts',(-0.393131561903921,-0.398112171944259,
0.826332341354162));
#8917=CARTESIAN_POINT('Ctrl Pts',(-0.39383991375931,-0.398505700752808,
0.852667658655454));
#8918=CARTESIAN_POINT('Ctrl Pts',(-0.39454862546204,-0.398899429476547,
0.87900000000516));
#8919=CARTESIAN_POINT('Ctrl Pts',(-0.370621092602935,-0.405269317197041,
0.8));
#8920=CARTESIAN_POINT('Ctrl Pts',(-0.37062109259627,-0.405269317193339,
0.826333333333333));
#8921=CARTESIAN_POINT('Ctrl Pts',(-0.370621092589606,-0.405269317189636,
0.852666666666667));
#8922=CARTESIAN_POINT('Ctrl Pts',(-0.370621092582941,-0.405269317185934,
0.879));
#8923=CARTESIAN_POINT('Ctrl Pts',(-0.502394918382132,-0.182324371260953,
0.878958652880764));
#8924=CARTESIAN_POINT('Ctrl Pts',(-0.507673258840304,-0.219812764774519,
0.87868591928695));
#8925=CARTESIAN_POINT('Ctrl Pts',(-0.510165942793436,-0.256526549648501,
0.876927979600869));
#8926=CARTESIAN_POINT('Ctrl Pts',(-0.489275640793793,-0.32313151221226,
0.875466633915329));
#8927=CARTESIAN_POINT('Ctrl Pts',(-0.466009423500547,-0.353078237250173,
0.876264011337657));
#8928=CARTESIAN_POINT('Ctrl Pts',(-0.416849253660625,-0.388539471260762,
0.878197477105352));
#8929=CARTESIAN_POINT('Ctrl Pts',(-0.39454862546204,-0.398899429476547,
0.87900000000516));
#8930=CARTESIAN_POINT('Ctrl Pts',(-0.370621092582941,-0.405269317185934,
0.879));
#8931=CARTESIAN_POINT('Origin',(0.0328942823934883,0.312071835244005,0.879));
#8932=CARTESIAN_POINT('',(-0.750173904379298,0.277925743702337,0.879));
#8933=CARTESIAN_POINT('Origin',(-0.750173904379298,0.277925743702337,0.3));
#8934=CARTESIAN_POINT('Ctrl Pts',(-0.103141778097378,-1.20176536830391,
0.8));
#8935=CARTESIAN_POINT('Ctrl Pts',(-0.103141778097378,-1.20176536830391,
0.879));
#8936=CARTESIAN_POINT('Ctrl Pts',(-0.0955240001349566,-1.26417655843298,
0.8));
#8937=CARTESIAN_POINT('Ctrl Pts',(-0.0955240001349566,-1.26417655843298,
0.879));
#8938=CARTESIAN_POINT('Ctrl Pts',(-0.0753323501304861,-1.38851054186589,
0.8));
#8939=CARTESIAN_POINT('Ctrl Pts',(-0.0753323501304861,-1.38851054186589,
0.879));
#8940=CARTESIAN_POINT('Ctrl Pts',(-0.0516546597338552,-1.56013313399327,
0.8));
#8941=CARTESIAN_POINT('Ctrl Pts',(-0.0516546597338552,-1.56013313399327,
0.879));
#8942=CARTESIAN_POINT('Ctrl Pts',(-0.0362870410478947,-1.67001278244131,
0.8));
#8943=CARTESIAN_POINT('Ctrl Pts',(-0.0362870410478947,-1.67001278244131,
0.879));
#8944=CARTESIAN_POINT('Ctrl Pts',(-0.0297783977662736,-1.71717948649266,
0.8));
#8945=CARTESIAN_POINT('Ctrl Pts',(-0.0297783977662736,-1.71717948649266,
0.879));
#8946=CARTESIAN_POINT('',(-0.103141778097378,-1.20176536830391,0.8));
#8947=CARTESIAN_POINT('Ctrl Pts',(-0.0297783977662736,-1.71717948649266,
0.8));
#8948=CARTESIAN_POINT('Ctrl Pts',(-0.0362870410478947,-1.67001278244131,
0.8));
#8949=CARTESIAN_POINT('Ctrl Pts',(-0.0516546597338552,-1.56013313399327,
0.8));
#8950=CARTESIAN_POINT('Ctrl Pts',(-0.0753323501304861,-1.38851054186589,
0.8));
#8951=CARTESIAN_POINT('Ctrl Pts',(-0.0955240001349566,-1.26417655843298,
0.8));
#8952=CARTESIAN_POINT('Ctrl Pts',(-0.103141778097378,-1.20176536830391,
0.8));
#8953=CARTESIAN_POINT('',(-0.0297783977662737,-1.71717948649266,0.879));
#8954=CARTESIAN_POINT('',(-0.0297783977662737,-1.71717948649266,0.8));
#8955=CARTESIAN_POINT('',(-0.103141778097378,-1.20176536830391,0.879));
#8956=CARTESIAN_POINT('Ctrl Pts',(-0.103141778097378,-1.20176536830391,
0.879));
#8957=CARTESIAN_POINT('Ctrl Pts',(-0.0955240001349566,-1.26417655843298,
0.879));
#8958=CARTESIAN_POINT('Ctrl Pts',(-0.0753323501304861,-1.38851054186589,
0.879));
#8959=CARTESIAN_POINT('Ctrl Pts',(-0.0516546597338552,-1.56013313399327,
0.879));
#8960=CARTESIAN_POINT('Ctrl Pts',(-0.0362870410478947,-1.67001278244131,
0.879));
#8961=CARTESIAN_POINT('Ctrl Pts',(-0.0297783977662736,-1.71717948649266,
0.879));
#8962=CARTESIAN_POINT('',(-0.103141778097378,-1.20176536830391,0.8));
#8963=CARTESIAN_POINT('Origin',(-0.00524828870465437,-1.2016034971072,0.8));
#8964=CARTESIAN_POINT('',(0.0926452006880693,-1.20144162591048,0.8));
#8965=CARTESIAN_POINT('',(0.0150744056961016,-1.20156989263683,0.8));
#8966=CARTESIAN_POINT('',(0.0926452006880693,-1.20144162591048,0.879));
#8967=CARTESIAN_POINT('',(0.0926452006880693,-1.20144162591048,0.879));
#8968=CARTESIAN_POINT('',(0.0926452006880693,-1.20144162591048,0.8));
#8969=CARTESIAN_POINT('Ctrl Pts',(0.0318739270005945,-1.71436896727,0.8));
#8970=CARTESIAN_POINT('Ctrl Pts',(0.0318739270005945,-1.71436896727,0.879));
#8971=CARTESIAN_POINT('Ctrl Pts',(0.0325646078286041,-1.70889500008999,
0.8));
#8972=CARTESIAN_POINT('Ctrl Pts',(0.0325646078286041,-1.70889500008999,
0.879));
#8973=CARTESIAN_POINT('Ctrl Pts',(0.043790255531198,-1.62038627533428,0.8));
#8974=CARTESIAN_POINT('Ctrl Pts',(0.043790255531198,-1.62038627533428,0.879));
#8975=CARTESIAN_POINT('Ctrl Pts',(0.0623086711050174,-1.49164803755084,
0.8));
#8976=CARTESIAN_POINT('Ctrl Pts',(0.0623086711050174,-1.49164803755084,
0.879));
#8977=CARTESIAN_POINT('Ctrl Pts',(0.0792584225304348,-1.32550941875288,
0.8));
#8978=CARTESIAN_POINT('Ctrl Pts',(0.0792584225304348,-1.32550941875288,
0.879));
#8979=CARTESIAN_POINT('Ctrl Pts',(0.086073968831425,-1.24285855407583,0.8));
#8980=CARTESIAN_POINT('Ctrl Pts',(0.086073968831425,-1.24285855407583,0.879));
#8981=CARTESIAN_POINT('Ctrl Pts',(0.0926452006880693,-1.20144162591048,
0.8));
#8982=CARTESIAN_POINT('Ctrl Pts',(0.0926452006880693,-1.20144162591048,
0.879));
#8983=CARTESIAN_POINT('Ctrl Pts',(0.0926452006880693,-1.20144162591048,
0.8));
#8984=CARTESIAN_POINT('Ctrl Pts',(0.086073968831425,-1.24285855407583,0.8));
#8985=CARTESIAN_POINT('Ctrl Pts',(0.0792584225304348,-1.32550941875288,
0.8));
#8986=CARTESIAN_POINT('Ctrl Pts',(0.0623086711050174,-1.49164803755084,
0.8));
#8987=CARTESIAN_POINT('Ctrl Pts',(0.043790255531198,-1.62038627533428,0.8));
#8988=CARTESIAN_POINT('Ctrl Pts',(0.0325646078286041,-1.70889500008999,
0.8));
#8989=CARTESIAN_POINT('Ctrl Pts',(0.0318739270005945,-1.71436896727,0.8));
#8990=CARTESIAN_POINT('',(0.0318739270005945,-1.71436896727,0.879));
#8991=CARTESIAN_POINT('Ctrl Pts',(0.0318739270005945,-1.71436896727,0.879));
#8992=CARTESIAN_POINT('Ctrl Pts',(0.0325646078286041,-1.70889500008999,
0.879));
#8993=CARTESIAN_POINT('Ctrl Pts',(0.043790255531198,-1.62038627533428,0.879));
#8994=CARTESIAN_POINT('Ctrl Pts',(0.0623086711050174,-1.49164803755084,
0.879));
#8995=CARTESIAN_POINT('Ctrl Pts',(0.0792584225304348,-1.32550941875288,
0.879));
#8996=CARTESIAN_POINT('Ctrl Pts',(0.086073968831425,-1.24285855407583,0.879));
#8997=CARTESIAN_POINT('Ctrl Pts',(0.0926452006880693,-1.20144162591048,
0.879));
#8998=CARTESIAN_POINT('',(0.0318739270005945,-1.71436896727,0.8));
#8999=CARTESIAN_POINT('Ctrl Pts',(-0.0297783977662736,-1.71717948649266,
0.8));
#9000=CARTESIAN_POINT('Ctrl Pts',(-0.0297783977662736,-1.71717948649266,
0.826333333333333));
#9001=CARTESIAN_POINT('Ctrl Pts',(-0.0297783977662736,-1.71717948649266,
0.852666666666667));
#9002=CARTESIAN_POINT('Ctrl Pts',(-0.0297783977662736,-1.71717948649266,
0.879));
#9003=CARTESIAN_POINT('Ctrl Pts',(-0.0277040828365523,-1.73221841462093,
0.8));
#9004=CARTESIAN_POINT('Ctrl Pts',(-0.027632586956882,-1.73301388722039,
0.826333408507616));
#9005=CARTESIAN_POINT('Ctrl Pts',(-0.0275610634440578,-1.73380927098188,
0.852666591492384));
#9006=CARTESIAN_POINT('Ctrl Pts',(-0.0274895675643875,-1.73460474358135,
0.879));
#9007=CARTESIAN_POINT('Ctrl Pts',(-0.0256370719513782,-1.74728868247571,
0.799308337741457));
#9008=CARTESIAN_POINT('Ctrl Pts',(-0.025496360494124,-1.74888131534069,
0.82560520115978));
#9009=CARTESIAN_POINT('Ctrl Pts',(-0.0253556834114224,-1.7504740061332,
0.851902191686284));
#9010=CARTESIAN_POINT('Ctrl Pts',(-0.0252149719541682,-1.75206663899817,
0.878199055104607));
#9011=CARTESIAN_POINT('Ctrl Pts',(-0.0193541981461425,-1.79337477907765,
0.795062336102008));
#9012=CARTESIAN_POINT('Ctrl Pts',(-0.0190107227840021,-1.79740584791167,
0.821135882251523));
#9013=CARTESIAN_POINT('Ctrl Pts',(-0.0186672173701267,-1.80143655130327,
0.84720863905661));
#9014=CARTESIAN_POINT('Ctrl Pts',(-0.0183237420079863,-1.80546762013728,
0.873282185206125));
#9015=CARTESIAN_POINT('Ctrl Pts',(-0.0152162529762714,-1.82405173771462,
0.789266270719092));
#9016=CARTESIAN_POINT('Ctrl Pts',(-0.0147497049252481,-1.8297063532913,
0.815034267311415));
#9017=CARTESIAN_POINT('Ctrl Pts',(-0.0142831279406636,-1.83536074556604,
0.840802344900387));
#9018=CARTESIAN_POINT('Ctrl Pts',(-0.0138165798896403,-1.84101536114271,
0.866570341492709));
#9019=CARTESIAN_POINT('Ctrl Pts',(-0.00700514947623922,-1.88458289449719,
0.771763588203092));
#9020=CARTESIAN_POINT('Ctrl Pts',(-0.00633119972273232,-1.89344323957767,
0.796610293611969));
#9021=CARTESIAN_POINT('Ctrl Pts',(-0.00565739954791925,-1.90230316746838,
0.821455529730304));
#9022=CARTESIAN_POINT('Ctrl Pts',(-0.00498344979441235,-1.91116351254886,
0.846302235139181));
#9023=CARTESIAN_POINT('Ctrl Pts',(-0.00292621036413642,-1.91474276888091,
0.759649726570254));
#9024=CARTESIAN_POINT('Ctrl Pts',(-0.00216811546255165,-1.92520229390539,
0.783860501929376));
#9025=CARTESIAN_POINT('Ctrl Pts',(-0.0014107113109759,-1.9356584387931,
0.808063608009233));
#9026=CARTESIAN_POINT('Ctrl Pts',(-0.00065261640939113,-1.94611796381758,
0.832274383368355));
#9027=CARTESIAN_POINT('Ctrl Pts',(0.000812726588711151,-1.94156007559135,
0.74595590827467));
#9028=CARTESIAN_POINT('Ctrl Pts',(0.001618881297747,-1.95344093689727,0.769442919443802));
#9029=CARTESIAN_POINT('Ctrl Pts',(0.00242503600678285,-1.96532179820319,
0.792929930612935));
#9030=CARTESIAN_POINT('Ctrl Pts',(0.0032311907158187,-1.97720265950912,
0.816416941782067));
#9031=CARTESIAN_POINT('',(0.0032311907158187,-1.97720265950912,0.816416941782067));
#9032=CARTESIAN_POINT('',(0.000812726588711151,-1.94156007559135,0.74595590827467));
#9033=CARTESIAN_POINT('Ctrl Pts',(-0.0297783977662736,-1.71717948649266,
0.879));
#9034=CARTESIAN_POINT('Ctrl Pts',(-0.0274895675643875,-1.73460474358135,
0.879));
#9035=CARTESIAN_POINT('Ctrl Pts',(-0.0252149719541682,-1.75206663899817,
0.878199055104607));
#9036=CARTESIAN_POINT('Ctrl Pts',(-0.0183237420079863,-1.80546762013728,
0.873282185206125));
#9037=CARTESIAN_POINT('Ctrl Pts',(-0.0138165798896403,-1.84101536114271,
0.866570341492709));
#9038=CARTESIAN_POINT('Ctrl Pts',(-0.00498344979441235,-1.91116351254886,
0.846302235139181));
#9039=CARTESIAN_POINT('Ctrl Pts',(-0.00065261640939113,-1.94611796381758,
0.832274383368355));
#9040=CARTESIAN_POINT('Ctrl Pts',(0.0032311907158187,-1.97720265950912,
0.816416941782067));
#9041=CARTESIAN_POINT('Ctrl Pts',(0.000812726588711151,-1.94156007559135,
0.74595590827467));
#9042=CARTESIAN_POINT('Ctrl Pts',(0.001618881297747,-1.95344093689727,0.769442919443802));
#9043=CARTESIAN_POINT('Ctrl Pts',(0.00242503600678285,-1.96532179820319,
0.792929930612935));
#9044=CARTESIAN_POINT('Ctrl Pts',(0.0032311907158187,-1.97720265950912,
0.816416941782067));
#9045=CARTESIAN_POINT('Ctrl Pts',(0.00666020131660004,-1.90430347851965,
0.764601383856816));
#9046=CARTESIAN_POINT('Ctrl Pts',(0.0071260986453549,-1.91426640531939,
0.789072622985259));
#9047=CARTESIAN_POINT('Ctrl Pts',(0.00759092295707711,-1.92422861844508,
0.813537163377749));
#9048=CARTESIAN_POINT('Ctrl Pts',(0.00805682028583197,-1.93419154524482,
0.838008402506193));
#9049=CARTESIAN_POINT('Ctrl Pts',(0.0125049128313257,-1.86398609458038,
0.779024032576732));
#9050=CARTESIAN_POINT('Ctrl Pts',(0.0127655564407336,-1.87184399370215,
0.804253087343168));
#9051=CARTESIAN_POINT('Ctrl Pts',(0.0130261469200021,-1.87970196377767,
0.82948077495742));
#9052=CARTESIAN_POINT('Ctrl Pts',(0.01328679052941,-1.88755986289943,0.854709829723855));
#9053=CARTESIAN_POINT('Ctrl Pts',(0.0228125133516733,-1.78763754499485,
0.79592874667392));
#9054=CARTESIAN_POINT('Ctrl Pts',(0.0228549196068813,-1.79149371776333,
0.822047635685327));
#9055=CARTESIAN_POINT('Ctrl Pts',(0.0228969520371147,-1.79534975922311,
0.848166599636993));
#9056=CARTESIAN_POINT('Ctrl Pts',(0.0229393582923228,-1.79920593199158,
0.8742854886484));
#9057=CARTESIAN_POINT('Ctrl Pts',(0.0272548286263309,-1.75104927533514,
0.8));
#9058=CARTESIAN_POINT('Ctrl Pts',(0.0272582184586761,-1.75298071099802,
0.826334164298129));
#9059=CARTESIAN_POINT('Ctrl Pts',(0.0272598850316535,-1.75491225221481,
0.852665835701871));
#9060=CARTESIAN_POINT('Ctrl Pts',(0.0272632748639988,-1.75684368787768,
0.879));
#9061=CARTESIAN_POINT('Ctrl Pts',(0.0318739270005944,-1.71436896727,0.8));
#9062=CARTESIAN_POINT('Ctrl Pts',(0.0318739270005944,-1.71436896727,0.826333333333333));
#9063=CARTESIAN_POINT('Ctrl Pts',(0.0318739270005944,-1.71436896727,0.852666666666667));
#9064=CARTESIAN_POINT('Ctrl Pts',(0.0318739270005944,-1.71436896727,0.879));
#9065=CARTESIAN_POINT('Ctrl Pts',(0.0032311907158187,-1.97720265950912,
0.816416941782067));
#9066=CARTESIAN_POINT('Ctrl Pts',(0.00805682028583197,-1.93419154524482,
0.838008402506193));
#9067=CARTESIAN_POINT('Ctrl Pts',(0.01328679052941,-1.88755986289943,0.854709829723855));
#9068=CARTESIAN_POINT('Ctrl Pts',(0.0229393582923228,-1.79920593199158,
0.8742854886484));
#9069=CARTESIAN_POINT('Ctrl Pts',(0.0272632748639988,-1.75684368787768,
0.879));
#9070=CARTESIAN_POINT('Ctrl Pts',(0.0318739270005944,-1.71436896727,0.879));
#9071=CARTESIAN_POINT('Origin',(0.0328942823934883,0.312071835244005,0.879));
#9072=CARTESIAN_POINT('Origin',(0.0328942823934876,-2.4143682236088,0.879));
#9073=CARTESIAN_POINT('Origin',(0.0328942823934876,-2.4143682236088,0.3));
#9074=CARTESIAN_POINT('Origin',(0.0328942823934883,0.312071835244005,0.8));
#9075=CARTESIAN_POINT('',(-0.482732759587438,2.33044676502148,0.8));
#9076=CARTESIAN_POINT('',(-0.124235820844043,2.62847124450143,0.8));
#9077=CARTESIAN_POINT('Ctrl Pts',(-0.482732759587498,2.33044676502149,0.8));
#9078=CARTESIAN_POINT('Ctrl Pts',(-0.451887238950101,2.32114410787344,0.8));
#9079=CARTESIAN_POINT('Ctrl Pts',(-0.35087246858557,2.30827433147959,0.8));
#9080=CARTESIAN_POINT('Ctrl Pts',(-0.187575438062901,2.38184745057225,0.8));
#9081=CARTESIAN_POINT('Ctrl Pts',(-0.120057804436093,2.52810992195377,0.8));
#9082=CARTESIAN_POINT('Ctrl Pts',(-0.122431631022582,2.61247362674228,0.8));
#9083=CARTESIAN_POINT('Ctrl Pts',(-0.124235820844043,2.62847124450143,0.8));
#9084=CARTESIAN_POINT('',(-0.280268481153541,2.62847124450143,0.8));
#9085=CARTESIAN_POINT('',(0.321870652362251,2.62847124450143,0.8));
#9086=CARTESIAN_POINT('',(-0.694786206915427,2.01830716809754,0.8));
#9087=CARTESIAN_POINT('Origin',(0.0328942823934883,0.312071835244005,0.8));
#9088=CARTESIAN_POINT('',(-0.0555012157316839,2.62847124450143,0.8));
#9089=CARTESIAN_POINT('Ctrl Pts',(-0.0555012157316962,2.62847124450157,
0.8));
#9090=CARTESIAN_POINT('Ctrl Pts',(-0.0521935515115427,2.59128024065442,
0.8));
#9091=CARTESIAN_POINT('Ctrl Pts',(-0.0597677964744653,2.47420808179658,
0.8));
#9092=CARTESIAN_POINT('Ctrl Pts',(-0.170265778652557,2.30388026886268,0.8));
#9093=CARTESIAN_POINT('Ctrl Pts',(-0.36578923981541,2.23526604574618,0.8));
#9094=CARTESIAN_POINT('Ctrl Pts',(-0.484629090687,2.25752619136604,0.8));
#9095=CARTESIAN_POINT('Ctrl Pts',(-0.522728231614319,2.27157401065539,0.8));
#9096=CARTESIAN_POINT('',(0.321870652362251,2.62847124450143,0.8));
#9097=CARTESIAN_POINT('Origin',(0.321870652362251,2.62847124450143,0.3));
#9098=CARTESIAN_POINT('Ctrl Pts',(-0.441368642226347,2.93267490671866,0.696812464387933));
#9099=CARTESIAN_POINT('Ctrl Pts',(-0.406274811170933,2.93684394027209,0.693616407336612));
#9100=CARTESIAN_POINT('Ctrl Pts',(-0.368165756360231,2.93355928078566,0.696229993770739));
#9101=CARTESIAN_POINT('Ctrl Pts',(-0.296332192583571,2.91916375558505,0.706916867589729));
#9102=CARTESIAN_POINT('Ctrl Pts',(-0.262606465904263,2.90802560540017,0.714959941248812));
#9103=CARTESIAN_POINT('Ctrl Pts',(-0.199935409222572,2.8763298479576,0.734649357854943));
#9104=CARTESIAN_POINT('Ctrl Pts',(-0.170987029718522,2.85573396299837,0.74619856285504));
#9105=CARTESIAN_POINT('Ctrl Pts',(-0.121714903105059,2.8058059378087,0.768300260762934));
#9106=CARTESIAN_POINT('Ctrl Pts',(-0.101387132928925,2.77653283421209,0.778718480854592));
#9107=CARTESIAN_POINT('Ctrl Pts',(-0.0694856037750181,2.70867190604858,
0.794894620861523));
#9108=CARTESIAN_POINT('Ctrl Pts',(-0.0590961036717019,2.66897047334927,
0.8));
#9109=CARTESIAN_POINT('Ctrl Pts',(-0.0555012157316838,2.62847124450143,
0.8));
#9110=CARTESIAN_POINT('Origin',(0.321870652362251,2.62847124450143,0.3));
#9111=CARTESIAN_POINT('',(-0.410672099579104,2.87471096286836,0.735162040047815));
#9112=CARTESIAN_POINT('Ctrl Pts',(-0.124235820844043,2.62847124450143,0.8));
#9113=CARTESIAN_POINT('Ctrl Pts',(-0.126239479301576,2.64625853520692,0.8));
#9114=CARTESIAN_POINT('Ctrl Pts',(-0.129906861713319,2.663871318689,0.799037052086581));
#9115=CARTESIAN_POINT('Ctrl Pts',(-0.144950411640281,2.71320130086829,0.793848089280074));
#9116=CARTESIAN_POINT('Ctrl Pts',(-0.16028809394675,2.74344677512711,0.787360335402667));
#9117=CARTESIAN_POINT('Ctrl Pts',(-0.20728841750691,2.8031094635614,0.769822586186187));
#9118=CARTESIAN_POINT('Ctrl Pts',(-0.242568526782381,2.82929711082889,0.758374923742243));
#9119=CARTESIAN_POINT('Ctrl Pts',(-0.322295215196604,2.86644981766564,0.740209666862267));
#9120=CARTESIAN_POINT('Ctrl Pts',(-0.366739284051927,2.87753621953763,0.733563347279303));
#9121=CARTESIAN_POINT('Ctrl Pts',(-0.410672099579104,2.87471096286836,0.735162040047815));
#9122=CARTESIAN_POINT('Origin',(-0.280268481153541,2.62847124450143,0.3));
#9123=CARTESIAN_POINT('Origin',(-0.694786206915427,2.01830716809754,0.3));
#9124=CARTESIAN_POINT('',(-0.665594065644936,2.58589356308469,0.703843853595974));
#9125=CARTESIAN_POINT('Ctrl Pts',(-0.665594065644936,2.58589356308469,0.703843853595974));
#9126=CARTESIAN_POINT('Ctrl Pts',(-0.666575880593702,2.54682830939223,0.719276296240902));
#9127=CARTESIAN_POINT('Ctrl Pts',(-0.663641363283759,2.50782008960807,0.734856634088318));
#9128=CARTESIAN_POINT('Ctrl Pts',(-0.641048820806962,2.45467540059255,0.758291876222799));
#9129=CARTESIAN_POINT('Ctrl Pts',(-0.630472772834967,2.4378367400393,0.76592091449491));
#9130=CARTESIAN_POINT('Ctrl Pts',(-0.605816602376343,2.40646517224869,0.779079385543809));
#9131=CARTESIAN_POINT('Ctrl Pts',(-0.591707999934224,2.39191243363287,0.784644212402057));
#9132=CARTESIAN_POINT('Ctrl Pts',(-0.548881390857843,2.35737573816385,0.796370682845273));
#9133=CARTESIAN_POINT('Ctrl Pts',(-0.516781660175629,2.3407339393274,0.8));
#9134=CARTESIAN_POINT('Ctrl Pts',(-0.482732759587438,2.33044676502148,0.8));
#9135=CARTESIAN_POINT('Ctrl Pts',(-0.410672099579104,2.87471096286836,0.735162040047815));
#9136=CARTESIAN_POINT('Ctrl Pts',(-0.443196230130266,2.86926209088968,0.721671333317098));
#9137=CARTESIAN_POINT('Ctrl Pts',(-0.474716645324088,2.8591668241823,0.70738145350191));
#9138=CARTESIAN_POINT('Ctrl Pts',(-0.532417879366033,2.82508816870381,0.685356304767179));
#9139=CARTESIAN_POINT('Ctrl Pts',(-0.558834467705871,2.801279622996,0.677808909436302));
#9140=CARTESIAN_POINT('Ctrl Pts',(-0.605252406224085,2.74718950941527,0.670719850745654));
#9141=CARTESIAN_POINT('Ctrl Pts',(-0.625245632247081,2.71690566995135,0.671196592977969));
#9142=CARTESIAN_POINT('Ctrl Pts',(-0.652964439222505,2.65307049435884,0.682533476657883));
#9143=CARTESIAN_POINT('Ctrl Pts',(-0.660511823456714,2.61939845081611,0.693168362593908));
#9144=CARTESIAN_POINT('Ctrl Pts',(-0.665594065644936,2.58589356308469,0.703843853595974));
#9145=CARTESIAN_POINT('Ctrl Pts',(-0.462982135447141,2.97348742824123,0.764978314502543));
#9146=CARTESIAN_POINT('Ctrl Pts',(-0.455777637706877,2.95988325440037,0.74225636446434));
#9147=CARTESIAN_POINT('Ctrl Pts',(-0.448573139966612,2.94627908055951,0.719534414426137));
#9148=CARTESIAN_POINT('Ctrl Pts',(-0.441368642226347,2.93267490671866,0.696812464387933));
#9149=CARTESIAN_POINT('Ctrl Pts',(-0.502940729802973,2.96193542726269,0.745269811130527));
#9150=CARTESIAN_POINT('Ctrl Pts',(-0.494177376967737,2.94800295537367,0.723456246201015));
#9151=CARTESIAN_POINT('Ctrl Pts',(-0.485428448899823,2.93406557280316,0.70164656296569));
#9152=CARTESIAN_POINT('Ctrl Pts',(-0.476665096064586,2.92013310091415,0.679832998036179));
#9153=CARTESIAN_POINT('Ctrl Pts',(-0.541233175620982,2.9461729555801,0.724506579908348));
#9154=CARTESIAN_POINT('Ctrl Pts',(-0.531077323545086,2.93201773786205,0.70369641650814));
#9155=CARTESIAN_POINT('Ctrl Pts',(-0.520923616299657,2.91786072256092,0.682892770238643));
#9156=CARTESIAN_POINT('Ctrl Pts',(-0.510767764223761,2.90370550484287,0.662082606838435));
#9157=CARTESIAN_POINT('Ctrl Pts',(-0.610098518778815,2.900104668122,0.69326071262341));
#9158=CARTESIAN_POINT('Ctrl Pts',(-0.597759908734009,2.88591418736182,0.674085004888228));
#9159=CARTESIAN_POINT('Ctrl Pts',(-0.58542185178818,2.87172500245438,0.654903990446739));
#9160=CARTESIAN_POINT('Ctrl Pts',(-0.573083241743374,2.8575345216942,0.635728282711557));
#9161=CARTESIAN_POINT('Ctrl Pts',(-0.641053356202621,2.87005832507048,0.683053355112839));
#9162=CARTESIAN_POINT('Ctrl Pts',(-0.627908186006283,2.85604805253388,0.664483089961488));
#9163=CARTESIAN_POINT('Ctrl Pts',(-0.614765830003018,2.8420378021197,0.645912296706838));
#9164=CARTESIAN_POINT('Ctrl Pts',(-0.60162065980668,2.8280275295831,0.627342031555487));
#9165=CARTESIAN_POINT('Ctrl Pts',(-0.695290177947394,2.80302302376539,0.674739460689865));
#9166=CARTESIAN_POINT('Ctrl Pts',(-0.680952402179627,2.78965283211428,0.656861430484108));
#9167=CARTESIAN_POINT('Ctrl Pts',(-0.666612258740593,2.77628321319008,0.638985406549455));
#9168=CARTESIAN_POINT('Ctrl Pts',(-0.652274482972827,2.76291302153897,0.621107376343698));
#9169=CARTESIAN_POINT('Ctrl Pts',(-0.718584335928968,2.76604233574322,0.676635256663959));
#9170=CARTESIAN_POINT('Ctrl Pts',(-0.703853825003929,2.75313308023686,0.658848021440276));
#9171=CARTESIAN_POINT('Ctrl Pts',(-0.689124042179452,2.74022461720813,0.641056067099453));
#9172=CARTESIAN_POINT('Ctrl Pts',(-0.674393531254413,2.72731536170177,0.62326883187577));
#9173=CARTESIAN_POINT('Ctrl Pts',(-0.752086005302198,2.68895739701501,0.694197553023086));
#9174=CARTESIAN_POINT('Ctrl Pts',(-0.73705012128693,2.67728933521972,0.675948909130489));
#9175=CARTESIAN_POINT('Ctrl Pts',(-0.722011465720309,2.66562191139037,0.657706966778469));
#9176=CARTESIAN_POINT('Ctrl Pts',(-0.706975581705041,2.65395384959508,0.639458322885872));
#9177=CARTESIAN_POINT('Ctrl Pts',(-0.762000436693006,2.64865404108446,0.709738110620104));
#9178=CARTESIAN_POINT('Ctrl Pts',(-0.747057708009007,2.63777171626536,0.690952678069255));
#9179=CARTESIAN_POINT('Ctrl Pts',(-0.73210066002051,2.6268949655899,0.672175617201866));
#9180=CARTESIAN_POINT('Ctrl Pts',(-0.717157931336511,2.6160126407708,0.653390184651017));
#9181=CARTESIAN_POINT('Ctrl Pts',(-0.767849888401776,2.60808270871969,0.726249329985417));
#9182=CARTESIAN_POINT('Ctrl Pts',(-0.753108005139817,2.5980677436316,0.706863206169155));
#9183=CARTESIAN_POINT('Ctrl Pts',(-0.738366121877858,2.5880527785435,0.687477082352892));
#9184=CARTESIAN_POINT('Ctrl Pts',(-0.723624238615899,2.57803781345541,0.66809095853663));
#9185=CARTESIAN_POINT('',(-0.767849888401776,2.60808270871969,0.726249329985417));
#9186=CARTESIAN_POINT('',(-0.767849888401776,2.60808270871969,0.726249329985417));
#9187=CARTESIAN_POINT('',(-0.462982135447142,2.97348742824123,0.764978314502543));
#9188=CARTESIAN_POINT('Ctrl Pts',(-0.462982135883652,2.97348742811503,0.764978314287246));
#9189=CARTESIAN_POINT('Ctrl Pts',(-0.476655307751706,2.96953452392015,0.758234389522746));
#9190=CARTESIAN_POINT('Ctrl Pts',(-0.490149901042607,2.96509983374803,0.751382021343023));
#9191=CARTESIAN_POINT('Ctrl Pts',(-0.50335149533758,2.96004268363729,0.744644451265037));
#9192=CARTESIAN_POINT('Ctrl Pts',(-0.517444116637978,2.95464420677324,0.737452136346671));
#9193=CARTESIAN_POINT('Ctrl Pts',(-0.53120283759716,2.94853639950007,0.730391479014431));
#9194=CARTESIAN_POINT('Ctrl Pts',(-0.544527396196726,2.9415745823072,0.723772409773418));
#9195=CARTESIAN_POINT('Ctrl Pts',(-0.555198520713242,2.93599913171563,0.718471452782873));
#9196=CARTESIAN_POINT('Ctrl Pts',(-0.565592250758907,2.92987666276709,0.71345481897406));
#9197=CARTESIAN_POINT('Ctrl Pts',(-0.575670962873661,2.92314228720716,0.708890646426367));
#9198=CARTESIAN_POINT('Ctrl Pts',(-0.588739240944154,2.91441034889538,0.702972640699461));
#9199=CARTESIAN_POINT('Ctrl Pts',(-0.601288994174655,2.90465719148122,0.697809905621521));
#9200=CARTESIAN_POINT('Ctrl Pts',(-0.613324972924929,2.8940925774589,0.693471173811349));
#9201=CARTESIAN_POINT('Ctrl Pts',(-0.625749869373951,2.88318658983839,0.688992244878359));
#9202=CARTESIAN_POINT('Ctrl Pts',(-0.637627501412297,2.87141602685801,0.685391029883478));
#9203=CARTESIAN_POINT('Ctrl Pts',(-0.648933788113577,2.85899173954329,0.682699719432247));
#9204=CARTESIAN_POINT('Ctrl Pts',(-0.655549551958551,2.85172178849853,0.681124925262483));
#9205=CARTESIAN_POINT('Ctrl Pts',(-0.661969120230518,2.84422761997559,0.679860901691053));
#9206=CARTESIAN_POINT('Ctrl Pts',(-0.668182877571912,2.83654822238427,0.678908293118395));
#9207=CARTESIAN_POINT('Ctrl Pts',(-0.678964931597181,2.82322300301023,0.677255335570967));
#9208=CARTESIAN_POINT('Ctrl Pts',(-0.6891276125923,2.80934028394613,0.6765436859446));
#9209=CARTESIAN_POINT('Ctrl Pts',(-0.698525178231999,2.79503661098869,0.676852145232954));
#9210=CARTESIAN_POINT('Ctrl Pts',(-0.707378666933291,2.78156105659823,0.677142746110773));
#9211=CARTESIAN_POINT('Ctrl Pts',(-0.715553175024932,2.7677119519058,0.678338904820482));
#9212=CARTESIAN_POINT('Ctrl Pts',(-0.722898183918631,2.75358400790132,0.68047651916029));
#9213=CARTESIAN_POINT('Ctrl Pts',(-0.727366877517684,2.74498858564189,0.681777040869084));
#9214=CARTESIAN_POINT('Ctrl Pts',(-0.731527960625714,2.73628956254981,0.683425459068866));
#9215=CARTESIAN_POINT('Ctrl Pts',(-0.735341705374002,2.72750430579681,0.685423378298575));
#9216=CARTESIAN_POINT('Ctrl Pts',(-0.743709684192332,2.70822801771916,0.689807139378141));
#9217=CARTESIAN_POINT('Ctrl Pts',(-0.750387773322231,2.68852455917173,0.695893720227577));
#9218=CARTESIAN_POINT('Ctrl Pts',(-0.75569292008659,2.66856051612248,0.702941871274173));
#9219=CARTESIAN_POINT('Ctrl Pts',(-0.759851563500257,2.65291093283579,0.70846683565883));
#9220=CARTESIAN_POINT('Ctrl Pts',(-0.763165290297004,2.63710036289859,0.71458062833886));
#9221=CARTESIAN_POINT('Ctrl Pts',(-0.765810136557281,2.62122492297534,0.72093994566713));
#9222=CARTESIAN_POINT('Ctrl Pts',(-0.766539298641606,2.6168481964193,0.722693156486074));
#9223=CARTESIAN_POINT('Ctrl Pts',(-0.767217821440983,2.61246667494761,0.724465197597834));
#9224=CARTESIAN_POINT('Ctrl Pts',(-0.767849888401776,2.60808270871969,0.726249329985417));
#9225=CARTESIAN_POINT('',(-0.441368642226347,2.93267490671866,0.696812464387933));
#9226=CARTESIAN_POINT('Ctrl Pts',(-0.0555012157316838,2.62847124450143,
0.879));
#9227=CARTESIAN_POINT('Ctrl Pts',(-0.0555012157316838,2.62847124450143,
0.852666666666666));
#9228=CARTESIAN_POINT('Ctrl Pts',(-0.0555012157316838,2.62847124450143,
0.826333333333333));
#9229=CARTESIAN_POINT('Ctrl Pts',(-0.0555012157316838,2.62847124450143,
0.8));
#9230=CARTESIAN_POINT('Ctrl Pts',(-0.0606560361660642,2.67471378482199,
0.879));
#9231=CARTESIAN_POINT('Ctrl Pts',(-0.0601318851587902,2.67279175757821,
0.852665146885872));
#9232=CARTESIAN_POINT('Ctrl Pts',(-0.0596202546789759,2.67089250059305,
0.826334853114128));
#9233=CARTESIAN_POINT('Ctrl Pts',(-0.0590961036717019,2.66897047334927,
0.8));
#9234=CARTESIAN_POINT('Ctrl Pts',(-0.0726162787236347,2.72003070514541,
0.873250958250235));
#9235=CARTESIAN_POINT('Ctrl Pts',(-0.0715695726933371,2.71624653187055,
0.847131132752837));
#9236=CARTESIAN_POINT('Ctrl Pts',(-0.0705323098053157,2.71245607932343,
0.821014446358922));
#9237=CARTESIAN_POINT('Ctrl Pts',(-0.0694856037750181,2.70867190604858,
0.794894620861523));
#9238=CARTESIAN_POINT('Ctrl Pts',(-0.107470862684864,2.79747014343274,0.855067987831162));
#9239=CARTESIAN_POINT('Ctrl Pts',(-0.105445356554405,2.79048784408055,0.8296186486562));
#9240=CARTESIAN_POINT('Ctrl Pts',(-0.103412639059384,2.78351513356428,0.804167820029554));
#9241=CARTESIAN_POINT('Ctrl Pts',(-0.101387132928925,2.77653283421209,0.778718480854592));
#9242=CARTESIAN_POINT('Ctrl Pts',(-0.129213462446788,2.83086237498129,0.843368976342428));
#9243=CARTESIAN_POINT('Ctrl Pts',(-0.126714189423557,2.82250865949795,0.818345624390491));
#9244=CARTESIAN_POINT('Ctrl Pts',(-0.124214176128289,2.81415965329204,0.79332361271487));
#9245=CARTESIAN_POINT('Ctrl Pts',(-0.121714903105059,2.8058059378087,0.768300260762934));
#9246=CARTESIAN_POINT('Ctrl Pts',(-0.18131358373456,2.88774962881482,0.818624225051003));
#9247=CARTESIAN_POINT('Ctrl Pts',(-0.177870948896665,2.87707876899327,0.794482149212196));
#9248=CARTESIAN_POINT('Ctrl Pts',(-0.174429664556416,2.86640482281992,0.770340638693847));
#9249=CARTESIAN_POINT('Ctrl Pts',(-0.170987029718522,2.85573396299837,0.74619856285504));
#9250=CARTESIAN_POINT('Ctrl Pts',(-0.211671105260408,2.9111875328798,0.80572785902129));
#9251=CARTESIAN_POINT('Ctrl Pts',(-0.207759444301338,2.89956678824445,0.782034926167791));
#9252=CARTESIAN_POINT('Ctrl Pts',(-0.203847070181641,2.88795059259295,0.758342290708442));
#9253=CARTESIAN_POINT('Ctrl Pts',(-0.199935409222572,2.8763298479576,0.734649357854943));
#9254=CARTESIAN_POINT('Ctrl Pts',(-0.277165037953272,2.94708865890567,0.783897623147001));
#9255=CARTESIAN_POINT('Ctrl Pts',(-0.272311915216839,2.93406989878206,0.760917695435246));
#9256=CARTESIAN_POINT('Ctrl Pts',(-0.267459588640696,2.92104436552379,0.737939868960567));
#9257=CARTESIAN_POINT('Ctrl Pts',(-0.262606465904263,2.90802560540017,0.714959941248812));
#9258=CARTESIAN_POINT('Ctrl Pts',(-0.312301449120288,2.95960882256861,0.775067027095176));
#9259=CARTESIAN_POINT('Ctrl Pts',(-0.306978342025258,2.94612791783659,0.75234987945496));
#9260=CARTESIAN_POINT('Ctrl Pts',(-0.3016552996786,2.93264466031707,0.729634015229946));
#9261=CARTESIAN_POINT('Ctrl Pts',(-0.296332192583571,2.91916375558505,0.706916867589729));
#9262=CARTESIAN_POINT('Ctrl Pts',(-0.386957511683777,2.97546634417909,0.763600972910181));
#9263=CARTESIAN_POINT('Ctrl Pts',(-0.380693629928777,2.96149827944088,0.741143548739685));
#9264=CARTESIAN_POINT('Ctrl Pts',(-0.374429638115231,2.94752734552388,0.718687417941236));
#9265=CARTESIAN_POINT('Ctrl Pts',(-0.368165756360231,2.93355928078566,0.696229993770739));
#9266=CARTESIAN_POINT('Ctrl Pts',(-0.426477163080251,2.97884888393267,0.761000088154656));
#9267=CARTESIAN_POINT('Ctrl Pts',(-0.419742899463321,2.96485438975881,0.738536832319545));
#9268=CARTESIAN_POINT('Ctrl Pts',(-0.413009074787863,2.95083843444594,0.716079663171723));
#9269=CARTESIAN_POINT('Ctrl Pts',(-0.406274811170933,2.93684394027209,0.693616407336612));
#9270=CARTESIAN_POINT('Ctrl Pts',(-0.462982135447141,2.97348742824123,0.764978314502543));
#9271=CARTESIAN_POINT('Ctrl Pts',(-0.455777637706877,2.95988325440037,0.74225636446434));
#9272=CARTESIAN_POINT('Ctrl Pts',(-0.448573139966612,2.94627908055951,0.719534414426137));
#9273=CARTESIAN_POINT('Ctrl Pts',(-0.441368642226347,2.93267490671866,0.696812464387933));
#9274=CARTESIAN_POINT('',(-0.0555012157316839,2.62847124450143,0.879));
#9275=CARTESIAN_POINT('Ctrl Pts',(-0.0555012157316838,2.62847124450143,
0.879));
#9276=CARTESIAN_POINT('Ctrl Pts',(-0.0573913161380883,2.64542683885543,
0.879));
#9277=CARTESIAN_POINT('Ctrl Pts',(-0.0601963673348822,2.66226660083038,
0.878250870401736));
#9278=CARTESIAN_POINT('Ctrl Pts',(-0.0638934162398036,2.67879283834081,
0.876809099437122));
#9279=CARTESIAN_POINT('Ctrl Pts',(-0.0676673636938425,2.69566282128703,
0.875337339663005));
#9280=CARTESIAN_POINT('Ctrl Pts',(-0.0723708018410083,2.71220539098893,
0.873144074565631));
#9281=CARTESIAN_POINT('Ctrl Pts',(-0.0779793153302109,2.7282267849987,0.870341855504309));
#9282=CARTESIAN_POINT('Ctrl Pts',(-0.081860844905679,2.73931484154146,0.868402500952625));
#9283=CARTESIAN_POINT('Ctrl Pts',(-0.0861758803634682,2.75015364082925,
0.86617261020354));
#9284=CARTESIAN_POINT('Ctrl Pts',(-0.090916328352751,2.76068586459206,0.863702309942304));
#9285=CARTESIAN_POINT('Ctrl Pts',(-0.098348639533876,2.77719881117674,0.859829249781359));
#9286=CARTESIAN_POINT('Ctrl Pts',(-0.106826680014386,2.79304050492223,0.855344164607631));
#9287=CARTESIAN_POINT('Ctrl Pts',(-0.116270760189748,2.8080476078371,0.85044829887205));
#9288=CARTESIAN_POINT('Ctrl Pts',(-0.126219766557249,2.82385706303924,0.845290676480746));
#9289=CARTESIAN_POINT('Ctrl Pts',(-0.137240872339644,2.83873990141609,0.83967806504383));
#9290=CARTESIAN_POINT('Ctrl Pts',(-0.149240910603294,2.85255017708198,0.833881664766229));
#9291=CARTESIAN_POINT('Ctrl Pts',(-0.151221909646525,2.85483001505248,0.83292477920038));
#9292=CARTESIAN_POINT('Ctrl Pts',(-0.153229586858096,2.85708072359037,0.831962941657918));
#9293=CARTESIAN_POINT('Ctrl Pts',(-0.155263523090674,2.8593017629572,0.830997431019622));
#9294=CARTESIAN_POINT('Ctrl Pts',(-0.1697172540685,2.87508510217169,0.824136237045767));
#9295=CARTESIAN_POINT('Ctrl Pts',(-0.18549704695163,2.88933335448354,0.817104253305149));
#9296=CARTESIAN_POINT('Ctrl Pts',(-0.202275285120464,2.90194877213876,0.810344042658842));
#9297=CARTESIAN_POINT('Ctrl Pts',(-0.215736583197754,2.91207021014182,0.804920278276702));
#9298=CARTESIAN_POINT('Ctrl Pts',(-0.229840577047121,2.92114248814194,0.799671918145226));
#9299=CARTESIAN_POINT('Ctrl Pts',(-0.24441807160684,2.92913577112747,0.794814957765766));
#9300=CARTESIAN_POINT('Ctrl Pts',(-0.259681213959803,2.93750501562116,0.78972955180861));
#9301=CARTESIAN_POINT('Ctrl Pts',(-0.27546344643921,2.94468616262586,0.785080282906629));
#9302=CARTESIAN_POINT('Ctrl Pts',(-0.291744738204581,2.95077698960193,0.780998967436742));
#9303=CARTESIAN_POINT('Ctrl Pts',(-0.308338178313973,2.95698459119156,0.776839404129783));
#9304=CARTESIAN_POINT('Ctrl Pts',(-0.325449997289183,2.96206019081129,0.773269470422599));
#9305=CARTESIAN_POINT('Ctrl Pts',(-0.343058989953705,2.9660876505755,0.770378743513806));
#9306=CARTESIAN_POINT('Ctrl Pts',(-0.345241529184035,2.96658683239137,0.770020453576227));
#9307=CARTESIAN_POINT('Ctrl Pts',(-0.347431706125515,2.96706988268869,0.769672539335406));
#9308=CARTESIAN_POINT('Ctrl Pts',(-0.349629480402032,2.96753693519943,0.769335122691115));
#9309=CARTESIAN_POINT('Ctrl Pts',(-0.368293496042905,2.97150325487962,0.766469701253697));
#9310=CARTESIAN_POINT('Ctrl Pts',(-0.387505416712459,2.97431584105923,0.76436476187614));
#9311=CARTESIAN_POINT('Ctrl Pts',(-0.406614455017657,2.97548058096917,0.76349274040077));
#9312=CARTESIAN_POINT('Ctrl Pts',(-0.420433742757823,2.97632289839514,0.762862111297867));
#9313=CARTESIAN_POINT('Ctrl Pts',(-0.434199224016504,2.97630411059365,0.762877021639571));
#9314=CARTESIAN_POINT('Ctrl Pts',(-0.447664760255399,2.97521782211052,0.763689347426036));
#9315=CARTESIAN_POINT('Ctrl Pts',(-0.452819101728522,2.97480201232166,0.764000289702421));
#9316=CARTESIAN_POINT('Ctrl Pts',(-0.457929495038971,2.97422950544104,0.764427689590513));
#9317=CARTESIAN_POINT('Ctrl Pts',(-0.462982135447142,2.97348742824123,0.764978314502543));
#9318=CARTESIAN_POINT('',(-0.0555012157316839,2.62847124450143,0.8));
#9319=CARTESIAN_POINT('Ctrl Pts',(-0.427654711627691,2.90677904240839,0.807726077352916));
#9320=CARTESIAN_POINT('Ctrl Pts',(-0.421993840944829,2.89608968256171,0.783538064917882));
#9321=CARTESIAN_POINT('Ctrl Pts',(-0.416332970261966,2.88540032271503,0.759350052482849));
#9322=CARTESIAN_POINT('Ctrl Pts',(-0.410672099579104,2.87471096286836,0.735162040047815));
#9323=CARTESIAN_POINT('Ctrl Pts',(-0.381931762635901,2.91079888859835,0.805522616488969));
#9324=CARTESIAN_POINT('Ctrl Pts',(-0.376866882649629,2.89971174311387,0.78154264494353));
#9325=CARTESIAN_POINT('Ctrl Pts',(-0.371804164038199,2.8886233650221,0.757543318824743));
#9326=CARTESIAN_POINT('Ctrl Pts',(-0.366739284051927,2.87753621953763,0.733563347279303));
#9327=CARTESIAN_POINT('Ctrl Pts',(-0.3356962423953,2.89858181980299,0.812641813433639));
#9328=CARTESIAN_POINT('Ctrl Pts',(-0.33122964509756,2.88787235843755,0.788497745020271));
#9329=CARTESIAN_POINT('Ctrl Pts',(-0.326761812494344,2.87715927903108,0.764353735275635));
#9330=CARTESIAN_POINT('Ctrl Pts',(-0.322295215196604,2.86644981766564,0.740209666862267));
#9331=CARTESIAN_POINT('Ctrl Pts',(-0.252391977458913,2.85686333435262,0.832567358796067));
#9332=CARTESIAN_POINT('Ctrl Pts',(-0.249116923485543,2.84767335996185,0.807837555313261));
#9333=CARTESIAN_POINT('Ctrl Pts',(-0.245843580755751,2.83848708521966,0.783104727225049));
#9334=CARTESIAN_POINT('Ctrl Pts',(-0.242568526782381,2.82929711082889,0.758374923742243));
#9335=CARTESIAN_POINT('Ctrl Pts',(-0.215323232763128,2.82720870019638,0.845278445384716));
#9336=CARTESIAN_POINT('Ctrl Pts',(-0.212643952441011,2.81917301356668,0.820128800263598));
#9337=CARTESIAN_POINT('Ctrl Pts',(-0.209967697829027,2.81114515019111,0.794972231307305));
#9338=CARTESIAN_POINT('Ctrl Pts',(-0.20728841750691,2.8031094635614,0.769822586186187));
#9339=CARTESIAN_POINT('Ctrl Pts',(-0.165164300091221,2.7594140412923,0.864843252216145));
#9340=CARTESIAN_POINT('Ctrl Pts',(-0.163539551623471,2.754093225519,0.839014245846829));
#9341=CARTESIAN_POINT('Ctrl Pts',(-0.161912842414501,2.7487675909004,0.813189341771983));
#9342=CARTESIAN_POINT('Ctrl Pts',(-0.16028809394675,2.74344677512711,0.787360335402667));
#9343=CARTESIAN_POINT('Ctrl Pts',(-0.148464055478171,2.72498949028341,0.872106750892416));
#9344=CARTESIAN_POINT('Ctrl Pts',(-0.147293072183867,2.72105538794209,0.846021277726224));
#9345=CARTESIAN_POINT('Ctrl Pts',(-0.146121394934585,2.71713540320961,0.819933562446266));
#9346=CARTESIAN_POINT('Ctrl Pts',(-0.144950411640281,2.71320130086829,0.793848089280074));
#9347=CARTESIAN_POINT('Ctrl Pts',(-0.131342246462146,2.66880210200205,0.877920526245987));
#9348=CARTESIAN_POINT('Ctrl Pts',(-0.130863600969677,2.66716073919376,0.851625699071299));
#9349=CARTESIAN_POINT('Ctrl Pts',(-0.130385507205788,2.66551268149728,0.825331879261269));
#9350=CARTESIAN_POINT('Ctrl Pts',(-0.129906861713319,2.663871318689,0.799037052086581));
#9351=CARTESIAN_POINT('Ctrl Pts',(-0.126956818108317,2.64873832144306,0.879));
#9352=CARTESIAN_POINT('Ctrl Pts',(-0.126717500526364,2.64790968879595,0.852666746996606));
#9353=CARTESIAN_POINT('Ctrl Pts',(-0.126478796883529,2.64708716785403,0.826333253003394));
#9354=CARTESIAN_POINT('Ctrl Pts',(-0.126239479301576,2.64625853520692,0.8));
#9355=CARTESIAN_POINT('Ctrl Pts',(-0.124235820844043,2.62847124450143,0.879));
#9356=CARTESIAN_POINT('Ctrl Pts',(-0.124235820844043,2.62847124450143,0.852666666666666));
#9357=CARTESIAN_POINT('Ctrl Pts',(-0.124235820844043,2.62847124450143,0.826333333333333));
#9358=CARTESIAN_POINT('Ctrl Pts',(-0.124235820844043,2.62847124450143,0.8));
#9359=CARTESIAN_POINT('',(-0.124235820844043,2.62847124450143,0.879));
#9360=CARTESIAN_POINT('',(-0.124235820844043,2.62847124450143,0.8));
#9361=CARTESIAN_POINT('',(-0.427654711627691,2.90677904240839,0.807726077352916));
#9362=CARTESIAN_POINT('Ctrl Pts',(-0.427654711627691,2.90677904240839,0.807726077352916));
#9363=CARTESIAN_POINT('Ctrl Pts',(-0.415109085133264,2.90788202220248,0.807121483869693));
#9364=CARTESIAN_POINT('Ctrl Pts',(-0.402524869020544,2.90775090901014,0.807193958348323));
#9365=CARTESIAN_POINT('Ctrl Pts',(-0.390007332238804,2.90656036754778,0.80784588178237));
#9366=CARTESIAN_POINT('Ctrl Pts',(-0.374596745716728,2.90509466846227,0.808648477585468));
#9367=CARTESIAN_POINT('Ctrl Pts',(-0.359287222108947,2.90202256102599,0.810328580714958));
#9368=CARTESIAN_POINT('Ctrl Pts',(-0.344275188406471,2.89763274382419,0.812633482404653));
#9369=CARTESIAN_POINT('Ctrl Pts',(-0.327040303647643,2.89259292076725,0.815279673839447));
#9370=CARTESIAN_POINT('Ctrl Pts',(-0.310197530713836,2.88581315513028,0.818745180735042));
#9371=CARTESIAN_POINT('Ctrl Pts',(-0.294044109927106,2.87771881192855,0.822605635380698));
#9372=CARTESIAN_POINT('Ctrl Pts',(-0.277347360115664,2.86935221112544,0.826595938501501));
#9373=CARTESIAN_POINT('Ctrl Pts',(-0.261387115812421,2.85958367579345,0.831012520209038));
#9374=CARTESIAN_POINT('Ctrl Pts',(-0.246421739925499,2.84839654799989,0.835606068749327));
#9375=CARTESIAN_POINT('Ctrl Pts',(-0.231503578583613,2.83724471468561,0.840185125017183));
#9376=CARTESIAN_POINT('Ctrl Pts',(-0.217574018102436,2.82468194953505,0.844939583742209));
#9377=CARTESIAN_POINT('Ctrl Pts',(-0.204888983754883,2.81070643648685,0.849573775577071));
#9378=CARTESIAN_POINT('Ctrl Pts',(-0.198554641797477,2.80372768686332,0.851887884863176));
#9379=CARTESIAN_POINT('Ctrl Pts',(-0.192530629821581,2.79639700933762,0.854171283278855));
#9380=CARTESIAN_POINT('Ctrl Pts',(-0.186848814942171,2.78871709269332,0.856383202601643));
#9381=CARTESIAN_POINT('Ctrl Pts',(-0.17749403391639,2.77607255216736,0.860025000398746));
#9382=CARTESIAN_POINT('Ctrl Pts',(-0.169066871415236,2.76248778221879,0.863466941544669));
#9383=CARTESIAN_POINT('Ctrl Pts',(-0.161607256845143,2.74816075603357,0.866493972456192));
#9384=CARTESIAN_POINT('Ctrl Pts',(-0.154547747793325,2.73460217735772,0.869358644875824));
#9385=CARTESIAN_POINT('Ctrl Pts',(-0.148354778932174,2.72037928292727,0.871851116594564));
#9386=CARTESIAN_POINT('Ctrl Pts',(-0.143062193131787,2.70568648848,0.873828202598417));
#9387=CARTESIAN_POINT('Ctrl Pts',(-0.140983720203722,2.69991642132416,0.874604632096294));
#9388=CARTESIAN_POINT('Ctrl Pts',(-0.139044108261996,2.69407414691036,0.875302063666214));
#9389=CARTESIAN_POINT('Ctrl Pts',(-0.137245407036253,2.68817237033019,0.875913861245568));
#9390=CARTESIAN_POINT('Ctrl Pts',(-0.132858632484537,2.67377878292318,0.877405947876465));
#9391=CARTESIAN_POINT('Ctrl Pts',(-0.129309997978081,2.65900155210705,0.878388158989215));
#9392=CARTESIAN_POINT('Ctrl Pts',(-0.126659705240037,2.64404159960347,0.878790604659402));
#9393=CARTESIAN_POINT('Ctrl Pts',(-0.125743572711265,2.63887035986807,0.878929718940715));
#9394=CARTESIAN_POINT('Ctrl Pts',(-0.124934782386206,2.63367738988799,0.879));
#9395=CARTESIAN_POINT('Ctrl Pts',(-0.124235820844043,2.62847124450143,0.879));
#9396=CARTESIAN_POINT('',(-0.410672099579104,2.87471096286836,0.735162040047815));
#9397=CARTESIAN_POINT('Ctrl Pts',(-0.70412322675975,2.61206852299867,0.767651182464139));
#9398=CARTESIAN_POINT('Ctrl Pts',(-0.691280173054812,2.60334353636068,0.746382072841417));
#9399=CARTESIAN_POINT('Ctrl Pts',(-0.678437119349874,2.59461854972268,0.725112963218696));
#9400=CARTESIAN_POINT('Ctrl Pts',(-0.665594065644936,2.58589356308469,0.703843853595974));
#9401=CARTESIAN_POINT('Ctrl Pts',(-0.699721210565187,2.64774643077076,0.755673533060603));
#9402=CARTESIAN_POINT('Ctrl Pts',(-0.686649746230236,2.63829596407534,0.734839533695062));
#9403=CARTESIAN_POINT('Ctrl Pts',(-0.673583287791664,2.62884891751153,0.714002361959449));
#9404=CARTESIAN_POINT('Ctrl Pts',(-0.660511823456714,2.61939845081611,0.693168362593908));
#9405=CARTESIAN_POINT('Ctrl Pts',(-0.692638816709305,2.68344547809729,0.743804046222255));
#9406=CARTESIAN_POINT('Ctrl Pts',(-0.679413712765343,2.67332026258795,0.723379613741021));
#9407=CARTESIAN_POINT('Ctrl Pts',(-0.666189543166468,2.66319570986818,0.702957909139117));
#9408=CARTESIAN_POINT('Ctrl Pts',(-0.652964439222505,2.65307049435884,0.682533476657883));
#9409=CARTESIAN_POINT('Ctrl Pts',(-0.664242361602187,2.75024224745024,0.731582027909974));
#9410=CARTESIAN_POINT('Ctrl Pts',(-0.651242983794814,2.7391299978997,0.71145464667669));
#9411=CARTESIAN_POINT('Ctrl Pts',(-0.638245010054454,2.72801791950189,0.691323974211252));
#9412=CARTESIAN_POINT('Ctrl Pts',(-0.625245632247081,2.71690566995135,0.671196592977969));
#9413=CARTESIAN_POINT('Ctrl Pts',(-0.64312500515582,2.78147360177577,0.731482310880046));
#9414=CARTESIAN_POINT('Ctrl Pts',(-0.630500812650984,2.77004563150657,0.711227890549479));
#9415=CARTESIAN_POINT('Ctrl Pts',(-0.617876598728921,2.75861747968446,0.690974271076222));
#9416=CARTESIAN_POINT('Ctrl Pts',(-0.605252406224085,2.74718950941527,0.670719850745654));
#9417=CARTESIAN_POINT('Ctrl Pts',(-0.593215343951623,2.83661398541599,0.740483554433654));
#9418=CARTESIAN_POINT('Ctrl Pts',(-0.581753866985781,2.82483567976389,0.719592477336966));
#9419=CARTESIAN_POINT('Ctrl Pts',(-0.570295944671713,2.81305792864809,0.698699986532991));
#9420=CARTESIAN_POINT('Ctrl Pts',(-0.558834467705871,2.801279622996,0.677808909436302));
#9421=CARTESIAN_POINT('Ctrl Pts',(-0.564427225637525,2.86052585881017,0.749570855859709));
#9422=CARTESIAN_POINT('Ctrl Pts',(-0.553756609834945,2.84871256007755,0.728167780643314));
#9423=CARTESIAN_POINT('Ctrl Pts',(-0.543088495168613,2.83690146743643,0.706759379983575));
#9424=CARTESIAN_POINT('Ctrl Pts',(-0.532417879366033,2.82508816870381,0.685356304767179));
#9425=CARTESIAN_POINT('Ctrl Pts',(-0.500326013425781,2.89367052475841,0.775528394776146));
#9426=CARTESIAN_POINT('Ctrl Pts',(-0.491789065550043,2.88217015359236,0.752811027052906));
#9427=CARTESIAN_POINT('Ctrl Pts',(-0.483253593199826,2.87066719534835,0.73009882122515));
#9428=CARTESIAN_POINT('Ctrl Pts',(-0.474716645324088,2.8591668241823,0.70738145350191));
#9429=CARTESIAN_POINT('Ctrl Pts',(-0.464735701820509,2.90271498820861,0.792164947124092));
#9430=CARTESIAN_POINT('Ctrl Pts',(-0.457551160684912,2.89156504095295,0.768667012491001));
#9431=CARTESIAN_POINT('Ctrl Pts',(-0.450380771265863,2.88041203814534,0.745169267950189));
#9432=CARTESIAN_POINT('Ctrl Pts',(-0.443196230130266,2.86926209088968,0.721671333317098));
#9433=CARTESIAN_POINT('Ctrl Pts',(-0.427654711627691,2.90677904240839,0.807726077352916));
#9434=CARTESIAN_POINT('Ctrl Pts',(-0.421993840944828,2.89608968256171,0.783538064917882));
#9435=CARTESIAN_POINT('Ctrl Pts',(-0.416332970261966,2.88540032271503,0.759350052482849));
#9436=CARTESIAN_POINT('Ctrl Pts',(-0.410672099579104,2.87471096286836,0.735162040047815));
#9437=CARTESIAN_POINT('',(-0.70412322675975,2.61206852299867,0.767651182464138));
#9438=CARTESIAN_POINT('Ctrl Pts',(-0.70412322675975,2.61206852299867,0.767651182464139));
#9439=CARTESIAN_POINT('Ctrl Pts',(-0.702442469133656,2.62569089804697,0.763077931324686));
#9440=CARTESIAN_POINT('Ctrl Pts',(-0.700380657144469,2.63932294404917,0.758531902995017));
#9441=CARTESIAN_POINT('Ctrl Pts',(-0.697673635016594,2.65282369292915,0.754306800117519));
#9442=CARTESIAN_POINT('Ctrl Pts',(-0.694216678386014,2.67006459498083,0.748911204249703));
#9443=CARTESIAN_POINT('Ctrl Pts',(-0.689707794792319,2.6870915731712,0.744040590777848));
#9444=CARTESIAN_POINT('Ctrl Pts',(-0.683652606302301,2.70364892345406,0.740373734713234));
#9445=CARTESIAN_POINT('Ctrl Pts',(-0.682030817421138,2.70808355445432,0.739391623850093));
#9446=CARTESIAN_POINT('Ctrl Pts',(-0.680298293111929,2.7124846251385,0.738496028915547));
#9447=CARTESIAN_POINT('Ctrl Pts',(-0.678445719635382,2.71684734818832,0.737700044420425));
#9448=CARTESIAN_POINT('Ctrl Pts',(-0.673077033283162,2.72949035101254,0.735393312110136));
#9449=CARTESIAN_POINT('Ctrl Pts',(-0.666702329716772,2.74181278266275,0.733926809280311));
#9450=CARTESIAN_POINT('Ctrl Pts',(-0.659510475845457,2.75374847887935,0.733254559049743));
#9451=CARTESIAN_POINT('Ctrl Pts',(-0.651584116427159,2.7669031702584,0.732513651761878));
#9452=CARTESIAN_POINT('Ctrl Pts',(-0.642665027729732,2.77958799965243,0.732737163062965));
#9453=CARTESIAN_POINT('Ctrl Pts',(-0.63297043075826,2.79169018840392,0.733814123759794));
#9454=CARTESIAN_POINT('Ctrl Pts',(-0.628218806644126,2.79762184828361,0.734341975761491));
#9455=CARTESIAN_POINT('Ctrl Pts',(-0.623280385613146,2.80341320313899,0.735074176791551));
#9456=CARTESIAN_POINT('Ctrl Pts',(-0.618178369434335,2.8090493608251,0.735994363594487));
#9457=CARTESIAN_POINT('Ctrl Pts',(-0.607842156073776,2.82046769552567,0.737858577033521));
#9458=CARTESIAN_POINT('Ctrl Pts',(-0.596840269139413,2.83125297428323,0.740492772094877));
#9459=CARTESIAN_POINT('Ctrl Pts',(-0.585228655861343,2.84115411949541,0.743877275083826));
#9460=CARTESIAN_POINT('Ctrl Pts',(-0.574082254847885,2.85065858131173,0.747126180007083));
#9461=CARTESIAN_POINT('Ctrl Pts',(-0.562373823096985,2.85934821110072,0.751066794244221));
#9462=CARTESIAN_POINT('Ctrl Pts',(-0.550130747562132,2.86698590133559,0.755642001853854));
#9463=CARTESIAN_POINT('Ctrl Pts',(-0.544333695003399,2.87060232039572,0.757808346323809));
#9464=CARTESIAN_POINT('Ctrl Pts',(-0.53841646377496,2.87398268374499,0.760116348671901));
#9465=CARTESIAN_POINT('Ctrl Pts',(-0.532380360320124,2.87710073310586,0.762556287936377));
#9466=CARTESIAN_POINT('Ctrl Pts',(-0.518230179846411,2.88441024353962,0.76827613372689));
#9467=CARTESIAN_POINT('Ctrl Pts',(-0.503412009590189,2.89026819447923,0.774729050119842));
#9468=CARTESIAN_POINT('Ctrl Pts',(-0.488068701729642,2.89487094034448,0.781478451531474));
#9469=CARTESIAN_POINT('Ctrl Pts',(-0.475007297529152,2.89878915177089,0.78722406132761));
#9470=CARTESIAN_POINT('Ctrl Pts',(-0.461565324091228,2.90179773947865,0.793183460738041));
#9471=CARTESIAN_POINT('Ctrl Pts',(-0.447858324192073,2.9040364602494,0.799110558458357));
#9472=CARTESIAN_POINT('Ctrl Pts',(-0.441180891789191,2.90512706408143,0.801997973258377));
#9473=CARTESIAN_POINT('Ctrl Pts',(-0.434441012010753,2.90603526797223,0.804878189432889));
#9474=CARTESIAN_POINT('Ctrl Pts',(-0.427654711627691,2.90677904240839,0.807726077352916));
#9475=CARTESIAN_POINT('',(-0.665594065644936,2.58589356308469,0.703843853595974));
#9476=CARTESIAN_POINT('Ctrl Pts',(-0.522728231614319,2.27157401065539,0.8));
#9477=CARTESIAN_POINT('Ctrl Pts',(-0.522728231614319,2.27157401065539,0.879));
#9478=CARTESIAN_POINT('Ctrl Pts',(-0.484629090687,2.25752619136604,0.8));
#9479=CARTESIAN_POINT('Ctrl Pts',(-0.484629090687,2.25752619136604,0.879));
#9480=CARTESIAN_POINT('Ctrl Pts',(-0.36578923981541,2.23526604574618,0.8));
#9481=CARTESIAN_POINT('Ctrl Pts',(-0.36578923981541,2.23526604574618,0.879));
#9482=CARTESIAN_POINT('Ctrl Pts',(-0.170265778652557,2.30388026886268,0.8));
#9483=CARTESIAN_POINT('Ctrl Pts',(-0.170265778652557,2.30388026886268,0.879));
#9484=CARTESIAN_POINT('Ctrl Pts',(-0.0597677964744653,2.47420808179658,
0.8));
#9485=CARTESIAN_POINT('Ctrl Pts',(-0.0597677964744653,2.47420808179658,
0.879));
#9486=CARTESIAN_POINT('Ctrl Pts',(-0.0521935515115427,2.59128024065442,
0.8));
#9487=CARTESIAN_POINT('Ctrl Pts',(-0.0521935515115427,2.59128024065442,
0.879));
#9488=CARTESIAN_POINT('Ctrl Pts',(-0.0555012157316962,2.62847124450157,
0.8));
#9489=CARTESIAN_POINT('Ctrl Pts',(-0.0555012157316962,2.62847124450157,
0.879));
#9490=CARTESIAN_POINT('',(-0.522728231613726,2.27157401065517,0.879));
#9491=CARTESIAN_POINT('Ctrl Pts',(-0.522728231614319,2.27157401065539,0.879));
#9492=CARTESIAN_POINT('Ctrl Pts',(-0.484629090687,2.25752619136604,0.879));
#9493=CARTESIAN_POINT('Ctrl Pts',(-0.36578923981541,2.23526604574618,0.879));
#9494=CARTESIAN_POINT('Ctrl Pts',(-0.170265778652557,2.30388026886268,0.879));
#9495=CARTESIAN_POINT('Ctrl Pts',(-0.0597677964744653,2.47420808179658,
0.879));
#9496=CARTESIAN_POINT('Ctrl Pts',(-0.0521935515115427,2.59128024065442,
0.879));
#9497=CARTESIAN_POINT('Ctrl Pts',(-0.0555012157316962,2.62847124450157,
0.879));
#9498=CARTESIAN_POINT('',(-0.522728231613726,2.27157401065517,0.8));
#9499=CARTESIAN_POINT('Ctrl Pts',(-0.124235820844043,2.62847124450143,0.8));
#9500=CARTESIAN_POINT('Ctrl Pts',(-0.124235820844043,2.62847124450143,0.879));
#9501=CARTESIAN_POINT('Ctrl Pts',(-0.122431631022582,2.61247362674228,0.8));
#9502=CARTESIAN_POINT('Ctrl Pts',(-0.122431631022582,2.61247362674228,0.879));
#9503=CARTESIAN_POINT('Ctrl Pts',(-0.120057804436093,2.52810992195377,0.8));
#9504=CARTESIAN_POINT('Ctrl Pts',(-0.120057804436093,2.52810992195377,0.879));
#9505=CARTESIAN_POINT('Ctrl Pts',(-0.187575438062901,2.38184745057225,0.8));
#9506=CARTESIAN_POINT('Ctrl Pts',(-0.187575438062901,2.38184745057225,0.879));
#9507=CARTESIAN_POINT('Ctrl Pts',(-0.35087246858557,2.30827433147959,0.8));
#9508=CARTESIAN_POINT('Ctrl Pts',(-0.35087246858557,2.30827433147959,0.879));
#9509=CARTESIAN_POINT('Ctrl Pts',(-0.451887238950101,2.32114410787344,0.8));
#9510=CARTESIAN_POINT('Ctrl Pts',(-0.451887238950101,2.32114410787344,0.879));
#9511=CARTESIAN_POINT('Ctrl Pts',(-0.482732759587498,2.33044676502149,0.8));
#9512=CARTESIAN_POINT('Ctrl Pts',(-0.482732759587498,2.33044676502149,0.879));
#9513=CARTESIAN_POINT('',(-0.482732759587438,2.33044676502148,0.879));
#9514=CARTESIAN_POINT('',(-0.482732759587438,2.33044676502148,0.8));
#9515=CARTESIAN_POINT('Ctrl Pts',(-0.124235820844043,2.62847124450143,0.879));
#9516=CARTESIAN_POINT('Ctrl Pts',(-0.122431631022582,2.61247362674228,0.879));
#9517=CARTESIAN_POINT('Ctrl Pts',(-0.120057804436093,2.52810992195377,0.879));
#9518=CARTESIAN_POINT('Ctrl Pts',(-0.187575438062901,2.38184745057225,0.879));
#9519=CARTESIAN_POINT('Ctrl Pts',(-0.35087246858557,2.30827433147959,0.879));
#9520=CARTESIAN_POINT('Ctrl Pts',(-0.451887238950101,2.32114410787344,0.879));
#9521=CARTESIAN_POINT('Ctrl Pts',(-0.482732759587498,2.33044676502149,0.879));
#9522=CARTESIAN_POINT('Ctrl Pts',(-0.723624238615899,2.57803781345541,0.66809095853663));
#9523=CARTESIAN_POINT('Ctrl Pts',(-0.738366121877858,2.5880527785435,0.687477082352892));
#9524=CARTESIAN_POINT('Ctrl Pts',(-0.753108005139817,2.5980677436316,0.706863206169155));
#9525=CARTESIAN_POINT('Ctrl Pts',(-0.767849888401776,2.60808270871969,0.726249329985417));
#9526=CARTESIAN_POINT('Ctrl Pts',(-0.727612929776979,2.53063662678499,0.689545500667682));
#9527=CARTESIAN_POINT('Ctrl Pts',(-0.741336123178404,2.53995954030766,0.710058175529459));
#9528=CARTESIAN_POINT('Ctrl Pts',(-0.755065323051463,2.549286534354,0.730581014911399));
#9529=CARTESIAN_POINT('Ctrl Pts',(-0.768788516452888,2.55860944787666,0.751093689773176));
#9530=CARTESIAN_POINT('Ctrl Pts',(-0.724756730886314,2.48340096408706,0.712427991316131));
#9531=CARTESIAN_POINT('Ctrl Pts',(-0.737221830538586,2.49186918592946,0.734147341918394));
#9532=CARTESIAN_POINT('Ctrl Pts',(-0.749689334624087,2.50033904123446,0.755872263341817));
#9533=CARTESIAN_POINT('Ctrl Pts',(-0.76215443427636,2.50880726307687,0.77759161394408));
#9534=CARTESIAN_POINT('Ctrl Pts',(-0.698132423016349,2.41845525175941,0.745764910946406));
#9535=CARTESIAN_POINT('Ctrl Pts',(-0.708049209527459,2.42519226554049,0.769242724016531));
#9536=CARTESIAN_POINT('Ctrl Pts',(-0.717965298935197,2.43192880574124,0.792717953805812));
#9537=CARTESIAN_POINT('Ctrl Pts',(-0.727882085446307,2.43866581952232,0.816195766875938));
#9538=CARTESIAN_POINT('Ctrl Pts',(-0.685492495198411,2.39775574513266,0.756488235643323));
#9539=CARTESIAN_POINT('Ctrl Pts',(-0.694446604484412,2.40383875978559,0.78052968991413));
#9540=CARTESIAN_POINT('Ctrl Pts',(-0.703401365213196,2.40992221699912,0.804571922604161));
#9541=CARTESIAN_POINT('Ctrl Pts',(-0.712355474499196,2.41600523165205,0.828613376874968));
#9542=CARTESIAN_POINT('Ctrl Pts',(-0.655478369730765,2.35913674506033,0.774699495745078));
#9543=CARTESIAN_POINT('Ctrl Pts',(-0.66240573658478,2.36384288307286,0.799700693417009));
#9544=CARTESIAN_POINT('Ctrl Pts',(-0.669332982259058,2.36854893876139,0.824700818400868));
#9545=CARTESIAN_POINT('Ctrl Pts',(-0.676260349113073,2.37325507677392,0.8497020160728));
#9546=CARTESIAN_POINT('Ctrl Pts',(-0.638057253116677,2.34118777962628,0.782250153764787));
#9547=CARTESIAN_POINT('Ctrl Pts',(-0.643917279362246,2.34516881496768,0.807648559141595));
#9548=CARTESIAN_POINT('Ctrl Pts',(-0.649777652722559,2.34915008612306,0.833047272682817));
#9549=CARTESIAN_POINT('Ctrl Pts',(-0.655637678968129,2.35313112146446,0.858445678059624));
#9550=CARTESIAN_POINT('Ctrl Pts',(-0.590299401885692,2.30273928428736,0.795964897700175));
#9551=CARTESIAN_POINT('Ctrl Pts',(-0.593497383404602,2.30491184750029,0.822086226535391));
#9552=CARTESIAN_POINT('Ctrl Pts',(-0.596695157609596,2.30708426987358,0.848206022701588));
#9553=CARTESIAN_POINT('Ctrl Pts',(-0.599893139128506,2.30925683308651,0.874327351536803));
#9554=CARTESIAN_POINT('Ctrl Pts',(-0.557549053011763,2.2844276843318,0.8));
#9555=CARTESIAN_POINT('Ctrl Pts',(-0.559118643266689,2.2854939925725,0.826335516266419));
#9556=CARTESIAN_POINT('Ctrl Pts',(-0.56068782494038,2.28656002324169,0.852664483733581));
#9557=CARTESIAN_POINT('Ctrl Pts',(-0.562257415195306,2.2876263314824,0.879));
#9558=CARTESIAN_POINT('Ctrl Pts',(-0.522728231613726,2.27157401065517,0.8));
#9559=CARTESIAN_POINT('Ctrl Pts',(-0.522728231613726,2.27157401065517,0.826333333333333));
#9560=CARTESIAN_POINT('Ctrl Pts',(-0.522728231613726,2.27157401065517,0.852666666666667));
#9561=CARTESIAN_POINT('Ctrl Pts',(-0.522728231613726,2.27157401065517,0.879));
#9562=CARTESIAN_POINT('Ctrl Pts',(-0.767849888401776,2.60808270871969,0.726249329985417));
#9563=CARTESIAN_POINT('Ctrl Pts',(-0.768788516452888,2.55860944787666,0.751093689773176));
#9564=CARTESIAN_POINT('Ctrl Pts',(-0.76215443427636,2.50880726307687,0.77759161394408));
#9565=CARTESIAN_POINT('Ctrl Pts',(-0.727882085446307,2.43866581952232,0.816195766875938));
#9566=CARTESIAN_POINT('Ctrl Pts',(-0.712355474499196,2.41600523165205,0.828613376874968));
#9567=CARTESIAN_POINT('Ctrl Pts',(-0.676260349113073,2.37325507677392,0.8497020160728));
#9568=CARTESIAN_POINT('Ctrl Pts',(-0.655637678968129,2.35313112146446,0.858445678059624));
#9569=CARTESIAN_POINT('Ctrl Pts',(-0.599893139128506,2.30925683308651,0.874327351536803));
#9570=CARTESIAN_POINT('Ctrl Pts',(-0.562257415195306,2.2876263314824,0.879));
#9571=CARTESIAN_POINT('Ctrl Pts',(-0.522728231613726,2.27157401065517,0.879));
#9572=CARTESIAN_POINT('Ctrl Pts',(-0.482732759587438,2.33044676502148,0.8));
#9573=CARTESIAN_POINT('Ctrl Pts',(-0.482732759587438,2.33044676502148,0.826333333333333));
#9574=CARTESIAN_POINT('Ctrl Pts',(-0.482732759587438,2.33044676502148,0.852666666666667));
#9575=CARTESIAN_POINT('Ctrl Pts',(-0.482732759587438,2.33044676502148,0.879));
#9576=CARTESIAN_POINT('Ctrl Pts',(-0.516781660175629,2.3407339393274,0.8));
#9577=CARTESIAN_POINT('Ctrl Pts',(-0.518260615039917,2.34173867400542,0.826335859189486));
#9578=CARTESIAN_POINT('Ctrl Pts',(-0.519739127503173,2.34274310813631,0.852664140810514));
#9579=CARTESIAN_POINT('Ctrl Pts',(-0.52121808236746,2.34374784281433,0.879));
#9580=CARTESIAN_POINT('Ctrl Pts',(-0.548881390857843,2.35737573816385,0.796370682845273));
#9581=CARTESIAN_POINT('Ctrl Pts',(-0.551924445341858,2.35944305099471,0.822513680788442));
#9582=CARTESIAN_POINT('Ctrl Pts',(-0.554967163076654,2.36151013505348,0.848654252791658));
#9583=CARTESIAN_POINT('Ctrl Pts',(-0.558010217560668,2.36357744788434,0.874797250734827));
#9584=CARTESIAN_POINT('Ctrl Pts',(-0.591707999934224,2.39191243363287,0.784644212402057));
#9585=CARTESIAN_POINT('Ctrl Pts',(-0.597139580156838,2.39560240223024,0.810168514558356));
#9586=CARTESIAN_POINT('Ctrl Pts',(-0.602571543249544,2.39929263093213,0.835693695805283));
#9587=CARTESIAN_POINT('Ctrl Pts',(-0.608003123472157,2.4029825995295,0.861217997961582));
#9588=CARTESIAN_POINT('Ctrl Pts',(-0.605816602376343,2.40646517224869,0.779079385543809));
#9589=CARTESIAN_POINT('Ctrl Pts',(-0.612113014964983,2.41074266862652,0.80431130122615));
#9590=CARTESIAN_POINT('Ctrl Pts',(-0.618409335024791,2.41502010214448,0.82954201277739));
#9591=CARTESIAN_POINT('Ctrl Pts',(-0.62470574761343,2.41929759852231,0.854773928459731));
#9592=CARTESIAN_POINT('Ctrl Pts',(-0.630472772834967,2.4378367400393,0.76592091449491));
#9593=CARTESIAN_POINT('Ctrl Pts',(-0.638425475350441,2.44323944447219,0.790459011390871));
#9594=CARTESIAN_POINT('Ctrl Pts',(-0.646378715783581,2.44864251434187,0.814998322089145));
#9595=CARTESIAN_POINT('Ctrl Pts',(-0.654331418299055,2.45404521877476,0.839536418985106));
#9596=CARTESIAN_POINT('Ctrl Pts',(-0.641048820806962,2.45467540059255,0.758291876222799));
#9597=CARTESIAN_POINT('Ctrl Pts',(-0.649795191524312,2.46061728710903,0.782429326563411));
#9598=CARTESIAN_POINT('Ctrl Pts',(-0.658541109416066,2.46655886599639,0.806564542325389));
#9599=CARTESIAN_POINT('Ctrl Pts',(-0.667287480133416,2.47250075251288,0.830701992666001));
#9600=CARTESIAN_POINT('Ctrl Pts',(-0.663641363283759,2.50782008960807,0.734856634088318));
#9601=CARTESIAN_POINT('Ctrl Pts',(-0.674502160754452,2.51519842150537,0.757757258205957));
#9602=CARTESIAN_POINT('Ctrl Pts',(-0.685364708488125,2.52257794245173,0.780663358156634));
#9603=CARTESIAN_POINT('Ctrl Pts',(-0.696225505958818,2.52995627434902,0.803563982274272));
#9604=CARTESIAN_POINT('Ctrl Pts',(-0.666575880593702,2.54682830939223,0.719276296240902));
#9605=CARTESIAN_POINT('Ctrl Pts',(-0.678496639905275,2.55492673116152,0.741354493564448));
#9606=CARTESIAN_POINT('Ctrl Pts',(-0.690421369184404,2.56302784994623,0.763443753723417));
#9607=CARTESIAN_POINT('Ctrl Pts',(-0.702342128495976,2.57112627171552,0.785521951046964));
#9608=CARTESIAN_POINT('Ctrl Pts',(-0.665594065644936,2.58589356308469,0.703843853595974));
#9609=CARTESIAN_POINT('Ctrl Pts',(-0.678437119349874,2.59461854972268,0.725112963218696));
#9610=CARTESIAN_POINT('Ctrl Pts',(-0.691280173054812,2.60334353636068,0.746382072841417));
#9611=CARTESIAN_POINT('Ctrl Pts',(-0.70412322675975,2.61206852299867,0.767651182464138));
#9612=CARTESIAN_POINT('Ctrl Pts',(-0.482732759587438,2.33044676502148,0.879));
#9613=CARTESIAN_POINT('Ctrl Pts',(-0.52121808236746,2.34374784281433,0.879));
#9614=CARTESIAN_POINT('Ctrl Pts',(-0.558010217560668,2.36357744788434,0.874797250734827));
#9615=CARTESIAN_POINT('Ctrl Pts',(-0.608003123472157,2.4029825995295,0.861217997961582));
#9616=CARTESIAN_POINT('Ctrl Pts',(-0.62470574761343,2.41929759852231,0.854773928459731));
#9617=CARTESIAN_POINT('Ctrl Pts',(-0.654331418299055,2.45404521877476,0.839536418985106));
#9618=CARTESIAN_POINT('Ctrl Pts',(-0.667287480133416,2.47250075251288,0.830701992666001));
#9619=CARTESIAN_POINT('Ctrl Pts',(-0.696225505958818,2.52995627434902,0.803563982274272));
#9620=CARTESIAN_POINT('Ctrl Pts',(-0.702342128495976,2.57112627171552,0.785521951046964));
#9621=CARTESIAN_POINT('Ctrl Pts',(-0.70412322675975,2.61206852299867,0.767651182464138));
#9622=CARTESIAN_POINT('Origin',(0.321870652362251,2.62847124450143,0.3));
#9623=CARTESIAN_POINT('',(0.321870652362251,2.62847124450143,0.879));
#9624=CARTESIAN_POINT('Origin',(-0.280268481153541,2.62847124450143,0.3));
#9625=CARTESIAN_POINT('Origin',(0.0328942823934883,0.312071835244005,0.879));
#9626=CARTESIAN_POINT('',(-0.694786206915427,2.01830716809754,0.879));
#9627=CARTESIAN_POINT('Origin',(-0.694786206915427,2.01830716809754,0.3));
#9628=CARTESIAN_POINT('Origin',(-0.462340988640221,3.07227675777767,0.));
#9629=CARTESIAN_POINT('',(-1.23804524751746,1.93045134654718,0.05));
#9630=CARTESIAN_POINT('',(-1.23804524751746,1.93045134654718,0.));
#9631=CARTESIAN_POINT('',(-1.02565608253069,2.24308511499255,0.05));
#9632=CARTESIAN_POINT('Origin',(-0.0681992543909822,1.13571117859037,0.));
#9633=CARTESIAN_POINT('',(-1.2723027079208,0.393898226832541,0.05));
#9634=CARTESIAN_POINT('',(-1.2723027079208,0.39389822683254,0.));
#9635=CARTESIAN_POINT('Origin',(-0.0681992543909822,1.13571117859037,0.05));
#9636=CARTESIAN_POINT('Origin',(-1.3574424532886,0.341446117640384,0.));
#9637=CARTESIAN_POINT('',(-1.27002672567645,0.390010410758247,0.05));
#9638=CARTESIAN_POINT('',(-1.27002672567645,0.390010410758247,0.));
#9639=CARTESIAN_POINT('Origin',(-1.3574424532886,0.341446117640384,0.05));
#9640=CARTESIAN_POINT('Origin',(-1.27002672567645,0.390010410758246,0.));
#9641=CARTESIAN_POINT('',(-0.535452257428761,-0.932223632087591,0.05));
#9642=CARTESIAN_POINT('',(-0.535452257428761,-0.932223632087592,0.));
#9643=CARTESIAN_POINT('',(-1.09983681482791,0.083668571230885,0.05));
#9644=CARTESIAN_POINT('Origin',(-0.622867985040915,-0.980787925205455,0.));
#9645=CARTESIAN_POINT('',(-0.528837796603159,-1.01482207955605,0.05));
#9646=CARTESIAN_POINT('',(-0.528837796603159,-1.01482207955605,0.));
#9647=CARTESIAN_POINT('Origin',(-0.622867985040915,-0.980787925205455,0.05));
#9648=CARTESIAN_POINT('Origin',(-0.528837796603159,-1.01482207955605,0.));
#9649=CARTESIAN_POINT('',(-0.983254682093369,-2.27029341966282,0.05));
#9650=CARTESIAN_POINT('',(-0.983254682093369,-2.27029341966282,0.));
#9651=CARTESIAN_POINT('',(-0.283985605769633,-0.338339937343774,0.05));
#9652=CARTESIAN_POINT('Origin',(-0.889224493655613,-2.30432757401342,0.));
#9653=CARTESIAN_POINT('',(-0.857149055992444,-2.39904381495823,0.05));
#9654=CARTESIAN_POINT('',(-0.857149055992444,-2.39904381495823,0.));
#9655=CARTESIAN_POINT('Origin',(-0.889224493655613,-2.30432757401342,0.05));
#9656=CARTESIAN_POINT('Origin',(-0.857149055992443,-2.39904381495823,0.));
#9657=CARTESIAN_POINT('',(-0.063332030596018,-2.13021950077435,0.05));
#9658=CARTESIAN_POINT('',(-0.0633320305960186,-2.13021950077435,0.));
#9659=CARTESIAN_POINT('',(-0.0460854534946077,-2.12437898701239,0.05));
#9660=CARTESIAN_POINT('Origin',(0.0328942823934876,-2.4143682236088,0.));
#9661=CARTESIAN_POINT('',(0.129120595382994,-2.13021950077435,0.05));
#9662=CARTESIAN_POINT('',(0.129120595382993,-2.13021950077435,0.));
#9663=CARTESIAN_POINT('Origin',(0.0328942823934876,-2.4143682236088,0.05));
#9664=CARTESIAN_POINT('Origin',(0.129120595382994,-2.13021950077435,0.));
#9665=CARTESIAN_POINT('',(0.922937620779418,-2.39904381495823,0.05));
#9666=CARTESIAN_POINT('',(0.922937620779419,-2.39904381495823,0.));
#9667=CARTESIAN_POINT('',(-0.285034494416627,-1.98996682992045,0.05));
#9668=CARTESIAN_POINT('Origin',(0.955013058442586,-2.30432757401341,0.));
#9669=CARTESIAN_POINT('',(1.04904324688035,-2.27029341966282,0.05));
#9670=CARTESIAN_POINT('',(1.04904324688034,-2.27029341966282,0.));
#9671=CARTESIAN_POINT('Origin',(0.955013058442586,-2.30432757401341,0.05));
#9672=CARTESIAN_POINT('Origin',(1.04904324688034,-2.27029341966282,0.));
#9673=CARTESIAN_POINT('',(0.594626361390136,-1.01482207955605,0.05));
#9674=CARTESIAN_POINT('',(0.594626361390136,-1.01482207955605,0.));
#9675=CARTESIAN_POINT('',(0.576982613301713,-0.966075607397158,0.05));
#9676=CARTESIAN_POINT('Origin',(0.688656549827891,-0.980787925205455,0.));
#9677=CARTESIAN_POINT('',(0.601240822215737,-0.932223632087591,0.05));
#9678=CARTESIAN_POINT('',(0.601240822215737,-0.932223632087592,0.));
#9679=CARTESIAN_POINT('Origin',(0.688656549827891,-0.980787925205455,0.05));
#9680=CARTESIAN_POINT('Origin',(0.601240822215737,-0.932223632087592,0.));
#9681=CARTESIAN_POINT('',(1.33581529046342,0.390010410758248,0.05));
#9682=CARTESIAN_POINT('',(1.33581529046342,0.390010410758248,0.));
#9683=CARTESIAN_POINT('',(0.798338145491047,-0.577448450192034,0.05));
#9684=CARTESIAN_POINT('Origin',(1.42323101807558,0.341446117640385,0.));
#9685=CARTESIAN_POINT('',(1.33809127270778,0.393898226832541,0.05));
#9686=CARTESIAN_POINT('',(1.33809127270778,0.393898226832541,0.));
#9687=CARTESIAN_POINT('Origin',(1.42323101807558,0.341446117640385,0.05));
#9688=CARTESIAN_POINT('Origin',(0.133987819177959,1.13571117859037,0.));
#9689=CARTESIAN_POINT('',(1.30383381230444,1.93045134654718,0.05));
#9690=CARTESIAN_POINT('',(1.30383381230444,1.93045134654718,0.));
#9691=CARTESIAN_POINT('Origin',(0.133987819177959,1.13571117859037,0.05));
#9692=CARTESIAN_POINT('Origin',(1.30383381230444,1.93045134654718,0.));
#9693=CARTESIAN_POINT('',(0.557889027052915,3.02847124450143,0.05));
#9694=CARTESIAN_POINT('',(0.557889027052915,3.02847124450143,0.));
#9695=CARTESIAN_POINT('',(1.47929677675629,1.6721724093773,0.05));
#9696=CARTESIAN_POINT('Origin',(0.610847022331014,3.02847124450143,0.));
#9697=CARTESIAN_POINT('',(0.532974578095309,3.02847124450143,0.05));
#9698=CARTESIAN_POINT('',(0.532974578095309,3.02847124450143,0.));
#9699=CARTESIAN_POINT('',(0.321870652362251,3.02847124450143,0.05));
#9700=CARTESIAN_POINT('Origin',(0.0328942823934883,0.312071835244005,0.05));
#9701=CARTESIAN_POINT('',(-0.467025421904691,3.12847124450143,0.0500000000000002));
#9702=CARTESIAN_POINT('',(0.532974578095309,0.,0.05));
#9703=CARTESIAN_POINT('Origin',(-0.467025421904691,3.02847124450143,2.18547839493141E-16));
#9704=CARTESIAN_POINT('Origin',(0.532974578095309,3.12847124450143,0.));
#9705=CARTESIAN_POINT('Origin',(-0.0681992543909822,1.13571117859037,0.));
#9706=CARTESIAN_POINT('',(-1.56963582236465,0.939005191642614,0.05));
#9707=CARTESIAN_POINT('',(-1.56963582236466,0.939005191642637,0.));
#9708=CARTESIAN_POINT('',(-1.56963582236465,0.939005191642614,0.));
#9709=CARTESIAN_POINT('',(-1.3574424532886,0.341446117640384,0.05));
#9710=CARTESIAN_POINT('Origin',(-0.0681992543909822,1.13571117859037,0.05));
#9711=CARTESIAN_POINT('',(-1.3574424532886,0.341446117640384,0.));
#9712=CARTESIAN_POINT('',(-1.3574424532886,0.341446117640384,0.));
#9713=CARTESIAN_POINT('Origin',(-0.0681992543909822,1.13571117859037,0.));
#9714=CARTESIAN_POINT('Origin',(-1.3574424532886,0.341446117640383,0.));
#9715=CARTESIAN_POINT('',(-0.862672627390603,-0.549139568976015,0.));
#9716=CARTESIAN_POINT('',(-0.862672627390603,-0.549139568976015,0.05));
#9717=CARTESIAN_POINT('',(-0.862672627390603,-0.549139568976015,-0.1));
#9718=CARTESIAN_POINT('',(-1.30960935759717,0.255346545395812,0.));
#9719=CARTESIAN_POINT('',(-1.3574424532886,0.341446117640383,0.05));
#9720=CARTESIAN_POINT('Origin',(0.0328942823934883,0.312071835244005,0.05));
#9721=CARTESIAN_POINT('',(-0.873002585790289,-0.519073427944899,0.05));
#9722=CARTESIAN_POINT('Origin',(6.45120446367353,3.87570442540616,0.05));
#9723=CARTESIAN_POINT('Origin',(-0.938539579589327,-0.558397891196833,0.05));
#9724=CARTESIAN_POINT('Origin',(6.45120446367353,3.87570442540616,-0.1));
#9725=CARTESIAN_POINT('',(-1.56999998102625,0.939999988639918,0.));
#9726=CARTESIAN_POINT('Origin',(6.45120446367353,3.87570442540616,0.));
#9727=CARTESIAN_POINT('',(-1.56999998102625,0.939999988639918,0.4));
#9728=CARTESIAN_POINT('',(-1.56999998102625,0.939999988639918,-0.1));
#9729=CARTESIAN_POINT('',(-0.873002585790289,-0.519073427944899,0.4));
#9730=CARTESIAN_POINT('Origin',(6.45120446367353,3.87570442540616,0.4));
#9731=CARTESIAN_POINT('',(-0.873002585790289,-0.519073427944899,-0.1));
#9732=CARTESIAN_POINT('Origin',(-1.29176572608591,0.152586159717818,0.));
#9733=CARTESIAN_POINT('',(-1.01054427459175,-0.584026680943457,0.));
#9734=CARTESIAN_POINT('Origin',(-0.938539579589327,-0.558397891196833,0.));
#9735=CARTESIAN_POINT('',(-1.05802379644502,-0.330802564392637,0.));
#9736=CARTESIAN_POINT('',(-1.1057716004527,-0.0761476096850167,0.));
#9737=CARTESIAN_POINT('',(-1.08403171117415,-0.29569160750821,0.));
#9738=CARTESIAN_POINT('Origin',(-1.10716740579174,-0.340016991145145,0.));
#9739=CARTESIAN_POINT('',(-1.30334998893528,-0.181218132447094,0.));
#9740=CARTESIAN_POINT('',(-1.36726113969139,-0.147859619892226,0.));
#9741=CARTESIAN_POINT('',(-1.3423470124384,-0.0861754712953403,0.));
#9742=CARTESIAN_POINT('Origin',(-1.26647255256666,-0.110565145547508,0.));
#9743=CARTESIAN_POINT('',(-1.3448430003987,-0.0939403039198376,0.));
#9744=CARTESIAN_POINT('',(-1.30644565635499,0.025510973276547,0.));
#9745=CARTESIAN_POINT('',(-1.49379255007317,0.0209904121481622,0.));
#9746=CARTESIAN_POINT('Origin',(-1.44004532464754,-0.0633377311910973,0.));
#9747=CARTESIAN_POINT('',(-1.52893188687155,-0.00140592887657978,0.));
#9748=CARTESIAN_POINT('',(-1.40970694686572,0.0745830526556027,0.));
#9749=CARTESIAN_POINT('',(-1.71926109525413,0.134523199435337,0.));
#9750=CARTESIAN_POINT('Origin',(-1.59235301227404,0.111006144538152,0.));
#9751=CARTESIAN_POINT('',(-1.63591629681556,0.584287366013289,0.));
#9752=CARTESIAN_POINT('Origin',(-1.56999998102625,0.939999988639918,-0.1));
#9753=CARTESIAN_POINT('',(-1.71926109525413,0.134523199435337,0.4));
#9754=CARTESIAN_POINT('',(-1.71926109525413,0.134523199435337,-0.1));
#9755=CARTESIAN_POINT('',(-1.56999998102625,0.939999988639918,0.4));
#9756=CARTESIAN_POINT('Origin',(-1.59235301227404,0.111006144538152,-0.1));
#9757=CARTESIAN_POINT('',(-1.52893188687155,-0.00140592887657978,0.4));
#9758=CARTESIAN_POINT('',(-1.52893188687155,-0.00140592887657978,-0.1));
#9759=CARTESIAN_POINT('Origin',(-1.59235301227404,0.111006144538152,0.4));
#9760=CARTESIAN_POINT('Origin',(-1.52893188687155,-0.00140592887657976,
-0.1));
#9761=CARTESIAN_POINT('',(-1.49379255007317,0.0209904121481622,0.4));
#9762=CARTESIAN_POINT('',(-1.49379255007317,0.0209904121481622,-0.1));
#9763=CARTESIAN_POINT('',(-1.52893188687155,-0.00140592887657978,0.4));
#9764=CARTESIAN_POINT('Origin',(-1.44004532464754,-0.0633377311910973,-0.1));
#9765=CARTESIAN_POINT('',(-1.3448430003987,-0.0939403039198376,0.4));
#9766=CARTESIAN_POINT('',(-1.3448430003987,-0.0939403039198376,-0.1));
#9767=CARTESIAN_POINT('Origin',(-1.44004532464754,-0.0633377311910973,0.4));
#9768=CARTESIAN_POINT('Origin',(-1.3448430003987,-0.0939403039198376,-0.1));
#9769=CARTESIAN_POINT('',(-1.3423470124384,-0.0861754712953403,0.4));
#9770=CARTESIAN_POINT('',(-1.3423470124384,-0.0861754712953403,-0.1));
#9771=CARTESIAN_POINT('',(-1.3448430003987,-0.0939403039198376,0.4));
#9772=CARTESIAN_POINT('Origin',(-1.26647255256666,-0.110565145547508,-0.1));
#9773=CARTESIAN_POINT('',(-1.30334998893528,-0.181218132447094,0.4));
#9774=CARTESIAN_POINT('',(-1.30334998893528,-0.181218132447094,-0.1));
#9775=CARTESIAN_POINT('Origin',(-1.26647255256666,-0.110565145547508,0.4));
#9776=CARTESIAN_POINT('Origin',(-0.938539579589327,-0.558397891196833,-0.1));
#9777=CARTESIAN_POINT('',(-1.01054427459175,-0.584026680943457,0.4));
#9778=CARTESIAN_POINT('Origin',(-0.938539579589327,-0.558397891196833,0.4));
#9779=CARTESIAN_POINT('',(-1.01054427459175,-0.584026680943457,-0.1));
#9780=CARTESIAN_POINT('Origin',(-1.05802379644502,-0.330802564392637,-0.1));
#9781=CARTESIAN_POINT('',(-1.05802379644502,-0.330802564392637,0.4));
#9782=CARTESIAN_POINT('',(-1.05802379644502,-0.330802564392637,0.4));
#9783=CARTESIAN_POINT('',(-1.05802379644502,-0.330802564392637,-0.1));
#9784=CARTESIAN_POINT('Origin',(-1.10716740579174,-0.340016991145145,-0.1));
#9785=CARTESIAN_POINT('',(-1.08403171117415,-0.29569160750821,0.4));
#9786=CARTESIAN_POINT('Origin',(-1.10716740579174,-0.340016991145145,0.4));
#9787=CARTESIAN_POINT('',(-1.08403171117415,-0.29569160750821,-0.1));
#9788=CARTESIAN_POINT('Origin',(-1.30334998893528,-0.181218132447094,-0.1));
#9789=CARTESIAN_POINT('',(-1.30334998893528,-0.181218132447094,0.4));
#9790=CARTESIAN_POINT('Origin',(-1.29176572608591,0.152586159717818,0.4));
#9791=CARTESIAN_POINT('Origin',(0.0328942823934883,0.312071835244005,0.05));
#9792=CARTESIAN_POINT('',(1.64654467310268,1.20766099856916,0.05));
#9793=CARTESIAN_POINT('',(1.64256938345128,1.21561815463112,0.05));
#9794=CARTESIAN_POINT('',(1.85812424345357,0.784151818500163,0.05));
#9795=CARTESIAN_POINT('',(1.54018021843568,0.573903427469523,0.05));
#9796=CARTESIAN_POINT('Origin',(0.133987819177959,1.13571117859037,0.05));
#9797=CARTESIAN_POINT('',(1.53708206599912,0.575419262507669,0.05));
#9798=CARTESIAN_POINT('',(0.982234794426684,0.846889744445462,0.05));
#9799=CARTESIAN_POINT('Origin',(-0.262863488930834,1.20079136309226,0.05));
#9800=CARTESIAN_POINT('Origin',(0.133987819177959,1.13571117859037,0.));
#9801=CARTESIAN_POINT('',(1.64654467310268,1.20766099856916,0.));
#9802=CARTESIAN_POINT('',(1.64654467310268,1.20766099856916,0.));
#9803=CARTESIAN_POINT('',(1.54018021843568,0.573903427469523,0.));
#9804=CARTESIAN_POINT('Origin',(0.133987819177959,1.13571117859037,0.));
#9805=CARTESIAN_POINT('',(1.54018021843568,0.573903427469523,0.));
#9806=CARTESIAN_POINT('Origin',(-0.262863488930834,1.20079136309226,-0.1));
#9807=CARTESIAN_POINT('',(1.53708206599912,0.575419262507669,0.4));
#9808=CARTESIAN_POINT('',(1.53708206599912,0.575419262507669,-0.1));
#9809=CARTESIAN_POINT('',(1.64256938345128,1.21561815463112,0.4));
#9810=CARTESIAN_POINT('Origin',(-0.262863488930834,1.20079136309226,0.4));
#9811=CARTESIAN_POINT('',(1.64256938345128,1.21561815463112,-0.1));
#9812=CARTESIAN_POINT('Origin',(1.53708206599912,0.575419262507668,-0.1));
#9813=CARTESIAN_POINT('',(1.96724613943083,0.364952609232283,0.));
#9814=CARTESIAN_POINT('',(1.59646072054972,0.546367029950073,0.));
#9815=CARTESIAN_POINT('',(1.96724613943083,0.364952609232283,0.4));
#9816=CARTESIAN_POINT('',(1.96724613943083,0.364952609232283,-0.1));
#9817=CARTESIAN_POINT('',(1.53708206599912,0.575419262507668,0.4));
#9818=CARTESIAN_POINT('Origin',(1.78815127453809,0.78774160724517,0.));
#9819=CARTESIAN_POINT('',(2.03394923403545,0.432210950705244,0.));
#9820=CARTESIAN_POINT('',(1.938331093062,0.623605424265365,0.));
#9821=CARTESIAN_POINT('Origin',(1.98922048307705,0.409865059859226,0.));
#9822=CARTESIAN_POINT('Origin',(1.98922048307705,0.409865059859226,-0.1));
#9823=CARTESIAN_POINT('',(2.03394923403545,0.432210950705244,0.4));
#9824=CARTESIAN_POINT('',(2.03394923403545,0.432210950705244,-0.1));
#9825=CARTESIAN_POINT('Origin',(1.98922048307705,0.409865059859226,0.4));
#9826=CARTESIAN_POINT('Origin',(2.03394923403545,0.432210950705244,-0.1));
#9827=CARTESIAN_POINT('',(2.03394923403545,0.432210950705244,0.4));
#9828=CARTESIAN_POINT('Origin',(1.78815127453809,0.78774160724517,0.4));
#9829=CARTESIAN_POINT('',(0.,0.,0.));
#9830=CARTESIAN_POINT('Origin',(4.0454764849845,-0.0725488679655939,0.));
#9831=CARTESIAN_POINT('',(3.97313790230733,-0.0725488679655939,0.));
#9832=CARTESIAN_POINT('Origin',(4.0454764849845,-0.0725488679655939,0.));
#9833=CARTESIAN_POINT('',(3.97313790230733,-0.0725488679655939,0.05));
#9834=CARTESIAN_POINT('',(3.97313790230733,-0.0725488679655939,0.));
#9835=CARTESIAN_POINT('Origin',(4.0454764849845,-0.0725488679655939,0.05));
#9836=CARTESIAN_POINT('Origin',(4.0454764849845,-0.0725488679655939,0.05));
#9837=CARTESIAN_POINT('',(4.08681506766166,-0.0725488679655939,0.05));
#9838=CARTESIAN_POINT('Origin',(4.0454764849845,-0.0725488679655939,0.05));
#9839=CARTESIAN_POINT('Origin',(6.21083081569315,-0.084359891587629,0.));
#9840=CARTESIAN_POINT('',(6.13849223301599,-0.084359891587629,0.));
#9841=CARTESIAN_POINT('Origin',(6.21083081569315,-0.084359891587629,0.));
#9842=CARTESIAN_POINT('',(6.13849223301599,-0.084359891587629,0.05));
#9843=CARTESIAN_POINT('',(6.13849223301599,-0.084359891587629,0.));
#9844=CARTESIAN_POINT('Origin',(6.21083081569315,-0.084359891587629,0.05));
#9845=CARTESIAN_POINT('Origin',(6.21083081569315,-0.084359891587629,0.05));
#9846=CARTESIAN_POINT('',(6.25216939837032,-0.084359891587629,0.05));
#9847=CARTESIAN_POINT('Origin',(6.21083081569315,-0.084359891587629,0.05));
#9848=CARTESIAN_POINT('Origin',(5.13602766608685,1.49438026589267,0.));
#9849=CARTESIAN_POINT('',(5.06368908340969,1.49438026589267,0.));
#9850=CARTESIAN_POINT('Origin',(5.13602766608685,1.49438026589267,0.));
#9851=CARTESIAN_POINT('',(5.06368908340969,1.49438026589267,0.05));
#9852=CARTESIAN_POINT('',(5.06368908340969,1.49438026589267,0.));
#9853=CARTESIAN_POINT('Origin',(5.13602766608685,1.49438026589267,0.05));
#9854=CARTESIAN_POINT('Origin',(5.13602766608685,1.49438026589267,0.05));
#9855=CARTESIAN_POINT('',(5.17736624876402,1.49438026589267,0.05));
#9856=CARTESIAN_POINT('Origin',(5.13602766608685,1.49438026589267,0.05));
#9857=CARTESIAN_POINT('Origin',(5.14390168183489,-2.04892682072148,0.));
#9858=CARTESIAN_POINT('',(5.07156309915773,-2.04892682072148,0.));
#9859=CARTESIAN_POINT('Origin',(5.14390168183489,-2.04892682072148,0.));
#9860=CARTESIAN_POINT('',(5.07156309915773,-2.04892682072148,0.05));
#9861=CARTESIAN_POINT('',(5.07156309915773,-2.04892682072148,0.));
#9862=CARTESIAN_POINT('Origin',(5.14390168183489,-2.04892682072148,0.05));
#9863=CARTESIAN_POINT('Origin',(5.14390168183489,-2.04892682072148,0.05));
#9864=CARTESIAN_POINT('',(5.18524026451206,-2.04892682072148,0.05));
#9865=CARTESIAN_POINT('Origin',(5.14390168183489,-2.04892682072148,0.05));
#9866=CARTESIAN_POINT('Origin',(4.0454764849845,-0.0725488679655939,0.1));
#9867=CARTESIAN_POINT('',(4.08681506766166,-0.0725488679655939,0.1));
#9868=CARTESIAN_POINT('Origin',(4.0454764849845,-0.0725488679655939,0.1));
#9869=CARTESIAN_POINT('',(4.08681506766166,-0.0725488679655939,0.1));
#9870=CARTESIAN_POINT('Origin',(5.14390168183489,-2.04892682072148,0.1));
#9871=CARTESIAN_POINT('',(5.18524026451206,-2.04892682072148,0.1));
#9872=CARTESIAN_POINT('Origin',(5.14390168183489,-2.04892682072148,0.1));
#9873=CARTESIAN_POINT('',(5.18524026451206,-2.04892682072148,0.1));
#9874=CARTESIAN_POINT('Origin',(5.13602766608685,1.49438026589267,0.1));
#9875=CARTESIAN_POINT('',(5.17736624876402,1.49438026589267,0.1));
#9876=CARTESIAN_POINT('Origin',(5.13602766608685,1.49438026589267,0.1));
#9877=CARTESIAN_POINT('',(5.17736624876402,1.49438026589267,0.1));
#9878=CARTESIAN_POINT('Origin',(6.21083081569315,-0.084359891587629,0.1));
#9879=CARTESIAN_POINT('',(6.25216939837032,-0.084359891587629,0.1));
#9880=CARTESIAN_POINT('Origin',(6.21083081569315,-0.084359891587629,0.1));
#9881=CARTESIAN_POINT('',(6.25216939837032,-0.084359891587629,0.1));
#9882=CARTESIAN_POINT('Origin',(5.64423791766852,2.41462495819468,0.74));
#9883=CARTESIAN_POINT('',(5.64423791766852,2.41462495819468,0.74));
#9884=CARTESIAN_POINT('',(5.64423791766852,2.11462495819468,0.74));
#9885=CARTESIAN_POINT('',(5.64423791766852,2.21462495819468,0.74));
#9886=CARTESIAN_POINT('',(5.64423791766852,2.11462495819468,0.79));
#9887=CARTESIAN_POINT('',(5.64423791766852,2.11462495819468,0.74));
#9888=CARTESIAN_POINT('',(5.64423791766852,2.41462495819468,0.79));
#9889=CARTESIAN_POINT('',(5.64423791766852,2.21462495819468,0.79));
#9890=CARTESIAN_POINT('',(5.64423791766852,2.41462495819468,0.74));
#9891=CARTESIAN_POINT('Origin',(5.70457924217278,2.21462495819468,0.74));
#9892=CARTESIAN_POINT('',(5.70457924217278,2.21462495819468,0.74));
#9893=CARTESIAN_POINT('',(5.70457924217278,2.41462495819468,0.74));
#9894=CARTESIAN_POINT('',(5.70457924217278,2.11462495819468,0.74));
#9895=CARTESIAN_POINT('',(5.70457924217278,2.41462495819468,0.79));
#9896=CARTESIAN_POINT('',(5.70457924217278,2.41462495819468,0.74));
#9897=CARTESIAN_POINT('',(5.70457924217278,2.21462495819468,0.79));
#9898=CARTESIAN_POINT('',(5.70457924217278,2.11462495819468,0.79));
#9899=CARTESIAN_POINT('',(5.70457924217278,2.21462495819468,0.74));
#9900=CARTESIAN_POINT('Origin',(4.58389659316427,2.41462495819468,0.74));
#9901=CARTESIAN_POINT('',(4.58389659316427,2.21462495819468,0.74));
#9902=CARTESIAN_POINT('',(4.58389659316427,2.41462495819468,0.74));
#9903=CARTESIAN_POINT('',(4.58389659316427,2.11462495819468,0.74));
#9904=CARTESIAN_POINT('',(4.58389659316427,2.21462495819468,0.79));
#9905=CARTESIAN_POINT('',(4.58389659316427,2.21462495819468,0.74));
#9906=CARTESIAN_POINT('',(4.58389659316427,2.41462495819468,0.79));
#9907=CARTESIAN_POINT('',(4.58389659316427,2.11462495819468,0.79));
#9908=CARTESIAN_POINT('',(4.58389659316427,2.41462495819468,0.74));
#9909=CARTESIAN_POINT('Origin',(4.64423791766852,2.11462495819468,0.74));
#9910=CARTESIAN_POINT('',(4.64423791766852,2.11462495819468,0.74));
#9911=CARTESIAN_POINT('',(4.64423791766852,2.41462495819468,0.74));
#9912=CARTESIAN_POINT('',(4.64423791766852,2.11462495819468,0.74));
#9913=CARTESIAN_POINT('',(4.64423791766852,2.41462495819468,0.79));
#9914=CARTESIAN_POINT('',(4.64423791766852,2.41462495819468,0.74));
#9915=CARTESIAN_POINT('',(4.64423791766852,2.11462495819468,0.79));
#9916=CARTESIAN_POINT('',(4.64423791766852,2.11462495819468,0.79));
#9917=CARTESIAN_POINT('',(4.64423791766852,2.11462495819468,0.74));
#9918=CARTESIAN_POINT('Origin',(5.14423791766852,-0.601774451062744,0.79));
#9919=CARTESIAN_POINT('',(5.66923266232795,2.11462495819468,0.79));
#9920=CARTESIAN_POINT('',(6.41517744757947,1.01660506024043,0.79));
#9921=CARTESIAN_POINT('',(5.63947318870223,2.15843047147093,0.79));
#9922=CARTESIAN_POINT('',(6.44943490798281,-0.519948059474207,0.79));
#9923=CARTESIAN_POINT('Origin',(5.245331454453,0.22186489228362,0.79));
#9924=CARTESIAN_POINT('',(6.44715892573846,-0.5238358755485,0.79));
#9925=CARTESIAN_POINT('Origin',(6.53457465335061,-0.572400168666363,0.79));
#9926=CARTESIAN_POINT('',(5.71258445749077,-1.84606991839434,0.79));
#9927=CARTESIAN_POINT('',(6.44715892573846,-0.5238358755485,0.79));
#9928=CARTESIAN_POINT('',(5.70596999666517,-1.9286683658628,0.79));
#9929=CARTESIAN_POINT('Origin',(5.80000018510293,-1.8946342115122,0.79));
#9930=CARTESIAN_POINT('',(6.16038688215538,-3.18413970596957,0.79));
#9931=CARTESIAN_POINT('',(6.07088363525066,-2.93685848706381,0.79));
#9932=CARTESIAN_POINT('',(6.03428125605445,-3.31289010126498,0.79));
#9933=CARTESIAN_POINT('Origin',(6.06635669371763,-3.21817386032017,0.79));
#9934=CARTESIAN_POINT('',(5.24046423065803,-3.0440657870811,0.79));
#9935=CARTESIAN_POINT('',(6.03428125605445,-3.31289010126498,0.79));
#9936=CARTESIAN_POINT('',(5.04801160467902,-3.0440657870811,0.79));
#9937=CARTESIAN_POINT('Origin',(5.14423791766852,-3.32821450991555,0.79));
#9938=CARTESIAN_POINT('',(4.25419457928259,-3.31289010126498,0.79));
#9939=CARTESIAN_POINT('',(4.25419457928259,-3.31289010126498,0.79));
#9940=CARTESIAN_POINT('',(4.12808895318167,-3.18413970596957,0.79));
#9941=CARTESIAN_POINT('Origin',(4.22211914161942,-3.21817386032017,0.79));
#9942=CARTESIAN_POINT('',(4.58250583867188,-1.9286683658628,0.79));
#9943=CARTESIAN_POINT('',(4.58250583867188,-1.9286683658628,0.79));
#9944=CARTESIAN_POINT('',(4.57589137784628,-1.84606991839434,0.79));
#9945=CARTESIAN_POINT('Origin',(4.48847565023412,-1.8946342115122,0.79));
#9946=CARTESIAN_POINT('',(3.84131690959859,-0.523835875548502,0.79));
#9947=CARTESIAN_POINT('',(3.84131690959859,-0.523835875548502,0.79));
#9948=CARTESIAN_POINT('',(3.83904092735424,-0.519948059474208,0.79));
#9949=CARTESIAN_POINT('Origin',(3.75390118198644,-0.572400168666365,0.79));
#9950=CARTESIAN_POINT('',(3.87329838775758,1.01660506024043,0.79));
#9951=CARTESIAN_POINT('Origin',(5.04314438088405,0.22186489228362,0.79));
#9952=CARTESIAN_POINT('',(4.6192431730091,2.11462495819468,0.79));
#9953=CARTESIAN_POINT('',(4.64900264663482,2.15843047147093,0.79));
#9954=CARTESIAN_POINT('',(4.566285177731,2.11462495819468,0.79));
#9955=CARTESIAN_POINT('',(5.14423791766852,2.41462495819468,0.79));
#9956=CARTESIAN_POINT('',(4.566285177731,2.21462495819468,0.79));
#9957=CARTESIAN_POINT('',(4.566285177731,2.21462495819468,0.79));
#9958=CARTESIAN_POINT('',(3.79058091885376,1.07279954696418,0.79));
#9959=CARTESIAN_POINT('',(4.566285177731,2.21462495819468,0.79));
#9960=CARTESIAN_POINT('',(3.75390118198644,-0.572400168666365,0.79));
#9961=CARTESIAN_POINT('Origin',(5.04314438088405,0.22186489228362,0.79));
#9962=CARTESIAN_POINT('',(4.48847565023412,-1.8946342115122,0.79));
#9963=CARTESIAN_POINT('',(3.75390118198644,-0.572400168666365,0.79));
#9964=CARTESIAN_POINT('',(4.03405876474391,-3.15010555161898,0.79));
#9965=CARTESIAN_POINT('',(4.48847565023412,-1.8946342115122,0.79));
#9966=CARTESIAN_POINT('',(4.28627001694576,-3.4076063422098,0.79));
#9967=CARTESIAN_POINT('Origin',(4.22211914161942,-3.21817386032017,0.79));
#9968=CARTESIAN_POINT('',(5.08008704234219,-3.13878202802591,0.79));
#9969=CARTESIAN_POINT('',(4.28627001694576,-3.4076063422098,0.79));
#9970=CARTESIAN_POINT('',(5.20838879299486,-3.13878202802591,0.79));
#9971=CARTESIAN_POINT('Origin',(5.14423791766852,-3.32821450991555,0.79));
#9972=CARTESIAN_POINT('',(6.00220581839129,-3.4076063422098,0.79));
#9973=CARTESIAN_POINT('',(6.00220581839129,-3.4076063422098,0.79));
#9974=CARTESIAN_POINT('',(6.25441707059314,-3.15010555161898,0.79));
#9975=CARTESIAN_POINT('Origin',(6.06635669371763,-3.21817386032017,0.79));
#9976=CARTESIAN_POINT('',(5.80000018510293,-1.8946342115122,0.79));
#9977=CARTESIAN_POINT('',(6.16491382368841,-2.90282433271321,0.79));
#9978=CARTESIAN_POINT('',(6.53457465335061,-0.572400168666363,0.79));
#9979=CARTESIAN_POINT('',(6.53457465335061,-0.572400168666363,0.79));
#9980=CARTESIAN_POINT('',(6.49789491648329,1.07279954696418,0.79));
#9981=CARTESIAN_POINT('Origin',(5.245331454453,0.22186489228362,0.79));
#9982=CARTESIAN_POINT('',(5.72219065760605,2.21462495819468,0.79));
#9983=CARTESIAN_POINT('',(5.72219065760605,2.21462495819468,0.79));
#9984=CARTESIAN_POINT('',(4.566285177731,2.21462495819468,0.79));
#9985=CARTESIAN_POINT('',(5.14423791766852,2.41462495819468,0.79));
#9986=CARTESIAN_POINT('',(4.566285177731,2.11462495819468,0.79));
#9987=CARTESIAN_POINT('Origin',(6.06482283390104,-1.176831846934,0.660629921259822));
#9988=CARTESIAN_POINT('',(6.01144112360532,-1.24998944549425,0.649494381395869));
#9989=CARTESIAN_POINT('',(6.01144112360528,-1.24998944549426,0.671765461123821));
#9990=CARTESIAN_POINT('Origin',(6.01576744058114,-1.26513155490972,0.660629921259863));
#9991=CARTESIAN_POINT('',(6.09873611780542,-1.09285845593416,0.671765461123748));
#9992=CARTESIAN_POINT('',(6.05508862070537,-1.17142395071417,0.671765461123784));
#9993=CARTESIAN_POINT('',(6.09873611780546,-1.09285845593415,0.649494381395796));
#9994=CARTESIAN_POINT('Origin',(6.11387822722091,-1.0885321389583,0.660629921259781));
#9995=CARTESIAN_POINT('',(6.05508862070539,-1.17142395071419,0.649494381395832));
#9996=CARTESIAN_POINT('Origin',(6.13712944962222,-1.08188893255793,0.621259842519685));
#9997=CARTESIAN_POINT('',(6.13712944962222,-1.08188893255793,0.621259842519685));
#9998=CARTESIAN_POINT('',(6.11928430254479,-1.08698754600862,0.634383202099738));
#9999=CARTESIAN_POINT('',(6.02241064698159,-1.28838277731105,0.621259842519685));
#10000=CARTESIAN_POINT('',(5.92485695355646,-1.46397942547611,0.621259842519777));
#10001=CARTESIAN_POINT('',(6.00711480662948,-1.23484733607889,0.660629921259811));
#10002=CARTESIAN_POINT('Origin',(6.13712944962222,-1.08188893255793,0.7));
#10003=CARTESIAN_POINT('',(6.13712944962222,-1.08188893255793,0.7));
#10004=CARTESIAN_POINT('',(6.08359400839003,-1.09718477290998,0.660629921259757));
#10005=CARTESIAN_POINT('',(6.13712944962209,-1.08188893255797,0.35));
#10006=CARTESIAN_POINT('Origin',(6.02241064698159,-1.28838277731105,0.621259842519685));
#10007=CARTESIAN_POINT('',(6.02241064698143,-1.28838277731096,0.7));
#10008=CARTESIAN_POINT('',(6.02241064698193,-1.28838277731027,0.310629921260616));
#10009=CARTESIAN_POINT('',(6.01731203353076,-1.27053763023354,0.686876640419901));
#10010=CARTESIAN_POINT('Origin',(6.02241064698143,-1.28838277731096,0.7));
#10011=CARTESIAN_POINT('',(5.86749755223628,-1.56722634785242,0.700000000000357));
#10012=CARTESIAN_POINT('Origin',(4.26029266636044,1.55582677168746,0.660175815710669));
#10013=CARTESIAN_POINT('',(4.32000888989674,1.62391211421984,0.64904027584668));
#10014=CARTESIAN_POINT('',(4.32000888989674,1.62391211421984,0.671311355574658));
#10015=CARTESIAN_POINT('Origin',(4.31705541264296,1.63938071041459,0.660175815710669));
#10016=CARTESIAN_POINT('',(4.21899851627269,1.47522631021411,0.671311355574658));
#10017=CARTESIAN_POINT('',(4.26950370308471,1.54956921221697,0.671311355574658));
#10018=CARTESIAN_POINT('',(4.21899851627269,1.47522631021411,0.649040275846679));
#10019=CARTESIAN_POINT('Origin',(4.20352992007793,1.47227283296033,0.660175815710668));
#10020=CARTESIAN_POINT('',(4.26950370308471,1.54956921221697,0.64904027584668));
#10021=CARTESIAN_POINT('Origin',(4.17977736615737,1.46773766849936,0.62080573697051));
#10022=CARTESIAN_POINT('',(4.17977736615737,1.46773766849936,0.62080573697051));
#10023=CARTESIAN_POINT('',(4.19800728159406,1.4712183748222,0.633929096550564));
#10024=CARTESIAN_POINT('',(4.31252024818199,1.66313326433515,0.62080573697051));
#10025=CARTESIAN_POINT('',(4.41439000639609,1.81308406998514,0.620805736970509));
#10026=CARTESIAN_POINT('',(4.32296236715052,1.60844351802508,0.660175815710668));
#10027=CARTESIAN_POINT('Origin',(4.17977736615737,1.46773766849936,0.699545894450825));
#10028=CARTESIAN_POINT('',(4.17977736615737,1.46773766849936,0.699545894450825));
#10029=CARTESIAN_POINT('',(4.23446711246744,1.47817978746789,0.660175815710668));
#10030=CARTESIAN_POINT('',(4.17977736615737,1.46773766849936,0.349772947225412));
#10031=CARTESIAN_POINT('Origin',(4.31252024818199,1.66313326433515,0.62080573697051));
#10032=CARTESIAN_POINT('',(4.31252024818199,1.66313326433515,0.699545894450825));
#10033=CARTESIAN_POINT('',(4.31252024818199,1.66313326433515,0.310402868485255));
#10034=CARTESIAN_POINT('',(4.31600095450483,1.64490334889846,0.686422534870773));
#10035=CARTESIAN_POINT('Origin',(4.31252024818199,1.66313326433515,0.699545894450825));
#10036=CARTESIAN_POINT('',(4.4807614474084,1.91078186790304,0.699545894450827));
#10037=CARTESIAN_POINT('Origin',(4.22365300144088,-1.17683184693129,0.660629921259821));
#10038=CARTESIAN_POINT('',(4.27703471173285,-1.24998944549047,0.671765461121037));
#10039=CARTESIAN_POINT('',(4.27703471173282,-1.24998944549046,0.649494381398652));
#10040=CARTESIAN_POINT('Origin',(4.27270839475807,-1.26513155490215,0.660629921259862));
#10041=CARTESIAN_POINT('',(4.18973971753538,-1.09285845593523,0.64949438139858));
#10042=CARTESIAN_POINT('',(4.2333872146341,-1.17142395071284,0.649494381398616));
#10043=CARTESIAN_POINT('',(4.18973971753542,-1.09285845593524,0.671765461120964));
#10044=CARTESIAN_POINT('Origin',(4.17459760812371,-1.08853213896046,0.660629921259781));
#10045=CARTESIAN_POINT('',(4.23338721463412,-1.17142395071282,0.671765461121));
#10046=CARTESIAN_POINT('Origin',(4.26606518835562,-1.28838277731096,0.7));
#10047=CARTESIAN_POINT('',(4.15134638571483,-1.08188893255793,0.7));
#10048=CARTESIAN_POINT('',(4.20488182694702,-1.09718477290998,0.660629921259757));
#10049=CARTESIAN_POINT('',(4.26606518835562,-1.28838277731096,0.7));
#10050=CARTESIAN_POINT('',(4.05369104897693,-0.906109326429506,0.699999999999747));
#10051=CARTESIAN_POINT('',(4.27116380180629,-1.27053763023354,0.686876640419901));
#10052=CARTESIAN_POINT('Origin',(4.15134638571483,-1.08188893255793,0.7));
#10053=CARTESIAN_POINT('',(4.15134638571483,-1.08188893255793,0.621259842519685));
#10054=CARTESIAN_POINT('',(4.16919153279227,-1.08698754600862,0.634383202099738));
#10055=CARTESIAN_POINT('',(4.15134638571496,-1.08188893255797,0.35));
#10056=CARTESIAN_POINT('Origin',(4.15134638571483,-1.08188893255793,0.621259842519685));
#10057=CARTESIAN_POINT('',(4.26606518835546,-1.28838277731105,0.621259842519685));
#10058=CARTESIAN_POINT('',(4.28136102870757,-1.23484733607889,0.660629921259811));
#10059=CARTESIAN_POINT('',(3.99633164765675,-0.802862404053194,0.621259842519775));
#10060=CARTESIAN_POINT('Origin',(4.26606518835546,-1.28838277731105,0.621259842519685));
#10061=CARTESIAN_POINT('',(4.26606518835513,-1.28838277731027,0.310629921258781));
#10062=CARTESIAN_POINT('Origin',(6.028183168972,1.55582677168433,0.660175815710669));
#10063=CARTESIAN_POINT('',(5.96846694543958,1.62391211421597,0.671311355571874));
#10064=CARTESIAN_POINT('',(5.96846694543958,1.62391211421597,0.649040275849463));
#10065=CARTESIAN_POINT('Origin',(5.97142042269262,1.63938071040686,0.660175815710669));
#10066=CARTESIAN_POINT('',(6.0694773190605,1.47522631021485,0.649040275849463));
#10067=CARTESIAN_POINT('',(6.01897213225004,1.54956921221541,0.649040275849463));
#10068=CARTESIAN_POINT('',(6.0694773190605,1.47522631021485,0.671311355571874));
#10069=CARTESIAN_POINT('Origin',(6.08494591525139,1.47227283296181,0.660175815710669));
#10070=CARTESIAN_POINT('',(6.01897213225004,1.54956921221541,0.671311355571874));
#10071=CARTESIAN_POINT('Origin',(5.97595558715506,1.66313326433515,0.699545894450825));
#10072=CARTESIAN_POINT('',(6.10869846917968,1.46773766849936,0.699545894450825));
#10073=CARTESIAN_POINT('',(6.05400872286961,1.47817978746789,0.660175815710668));
#10074=CARTESIAN_POINT('',(5.97595558715506,1.66313326433515,0.699545894450825));
#10075=CARTESIAN_POINT('',(6.19556651736727,1.33986916228779,0.699545894450825));
#10076=CARTESIAN_POINT('',(5.97247488083222,1.64490334889846,0.686422534870773));
#10077=CARTESIAN_POINT('Origin',(6.10869846917968,1.46773766849936,0.699545894450825));
#10078=CARTESIAN_POINT('',(6.10869846917968,1.46773766849936,0.62080573697051));
#10079=CARTESIAN_POINT('',(6.09046855374299,1.4712183748222,0.633929096550564));
#10080=CARTESIAN_POINT('',(6.10869846917968,1.46773766849936,0.349772947225412));
#10081=CARTESIAN_POINT('Origin',(6.10869846917968,1.46773766849936,0.62080573697051));
#10082=CARTESIAN_POINT('',(5.97595558715506,1.66313326433515,0.62080573697051));
#10083=CARTESIAN_POINT('',(5.96551346818653,1.60844351802508,0.660175815710668));
#10084=CARTESIAN_POINT('',(6.26193795837958,1.24217136436989,0.62080573697051));
#10085=CARTESIAN_POINT('Origin',(5.97595558715506,1.66313326433515,0.62080573697051));
#10086=CARTESIAN_POINT('',(5.97595558715506,1.66313326433515,0.310402868485255));
#10087=CARTESIAN_POINT('Origin',(5.14423791766852,2.11462495819468,0.74));
#10088=CARTESIAN_POINT('',(5.4911995869451,2.21462495819468,0.3));
#10089=CARTESIAN_POINT('Origin',(5.14423791766852,2.21462495819468,0.74));
#10090=CARTESIAN_POINT('',(4.79727624839195,2.21462495819468,0.3));
#10091=CARTESIAN_POINT('Ctrl Pts',(4.79727624839195,2.21462495819468,0.3));
#10092=CARTESIAN_POINT('Ctrl Pts',(4.83972279155204,2.21462495819468,0.266528810295805));
#10093=CARTESIAN_POINT('Ctrl Pts',(4.88860990850762,2.20895741409058,0.238247580221244));
#10094=CARTESIAN_POINT('Ctrl Pts',(4.97348016988512,2.19954675845638,0.205147885167912));
#10095=CARTESIAN_POINT('Ctrl Pts',(5.00760221454257,2.19590235608692,0.195452971288283));
#10096=CARTESIAN_POINT('Ctrl Pts',(5.07623917968355,2.19082977392415,0.182705685640961));
#10097=CARTESIAN_POINT('Ctrl Pts',(5.11075721290517,2.18943028131736,0.179658675495741));
#10098=CARTESIAN_POINT('Ctrl Pts',(5.17771862243188,2.18943028131736,0.179658675495741));
#10099=CARTESIAN_POINT('Ctrl Pts',(5.2122366556535,2.19082977392415,0.182705685640961));
#10100=CARTESIAN_POINT('Ctrl Pts',(5.28087362079448,2.19590235608692,0.195452971288283));
#10101=CARTESIAN_POINT('Ctrl Pts',(5.31499566545193,2.19954675845638,0.205147885167912));
#10102=CARTESIAN_POINT('Ctrl Pts',(5.39986592682943,2.20895741409058,0.238247580221244));
#10103=CARTESIAN_POINT('Ctrl Pts',(5.44875304378501,2.21462495819468,0.266528810295806));
#10104=CARTESIAN_POINT('Ctrl Pts',(5.4911995869451,2.21462495819468,0.3));
#10105=CARTESIAN_POINT('Origin',(5.14423791766852,2.21462495819468,0.74));
#10106=CARTESIAN_POINT('Origin',(5.14423791766852,2.41462495819468,0.74));
#10107=CARTESIAN_POINT('Origin',(5.14423791766852,2.41462495819468,0.45982933774787));
#10108=CARTESIAN_POINT('Origin',(5.14423791766852,2.41462495819468,0.74));
#10109=CARTESIAN_POINT('Origin',(5.72219065760605,2.11462495819468,0.));
#10110=CARTESIAN_POINT('',(4.6192431730091,2.11462495819468,0.1));
#10111=CARTESIAN_POINT('',(4.6192431730091,2.11462495819468,0.));
#10112=CARTESIAN_POINT('',(5.66923266232795,2.11462495819468,0.1));
#10113=CARTESIAN_POINT('',(5.43321428763729,2.11462495819468,0.1));
#10114=CARTESIAN_POINT('',(5.66923266232795,2.11462495819468,0.));
#10115=CARTESIAN_POINT('Origin',(5.14423791766852,2.11462495819468,0.74));
#10116=CARTESIAN_POINT('Origin',(5.72219065760605,2.21462495819468,0.));
#10117=CARTESIAN_POINT('',(5.72219065760605,2.21462495819468,0.3));
#10118=CARTESIAN_POINT('',(5.72219065760605,2.21462495819468,0.));
#10119=CARTESIAN_POINT('',(5.43321428763729,2.21462495819468,0.3));
#10120=CARTESIAN_POINT('Origin',(5.14423791766852,2.21462495819468,0.74));
#10121=CARTESIAN_POINT('Origin',(5.43321428763729,1.91462495819468,0.3));
#10122=CARTESIAN_POINT('',(5.56331667177175,1.91462495819468,0.));
#10123=CARTESIAN_POINT('Origin',(5.56331667177175,1.91462495819468,0.3));
#10124=CARTESIAN_POINT('',(4.7251591635653,1.91462495819468,0.));
#10125=CARTESIAN_POINT('',(5.43321428763729,1.91462495819468,0.));
#10126=CARTESIAN_POINT('',(4.566285177731,2.21462495819468,0.3));
#10127=CARTESIAN_POINT('Origin',(4.7251591635653,1.91462495819468,0.3));
#10128=CARTESIAN_POINT('',(5.43321428763729,2.21462495819468,0.3));
#10129=CARTESIAN_POINT('Ctrl Pts',(5.90159890535574,-3.05680049902906,4.37095678986282E-17));
#10130=CARTESIAN_POINT('Ctrl Pts',(5.98077111649594,-3.07773810386901,2.10452437600953E-16));
#10131=CARTESIAN_POINT('Ctrl Pts',(6.08593840549471,-3.10555027568325,0.0314081921800941));
#10132=CARTESIAN_POINT('Ctrl Pts',(6.17973090952367,-3.13035431182202,0.111460002200873));
#10133=CARTESIAN_POINT('Ctrl Pts',(6.22216306533481,-3.14157577069106,0.168733710214136));
#10134=CARTESIAN_POINT('Ctrl Pts',(6.2440769703471,-3.14737104503088,0.222037097351574));
#10135=CARTESIAN_POINT('Ctrl Pts',(6.25293344814481,-3.149713198038,0.266341355355248));
#10136=CARTESIAN_POINT('Ctrl Pts',(6.25441707059314,-3.15010555161898,0.288780026237179));
#10137=CARTESIAN_POINT('Ctrl Pts',(6.25441707059314,-3.15010555161898,0.299999999999999));
#10138=CARTESIAN_POINT('Ctrl Pts',(5.90159890535574,-3.05680049902906,4.37095678986282E-17));
#10139=CARTESIAN_POINT('Ctrl Pts',(5.975381014339,-3.08324125075346,2.10452437600953E-16));
#10140=CARTESIAN_POINT('Ctrl Pts',(6.07341344036548,-3.11814964560168,0.0240789093714819));
#10141=CARTESIAN_POINT('Ctrl Pts',(6.17130962730999,-3.15232081451596,0.0925031953685559));
#10142=CARTESIAN_POINT('Ctrl Pts',(6.22069395611364,-3.17009744999488,0.145541627274738));
#10143=CARTESIAN_POINT('Ctrl Pts',(6.25180356348388,-3.18261043353124,0.202225427807719));
#10144=CARTESIAN_POINT('Ctrl Pts',(6.26638112102099,-3.18910601739237,0.256402618709846));
#10145=CARTESIAN_POINT('Ctrl Pts',(6.26896814488478,-3.19030752765517,0.285455523064904));
#10146=CARTESIAN_POINT('Ctrl Pts',(6.26896814488478,-3.19030752765517,0.299999999999999));
#10147=CARTESIAN_POINT('Ctrl Pts',(5.90159890535574,-3.05680049902906,4.37095678986282E-17));
#10148=CARTESIAN_POINT('Ctrl Pts',(5.96460081002513,-3.09424754452235,2.10452437600954E-16));
#10149=CARTESIAN_POINT('Ctrl Pts',(6.04801625305014,-3.14339207090962,0.0138329436299254));
#10150=CARTESIAN_POINT('Ctrl Pts',(6.14488814675711,-3.19962985935906,0.0634713197907016));
#10151=CARTESIAN_POINT('Ctrl Pts',(6.20086043262693,-3.23314143366411,0.108496676892175));
#10152=CARTESIAN_POINT('Ctrl Pts',(6.24413254158755,-3.26132854259278,0.169470914497697));
#10153=CARTESIAN_POINT('Ctrl Pts',(6.26706272775217,-3.27725461151016,0.239735156775286));
#10154=CARTESIAN_POINT('Ctrl Pts',(6.27131007736222,-3.28026220736671,0.279878865413013));
#10155=CARTESIAN_POINT('Ctrl Pts',(6.27131007736222,-3.28026220736671,0.3));
#10156=CARTESIAN_POINT('Ctrl Pts',(5.90159890535574,-3.05680049902906,4.37095678986282E-17));
#10157=CARTESIAN_POINT('Ctrl Pts',(5.94843050355431,-3.11075698517569,2.10452437600953E-16));
#10158=CARTESIAN_POINT('Ctrl Pts',(6.00998912796839,-3.1819721779808,0.0108080015859903));
#10159=CARTESIAN_POINT('Ctrl Pts',(6.08418723606366,-3.26803592469045,0.0543311099662364));
#10160=CARTESIAN_POINT('Ctrl Pts',(6.12943379217591,-3.31991659090673,0.0965092432656948));
#10161=CARTESIAN_POINT('Ctrl Pts',(6.16782882138082,-3.36268910263817,0.158639141915196));
#10162=CARTESIAN_POINT('Ctrl Pts',(6.18941277872181,-3.38622810543097,0.234174545642281));
#10163=CARTESIAN_POINT('Ctrl Pts',(6.19348234162841,-3.39064616362383,0.278018556171458));
#10164=CARTESIAN_POINT('Ctrl Pts',(6.19348234162841,-3.39064616362383,0.3));
#10165=CARTESIAN_POINT('Ctrl Pts',(5.90159890535574,-3.05680049902906,4.37095678986282E-17));
#10166=CARTESIAN_POINT('Ctrl Pts',(5.93495524816196,-3.12451485238681,2.10452437600954E-16));
#10167=CARTESIAN_POINT('Ctrl Pts',(5.97882579737628,-3.21440659289918,0.0184094749041604));
#10168=CARTESIAN_POINT('Ctrl Pts',(6.02563608888261,-3.31206518644317,0.0768070890072172));
#10169=CARTESIAN_POINT('Ctrl Pts',(6.05204095644837,-3.36523808475287,0.125719962312867));
#10170=CARTESIAN_POINT('Ctrl Pts',(6.07288993996257,-3.40294560675606,0.184846734362261));
#10171=CARTESIAN_POINT('Ctrl Pts',(6.08436395103224,-3.42195262953772,0.247589739330728));
#10172=CARTESIAN_POINT('Ctrl Pts',(6.08651563522102,-3.42541738779632,0.282507187317851));
#10173=CARTESIAN_POINT('Ctrl Pts',(6.08651563522102,-3.42541738779632,0.3));
#10174=CARTESIAN_POINT('Ctrl Pts',(5.90159890535574,-3.05680049902906,4.37095678986282E-17));
#10175=CARTESIAN_POINT('Ctrl Pts',(5.92687009492655,-3.13276957271348,2.10452437600953E-16));
#10176=CARTESIAN_POINT('Ctrl Pts',(5.96030645995135,-3.23377096963376,0.0277373844282803));
#10177=CARTESIAN_POINT('Ctrl Pts',(5.99178283602319,-3.32896623365365,0.101995553842239));
#10178=CARTESIAN_POINT('Ctrl Pts',(6.00723698872979,-3.37454912863589,0.157166020610148));
#10179=CARTESIAN_POINT('Ctrl Pts',(6.01694749942762,-3.40084108492871,0.212160667892705));
#10180=CARTESIAN_POINT('Ctrl Pts',(6.02161598045407,-3.41244071346075,0.261387025463182));
#10181=CARTESIAN_POINT('Ctrl Pts',(6.02245346498205,-3.41446316126817,0.28712337317377));
#10182=CARTESIAN_POINT('Ctrl Pts',(6.02245346498205,-3.41446316126817,0.3));
#10183=CARTESIAN_POINT('Ctrl Pts',(5.90159890535574,-3.05680049902906,4.37095678986282E-17));
#10184=CARTESIAN_POINT('Ctrl Pts',(5.92417504384809,-3.1355211461557,2.10452437600953E-16));
#10185=CARTESIAN_POINT('Ctrl Pts',(5.95416373870841,-3.24008860647176,0.0314081921800942));
#10186=CARTESIAN_POINT('Ctrl Pts',(5.98090888741661,-3.33334615866659,0.111460002200873));
#10187=CARTESIAN_POINT('Ctrl Pts',(5.99300851444893,-3.37553629983261,0.168733710214136));
#10188=CARTESIAN_POINT('Ctrl Pts',(5.99925731497301,-3.39732521741867,0.222037097351575));
#10189=CARTESIAN_POINT('Ctrl Pts',(6.00178276003051,-3.40613118170156,0.266341355355248));
#10190=CARTESIAN_POINT('Ctrl Pts',(6.00220581839129,-3.4076063422098,0.28878002623718));
#10191=CARTESIAN_POINT('Ctrl Pts',(6.00220581839129,-3.4076063422098,0.3));
#10192=CARTESIAN_POINT('',(6.25441707059314,-3.15010555161898,0.3));
#10193=CARTESIAN_POINT('',(6.00220581839129,-3.4076063422098,0.3));
#10194=CARTESIAN_POINT('Origin',(6.06635669371763,-3.21817386032017,0.3));
#10195=CARTESIAN_POINT('',(5.90159890535574,-3.05680049902906,0.));
#10196=CARTESIAN_POINT('Origin',(5.90159890535574,-3.05680049902906,0.3));
#10197=CARTESIAN_POINT('Origin',(5.90159890535574,-3.05680049902906,0.3));
#10198=CARTESIAN_POINT('Ctrl Pts',(4.38687692998131,-3.05680049902906,-4.37095678986282E-17));
#10199=CARTESIAN_POINT('Ctrl Pts',(4.36430079148896,-3.1355211461557,-1.9083562940068E-16));
#10200=CARTESIAN_POINT('Ctrl Pts',(4.33431150212652,-3.24009067943883,0.0314031306196131));
#10201=CARTESIAN_POINT('Ctrl Pts',(4.3075666435936,-3.33334721982264,0.111457405296909));
#10202=CARTESIAN_POINT('Ctrl Pts',(4.29546706047774,-3.3755372078565,0.168731481182305));
#10203=CARTESIAN_POINT('Ctrl Pts',(4.28921843906373,-3.39732550090436,0.222036409912351));
#10204=CARTESIAN_POINT('Ctrl Pts',(4.28669301558282,-3.40613138995193,0.266340847676821));
#10205=CARTESIAN_POINT('Ctrl Pts',(4.28627001694576,-3.4076063422098,0.288780026237179));
#10206=CARTESIAN_POINT('Ctrl Pts',(4.28627001694576,-3.4076063422098,0.3));
#10207=CARTESIAN_POINT('Ctrl Pts',(4.38687692998131,-3.05680049902906,-4.37095678986282E-17));
#10208=CARTESIAN_POINT('Ctrl Pts',(4.35891068933203,-3.13001799927125,-1.81214022504606E-16));
#10209=CARTESIAN_POINT('Ctrl Pts',(4.32197483065564,-3.22731009732044,0.0240803495616002));
#10210=CARTESIAN_POINT('Ctrl Pts',(4.28578015622345,-3.32447457410184,0.0925045646785551));
#10211=CARTESIAN_POINT('Ctrl Pts',(4.26698233868204,-3.37347851080448,0.14554266636747));
#10212=CARTESIAN_POINT('Ctrl Pts',(4.25382656388069,-3.40431979379846,0.202225779892175));
#10213=CARTESIAN_POINT('Ctrl Pts',(4.24702970407128,-3.41875910543644,0.256402863709765));
#10214=CARTESIAN_POINT('Ctrl Pts',(4.24577472376423,-3.42131998032655,0.285455523064904));
#10215=CARTESIAN_POINT('Ctrl Pts',(4.24577472376423,-3.42131998032655,0.3));
#10216=CARTESIAN_POINT('Ctrl Pts',(4.38687692998131,-3.05680049902906,-4.37095678986282E-17));
#10217=CARTESIAN_POINT('Ctrl Pts',(4.34813048501815,-3.11901170550236,-1.61970808712457E-16));
#10218=CARTESIAN_POINT('Ctrl Pts',(4.2972583026702,-3.20139683799695,0.0138426919948758));
#10219=CARTESIAN_POINT('Ctrl Pts',(4.23902486276718,-3.2970788070915,0.0634774876855143));
#10220=CARTESIAN_POINT('Ctrl Pts',(4.20435993350224,-3.35234286691095,0.108501655463656));
#10221=CARTESIAN_POINT('Ctrl Pts',(4.17528375290718,-3.39501826104945,0.169472444039808));
#10222=CARTESIAN_POINT('Ctrl Pts',(4.15888555407715,-3.41761275526638,0.239736304477179));
#10223=CARTESIAN_POINT('Ctrl Pts',(4.15579138318956,-3.42179599909228,0.279878865413013));
#10224=CARTESIAN_POINT('Ctrl Pts',(4.15579138318956,-3.42179599909228,0.3));
#10225=CARTESIAN_POINT('Ctrl Pts',(4.38687692998131,-3.05680049902906,-4.37095678986282E-17));
#10226=CARTESIAN_POINT('Ctrl Pts',(4.33196017854733,-3.10250226484902,-1.33105988024235E-16));
#10227=CARTESIAN_POINT('Ctrl Pts',(4.25947774521022,-3.16257884362355,0.0108197291216282));
#10228=CARTESIAN_POINT('Ctrl Pts',(4.17189493190369,-3.23497200093106,0.0543380943325233));
#10229=CARTESIAN_POINT('Ctrl Pts',(4.11908700252408,-3.27913114174205,0.0965147200068978));
#10230=CARTESIAN_POINT('Ctrl Pts',(4.07552899873586,-3.31662709376015,0.158640510784096));
#10231=CARTESIAN_POINT('Ctrl Pts',(4.05154716159474,-3.33771762988682,0.234175677236302));
#10232=CARTESIAN_POINT('Ctrl Pts',(4.04704617320257,-3.34169365737354,0.278018556171459));
#10233=CARTESIAN_POINT('Ctrl Pts',(4.04704617320257,-3.34169365737354,0.3));
#10234=CARTESIAN_POINT('Ctrl Pts',(4.38687692998131,-3.05680049902906,-4.37095678986282E-17));
#10235=CARTESIAN_POINT('Ctrl Pts',(4.31848492315498,-3.0887443976379,-1.0905197078405E-16));
#10236=CARTESIAN_POINT('Ctrl Pts',(4.22769710481411,-3.1307448830978,0.0184153873809889));
#10237=CARTESIAN_POINT('Ctrl Pts',(4.12908963529045,-3.17551665553147,0.0768109216687229));
#10238=CARTESIAN_POINT('Ctrl Pts',(4.07538099451361,-3.20081193450371,0.125723026765019));
#10239=CARTESIAN_POINT('Ctrl Pts',(4.03725097253527,-3.22087228730672,0.184847658431729));
#10240=CARTESIAN_POINT('Ctrl Pts',(4.01801018196435,-3.23194926921432,0.247590438576508));
#10241=CARTESIAN_POINT('Ctrl Pts',(4.01450219259081,-3.23402810078526,0.28250718731785));
#10242=CARTESIAN_POINT('Ctrl Pts',(4.01450219259081,-3.23402810078526,0.3));
#10243=CARTESIAN_POINT('Ctrl Pts',(4.38687692998131,-3.05680049902906,-4.37095678986282E-17));
#10244=CARTESIAN_POINT('Ctrl Pts',(4.31039976991958,-3.08048967731123,-9.46195604399387E-17));
#10245=CARTESIAN_POINT('Ctrl Pts',(4.20872662797126,-3.11182474757963,0.0277348706874302));
#10246=CARTESIAN_POINT('Ctrl Pts',(4.11289913121968,-3.14131799644304,0.101994021859805));
#10247=CARTESIAN_POINT('Ctrl Pts',(4.06700503487623,-3.15582262039674,0.157164557573467));
#10248=CARTESIAN_POINT('Ctrl Pts',(4.04051697106332,-3.1649847274808,0.212159946842731));
#10249=CARTESIAN_POINT('Ctrl Pts',(4.02882277281342,-3.16941141588463,0.261386584555259));
#10250=CARTESIAN_POINT('Ctrl Pts',(4.02678322759809,-3.17020653963707,0.28712337317377));
#10251=CARTESIAN_POINT('Ctrl Pts',(4.02678322759809,-3.17020653963707,0.3));
#10252=CARTESIAN_POINT('Ctrl Pts',(4.38687692998131,-3.05680049902906,-4.37095678986282E-17));
#10253=CARTESIAN_POINT('Ctrl Pts',(4.30770471884111,-3.07773810386901,-8.98087569919016E-17));
#10254=CARTESIAN_POINT('Ctrl Pts',(4.20253534498414,-3.10555082703753,0.0314031306196139));
#10255=CARTESIAN_POINT('Ctrl Pts',(4.10874385857023,-3.1303545940614,0.111457405296909));
#10256=CARTESIAN_POINT('Ctrl Pts',(4.06631185676967,-3.14157601220134,0.168731481182306));
#10257=CARTESIAN_POINT('Ctrl Pts',(4.0443985798781,-3.14737112043056,0.222036409912352));
#10258=CARTESIAN_POINT('Ctrl Pts',(4.03554217774729,-3.14971325342708,0.266340847676821));
#10259=CARTESIAN_POINT('Ctrl Pts',(4.03405876474391,-3.15010555161898,0.288780026237179));
#10260=CARTESIAN_POINT('Ctrl Pts',(4.03405876474391,-3.15010555161898,0.3));
#10261=CARTESIAN_POINT('',(4.28627001694576,-3.4076063422098,0.3));
#10262=CARTESIAN_POINT('',(4.03405876474391,-3.15010555161898,0.3));
#10263=CARTESIAN_POINT('Origin',(4.22211914161942,-3.21817386032017,0.3));
#10264=CARTESIAN_POINT('',(4.38687692998131,-3.05680049902906,0.));
#10265=CARTESIAN_POINT('Origin',(4.38687692998131,-3.05680049902906,0.3));
#10266=CARTESIAN_POINT('Origin',(4.38687692998131,-3.05680049902906,0.3));
#10267=CARTESIAN_POINT('Origin',(5.50026587170124,-1.9479902024051,0.3));
#10268=CARTESIAN_POINT('',(5.47143017779184,-1.86832241621294,0.));
#10269=CARTESIAN_POINT('',(5.50026587170124,-1.9479902024051,0.));
#10270=CARTESIAN_POINT('',(5.80000018510293,-1.8946342115122,0.3));
#10271=CARTESIAN_POINT('Origin',(5.47143017779184,-1.86832241621294,0.3));
#10272=CARTESIAN_POINT('',(5.78235643701451,-1.84588773935331,0.3));
#10273=CARTESIAN_POINT('Origin',(5.73485032554178,-1.39416615026306,0.3));
#10274=CARTESIAN_POINT('',(6.53457465335061,-0.572400168666363,0.3));
#10275=CARTESIAN_POINT('',(5.99709750837824,-1.53985902961664,0.3));
#10276=CARTESIAN_POINT('',(6.27579116009831,-0.420472648061302,0.));
#10277=CARTESIAN_POINT('',(5.73485032554178,-1.39416615026306,0.));
#10278=CARTESIAN_POINT('Ctrl Pts',(6.27579116009899,-0.420472648061727,
0.));
#10279=CARTESIAN_POINT('Ctrl Pts',(6.27611578186603,-0.420663834270861,
1.00989248261882E-15));
#10280=CARTESIAN_POINT('Ctrl Pts',(6.2764404044637,-0.420855018410307,7.09208264554734E-7));
#10281=CARTESIAN_POINT('Ctrl Pts',(6.31126526983574,-0.441364597707088,
0.000152874190107393));
#10282=CARTESIAN_POINT('Ctrl Pts',(6.34540679767163,-0.461442060677391,
0.00831262088560203));
#10283=CARTESIAN_POINT('Ctrl Pts',(6.40816409744804,-0.498307030211043,
0.0393103562639161));
#10284=CARTESIAN_POINT('Ctrl Pts',(6.43629384057274,-0.514810655498981,
0.0614926279330347));
#10285=CARTESIAN_POINT('Ctrl Pts',(6.48363737320217,-0.542568961959284,
0.117103045607907));
#10286=CARTESIAN_POINT('Ctrl Pts',(6.50240061491351,-0.5535599424766,0.149996509071033));
#10287=CARTESIAN_POINT('Ctrl Pts',(6.52799102606414,-0.568546733215306,
0.222263625193082));
#10288=CARTESIAN_POINT('Ctrl Pts',(6.53457465335062,-0.572400168666349,
0.260944855128744));
#10289=CARTESIAN_POINT('Ctrl Pts',(6.53457465335062,-0.572400168666349,
0.3));
#10290=CARTESIAN_POINT('Origin',(6.42520547422369,0.645937149623045,0.3));
#10291=CARTESIAN_POINT('',(6.49789491648329,1.07279954696418,0.3));
#10292=CARTESIAN_POINT('',(6.67335788093514,0.814520609794305,0.3));
#10293=CARTESIAN_POINT('',(6.24974250977184,0.904216086792922,0.));
#10294=CARTESIAN_POINT('Origin',(6.24974250977184,0.904216086792922,0.3));
#10295=CARTESIAN_POINT('',(6.42520547422369,0.645937149623045,0.));
#10296=CARTESIAN_POINT('Origin',(5.245331454453,0.22186489228362,0.3));
#10297=CARTESIAN_POINT('Origin',(5.245331454453,0.22186489228362,0.));
#10298=CARTESIAN_POINT('Origin',(5.245331454453,0.22186489228362,0.3));
#10299=CARTESIAN_POINT('Origin',(4.25112249055198,1.21684985523829,0.3));
#10300=CARTESIAN_POINT('',(4.03873332556521,0.904216086792923,0.));
#10301=CARTESIAN_POINT('',(4.25112249055198,1.21684985523829,0.));
#10302=CARTESIAN_POINT('',(3.79058091885376,1.07279954696418,0.3));
#10303=CARTESIAN_POINT('Origin',(4.03873332556521,0.904216086792923,0.3));
#10304=CARTESIAN_POINT('',(4.00297008384053,1.38543331540955,0.3));
#10305=CARTESIAN_POINT('Origin',(5.04314438088405,0.22186489228362,0.3));
#10306=CARTESIAN_POINT('',(3.75390118198644,-0.572400168666365,0.3));
#10307=CARTESIAN_POINT('Origin',(5.04314438088405,0.22186489228362,0.3));
#10308=CARTESIAN_POINT('',(4.01268467523876,-0.420472648061331,0.));
#10309=CARTESIAN_POINT('Origin',(5.04314438088405,0.22186489228362,0.));
#10310=CARTESIAN_POINT('Ctrl Pts',(4.01268467523919,-0.42047264806109,0.));
#10311=CARTESIAN_POINT('Ctrl Pts',(4.01236005347178,-0.420663834270443,
-6.20733871798683E-16));
#10312=CARTESIAN_POINT('Ctrl Pts',(4.0120354308737,-0.420855018410092,7.09208262986478E-7));
#10313=CARTESIAN_POINT('Ctrl Pts',(3.97721056550075,-0.441364597707848,
0.00015287419011415));
#10314=CARTESIAN_POINT('Ctrl Pts',(3.9430690376653,-0.461442060677488,0.00831262088567061));
#10315=CARTESIAN_POINT('Ctrl Pts',(3.88031173788903,-0.498307030211037,
0.0393103562639074));
#10316=CARTESIAN_POINT('Ctrl Pts',(3.85218199476432,-0.514810655498977,
0.0614926279330253));
#10317=CARTESIAN_POINT('Ctrl Pts',(3.80483846213488,-0.542568961959283,
0.117103045607905));
#10318=CARTESIAN_POINT('Ctrl Pts',(3.78607522042353,-0.553559942476601,
0.149996509071035));
#10319=CARTESIAN_POINT('Ctrl Pts',(3.7604848092729,-0.568546733215305,0.222263625193091));
#10320=CARTESIAN_POINT('Ctrl Pts',(3.75390118198643,-0.572400168666346,
0.260944855128748));
#10321=CARTESIAN_POINT('Ctrl Pts',(3.75390118198643,-0.572400168666346,
0.3));
#10322=CARTESIAN_POINT('Origin',(4.18633827567143,-0.733049128840137,0.3));
#10323=CARTESIAN_POINT('',(4.81704565754521,-1.86832241621294,0.));
#10324=CARTESIAN_POINT('',(4.18633827567143,-0.733049128840137,0.));
#10325=CARTESIAN_POINT('',(4.48847565023412,-1.8946342115122,0.3));
#10326=CARTESIAN_POINT('Origin',(4.81704565754521,-1.86832241621294,0.3));
#10327=CARTESIAN_POINT('',(3.92409109283497,-0.878742008193726,0.3));
#10328=CARTESIAN_POINT('Origin',(5.01541840638092,-1.32025453235171,0.3));
#10329=CARTESIAN_POINT('',(4.73332784106765,-1.21815206929993,0.3));
#10330=CARTESIAN_POINT('',(5.01541840638092,-1.32025453235171,0.));
#10331=CARTESIAN_POINT('Origin',(5.00110730645409,-2.84879279142951,0.3));
#10332=CARTESIAN_POINT('',(4.98386072935268,-2.85463330519147,0.));
#10333=CARTESIAN_POINT('',(5.00110730645409,-2.84879279142951,0.));
#10334=CARTESIAN_POINT('',(5.08008704234219,-3.13878202802591,0.3));
#10335=CARTESIAN_POINT('Origin',(4.98386072935268,-2.85463330519147,0.3));
#10336=CARTESIAN_POINT('',(5.0973336194436,-3.13294151426395,0.3));
#10337=CARTESIAN_POINT('Origin',(5.14423791766852,-3.32821450991555,0.3));
#10338=CARTESIAN_POINT('',(5.30461510598437,-2.85463330519147,0.));
#10339=CARTESIAN_POINT('',(5.20838879299486,-3.13878202802591,0.3));
#10340=CARTESIAN_POINT('Origin',(5.30461510598437,-2.85463330519147,0.3));
#10341=CARTESIAN_POINT('Origin',(5.14423791766852,-3.32821450991555,0.3));
#10342=CARTESIAN_POINT('Origin',(5.14423791766852,-3.32821450991555,0.));
#10343=CARTESIAN_POINT('Origin',(4.89046001618475,-2.71438063433757,0.3));
#10344=CARTESIAN_POINT('',(4.79423370319524,-2.99852935717201,0.3));
#10345=CARTESIAN_POINT('',(4.89046001618475,-2.71438063433757,0.));
#10346=CARTESIAN_POINT('Origin',(5.14423791766852,-3.32821450991555,0.));
#10347=CARTESIAN_POINT('',(5.20838879299486,-3.13878202802591,0.));
#10348=CARTESIAN_POINT('',(5.08008704234219,-3.13878202802591,0.));
#10349=CARTESIAN_POINT('Origin',(5.20838879299486,-3.13878202802591,0.));
#10350=CARTESIAN_POINT('',(6.00220581839129,-3.4076063422098,0.));
#10351=CARTESIAN_POINT('Origin',(6.06635669371763,-3.21817386032017,0.));
#10352=CARTESIAN_POINT('',(6.25441707059314,-3.15010555161898,0.));
#10353=CARTESIAN_POINT('Origin',(6.25441707059314,-3.15010555161898,0.));
#10354=CARTESIAN_POINT('',(5.80000018510293,-1.8946342115122,0.));
#10355=CARTESIAN_POINT('Origin',(5.80000018510293,-1.8946342115122,0.));
#10356=CARTESIAN_POINT('',(6.53457465335061,-0.572400168666363,0.));
#10357=CARTESIAN_POINT('Origin',(5.245331454453,0.22186489228362,0.));
#10358=CARTESIAN_POINT('',(6.49789491648329,1.07279954696418,0.));
#10359=CARTESIAN_POINT('Origin',(6.49789491648329,1.07279954696418,0.));
#10360=CARTESIAN_POINT('Origin',(5.14423791766852,-0.601774451062744,0.));
#10361=CARTESIAN_POINT('Origin',(5.80000018510293,-1.8946342115122,0.));
#10362=CARTESIAN_POINT('',(5.71258445749077,-1.84606991839434,0.1));
#10363=CARTESIAN_POINT('',(5.71258445749077,-1.84606991839434,0.));
#10364=CARTESIAN_POINT('',(5.70596999666517,-1.9286683658628,0.1));
#10365=CARTESIAN_POINT('Origin',(5.80000018510293,-1.8946342115122,0.1));
#10366=CARTESIAN_POINT('',(5.70596999666517,-1.9286683658628,0.74));
#10367=CARTESIAN_POINT('Origin',(6.53457465335061,-0.572400168666363,0.));
#10368=CARTESIAN_POINT('',(6.44943490798281,-0.519948059474207,0.1));
#10369=CARTESIAN_POINT('',(6.44943490798281,-0.519948059474207,0.));
#10370=CARTESIAN_POINT('',(6.44715892573846,-0.5238358755485,0.1));
#10371=CARTESIAN_POINT('Origin',(6.53457465335061,-0.572400168666363,0.1));
#10372=CARTESIAN_POINT('',(6.44715892573846,-0.5238358755485,0.74));
#10373=CARTESIAN_POINT('Origin',(3.75390118198644,-0.572400168666365,0.));
#10374=CARTESIAN_POINT('',(3.84131690959859,-0.523835875548502,0.1));
#10375=CARTESIAN_POINT('',(3.84131690959859,-0.523835875548502,0.));
#10376=CARTESIAN_POINT('',(3.83904092735424,-0.519948059474208,0.1));
#10377=CARTESIAN_POINT('Origin',(3.75390118198644,-0.572400168666365,0.1));
#10378=CARTESIAN_POINT('',(3.83904092735424,-0.519948059474208,0.74));
#10379=CARTESIAN_POINT('Origin',(4.48847565023412,-1.8946342115122,0.));
#10380=CARTESIAN_POINT('',(4.58250583867188,-1.9286683658628,0.1));
#10381=CARTESIAN_POINT('',(4.58250583867188,-1.9286683658628,0.));
#10382=CARTESIAN_POINT('',(4.57589137784628,-1.84606991839434,0.1));
#10383=CARTESIAN_POINT('Origin',(4.48847565023412,-1.8946342115122,0.1));
#10384=CARTESIAN_POINT('',(4.57589137784628,-1.84606991839434,0.74));
#10385=CARTESIAN_POINT('Origin',(5.14423791766852,-0.601774451062744,0.1));
#10386=CARTESIAN_POINT('',(4.12808895318167,-3.18413970596957,0.1));
#10387=CARTESIAN_POINT('',(4.8273580295054,-1.25218622365052,0.1));
#10388=CARTESIAN_POINT('',(4.25419457928259,-3.31289010126498,0.1));
#10389=CARTESIAN_POINT('Origin',(4.22211914161942,-3.21817386032017,0.1));
#10390=CARTESIAN_POINT('',(5.04801160467902,-3.0440657870811,0.1));
#10391=CARTESIAN_POINT('',(5.06525818178043,-3.03822527331914,0.1));
#10392=CARTESIAN_POINT('',(5.24046423065803,-3.0440657870811,0.1));
#10393=CARTESIAN_POINT('Origin',(5.14423791766852,-3.32821450991555,0.1));
#10394=CARTESIAN_POINT('',(6.03428125605446,-3.31289010126498,0.1));
#10395=CARTESIAN_POINT('',(4.82630914085841,-2.9038131162272,0.1));
#10396=CARTESIAN_POINT('',(6.16038688215538,-3.18413970596957,0.1));
#10397=CARTESIAN_POINT('Origin',(6.06635669371763,-3.21817386032017,0.1));
#10398=CARTESIAN_POINT('',(5.68832624857675,-1.87992189370391,0.1));
#10399=CARTESIAN_POINT('',(5.90968178076608,-1.49129473649878,0.1));
#10400=CARTESIAN_POINT('',(6.41517744757947,1.01660506024043,0.1));
#10401=CARTESIAN_POINT('Origin',(5.245331454453,0.22186489228362,0.1));
#10402=CARTESIAN_POINT('',(6.59064041203133,0.758326123070552,0.1));
#10403=CARTESIAN_POINT('',(3.87329838775758,1.01660506024043,0.1));
#10404=CARTESIAN_POINT('',(4.08568755274434,1.3292388286858,0.1));
#10405=CARTESIAN_POINT('Origin',(5.04314438088405,0.22186489228362,0.1));
#10406=CARTESIAN_POINT('',(4.01150682044712,-0.830177715075863,0.1));
#10407=CARTESIAN_POINT('Origin',(6.06635669371763,-3.21817386032017,0.));
#10408=CARTESIAN_POINT('',(6.03428125605445,-3.31289010126498,0.74));
#10409=CARTESIAN_POINT('',(6.16038688215538,-3.18413970596957,0.));
#10410=CARTESIAN_POINT('Origin',(6.16038688215538,-3.18413970596957,0.));
#10411=CARTESIAN_POINT('Origin',(5.71258445749077,-1.84606991839434,0.));
#10412=CARTESIAN_POINT('Origin',(5.245331454453,0.22186489228362,0.));
#10413=CARTESIAN_POINT('',(6.41517744757947,1.01660506024043,0.));
#10414=CARTESIAN_POINT('Origin',(6.41517744757947,1.01660506024043,0.));
#10415=CARTESIAN_POINT('Origin',(4.64900264663482,2.15843047147093,0.));
#10416=CARTESIAN_POINT('',(3.87329838775758,1.01660506024043,0.));
#10417=CARTESIAN_POINT('Origin',(5.04314438088405,0.22186489228362,0.));
#10418=CARTESIAN_POINT('Origin',(3.84131690959859,-0.523835875548502,0.));
#10419=CARTESIAN_POINT('Origin',(4.58250583867188,-1.9286683658628,0.));
#10420=CARTESIAN_POINT('',(4.12808895318167,-3.18413970596957,0.));
#10421=CARTESIAN_POINT('Origin',(4.22211914161942,-3.21817386032017,0.));
#10422=CARTESIAN_POINT('',(4.25419457928259,-3.31289010126498,0.));
#10423=CARTESIAN_POINT('Origin',(4.25419457928259,-3.31289010126498,0.));
#10424=CARTESIAN_POINT('',(5.04801160467902,-3.0440657870811,0.));
#10425=CARTESIAN_POINT('Origin',(5.14423791766852,-3.32821450991555,0.));
#10426=CARTESIAN_POINT('',(5.24046423065803,-3.0440657870811,0.));
#10427=CARTESIAN_POINT('Origin',(5.24046423065803,-3.0440657870811,0.));
#10428=CARTESIAN_POINT('Origin',(4.28627001694576,-3.4076063422098,0.));
#10429=CARTESIAN_POINT('',(4.28627001694576,-3.4076063422098,0.));
#10430=CARTESIAN_POINT('Origin',(4.22211914161942,-3.21817386032017,0.));
#10431=CARTESIAN_POINT('',(4.03405876474391,-3.15010555161898,0.));
#10432=CARTESIAN_POINT('Origin',(4.48847565023412,-1.8946342115122,0.));
#10433=CARTESIAN_POINT('',(4.48847565023412,-1.8946342115122,0.));
#10434=CARTESIAN_POINT('Origin',(3.75390118198644,-0.572400168666365,0.));
#10435=CARTESIAN_POINT('',(3.75390118198644,-0.572400168666365,0.));
#10436=CARTESIAN_POINT('Origin',(5.04314438088405,0.22186489228362,0.));
#10437=CARTESIAN_POINT('',(3.79058091885376,1.07279954696418,0.));
#10438=CARTESIAN_POINT('Origin',(4.566285177731,2.21462495819468,0.));
#10439=CARTESIAN_POINT('',(4.566285177731,2.21462495819468,0.));
#10440=CARTESIAN_POINT('Origin',(5.72219065760605,2.21462495819468,0.));
#10441=CARTESIAN_POINT('',(5.11134363527504,-0.913846286306748,0.74));
#10442=CARTESIAN_POINT('',(0.,0.,0.));
#10443=UNCERTAINTY_MEASURE_WITH_UNIT(LENGTH_MEASURE(0.000393700787401575),
#10452,'DISTANCE_ACCURACY_VALUE',
'Maximum model space distance between geometric entities at asserted c
onnectivities');
#10444=UNCERTAINTY_MEASURE_WITH_UNIT(LENGTH_MEASURE(0.000393700787401575),
#10452,'DISTANCE_ACCURACY_VALUE',
'Maximum model space distance between geometric entities at asserted c
onnectivities');
#10445=UNCERTAINTY_MEASURE_WITH_UNIT(LENGTH_MEASURE(0.000393700787401575),
#10452,'DISTANCE_ACCURACY_VALUE',
'Maximum model space distance between geometric entities at asserted c
onnectivities');
#10446=UNCERTAINTY_MEASURE_WITH_UNIT(LENGTH_MEASURE(0.000393700787401575),
#10452,'DISTANCE_ACCURACY_VALUE',
'Maximum model space distance between geometric entities at asserted c
onnectivities');
#10447=(
GEOMETRIC_REPRESENTATION_CONTEXT(3)
GLOBAL_UNCERTAINTY_ASSIGNED_CONTEXT((#10443))
GLOBAL_UNIT_ASSIGNED_CONTEXT((#10452,#10456,#10457))
REPRESENTATION_CONTEXT('','3D')
);
#10448=(
GEOMETRIC_REPRESENTATION_CONTEXT(3)
GLOBAL_UNCERTAINTY_ASSIGNED_CONTEXT((#10444))
GLOBAL_UNIT_ASSIGNED_CONTEXT((#10452,#10456,#10457))
REPRESENTATION_CONTEXT('','3D')
);
#10449=(
GEOMETRIC_REPRESENTATION_CONTEXT(3)
GLOBAL_UNCERTAINTY_ASSIGNED_CONTEXT((#10445))
GLOBAL_UNIT_ASSIGNED_CONTEXT((#10452,#10456,#10457))
REPRESENTATION_CONTEXT('','3D')
);
#10450=(
GEOMETRIC_REPRESENTATION_CONTEXT(3)
GLOBAL_UNCERTAINTY_ASSIGNED_CONTEXT((#10446))
GLOBAL_UNIT_ASSIGNED_CONTEXT((#10452,#10456,#10457))
REPRESENTATION_CONTEXT('','3D')
);
#10451=DIMENSIONAL_EXPONENTS(1.,0.,0.,0.,0.,0.,0.);
#10452=(
CONVERSION_BASED_UNIT('inch',#10455)
LENGTH_UNIT()
NAMED_UNIT(#10451)
);
#10453=(
LENGTH_UNIT()
NAMED_UNIT(*)
SI_UNIT(.MILLI.,.METRE.)
);
#10454=(
LENGTH_UNIT()
NAMED_UNIT(*)
SI_UNIT($,.METRE.)
);
#10455=LENGTH_MEASURE_WITH_UNIT(LENGTH_MEASURE(25.4),#10453);
#10456=(
NAMED_UNIT(*)
PLANE_ANGLE_UNIT()
SI_UNIT($,.RADIAN.)
);
#10457=(
NAMED_UNIT(*)
SI_UNIT($,.STERADIAN.)
SOLID_ANGLE_UNIT()
);
#10458=SHAPE_DEFINITION_REPRESENTATION(#10461,#10466);
#10459=SHAPE_DEFINITION_REPRESENTATION(#10462,#10467);
#10460=SHAPE_DEFINITION_REPRESENTATION(#10463,#10468);
#10461=PRODUCT_DEFINITION_SHAPE('',$,#10470);
#10462=PRODUCT_DEFINITION_SHAPE('',$,#10471);
#10463=PRODUCT_DEFINITION_SHAPE('',$,#10472);
#10464=PRODUCT_DEFINITION_SHAPE($,$,#17);
#10465=PRODUCT_DEFINITION_SHAPE($,$,#18);
#10466=SHAPE_REPRESENTATION('',(#5257,#5740,#5741),#10447);
#10467=SHAPE_REPRESENTATION('',(#5258),#10448);
#10468=SHAPE_REPRESENTATION('',(#5580),#10449);
#10469=PRODUCT_DEFINITION_CONTEXT('part definition',#10480,'design');
#10470=PRODUCT_DEFINITION('2026-06-03-17-19-25-643',
'Koi case only assembly',#10473,#10469);
#10471=PRODUCT_DEFINITION('2026-06-02-16-42-48-026','koi case top',#10474,
#10469);
#10472=PRODUCT_DEFINITION('2026-06-02-16-10-59-230','koi case bottom',#10475,
#10469);
#10473=PRODUCT_DEFINITION_FORMATION('',$,#10482);
#10474=PRODUCT_DEFINITION_FORMATION('',$,#10483);
#10475=PRODUCT_DEFINITION_FORMATION('',$,#10484);
#10476=PRODUCT_RELATED_PRODUCT_CATEGORY('Koi case only assembly',
'Koi case only assembly',(#10482));
#10477=PRODUCT_RELATED_PRODUCT_CATEGORY('koi case top','koi case top',(#10483));
#10478=PRODUCT_RELATED_PRODUCT_CATEGORY('koi case bottom',
'koi case bottom',(#10484));
#10479=APPLICATION_PROTOCOL_DEFINITION('international standard',
'automotive_design',2009,#10480);
#10480=APPLICATION_CONTEXT(
'Core Data for Automotive Mechanical Design Process');
#10481=PRODUCT_CONTEXT('part definition',#10480,'mechanical');
#10482=PRODUCT('2026-06-03-17-19-25-643','Koi case only assembly',$,(#10481));
#10483=PRODUCT('2026-06-02-16-42-48-026','koi case top',$,(#10481));
#10484=PRODUCT('2026-06-02-16-10-59-230','koi case bottom',$,(#10481));
#10485=PRESENTATION_STYLE_ASSIGNMENT((#10490));
#10486=PRESENTATION_STYLE_ASSIGNMENT((#10491));
#10487=PRESENTATION_STYLE_ASSIGNMENT((#10492));
#10488=PRESENTATION_STYLE_ASSIGNMENT((#10493));
#10489=PRESENTATION_STYLE_ASSIGNMENT((#10494));
#10490=SURFACE_STYLE_USAGE(.BOTH.,#10495);
#10491=SURFACE_STYLE_USAGE(.BOTH.,#10496);
#10492=SURFACE_STYLE_USAGE(.BOTH.,#10497);
#10493=SURFACE_STYLE_USAGE(.BOTH.,#10498);
#10494=SURFACE_STYLE_USAGE(.BOTH.,#10499);
#10495=SURFACE_SIDE_STYLE('',(#10500));
#10496=SURFACE_SIDE_STYLE('',(#10501));
#10497=SURFACE_SIDE_STYLE('',(#10502));
#10498=SURFACE_SIDE_STYLE('',(#10503));
#10499=SURFACE_SIDE_STYLE('',(#10504));
#10500=SURFACE_STYLE_FILL_AREA(#10505);
#10501=SURFACE_STYLE_FILL_AREA(#10506);
#10502=SURFACE_STYLE_FILL_AREA(#10507);
#10503=SURFACE_STYLE_FILL_AREA(#10508);
#10504=SURFACE_STYLE_FILL_AREA(#10509);
#10505=FILL_AREA_STYLE('Steel - Satin',(#10510));
#10506=FILL_AREA_STYLE('Plastic-seagreen',(#10511));
#10507=FILL_AREA_STYLE('Plastic-salmon',(#10512));
#10508=FILL_AREA_STYLE('Plastic - coral',(#10513));
#10509=FILL_AREA_STYLE('Plastic-seagreen',(#10514));
#10510=FILL_AREA_STYLE_COLOUR('Steel - Satin',#10515);
#10511=FILL_AREA_STYLE_COLOUR('Plastic-seagreen',#10516);
#10512=FILL_AREA_STYLE_COLOUR('Plastic-salmon',#10517);
#10513=FILL_AREA_STYLE_COLOUR('Plastic - coral',#10518);
#10514=FILL_AREA_STYLE_COLOUR('Plastic-seagreen',#10519);
#10515=COLOUR_RGB('Steel - Satin',0.627450980392157,0.627450980392157,0.627450980392157);
#10516=COLOUR_RGB('Plastic-seagreen',0.627450980392157,0.870588235294118,
1.);
#10517=COLOUR_RGB('Plastic-salmon',1.,0.815686274509804,0.803921568627451);
#10518=COLOUR_RGB('Plastic - coral',1.,0.627450980392157,0.6);
#10519=COLOUR_RGB('Plastic-seagreen',0.627450980392157,0.870588235294118,
1.);
ENDSEC;
END-ISO-10303-21;
