ISO-10303-21;
HEADER;
/* Generated by software containing ST-Developer
 * from STEP Tools, Inc. (www.steptools.com) 
 */

FILE_DESCRIPTION(
/* description */ (''),
/* implementation_level */ '2;1');

FILE_NAME(
/* name */ 'MP3 CAD PCB.step',
/* time_stamp */ '2026-06-03T17:52:14-04:00',
/* author */ (''),
/* organization */ (''),
/* preprocessor_version */ 'ST-DEVELOPER v20.1',
/* originating_system */ 'Autodesk Translation Framework v15.8.0.0',
/* authorisation */ '');

FILE_SCHEMA (('AUTOMOTIVE_DESIGN { 1 0 10303 214 3 1 1 }'));
ENDSEC;

DATA;
#10=MECHANICAL_DESIGN_GEOMETRIC_PRESENTATION_REPRESENTATION('',(#13),#4097);
#11=SHAPE_REPRESENTATION_RELATIONSHIP('SRR','None',#4104,#12);
#12=ADVANCED_BREP_SHAPE_REPRESENTATION('',(#14),#4096);
#13=STYLED_ITEM('',(#4114),#14);
#14=MANIFOLD_SOLID_BREP('Body1',#2409);
#15=FACE_BOUND('',#298,.T.);
#16=FACE_BOUND('',#299,.T.);
#17=FACE_BOUND('',#300,.T.);
#18=FACE_BOUND('',#301,.T.);
#19=FACE_BOUND('',#302,.T.);
#20=FACE_BOUND('',#303,.T.);
#21=FACE_BOUND('',#304,.T.);
#22=FACE_BOUND('',#305,.T.);
#23=FACE_BOUND('',#306,.T.);
#24=FACE_BOUND('',#307,.T.);
#25=FACE_BOUND('',#308,.T.);
#26=FACE_BOUND('',#309,.T.);
#27=FACE_BOUND('',#310,.T.);
#28=FACE_BOUND('',#311,.T.);
#29=FACE_BOUND('',#312,.T.);
#30=FACE_BOUND('',#313,.T.);
#31=FACE_BOUND('',#314,.T.);
#32=FACE_BOUND('',#315,.T.);
#33=FACE_BOUND('',#316,.T.);
#34=FACE_BOUND('',#317,.T.);
#35=FACE_BOUND('',#318,.T.);
#36=FACE_BOUND('',#319,.T.);
#37=FACE_BOUND('',#320,.T.);
#38=FACE_BOUND('',#321,.T.);
#39=FACE_BOUND('',#322,.T.);
#40=FACE_BOUND('',#323,.T.);
#41=FACE_BOUND('',#324,.T.);
#42=FACE_BOUND('',#325,.T.);
#43=FACE_BOUND('',#326,.T.);
#44=FACE_BOUND('',#327,.T.);
#45=FACE_BOUND('',#328,.T.);
#46=FACE_BOUND('',#329,.T.);
#47=FACE_BOUND('',#330,.T.);
#48=FACE_BOUND('',#331,.T.);
#49=FACE_BOUND('',#332,.T.);
#50=FACE_BOUND('',#333,.T.);
#51=FACE_BOUND('',#334,.T.);
#52=FACE_BOUND('',#335,.T.);
#53=FACE_BOUND('',#336,.T.);
#54=FACE_BOUND('',#337,.T.);
#55=FACE_BOUND('',#338,.T.);
#56=FACE_BOUND('',#339,.T.);
#57=FACE_BOUND('',#340,.T.);
#58=FACE_BOUND('',#341,.T.);
#59=FACE_BOUND('',#342,.T.);
#60=FACE_BOUND('',#343,.T.);
#61=FACE_BOUND('',#344,.T.);
#62=FACE_BOUND('',#345,.T.);
#63=FACE_BOUND('',#346,.T.);
#64=FACE_BOUND('',#347,.T.);
#65=FACE_BOUND('',#348,.T.);
#66=FACE_BOUND('',#349,.T.);
#67=FACE_BOUND('',#350,.T.);
#68=FACE_BOUND('',#351,.T.);
#69=FACE_BOUND('',#352,.T.);
#70=FACE_BOUND('',#353,.T.);
#71=FACE_BOUND('',#354,.T.);
#72=FACE_BOUND('',#355,.T.);
#73=FACE_BOUND('',#356,.T.);
#74=FACE_BOUND('',#357,.T.);
#75=FACE_BOUND('',#358,.T.);
#76=FACE_BOUND('',#359,.T.);
#77=FACE_BOUND('',#360,.T.);
#78=FACE_BOUND('',#361,.T.);
#79=FACE_BOUND('',#362,.T.);
#80=FACE_BOUND('',#363,.T.);
#81=FACE_BOUND('',#364,.T.);
#82=FACE_BOUND('',#365,.T.);
#83=FACE_BOUND('',#366,.T.);
#84=FACE_BOUND('',#367,.T.);
#85=FACE_BOUND('',#368,.T.);
#86=FACE_BOUND('',#369,.T.);
#87=FACE_BOUND('',#370,.T.);
#88=FACE_BOUND('',#371,.T.);
#89=FACE_BOUND('',#372,.T.);
#90=FACE_BOUND('',#374,.T.);
#91=FACE_BOUND('',#375,.T.);
#92=FACE_BOUND('',#376,.T.);
#93=FACE_BOUND('',#377,.T.);
#94=FACE_BOUND('',#378,.T.);
#95=FACE_BOUND('',#379,.T.);
#96=FACE_BOUND('',#380,.T.);
#97=FACE_BOUND('',#381,.T.);
#98=FACE_BOUND('',#382,.T.);
#99=FACE_BOUND('',#383,.T.);
#100=FACE_BOUND('',#384,.T.);
#101=FACE_BOUND('',#385,.T.);
#102=FACE_BOUND('',#386,.T.);
#103=FACE_BOUND('',#387,.T.);
#104=FACE_BOUND('',#388,.T.);
#105=FACE_BOUND('',#389,.T.);
#106=FACE_BOUND('',#390,.T.);
#107=FACE_BOUND('',#391,.T.);
#108=FACE_BOUND('',#392,.T.);
#109=FACE_BOUND('',#393,.T.);
#110=FACE_BOUND('',#394,.T.);
#111=FACE_BOUND('',#395,.T.);
#112=FACE_BOUND('',#396,.T.);
#113=FACE_BOUND('',#397,.T.);
#114=FACE_BOUND('',#398,.T.);
#115=FACE_BOUND('',#399,.T.);
#116=FACE_BOUND('',#400,.T.);
#117=FACE_BOUND('',#401,.T.);
#118=FACE_BOUND('',#402,.T.);
#119=FACE_BOUND('',#403,.T.);
#120=FACE_BOUND('',#404,.T.);
#121=FACE_BOUND('',#405,.T.);
#122=FACE_BOUND('',#406,.T.);
#123=FACE_BOUND('',#407,.T.);
#124=FACE_BOUND('',#408,.T.);
#125=FACE_BOUND('',#409,.T.);
#126=FACE_BOUND('',#410,.T.);
#127=FACE_BOUND('',#411,.T.);
#128=FACE_BOUND('',#412,.T.);
#129=FACE_BOUND('',#413,.T.);
#130=FACE_BOUND('',#414,.T.);
#131=FACE_BOUND('',#415,.T.);
#132=FACE_BOUND('',#416,.T.);
#133=FACE_BOUND('',#417,.T.);
#134=FACE_BOUND('',#418,.T.);
#135=FACE_BOUND('',#419,.T.);
#136=FACE_BOUND('',#420,.T.);
#137=FACE_BOUND('',#421,.T.);
#138=FACE_BOUND('',#422,.T.);
#139=FACE_BOUND('',#423,.T.);
#140=FACE_BOUND('',#424,.T.);
#141=FACE_BOUND('',#425,.T.);
#142=FACE_BOUND('',#426,.T.);
#143=FACE_BOUND('',#427,.T.);
#144=FACE_BOUND('',#428,.T.);
#145=FACE_BOUND('',#429,.T.);
#146=FACE_BOUND('',#430,.T.);
#147=FACE_BOUND('',#431,.T.);
#148=FACE_BOUND('',#432,.T.);
#149=FACE_BOUND('',#433,.T.);
#150=FACE_BOUND('',#434,.T.);
#151=FACE_BOUND('',#435,.T.);
#152=FACE_BOUND('',#436,.T.);
#153=FACE_BOUND('',#437,.T.);
#154=FACE_BOUND('',#438,.T.);
#155=FACE_BOUND('',#439,.T.);
#156=FACE_BOUND('',#440,.T.);
#157=FACE_BOUND('',#441,.T.);
#158=FACE_BOUND('',#442,.T.);
#159=FACE_BOUND('',#443,.T.);
#160=FACE_BOUND('',#444,.T.);
#161=FACE_BOUND('',#445,.T.);
#162=FACE_BOUND('',#446,.T.);
#163=FACE_BOUND('',#447,.T.);
#164=FACE_BOUND('',#448,.T.);
#165=PLANE('',#2426);
#166=PLANE('',#2427);
#167=PLANE('',#2428);
#168=PLANE('',#2519);
#169=PLANE('',#2612);
#170=PLANE('',#2613);
#171=PLANE('',#2616);
#172=PLANE('',#2617);
#173=PLANE('',#2620);
#174=PLANE('',#2621);
#175=PLANE('',#2624);
#176=PLANE('',#2627);
#177=PLANE('',#2630);
#178=PLANE('',#2691);
#179=PLANE('',#2693);
#180=PLANE('',#2697);
#181=PLANE('',#2699);
#182=PLANE('',#2711);
#183=PLANE('',#2713);
#184=FACE_OUTER_BOUND('',#294,.T.);
#185=FACE_OUTER_BOUND('',#295,.T.);
#186=FACE_OUTER_BOUND('',#296,.T.);
#187=FACE_OUTER_BOUND('',#297,.T.);
#188=FACE_OUTER_BOUND('',#373,.T.);
#189=FACE_OUTER_BOUND('',#449,.T.);
#190=FACE_OUTER_BOUND('',#450,.T.);
#191=FACE_OUTER_BOUND('',#451,.T.);
#192=FACE_OUTER_BOUND('',#452,.T.);
#193=FACE_OUTER_BOUND('',#453,.T.);
#194=FACE_OUTER_BOUND('',#454,.T.);
#195=FACE_OUTER_BOUND('',#455,.T.);
#196=FACE_OUTER_BOUND('',#456,.T.);
#197=FACE_OUTER_BOUND('',#457,.T.);
#198=FACE_OUTER_BOUND('',#458,.T.);
#199=FACE_OUTER_BOUND('',#459,.T.);
#200=FACE_OUTER_BOUND('',#460,.T.);
#201=FACE_OUTER_BOUND('',#461,.T.);
#202=FACE_OUTER_BOUND('',#462,.T.);
#203=FACE_OUTER_BOUND('',#463,.T.);
#204=FACE_OUTER_BOUND('',#464,.T.);
#205=FACE_OUTER_BOUND('',#465,.T.);
#206=FACE_OUTER_BOUND('',#466,.T.);
#207=FACE_OUTER_BOUND('',#467,.T.);
#208=FACE_OUTER_BOUND('',#468,.T.);
#209=FACE_OUTER_BOUND('',#469,.T.);
#210=FACE_OUTER_BOUND('',#470,.T.);
#211=FACE_OUTER_BOUND('',#471,.T.);
#212=FACE_OUTER_BOUND('',#472,.T.);
#213=FACE_OUTER_BOUND('',#473,.T.);
#214=FACE_OUTER_BOUND('',#474,.T.);
#215=FACE_OUTER_BOUND('',#475,.T.);
#216=FACE_OUTER_BOUND('',#476,.T.);
#217=FACE_OUTER_BOUND('',#477,.T.);
#218=FACE_OUTER_BOUND('',#478,.T.);
#219=FACE_OUTER_BOUND('',#479,.T.);
#220=FACE_OUTER_BOUND('',#480,.T.);
#221=FACE_OUTER_BOUND('',#481,.T.);
#222=FACE_OUTER_BOUND('',#482,.T.);
#223=FACE_OUTER_BOUND('',#483,.T.);
#224=FACE_OUTER_BOUND('',#484,.T.);
#225=FACE_OUTER_BOUND('',#485,.T.);
#226=FACE_OUTER_BOUND('',#486,.T.);
#227=FACE_OUTER_BOUND('',#487,.T.);
#228=FACE_OUTER_BOUND('',#488,.T.);
#229=FACE_OUTER_BOUND('',#489,.T.);
#230=FACE_OUTER_BOUND('',#490,.T.);
#231=FACE_OUTER_BOUND('',#491,.T.);
#232=FACE_OUTER_BOUND('',#492,.T.);
#233=FACE_OUTER_BOUND('',#493,.T.);
#234=FACE_OUTER_BOUND('',#494,.T.);
#235=FACE_OUTER_BOUND('',#495,.T.);
#236=FACE_OUTER_BOUND('',#496,.T.);
#237=FACE_OUTER_BOUND('',#497,.T.);
#238=FACE_OUTER_BOUND('',#498,.T.);
#239=FACE_OUTER_BOUND('',#499,.T.);
#240=FACE_OUTER_BOUND('',#500,.T.);
#241=FACE_OUTER_BOUND('',#501,.T.);
#242=FACE_OUTER_BOUND('',#502,.T.);
#243=FACE_OUTER_BOUND('',#503,.T.);
#244=FACE_OUTER_BOUND('',#504,.T.);
#245=FACE_OUTER_BOUND('',#505,.T.);
#246=FACE_OUTER_BOUND('',#506,.T.);
#247=FACE_OUTER_BOUND('',#507,.T.);
#248=FACE_OUTER_BOUND('',#508,.T.);
#249=FACE_OUTER_BOUND('',#509,.T.);
#250=FACE_OUTER_BOUND('',#510,.T.);
#251=FACE_OUTER_BOUND('',#511,.T.);
#252=FACE_OUTER_BOUND('',#512,.T.);
#253=FACE_OUTER_BOUND('',#513,.T.);
#254=FACE_OUTER_BOUND('',#514,.T.);
#255=FACE_OUTER_BOUND('',#515,.T.);
#256=FACE_OUTER_BOUND('',#516,.T.);
#257=FACE_OUTER_BOUND('',#517,.T.);
#258=FACE_OUTER_BOUND('',#518,.T.);
#259=FACE_OUTER_BOUND('',#519,.T.);
#260=FACE_OUTER_BOUND('',#520,.T.);
#261=FACE_OUTER_BOUND('',#521,.T.);
#262=FACE_OUTER_BOUND('',#522,.T.);
#263=FACE_OUTER_BOUND('',#523,.T.);
#264=FACE_OUTER_BOUND('',#524,.T.);
#265=FACE_OUTER_BOUND('',#525,.T.);
#266=FACE_OUTER_BOUND('',#526,.T.);
#267=FACE_OUTER_BOUND('',#527,.T.);
#268=FACE_OUTER_BOUND('',#528,.T.);
#269=FACE_OUTER_BOUND('',#529,.T.);
#270=FACE_OUTER_BOUND('',#530,.T.);
#271=FACE_OUTER_BOUND('',#531,.T.);
#272=FACE_OUTER_BOUND('',#532,.T.);
#273=FACE_OUTER_BOUND('',#533,.T.);
#274=FACE_OUTER_BOUND('',#534,.T.);
#275=FACE_OUTER_BOUND('',#535,.T.);
#276=FACE_OUTER_BOUND('',#536,.T.);
#277=FACE_OUTER_BOUND('',#537,.T.);
#278=FACE_OUTER_BOUND('',#538,.T.);
#279=FACE_OUTER_BOUND('',#539,.T.);
#280=FACE_OUTER_BOUND('',#540,.T.);
#281=FACE_OUTER_BOUND('',#541,.T.);
#282=FACE_OUTER_BOUND('',#542,.T.);
#283=FACE_OUTER_BOUND('',#543,.T.);
#284=FACE_OUTER_BOUND('',#544,.T.);
#285=FACE_OUTER_BOUND('',#545,.T.);
#286=FACE_OUTER_BOUND('',#546,.T.);
#287=FACE_OUTER_BOUND('',#547,.T.);
#288=FACE_OUTER_BOUND('',#548,.T.);
#289=FACE_OUTER_BOUND('',#549,.T.);
#290=FACE_OUTER_BOUND('',#550,.T.);
#291=FACE_OUTER_BOUND('',#551,.T.);
#292=FACE_OUTER_BOUND('',#552,.T.);
#293=FACE_OUTER_BOUND('',#553,.T.);
#294=EDGE_LOOP('',(#1560,#1561,#1562,#1563));
#295=EDGE_LOOP('',(#1564,#1565,#1566,#1567));
#296=EDGE_LOOP('',(#1568,#1569,#1570,#1571));
#297=EDGE_LOOP('',(#1572,#1573,#1574,#1575,#1576,#1577,#1578,#1579,#1580,
#1581,#1582,#1583,#1584,#1585,#1586,#1587,#1588,#1589,#1590,#1591,#1592,
#1593,#1594,#1595));
#298=EDGE_LOOP('',(#1596));
#299=EDGE_LOOP('',(#1597));
#300=EDGE_LOOP('',(#1598));
#301=EDGE_LOOP('',(#1599));
#302=EDGE_LOOP('',(#1600));
#303=EDGE_LOOP('',(#1601));
#304=EDGE_LOOP('',(#1602));
#305=EDGE_LOOP('',(#1603));
#306=EDGE_LOOP('',(#1604));
#307=EDGE_LOOP('',(#1605));
#308=EDGE_LOOP('',(#1606));
#309=EDGE_LOOP('',(#1607));
#310=EDGE_LOOP('',(#1608));
#311=EDGE_LOOP('',(#1609));
#312=EDGE_LOOP('',(#1610));
#313=EDGE_LOOP('',(#1611));
#314=EDGE_LOOP('',(#1612));
#315=EDGE_LOOP('',(#1613));
#316=EDGE_LOOP('',(#1614));
#317=EDGE_LOOP('',(#1615));
#318=EDGE_LOOP('',(#1616));
#319=EDGE_LOOP('',(#1617));
#320=EDGE_LOOP('',(#1618));
#321=EDGE_LOOP('',(#1619));
#322=EDGE_LOOP('',(#1620));
#323=EDGE_LOOP('',(#1621));
#324=EDGE_LOOP('',(#1622));
#325=EDGE_LOOP('',(#1623));
#326=EDGE_LOOP('',(#1624));
#327=EDGE_LOOP('',(#1625));
#328=EDGE_LOOP('',(#1626));
#329=EDGE_LOOP('',(#1627));
#330=EDGE_LOOP('',(#1628));
#331=EDGE_LOOP('',(#1629));
#332=EDGE_LOOP('',(#1630));
#333=EDGE_LOOP('',(#1631));
#334=EDGE_LOOP('',(#1632));
#335=EDGE_LOOP('',(#1633));
#336=EDGE_LOOP('',(#1634));
#337=EDGE_LOOP('',(#1635));
#338=EDGE_LOOP('',(#1636));
#339=EDGE_LOOP('',(#1637));
#340=EDGE_LOOP('',(#1638));
#341=EDGE_LOOP('',(#1639));
#342=EDGE_LOOP('',(#1640));
#343=EDGE_LOOP('',(#1641));
#344=EDGE_LOOP('',(#1642));
#345=EDGE_LOOP('',(#1643));
#346=EDGE_LOOP('',(#1644));
#347=EDGE_LOOP('',(#1645));
#348=EDGE_LOOP('',(#1646));
#349=EDGE_LOOP('',(#1647));
#350=EDGE_LOOP('',(#1648));
#351=EDGE_LOOP('',(#1649));
#352=EDGE_LOOP('',(#1650));
#353=EDGE_LOOP('',(#1651));
#354=EDGE_LOOP('',(#1652));
#355=EDGE_LOOP('',(#1653));
#356=EDGE_LOOP('',(#1654));
#357=EDGE_LOOP('',(#1655,#1656,#1657,#1658));
#358=EDGE_LOOP('',(#1659));
#359=EDGE_LOOP('',(#1660));
#360=EDGE_LOOP('',(#1661,#1662,#1663,#1664));
#361=EDGE_LOOP('',(#1665));
#362=EDGE_LOOP('',(#1666));
#363=EDGE_LOOP('',(#1667));
#364=EDGE_LOOP('',(#1668));
#365=EDGE_LOOP('',(#1669));
#366=EDGE_LOOP('',(#1670));
#367=EDGE_LOOP('',(#1671));
#368=EDGE_LOOP('',(#1672));
#369=EDGE_LOOP('',(#1673));
#370=EDGE_LOOP('',(#1674));
#371=EDGE_LOOP('',(#1675,#1676,#1677,#1678));
#372=EDGE_LOOP('',(#1679));
#373=EDGE_LOOP('',(#1680,#1681,#1682,#1683,#1684,#1685,#1686,#1687,#1688,
#1689,#1690,#1691,#1692,#1693,#1694,#1695,#1696,#1697,#1698,#1699,#1700,
#1701,#1702,#1703));
#374=EDGE_LOOP('',(#1704));
#375=EDGE_LOOP('',(#1705));
#376=EDGE_LOOP('',(#1706));
#377=EDGE_LOOP('',(#1707));
#378=EDGE_LOOP('',(#1708));
#379=EDGE_LOOP('',(#1709));
#380=EDGE_LOOP('',(#1710));
#381=EDGE_LOOP('',(#1711));
#382=EDGE_LOOP('',(#1712));
#383=EDGE_LOOP('',(#1713));
#384=EDGE_LOOP('',(#1714));
#385=EDGE_LOOP('',(#1715));
#386=EDGE_LOOP('',(#1716));
#387=EDGE_LOOP('',(#1717));
#388=EDGE_LOOP('',(#1718));
#389=EDGE_LOOP('',(#1719));
#390=EDGE_LOOP('',(#1720));
#391=EDGE_LOOP('',(#1721));
#392=EDGE_LOOP('',(#1722));
#393=EDGE_LOOP('',(#1723));
#394=EDGE_LOOP('',(#1724));
#395=EDGE_LOOP('',(#1725));
#396=EDGE_LOOP('',(#1726));
#397=EDGE_LOOP('',(#1727));
#398=EDGE_LOOP('',(#1728));
#399=EDGE_LOOP('',(#1729));
#400=EDGE_LOOP('',(#1730));
#401=EDGE_LOOP('',(#1731));
#402=EDGE_LOOP('',(#1732));
#403=EDGE_LOOP('',(#1733));
#404=EDGE_LOOP('',(#1734));
#405=EDGE_LOOP('',(#1735));
#406=EDGE_LOOP('',(#1736));
#407=EDGE_LOOP('',(#1737));
#408=EDGE_LOOP('',(#1738));
#409=EDGE_LOOP('',(#1739));
#410=EDGE_LOOP('',(#1740));
#411=EDGE_LOOP('',(#1741));
#412=EDGE_LOOP('',(#1742));
#413=EDGE_LOOP('',(#1743));
#414=EDGE_LOOP('',(#1744));
#415=EDGE_LOOP('',(#1745));
#416=EDGE_LOOP('',(#1746));
#417=EDGE_LOOP('',(#1747));
#418=EDGE_LOOP('',(#1748));
#419=EDGE_LOOP('',(#1749));
#420=EDGE_LOOP('',(#1750));
#421=EDGE_LOOP('',(#1751));
#422=EDGE_LOOP('',(#1752));
#423=EDGE_LOOP('',(#1753));
#424=EDGE_LOOP('',(#1754));
#425=EDGE_LOOP('',(#1755));
#426=EDGE_LOOP('',(#1756));
#427=EDGE_LOOP('',(#1757));
#428=EDGE_LOOP('',(#1758));
#429=EDGE_LOOP('',(#1759));
#430=EDGE_LOOP('',(#1760));
#431=EDGE_LOOP('',(#1761));
#432=EDGE_LOOP('',(#1762));
#433=EDGE_LOOP('',(#1763,#1764,#1765,#1766));
#434=EDGE_LOOP('',(#1767));
#435=EDGE_LOOP('',(#1768));
#436=EDGE_LOOP('',(#1769,#1770,#1771,#1772));
#437=EDGE_LOOP('',(#1773));
#438=EDGE_LOOP('',(#1774));
#439=EDGE_LOOP('',(#1775));
#440=EDGE_LOOP('',(#1776));
#441=EDGE_LOOP('',(#1777));
#442=EDGE_LOOP('',(#1778));
#443=EDGE_LOOP('',(#1779));
#444=EDGE_LOOP('',(#1780));
#445=EDGE_LOOP('',(#1781));
#446=EDGE_LOOP('',(#1782));
#447=EDGE_LOOP('',(#1783,#1784,#1785,#1786));
#448=EDGE_LOOP('',(#1787));
#449=EDGE_LOOP('',(#1788,#1789,#1790,#1791));
#450=EDGE_LOOP('',(#1792,#1793,#1794,#1795));
#451=EDGE_LOOP('',(#1796,#1797,#1798,#1799));
#452=EDGE_LOOP('',(#1800,#1801,#1802,#1803));
#453=EDGE_LOOP('',(#1804,#1805,#1806,#1807));
#454=EDGE_LOOP('',(#1808,#1809,#1810,#1811));
#455=EDGE_LOOP('',(#1812,#1813,#1814,#1815));
#456=EDGE_LOOP('',(#1816,#1817,#1818,#1819));
#457=EDGE_LOOP('',(#1820,#1821,#1822,#1823));
#458=EDGE_LOOP('',(#1824,#1825,#1826,#1827));
#459=EDGE_LOOP('',(#1828,#1829,#1830,#1831));
#460=EDGE_LOOP('',(#1832,#1833,#1834,#1835));
#461=EDGE_LOOP('',(#1836,#1837,#1838,#1839));
#462=EDGE_LOOP('',(#1840,#1841,#1842,#1843));
#463=EDGE_LOOP('',(#1844,#1845,#1846,#1847));
#464=EDGE_LOOP('',(#1848,#1849,#1850,#1851));
#465=EDGE_LOOP('',(#1852,#1853,#1854,#1855));
#466=EDGE_LOOP('',(#1856,#1857,#1858,#1859));
#467=EDGE_LOOP('',(#1860,#1861,#1862,#1863));
#468=EDGE_LOOP('',(#1864,#1865,#1866,#1867));
#469=EDGE_LOOP('',(#1868,#1869,#1870,#1871));
#470=EDGE_LOOP('',(#1872,#1873,#1874,#1875));
#471=EDGE_LOOP('',(#1876,#1877,#1878,#1879));
#472=EDGE_LOOP('',(#1880,#1881,#1882,#1883));
#473=EDGE_LOOP('',(#1884,#1885,#1886,#1887));
#474=EDGE_LOOP('',(#1888,#1889,#1890,#1891));
#475=EDGE_LOOP('',(#1892,#1893,#1894,#1895));
#476=EDGE_LOOP('',(#1896,#1897,#1898,#1899));
#477=EDGE_LOOP('',(#1900,#1901,#1902,#1903));
#478=EDGE_LOOP('',(#1904,#1905,#1906,#1907));
#479=EDGE_LOOP('',(#1908,#1909,#1910,#1911));
#480=EDGE_LOOP('',(#1912,#1913,#1914,#1915));
#481=EDGE_LOOP('',(#1916,#1917,#1918,#1919));
#482=EDGE_LOOP('',(#1920,#1921,#1922,#1923));
#483=EDGE_LOOP('',(#1924,#1925,#1926,#1927));
#484=EDGE_LOOP('',(#1928,#1929,#1930,#1931));
#485=EDGE_LOOP('',(#1932,#1933,#1934,#1935));
#486=EDGE_LOOP('',(#1936,#1937,#1938,#1939));
#487=EDGE_LOOP('',(#1940,#1941,#1942,#1943));
#488=EDGE_LOOP('',(#1944,#1945,#1946,#1947));
#489=EDGE_LOOP('',(#1948,#1949,#1950,#1951));
#490=EDGE_LOOP('',(#1952,#1953,#1954,#1955));
#491=EDGE_LOOP('',(#1956,#1957,#1958,#1959));
#492=EDGE_LOOP('',(#1960,#1961,#1962,#1963));
#493=EDGE_LOOP('',(#1964,#1965,#1966,#1967));
#494=EDGE_LOOP('',(#1968,#1969,#1970,#1971));
#495=EDGE_LOOP('',(#1972,#1973,#1974,#1975));
#496=EDGE_LOOP('',(#1976,#1977,#1978,#1979));
#497=EDGE_LOOP('',(#1980,#1981,#1982,#1983));
#498=EDGE_LOOP('',(#1984,#1985,#1986,#1987));
#499=EDGE_LOOP('',(#1988,#1989,#1990,#1991));
#500=EDGE_LOOP('',(#1992,#1993,#1994,#1995));
#501=EDGE_LOOP('',(#1996,#1997,#1998,#1999));
#502=EDGE_LOOP('',(#2000,#2001,#2002,#2003));
#503=EDGE_LOOP('',(#2004,#2005,#2006,#2007));
#504=EDGE_LOOP('',(#2008,#2009,#2010,#2011));
#505=EDGE_LOOP('',(#2012,#2013,#2014,#2015));
#506=EDGE_LOOP('',(#2016,#2017,#2018,#2019));
#507=EDGE_LOOP('',(#2020,#2021,#2022,#2023));
#508=EDGE_LOOP('',(#2024,#2025,#2026,#2027));
#509=EDGE_LOOP('',(#2028,#2029,#2030,#2031));
#510=EDGE_LOOP('',(#2032,#2033,#2034,#2035));
#511=EDGE_LOOP('',(#2036,#2037,#2038,#2039));
#512=EDGE_LOOP('',(#2040,#2041,#2042,#2043));
#513=EDGE_LOOP('',(#2044,#2045,#2046,#2047));
#514=EDGE_LOOP('',(#2048,#2049,#2050,#2051));
#515=EDGE_LOOP('',(#2052,#2053,#2054,#2055));
#516=EDGE_LOOP('',(#2056,#2057,#2058,#2059));
#517=EDGE_LOOP('',(#2060,#2061,#2062,#2063));
#518=EDGE_LOOP('',(#2064,#2065,#2066,#2067));
#519=EDGE_LOOP('',(#2068,#2069,#2070,#2071));
#520=EDGE_LOOP('',(#2072,#2073,#2074,#2075));
#521=EDGE_LOOP('',(#2076,#2077,#2078,#2079));
#522=EDGE_LOOP('',(#2080,#2081,#2082,#2083));
#523=EDGE_LOOP('',(#2084,#2085,#2086,#2087));
#524=EDGE_LOOP('',(#2088,#2089,#2090,#2091));
#525=EDGE_LOOP('',(#2092,#2093,#2094,#2095));
#526=EDGE_LOOP('',(#2096,#2097,#2098,#2099));
#527=EDGE_LOOP('',(#2100,#2101,#2102,#2103));
#528=EDGE_LOOP('',(#2104,#2105,#2106,#2107));
#529=EDGE_LOOP('',(#2108,#2109,#2110,#2111));
#530=EDGE_LOOP('',(#2112,#2113,#2114,#2115));
#531=EDGE_LOOP('',(#2116,#2117,#2118,#2119));
#532=EDGE_LOOP('',(#2120,#2121,#2122,#2123));
#533=EDGE_LOOP('',(#2124,#2125,#2126,#2127));
#534=EDGE_LOOP('',(#2128,#2129,#2130,#2131));
#535=EDGE_LOOP('',(#2132,#2133,#2134,#2135));
#536=EDGE_LOOP('',(#2136,#2137,#2138,#2139));
#537=EDGE_LOOP('',(#2140,#2141,#2142,#2143));
#538=EDGE_LOOP('',(#2144,#2145,#2146,#2147));
#539=EDGE_LOOP('',(#2148,#2149,#2150,#2151));
#540=EDGE_LOOP('',(#2152,#2153,#2154,#2155));
#541=EDGE_LOOP('',(#2156,#2157,#2158,#2159));
#542=EDGE_LOOP('',(#2160,#2161,#2162,#2163));
#543=EDGE_LOOP('',(#2164,#2165,#2166,#2167));
#544=EDGE_LOOP('',(#2168,#2169,#2170,#2171));
#545=EDGE_LOOP('',(#2172,#2173,#2174,#2175));
#546=EDGE_LOOP('',(#2176,#2177,#2178,#2179));
#547=EDGE_LOOP('',(#2180,#2181,#2182,#2183));
#548=EDGE_LOOP('',(#2184,#2185,#2186,#2187));
#549=EDGE_LOOP('',(#2188,#2189,#2190,#2191));
#550=EDGE_LOOP('',(#2192,#2193,#2194,#2195));
#551=EDGE_LOOP('',(#2196,#2197,#2198,#2199));
#552=EDGE_LOOP('',(#2200,#2201,#2202,#2203));
#553=EDGE_LOOP('',(#2204,#2205,#2206,#2207));
#554=CIRCLE('',#2424,1.650999302616);
#555=CIRCLE('',#2425,1.650999302616);
#556=CIRCLE('',#2429,13.538225843063);
#557=CIRCLE('',#2430,13.207992415378);
#558=CIRCLE('',#2431,12.459161862475);
#559=CIRCLE('',#2432,1.651016168588);
#560=CIRCLE('',#2433,3.699112061403);
#561=CIRCLE('',#2434,6.151469552209);
#562=CIRCLE('',#2435,3.698931331364);
#563=CIRCLE('',#2436,1.65100077302);
#564=CIRCLE('',#2437,12.459166801643);
#565=CIRCLE('',#2438,13.207994991134);
#566=CIRCLE('',#2439,13.538480186269);
#567=CIRCLE('',#2440,1.650997595521);
#568=CIRCLE('',#2441,1.05);
#569=CIRCLE('',#2442,0.55);
#570=CIRCLE('',#2443,0.55);
#571=CIRCLE('',#2444,1.05);
#572=CIRCLE('',#2445,0.508);
#573=CIRCLE('',#2446,0.508);
#574=CIRCLE('',#2447,0.508);
#575=CIRCLE('',#2448,0.55);
#576=CIRCLE('',#2449,0.55);
#577=CIRCLE('',#2450,0.55);
#578=CIRCLE('',#2451,0.55);
#579=CIRCLE('',#2452,0.4);
#580=CIRCLE('',#2453,0.4);
#581=CIRCLE('',#2454,0.508);
#582=CIRCLE('',#2455,0.508);
#583=CIRCLE('',#2456,0.508);
#584=CIRCLE('',#2457,0.55);
#585=CIRCLE('',#2458,0.55);
#586=CIRCLE('',#2459,0.55);
#587=CIRCLE('',#2460,0.55);
#588=CIRCLE('',#2461,0.381);
#589=CIRCLE('',#2462,0.381);
#590=CIRCLE('',#2463,0.381);
#591=CIRCLE('',#2464,0.381);
#592=CIRCLE('',#2465,0.381);
#593=CIRCLE('',#2466,0.55);
#594=CIRCLE('',#2467,0.55);
#595=CIRCLE('',#2468,0.381);
#596=CIRCLE('',#2469,0.381);
#597=CIRCLE('',#2470,0.381);
#598=CIRCLE('',#2471,0.381);
#599=CIRCLE('',#2472,0.381);
#600=CIRCLE('',#2473,1.05);
#601=CIRCLE('',#2474,0.508);
#602=CIRCLE('',#2475,0.508);
#603=CIRCLE('',#2476,0.508);
#604=CIRCLE('',#2477,0.508);
#605=CIRCLE('',#2478,0.508);
#606=CIRCLE('',#2479,0.508);
#607=CIRCLE('',#2480,0.508);
#608=CIRCLE('',#2481,0.508);
#609=CIRCLE('',#2482,0.508);
#610=CIRCLE('',#2483,0.508);
#611=CIRCLE('',#2484,0.508);
#612=CIRCLE('',#2485,0.508);
#613=CIRCLE('',#2486,0.508);
#614=CIRCLE('',#2487,0.508);
#615=CIRCLE('',#2488,0.508);
#616=CIRCLE('',#2489,0.508);
#617=CIRCLE('',#2490,0.508);
#618=CIRCLE('',#2491,0.508);
#619=CIRCLE('',#2492,0.508);
#620=CIRCLE('',#2493,0.508);
#621=CIRCLE('',#2494,0.508);
#622=CIRCLE('',#2495,0.508);
#623=CIRCLE('',#2496,0.5);
#624=CIRCLE('',#2497,0.508);
#625=CIRCLE('',#2498,0.5);
#626=CIRCLE('',#2499,1.05);
#627=CIRCLE('',#2500,0.4);
#628=CIRCLE('',#2501,0.4);
#629=CIRCLE('',#2502,0.6);
#630=CIRCLE('',#2503,0.6);
#631=CIRCLE('',#2504,0.4);
#632=CIRCLE('',#2505,0.4);
#633=CIRCLE('',#2506,0.381);
#634=CIRCLE('',#2507,0.381);
#635=CIRCLE('',#2508,0.381);
#636=CIRCLE('',#2509,0.5);
#637=CIRCLE('',#2510,0.5);
#638=CIRCLE('',#2511,0.381);
#639=CIRCLE('',#2512,0.381);
#640=CIRCLE('',#2513,0.381);
#641=CIRCLE('',#2514,0.5);
#642=CIRCLE('',#2515,0.5);
#643=CIRCLE('',#2516,0.4);
#644=CIRCLE('',#2517,0.4);
#645=CIRCLE('',#2518,0.6);
#646=CIRCLE('',#2520,1.650997595521);
#647=CIRCLE('',#2521,13.538480186269);
#648=CIRCLE('',#2522,13.207994991134);
#649=CIRCLE('',#2523,12.459166801643);
#650=CIRCLE('',#2524,1.65100077302);
#651=CIRCLE('',#2525,3.698931331364);
#652=CIRCLE('',#2526,6.151469552209);
#653=CIRCLE('',#2527,3.699112061403);
#654=CIRCLE('',#2528,1.651016168588);
#655=CIRCLE('',#2529,12.459161862475);
#656=CIRCLE('',#2530,13.207992415378);
#657=CIRCLE('',#2531,13.538225843063);
#658=CIRCLE('',#2532,1.05);
#659=CIRCLE('',#2533,0.55);
#660=CIRCLE('',#2534,0.55);
#661=CIRCLE('',#2535,1.05);
#662=CIRCLE('',#2536,0.508);
#663=CIRCLE('',#2537,0.508);
#664=CIRCLE('',#2538,0.508);
#665=CIRCLE('',#2539,0.55);
#666=CIRCLE('',#2540,0.55);
#667=CIRCLE('',#2541,0.55);
#668=CIRCLE('',#2542,0.55);
#669=CIRCLE('',#2543,0.4);
#670=CIRCLE('',#2544,0.4);
#671=CIRCLE('',#2545,0.508);
#672=CIRCLE('',#2546,0.508);
#673=CIRCLE('',#2547,0.508);
#674=CIRCLE('',#2548,0.55);
#675=CIRCLE('',#2549,0.55);
#676=CIRCLE('',#2550,0.55);
#677=CIRCLE('',#2551,0.55);
#678=CIRCLE('',#2552,0.381);
#679=CIRCLE('',#2553,0.381);
#680=CIRCLE('',#2554,0.381);
#681=CIRCLE('',#2555,0.381);
#682=CIRCLE('',#2556,0.381);
#683=CIRCLE('',#2557,0.55);
#684=CIRCLE('',#2558,0.55);
#685=CIRCLE('',#2559,0.381);
#686=CIRCLE('',#2560,0.381);
#687=CIRCLE('',#2561,0.381);
#688=CIRCLE('',#2562,0.381);
#689=CIRCLE('',#2563,0.381);
#690=CIRCLE('',#2564,1.05);
#691=CIRCLE('',#2565,0.508);
#692=CIRCLE('',#2566,0.508);
#693=CIRCLE('',#2567,0.508);
#694=CIRCLE('',#2568,0.508);
#695=CIRCLE('',#2569,0.508);
#696=CIRCLE('',#2570,0.508);
#697=CIRCLE('',#2571,0.508);
#698=CIRCLE('',#2572,0.508);
#699=CIRCLE('',#2573,0.508);
#700=CIRCLE('',#2574,0.508);
#701=CIRCLE('',#2575,0.508);
#702=CIRCLE('',#2576,0.508);
#703=CIRCLE('',#2577,0.508);
#704=CIRCLE('',#2578,0.508);
#705=CIRCLE('',#2579,0.508);
#706=CIRCLE('',#2580,0.508);
#707=CIRCLE('',#2581,0.508);
#708=CIRCLE('',#2582,0.508);
#709=CIRCLE('',#2583,0.508);
#710=CIRCLE('',#2584,0.508);
#711=CIRCLE('',#2585,0.508);
#712=CIRCLE('',#2586,0.508);
#713=CIRCLE('',#2587,0.5);
#714=CIRCLE('',#2588,0.508);
#715=CIRCLE('',#2589,0.5);
#716=CIRCLE('',#2590,1.05);
#717=CIRCLE('',#2591,0.4);
#718=CIRCLE('',#2592,0.4);
#719=CIRCLE('',#2593,0.6);
#720=CIRCLE('',#2594,0.6);
#721=CIRCLE('',#2595,0.4);
#722=CIRCLE('',#2596,0.4);
#723=CIRCLE('',#2597,0.381);
#724=CIRCLE('',#2598,0.381);
#725=CIRCLE('',#2599,0.381);
#726=CIRCLE('',#2600,0.5);
#727=CIRCLE('',#2601,0.5);
#728=CIRCLE('',#2602,0.381);
#729=CIRCLE('',#2603,0.381);
#730=CIRCLE('',#2604,0.381);
#731=CIRCLE('',#2605,0.5);
#732=CIRCLE('',#2606,0.5);
#733=CIRCLE('',#2607,0.4);
#734=CIRCLE('',#2608,0.4);
#735=CIRCLE('',#2609,0.6);
#736=LINE('',#3447,#878);
#737=LINE('',#3451,#879);
#738=LINE('',#3456,#880);
#739=LINE('',#3457,#881);
#740=LINE('',#3458,#882);
#741=LINE('',#3461,#883);
#742=LINE('',#3463,#884);
#743=LINE('',#3464,#885);
#744=LINE('',#3469,#886);
#745=LINE('',#3473,#887);
#746=LINE('',#3477,#888);
#747=LINE('',#3483,#889);
#748=LINE('',#3487,#890);
#749=LINE('',#3493,#891);
#750=LINE('',#3497,#892);
#751=LINE('',#3501,#893);
#752=LINE('',#3505,#894);
#753=LINE('',#3629,#895);
#754=LINE('',#3632,#896);
#755=LINE('',#3641,#897);
#756=LINE('',#3644,#898);
#757=LINE('',#3669,#899);
#758=LINE('',#3672,#900);
#759=LINE('',#3679,#901);
#760=LINE('',#3683,#902);
#761=LINE('',#3687,#903);
#762=LINE('',#3691,#904);
#763=LINE('',#3697,#905);
#764=LINE('',#3701,#906);
#765=LINE('',#3707,#907);
#766=LINE('',#3711,#908);
#767=LINE('',#3715,#909);
#768=LINE('',#3839,#910);
#769=LINE('',#3842,#911);
#770=LINE('',#3851,#912);
#771=LINE('',#3854,#913);
#772=LINE('',#3879,#914);
#773=LINE('',#3882,#915);
#774=LINE('',#3886,#916);
#775=LINE('',#3888,#917);
#776=LINE('',#3890,#918);
#777=LINE('',#3892,#919);
#778=LINE('',#3894,#920);
#779=LINE('',#3896,#921);
#780=LINE('',#3898,#922);
#781=LINE('',#3900,#923);
#782=LINE('',#3902,#924);
#783=LINE('',#3904,#925);
#784=LINE('',#3906,#926);
#785=LINE('',#3908,#927);
#786=LINE('',#3910,#928);
#787=LINE('',#3912,#929);
#788=LINE('',#3914,#930);
#789=LINE('',#3916,#931);
#790=LINE('',#3918,#932);
#791=LINE('',#3920,#933);
#792=LINE('',#3922,#934);
#793=LINE('',#3924,#935);
#794=LINE('',#3927,#936);
#795=LINE('',#3929,#937);
#796=LINE('',#3931,#938);
#797=LINE('',#3933,#939);
#798=LINE('',#3935,#940);
#799=LINE('',#3937,#941);
#800=LINE('',#3939,#942);
#801=LINE('',#3941,#943);
#802=LINE('',#3943,#944);
#803=LINE('',#3945,#945);
#804=LINE('',#3947,#946);
#805=LINE('',#3949,#947);
#806=LINE('',#3951,#948);
#807=LINE('',#3953,#949);
#808=LINE('',#3955,#950);
#809=LINE('',#3957,#951);
#810=LINE('',#3959,#952);
#811=LINE('',#3961,#953);
#812=LINE('',#3963,#954);
#813=LINE('',#3965,#955);
#814=LINE('',#3967,#956);
#815=LINE('',#3969,#957);
#816=LINE('',#3971,#958);
#817=LINE('',#3973,#959);
#818=LINE('',#3975,#960);
#819=LINE('',#3977,#961);
#820=LINE('',#3979,#962);
#821=LINE('',#3981,#963);
#822=LINE('',#3983,#964);
#823=LINE('',#3985,#965);
#824=LINE('',#3987,#966);
#825=LINE('',#3989,#967);
#826=LINE('',#3991,#968);
#827=LINE('',#3993,#969);
#828=LINE('',#3995,#970);
#829=LINE('',#3997,#971);
#830=LINE('',#3999,#972);
#831=LINE('',#4001,#973);
#832=LINE('',#4003,#974);
#833=LINE('',#4005,#975);
#834=LINE('',#4007,#976);
#835=LINE('',#4009,#977);
#836=LINE('',#4011,#978);
#837=LINE('',#4013,#979);
#838=LINE('',#4015,#980);
#839=LINE('',#4017,#981);
#840=LINE('',#4019,#982);
#841=LINE('',#4021,#983);
#842=LINE('',#4023,#984);
#843=LINE('',#4025,#985);
#844=LINE('',#4027,#986);
#845=LINE('',#4029,#987);
#846=LINE('',#4031,#988);
#847=LINE('',#4033,#989);
#848=LINE('',#4035,#990);
#849=LINE('',#4037,#991);
#850=LINE('',#4039,#992);
#851=LINE('',#4041,#993);
#852=LINE('',#4043,#994);
#853=LINE('',#4045,#995);
#854=LINE('',#4046,#996);
#855=LINE('',#4048,#997);
#856=LINE('',#4050,#998);
#857=LINE('',#4053,#999);
#858=LINE('',#4055,#1000);
#859=LINE('',#4057,#1001);
#860=LINE('',#4058,#1002);
#861=LINE('',#4060,#1003);
#862=LINE('',#4062,#1004);
#863=LINE('',#4065,#1005);
#864=LINE('',#4067,#1006);
#865=LINE('',#4069,#1007);
#866=LINE('',#4071,#1008);
#867=LINE('',#4073,#1009);
#868=LINE('',#4075,#1010);
#869=LINE('',#4077,#1011);
#870=LINE('',#4079,#1012);
#871=LINE('',#4081,#1013);
#872=LINE('',#4083,#1014);
#873=LINE('',#4085,#1015);
#874=LINE('',#4086,#1016);
#875=LINE('',#4088,#1017);
#876=LINE('',#4090,#1018);
#877=LINE('',#4093,#1019);
#878=VECTOR('',#2719,1.);
#879=VECTOR('',#2722,1.);
#880=VECTOR('',#2727,1.);
#881=VECTOR('',#2728,1.);
#882=VECTOR('',#2729,1.);
#883=VECTOR('',#2732,1.);
#884=VECTOR('',#2733,1.);
#885=VECTOR('',#2734,1.);
#886=VECTOR('',#2739,0.999999999999768);
#887=VECTOR('',#2742,0.999999999999949);
#888=VECTOR('',#2745,1.0000000000002);
#889=VECTOR('',#2750,1.00000000000032);
#890=VECTOR('',#2753,0.999999999999869);
#891=VECTOR('',#2758,1.00000000000031);
#892=VECTOR('',#2761,1.00000000000025);
#893=VECTOR('',#2764,0.999999999999648);
#894=VECTOR('',#2767,1.);
#895=VECTOR('',#2890,1.);
#896=VECTOR('',#2893,1.);
#897=VECTOR('',#2900,1.);
#898=VECTOR('',#2903,1.);
#899=VECTOR('',#2926,1.);
#900=VECTOR('',#2929,1.);
#901=VECTOR('',#2936,1.);
#902=VECTOR('',#2939,0.999999999999648);
#903=VECTOR('',#2942,1.00000000000025);
#904=VECTOR('',#2945,1.00000000000031);
#905=VECTOR('',#2950,0.999999999999869);
#906=VECTOR('',#2953,1.00000000000032);
#907=VECTOR('',#2958,1.0000000000002);
#908=VECTOR('',#2961,0.999999999999949);
#909=VECTOR('',#2964,0.999999999999768);
#910=VECTOR('',#3087,1.);
#911=VECTOR('',#3090,1.);
#912=VECTOR('',#3097,1.);
#913=VECTOR('',#3100,1.);
#914=VECTOR('',#3123,1.);
#915=VECTOR('',#3126,1.);
#916=VECTOR('',#3131,1.);
#917=VECTOR('',#3134,1.);
#918=VECTOR('',#3137,1.);
#919=VECTOR('',#3140,1.);
#920=VECTOR('',#3143,1.);
#921=VECTOR('',#3146,1.);
#922=VECTOR('',#3149,1.);
#923=VECTOR('',#3152,1.);
#924=VECTOR('',#3155,1.);
#925=VECTOR('',#3158,1.);
#926=VECTOR('',#3161,1.);
#927=VECTOR('',#3164,1.);
#928=VECTOR('',#3167,1.);
#929=VECTOR('',#3170,1.);
#930=VECTOR('',#3173,1.);
#931=VECTOR('',#3176,1.);
#932=VECTOR('',#3179,1.);
#933=VECTOR('',#3182,1.);
#934=VECTOR('',#3185,1.);
#935=VECTOR('',#3188,1.);
#936=VECTOR('',#3193,1.05);
#937=VECTOR('',#3196,0.55);
#938=VECTOR('',#3199,0.55);
#939=VECTOR('',#3202,1.05);
#940=VECTOR('',#3205,0.508);
#941=VECTOR('',#3208,0.508);
#942=VECTOR('',#3211,0.508);
#943=VECTOR('',#3214,0.55);
#944=VECTOR('',#3217,0.55);
#945=VECTOR('',#3220,0.55);
#946=VECTOR('',#3223,0.55);
#947=VECTOR('',#3226,0.4);
#948=VECTOR('',#3229,0.4);
#949=VECTOR('',#3232,0.508);
#950=VECTOR('',#3235,0.508);
#951=VECTOR('',#3238,0.508);
#952=VECTOR('',#3241,0.55);
#953=VECTOR('',#3244,0.55);
#954=VECTOR('',#3247,0.55);
#955=VECTOR('',#3250,0.55);
#956=VECTOR('',#3253,0.381);
#957=VECTOR('',#3256,0.381);
#958=VECTOR('',#3259,0.381);
#959=VECTOR('',#3262,0.381);
#960=VECTOR('',#3265,0.381);
#961=VECTOR('',#3268,0.55);
#962=VECTOR('',#3271,0.55);
#963=VECTOR('',#3274,0.381);
#964=VECTOR('',#3277,0.381);
#965=VECTOR('',#3280,0.381);
#966=VECTOR('',#3283,0.381);
#967=VECTOR('',#3286,0.381);
#968=VECTOR('',#3289,1.05);
#969=VECTOR('',#3292,0.508);
#970=VECTOR('',#3295,0.508);
#971=VECTOR('',#3298,0.508);
#972=VECTOR('',#3301,0.508);
#973=VECTOR('',#3304,0.508);
#974=VECTOR('',#3307,0.508);
#975=VECTOR('',#3310,0.508);
#976=VECTOR('',#3313,0.508);
#977=VECTOR('',#3316,0.508);
#978=VECTOR('',#3319,0.508);
#979=VECTOR('',#3322,0.508);
#980=VECTOR('',#3325,0.508);
#981=VECTOR('',#3328,0.508);
#982=VECTOR('',#3331,0.508);
#983=VECTOR('',#3334,0.508);
#984=VECTOR('',#3337,0.508);
#985=VECTOR('',#3340,0.508);
#986=VECTOR('',#3343,0.508);
#987=VECTOR('',#3346,0.508);
#988=VECTOR('',#3349,0.508);
#989=VECTOR('',#3352,0.508);
#990=VECTOR('',#3355,0.508);
#991=VECTOR('',#3358,0.5);
#992=VECTOR('',#3361,0.508);
#993=VECTOR('',#3364,0.5);
#994=VECTOR('',#3367,1.05);
#995=VECTOR('',#3370,1.);
#996=VECTOR('',#3371,1.);
#997=VECTOR('',#3374,1.);
#998=VECTOR('',#3377,1.);
#999=VECTOR('',#3382,0.6);
#1000=VECTOR('',#3385,0.6);
#1001=VECTOR('',#3388,1.);
#1002=VECTOR('',#3389,1.);
#1003=VECTOR('',#3392,1.);
#1004=VECTOR('',#3395,1.);
#1005=VECTOR('',#3400,0.381);
#1006=VECTOR('',#3403,0.381);
#1007=VECTOR('',#3406,0.381);
#1008=VECTOR('',#3409,0.5);
#1009=VECTOR('',#3412,0.5);
#1010=VECTOR('',#3415,0.381);
#1011=VECTOR('',#3418,0.381);
#1012=VECTOR('',#3421,0.381);
#1013=VECTOR('',#3424,0.5);
#1014=VECTOR('',#3427,0.5);
#1015=VECTOR('',#3430,1.);
#1016=VECTOR('',#3431,1.);
#1017=VECTOR('',#3434,1.);
#1018=VECTOR('',#3437,1.);
#1019=VECTOR('',#3442,0.6);
#1020=VERTEX_POINT('',#3445);
#1021=VERTEX_POINT('',#3446);
#1022=VERTEX_POINT('',#3448);
#1023=VERTEX_POINT('',#3450);
#1024=VERTEX_POINT('',#3454);
#1025=VERTEX_POINT('',#3455);
#1026=VERTEX_POINT('',#3460);
#1027=VERTEX_POINT('',#3462);
#1028=VERTEX_POINT('',#3466);
#1029=VERTEX_POINT('',#3468);
#1030=VERTEX_POINT('',#3470);
#1031=VERTEX_POINT('',#3472);
#1032=VERTEX_POINT('',#3474);
#1033=VERTEX_POINT('',#3476);
#1034=VERTEX_POINT('',#3478);
#1035=VERTEX_POINT('',#3480);
#1036=VERTEX_POINT('',#3482);
#1037=VERTEX_POINT('',#3484);
#1038=VERTEX_POINT('',#3486);
#1039=VERTEX_POINT('',#3488);
#1040=VERTEX_POINT('',#3490);
#1041=VERTEX_POINT('',#3492);
#1042=VERTEX_POINT('',#3494);
#1043=VERTEX_POINT('',#3496);
#1044=VERTEX_POINT('',#3498);
#1045=VERTEX_POINT('',#3500);
#1046=VERTEX_POINT('',#3502);
#1047=VERTEX_POINT('',#3504);
#1048=VERTEX_POINT('',#3507);
#1049=VERTEX_POINT('',#3509);
#1050=VERTEX_POINT('',#3511);
#1051=VERTEX_POINT('',#3513);
#1052=VERTEX_POINT('',#3515);
#1053=VERTEX_POINT('',#3517);
#1054=VERTEX_POINT('',#3519);
#1055=VERTEX_POINT('',#3521);
#1056=VERTEX_POINT('',#3523);
#1057=VERTEX_POINT('',#3525);
#1058=VERTEX_POINT('',#3527);
#1059=VERTEX_POINT('',#3529);
#1060=VERTEX_POINT('',#3531);
#1061=VERTEX_POINT('',#3533);
#1062=VERTEX_POINT('',#3535);
#1063=VERTEX_POINT('',#3537);
#1064=VERTEX_POINT('',#3539);
#1065=VERTEX_POINT('',#3541);
#1066=VERTEX_POINT('',#3543);
#1067=VERTEX_POINT('',#3545);
#1068=VERTEX_POINT('',#3547);
#1069=VERTEX_POINT('',#3549);
#1070=VERTEX_POINT('',#3551);
#1071=VERTEX_POINT('',#3553);
#1072=VERTEX_POINT('',#3555);
#1073=VERTEX_POINT('',#3557);
#1074=VERTEX_POINT('',#3559);
#1075=VERTEX_POINT('',#3561);
#1076=VERTEX_POINT('',#3563);
#1077=VERTEX_POINT('',#3565);
#1078=VERTEX_POINT('',#3567);
#1079=VERTEX_POINT('',#3569);
#1080=VERTEX_POINT('',#3571);
#1081=VERTEX_POINT('',#3573);
#1082=VERTEX_POINT('',#3575);
#1083=VERTEX_POINT('',#3577);
#1084=VERTEX_POINT('',#3579);
#1085=VERTEX_POINT('',#3581);
#1086=VERTEX_POINT('',#3583);
#1087=VERTEX_POINT('',#3585);
#1088=VERTEX_POINT('',#3587);
#1089=VERTEX_POINT('',#3589);
#1090=VERTEX_POINT('',#3591);
#1091=VERTEX_POINT('',#3593);
#1092=VERTEX_POINT('',#3595);
#1093=VERTEX_POINT('',#3597);
#1094=VERTEX_POINT('',#3599);
#1095=VERTEX_POINT('',#3601);
#1096=VERTEX_POINT('',#3603);
#1097=VERTEX_POINT('',#3605);
#1098=VERTEX_POINT('',#3607);
#1099=VERTEX_POINT('',#3609);
#1100=VERTEX_POINT('',#3611);
#1101=VERTEX_POINT('',#3613);
#1102=VERTEX_POINT('',#3615);
#1103=VERTEX_POINT('',#3617);
#1104=VERTEX_POINT('',#3619);
#1105=VERTEX_POINT('',#3621);
#1106=VERTEX_POINT('',#3623);
#1107=VERTEX_POINT('',#3625);
#1108=VERTEX_POINT('',#3626);
#1109=VERTEX_POINT('',#3628);
#1110=VERTEX_POINT('',#3630);
#1111=VERTEX_POINT('',#3633);
#1112=VERTEX_POINT('',#3635);
#1113=VERTEX_POINT('',#3637);
#1114=VERTEX_POINT('',#3638);
#1115=VERTEX_POINT('',#3640);
#1116=VERTEX_POINT('',#3642);
#1117=VERTEX_POINT('',#3645);
#1118=VERTEX_POINT('',#3647);
#1119=VERTEX_POINT('',#3649);
#1120=VERTEX_POINT('',#3651);
#1121=VERTEX_POINT('',#3653);
#1122=VERTEX_POINT('',#3655);
#1123=VERTEX_POINT('',#3657);
#1124=VERTEX_POINT('',#3659);
#1125=VERTEX_POINT('',#3661);
#1126=VERTEX_POINT('',#3663);
#1127=VERTEX_POINT('',#3665);
#1128=VERTEX_POINT('',#3666);
#1129=VERTEX_POINT('',#3668);
#1130=VERTEX_POINT('',#3670);
#1131=VERTEX_POINT('',#3673);
#1132=VERTEX_POINT('',#3676);
#1133=VERTEX_POINT('',#3678);
#1134=VERTEX_POINT('',#3680);
#1135=VERTEX_POINT('',#3682);
#1136=VERTEX_POINT('',#3684);
#1137=VERTEX_POINT('',#3686);
#1138=VERTEX_POINT('',#3688);
#1139=VERTEX_POINT('',#3690);
#1140=VERTEX_POINT('',#3692);
#1141=VERTEX_POINT('',#3694);
#1142=VERTEX_POINT('',#3696);
#1143=VERTEX_POINT('',#3698);
#1144=VERTEX_POINT('',#3700);
#1145=VERTEX_POINT('',#3702);
#1146=VERTEX_POINT('',#3704);
#1147=VERTEX_POINT('',#3706);
#1148=VERTEX_POINT('',#3708);
#1149=VERTEX_POINT('',#3710);
#1150=VERTEX_POINT('',#3712);
#1151=VERTEX_POINT('',#3714);
#1152=VERTEX_POINT('',#3717);
#1153=VERTEX_POINT('',#3719);
#1154=VERTEX_POINT('',#3721);
#1155=VERTEX_POINT('',#3723);
#1156=VERTEX_POINT('',#3725);
#1157=VERTEX_POINT('',#3727);
#1158=VERTEX_POINT('',#3729);
#1159=VERTEX_POINT('',#3731);
#1160=VERTEX_POINT('',#3733);
#1161=VERTEX_POINT('',#3735);
#1162=VERTEX_POINT('',#3737);
#1163=VERTEX_POINT('',#3739);
#1164=VERTEX_POINT('',#3741);
#1165=VERTEX_POINT('',#3743);
#1166=VERTEX_POINT('',#3745);
#1167=VERTEX_POINT('',#3747);
#1168=VERTEX_POINT('',#3749);
#1169=VERTEX_POINT('',#3751);
#1170=VERTEX_POINT('',#3753);
#1171=VERTEX_POINT('',#3755);
#1172=VERTEX_POINT('',#3757);
#1173=VERTEX_POINT('',#3759);
#1174=VERTEX_POINT('',#3761);
#1175=VERTEX_POINT('',#3763);
#1176=VERTEX_POINT('',#3765);
#1177=VERTEX_POINT('',#3767);
#1178=VERTEX_POINT('',#3769);
#1179=VERTEX_POINT('',#3771);
#1180=VERTEX_POINT('',#3773);
#1181=VERTEX_POINT('',#3775);
#1182=VERTEX_POINT('',#3777);
#1183=VERTEX_POINT('',#3779);
#1184=VERTEX_POINT('',#3781);
#1185=VERTEX_POINT('',#3783);
#1186=VERTEX_POINT('',#3785);
#1187=VERTEX_POINT('',#3787);
#1188=VERTEX_POINT('',#3789);
#1189=VERTEX_POINT('',#3791);
#1190=VERTEX_POINT('',#3793);
#1191=VERTEX_POINT('',#3795);
#1192=VERTEX_POINT('',#3797);
#1193=VERTEX_POINT('',#3799);
#1194=VERTEX_POINT('',#3801);
#1195=VERTEX_POINT('',#3803);
#1196=VERTEX_POINT('',#3805);
#1197=VERTEX_POINT('',#3807);
#1198=VERTEX_POINT('',#3809);
#1199=VERTEX_POINT('',#3811);
#1200=VERTEX_POINT('',#3813);
#1201=VERTEX_POINT('',#3815);
#1202=VERTEX_POINT('',#3817);
#1203=VERTEX_POINT('',#3819);
#1204=VERTEX_POINT('',#3821);
#1205=VERTEX_POINT('',#3823);
#1206=VERTEX_POINT('',#3825);
#1207=VERTEX_POINT('',#3827);
#1208=VERTEX_POINT('',#3829);
#1209=VERTEX_POINT('',#3831);
#1210=VERTEX_POINT('',#3833);
#1211=VERTEX_POINT('',#3835);
#1212=VERTEX_POINT('',#3836);
#1213=VERTEX_POINT('',#3838);
#1214=VERTEX_POINT('',#3840);
#1215=VERTEX_POINT('',#3843);
#1216=VERTEX_POINT('',#3845);
#1217=VERTEX_POINT('',#3847);
#1218=VERTEX_POINT('',#3848);
#1219=VERTEX_POINT('',#3850);
#1220=VERTEX_POINT('',#3852);
#1221=VERTEX_POINT('',#3855);
#1222=VERTEX_POINT('',#3857);
#1223=VERTEX_POINT('',#3859);
#1224=VERTEX_POINT('',#3861);
#1225=VERTEX_POINT('',#3863);
#1226=VERTEX_POINT('',#3865);
#1227=VERTEX_POINT('',#3867);
#1228=VERTEX_POINT('',#3869);
#1229=VERTEX_POINT('',#3871);
#1230=VERTEX_POINT('',#3873);
#1231=VERTEX_POINT('',#3875);
#1232=VERTEX_POINT('',#3876);
#1233=VERTEX_POINT('',#3878);
#1234=VERTEX_POINT('',#3880);
#1235=VERTEX_POINT('',#3883);
#1236=EDGE_CURVE('',#1020,#1021,#736,.T.);
#1237=EDGE_CURVE('',#1021,#1022,#554,.T.);
#1238=EDGE_CURVE('',#1023,#1022,#737,.T.);
#1239=EDGE_CURVE('',#1020,#1023,#555,.T.);
#1240=EDGE_CURVE('',#1024,#1025,#738,.T.);
#1241=EDGE_CURVE('',#1025,#1021,#739,.T.);
#1242=EDGE_CURVE('',#1024,#1020,#740,.T.);
#1243=EDGE_CURVE('',#1022,#1026,#741,.T.);
#1244=EDGE_CURVE('',#1027,#1026,#742,.T.);
#1245=EDGE_CURVE('',#1023,#1027,#743,.T.);
#1246=EDGE_CURVE('',#1027,#1028,#556,.T.);
#1247=EDGE_CURVE('',#1028,#1029,#744,.T.);
#1248=EDGE_CURVE('',#1029,#1030,#557,.T.);
#1249=EDGE_CURVE('',#1030,#1031,#745,.T.);
#1250=EDGE_CURVE('',#1031,#1032,#558,.T.);
#1251=EDGE_CURVE('',#1032,#1033,#746,.T.);
#1252=EDGE_CURVE('',#1033,#1034,#559,.T.);
#1253=EDGE_CURVE('',#1034,#1035,#560,.T.);
#1254=EDGE_CURVE('',#1035,#1036,#747,.T.);
#1255=EDGE_CURVE('',#1036,#1037,#561,.T.);
#1256=EDGE_CURVE('',#1037,#1038,#748,.T.);
#1257=EDGE_CURVE('',#1038,#1039,#562,.T.);
#1258=EDGE_CURVE('',#1039,#1040,#563,.T.);
#1259=EDGE_CURVE('',#1040,#1041,#749,.T.);
#1260=EDGE_CURVE('',#1041,#1042,#564,.T.);
#1261=EDGE_CURVE('',#1042,#1043,#750,.T.);
#1262=EDGE_CURVE('',#1043,#1044,#565,.T.);
#1263=EDGE_CURVE('',#1044,#1045,#751,.T.);
#1264=EDGE_CURVE('',#1045,#1046,#566,.T.);
#1265=EDGE_CURVE('',#1046,#1047,#752,.T.);
#1266=EDGE_CURVE('',#1047,#1024,#567,.T.);
#1267=EDGE_CURVE('',#1048,#1048,#568,.T.);
#1268=EDGE_CURVE('',#1049,#1049,#569,.T.);
#1269=EDGE_CURVE('',#1050,#1050,#570,.T.);
#1270=EDGE_CURVE('',#1051,#1051,#571,.T.);
#1271=EDGE_CURVE('',#1052,#1052,#572,.T.);
#1272=EDGE_CURVE('',#1053,#1053,#573,.T.);
#1273=EDGE_CURVE('',#1054,#1054,#574,.T.);
#1274=EDGE_CURVE('',#1055,#1055,#575,.T.);
#1275=EDGE_CURVE('',#1056,#1056,#576,.T.);
#1276=EDGE_CURVE('',#1057,#1057,#577,.T.);
#1277=EDGE_CURVE('',#1058,#1058,#578,.T.);
#1278=EDGE_CURVE('',#1059,#1059,#579,.T.);
#1279=EDGE_CURVE('',#1060,#1060,#580,.T.);
#1280=EDGE_CURVE('',#1061,#1061,#581,.T.);
#1281=EDGE_CURVE('',#1062,#1062,#582,.T.);
#1282=EDGE_CURVE('',#1063,#1063,#583,.T.);
#1283=EDGE_CURVE('',#1064,#1064,#584,.T.);
#1284=EDGE_CURVE('',#1065,#1065,#585,.T.);
#1285=EDGE_CURVE('',#1066,#1066,#586,.T.);
#1286=EDGE_CURVE('',#1067,#1067,#587,.T.);
#1287=EDGE_CURVE('',#1068,#1068,#588,.T.);
#1288=EDGE_CURVE('',#1069,#1069,#589,.T.);
#1289=EDGE_CURVE('',#1070,#1070,#590,.T.);
#1290=EDGE_CURVE('',#1071,#1071,#591,.T.);
#1291=EDGE_CURVE('',#1072,#1072,#592,.T.);
#1292=EDGE_CURVE('',#1073,#1073,#593,.T.);
#1293=EDGE_CURVE('',#1074,#1074,#594,.T.);
#1294=EDGE_CURVE('',#1075,#1075,#595,.T.);
#1295=EDGE_CURVE('',#1076,#1076,#596,.T.);
#1296=EDGE_CURVE('',#1077,#1077,#597,.T.);
#1297=EDGE_CURVE('',#1078,#1078,#598,.T.);
#1298=EDGE_CURVE('',#1079,#1079,#599,.T.);
#1299=EDGE_CURVE('',#1080,#1080,#600,.T.);
#1300=EDGE_CURVE('',#1081,#1081,#601,.T.);
#1301=EDGE_CURVE('',#1082,#1082,#602,.T.);
#1302=EDGE_CURVE('',#1083,#1083,#603,.T.);
#1303=EDGE_CURVE('',#1084,#1084,#604,.T.);
#1304=EDGE_CURVE('',#1085,#1085,#605,.T.);
#1305=EDGE_CURVE('',#1086,#1086,#606,.T.);
#1306=EDGE_CURVE('',#1087,#1087,#607,.T.);
#1307=EDGE_CURVE('',#1088,#1088,#608,.T.);
#1308=EDGE_CURVE('',#1089,#1089,#609,.T.);
#1309=EDGE_CURVE('',#1090,#1090,#610,.T.);
#1310=EDGE_CURVE('',#1091,#1091,#611,.T.);
#1311=EDGE_CURVE('',#1092,#1092,#612,.T.);
#1312=EDGE_CURVE('',#1093,#1093,#613,.T.);
#1313=EDGE_CURVE('',#1094,#1094,#614,.T.);
#1314=EDGE_CURVE('',#1095,#1095,#615,.T.);
#1315=EDGE_CURVE('',#1096,#1096,#616,.T.);
#1316=EDGE_CURVE('',#1097,#1097,#617,.T.);
#1317=EDGE_CURVE('',#1098,#1098,#618,.T.);
#1318=EDGE_CURVE('',#1099,#1099,#619,.T.);
#1319=EDGE_CURVE('',#1100,#1100,#620,.T.);
#1320=EDGE_CURVE('',#1101,#1101,#621,.T.);
#1321=EDGE_CURVE('',#1102,#1102,#622,.T.);
#1322=EDGE_CURVE('',#1103,#1103,#623,.T.);
#1323=EDGE_CURVE('',#1104,#1104,#624,.T.);
#1324=EDGE_CURVE('',#1105,#1105,#625,.T.);
#1325=EDGE_CURVE('',#1106,#1106,#626,.T.);
#1326=EDGE_CURVE('',#1107,#1108,#627,.T.);
#1327=EDGE_CURVE('',#1109,#1107,#753,.T.);
#1328=EDGE_CURVE('',#1110,#1109,#628,.T.);
#1329=EDGE_CURVE('',#1108,#1110,#754,.T.);
#1330=EDGE_CURVE('',#1111,#1111,#629,.T.);
#1331=EDGE_CURVE('',#1112,#1112,#630,.T.);
#1332=EDGE_CURVE('',#1113,#1114,#631,.T.);
#1333=EDGE_CURVE('',#1115,#1113,#755,.T.);
#1334=EDGE_CURVE('',#1116,#1115,#632,.T.);
#1335=EDGE_CURVE('',#1114,#1116,#756,.T.);
#1336=EDGE_CURVE('',#1117,#1117,#633,.T.);
#1337=EDGE_CURVE('',#1118,#1118,#634,.T.);
#1338=EDGE_CURVE('',#1119,#1119,#635,.T.);
#1339=EDGE_CURVE('',#1120,#1120,#636,.T.);
#1340=EDGE_CURVE('',#1121,#1121,#637,.T.);
#1341=EDGE_CURVE('',#1122,#1122,#638,.T.);
#1342=EDGE_CURVE('',#1123,#1123,#639,.T.);
#1343=EDGE_CURVE('',#1124,#1124,#640,.T.);
#1344=EDGE_CURVE('',#1125,#1125,#641,.T.);
#1345=EDGE_CURVE('',#1126,#1126,#642,.T.);
#1346=EDGE_CURVE('',#1127,#1128,#643,.T.);
#1347=EDGE_CURVE('',#1129,#1127,#757,.T.);
#1348=EDGE_CURVE('',#1130,#1129,#644,.T.);
#1349=EDGE_CURVE('',#1128,#1130,#758,.T.);
#1350=EDGE_CURVE('',#1131,#1131,#645,.T.);
#1351=EDGE_CURVE('',#1132,#1025,#646,.T.);
#1352=EDGE_CURVE('',#1133,#1132,#759,.T.);
#1353=EDGE_CURVE('',#1134,#1133,#647,.T.);
#1354=EDGE_CURVE('',#1135,#1134,#760,.T.);
#1355=EDGE_CURVE('',#1136,#1135,#648,.T.);
#1356=EDGE_CURVE('',#1137,#1136,#761,.T.);
#1357=EDGE_CURVE('',#1138,#1137,#649,.T.);
#1358=EDGE_CURVE('',#1139,#1138,#762,.T.);
#1359=EDGE_CURVE('',#1140,#1139,#650,.T.);
#1360=EDGE_CURVE('',#1141,#1140,#651,.T.);
#1361=EDGE_CURVE('',#1142,#1141,#763,.T.);
#1362=EDGE_CURVE('',#1143,#1142,#652,.T.);
#1363=EDGE_CURVE('',#1144,#1143,#764,.T.);
#1364=EDGE_CURVE('',#1145,#1144,#653,.T.);
#1365=EDGE_CURVE('',#1146,#1145,#654,.T.);
#1366=EDGE_CURVE('',#1147,#1146,#765,.T.);
#1367=EDGE_CURVE('',#1148,#1147,#655,.T.);
#1368=EDGE_CURVE('',#1149,#1148,#766,.T.);
#1369=EDGE_CURVE('',#1150,#1149,#656,.T.);
#1370=EDGE_CURVE('',#1151,#1150,#767,.T.);
#1371=EDGE_CURVE('',#1026,#1151,#657,.T.);
#1372=EDGE_CURVE('',#1152,#1152,#658,.T.);
#1373=EDGE_CURVE('',#1153,#1153,#659,.T.);
#1374=EDGE_CURVE('',#1154,#1154,#660,.T.);
#1375=EDGE_CURVE('',#1155,#1155,#661,.T.);
#1376=EDGE_CURVE('',#1156,#1156,#662,.T.);
#1377=EDGE_CURVE('',#1157,#1157,#663,.T.);
#1378=EDGE_CURVE('',#1158,#1158,#664,.T.);
#1379=EDGE_CURVE('',#1159,#1159,#665,.T.);
#1380=EDGE_CURVE('',#1160,#1160,#666,.T.);
#1381=EDGE_CURVE('',#1161,#1161,#667,.T.);
#1382=EDGE_CURVE('',#1162,#1162,#668,.T.);
#1383=EDGE_CURVE('',#1163,#1163,#669,.T.);
#1384=EDGE_CURVE('',#1164,#1164,#670,.T.);
#1385=EDGE_CURVE('',#1165,#1165,#671,.T.);
#1386=EDGE_CURVE('',#1166,#1166,#672,.T.);
#1387=EDGE_CURVE('',#1167,#1167,#673,.T.);
#1388=EDGE_CURVE('',#1168,#1168,#674,.T.);
#1389=EDGE_CURVE('',#1169,#1169,#675,.T.);
#1390=EDGE_CURVE('',#1170,#1170,#676,.T.);
#1391=EDGE_CURVE('',#1171,#1171,#677,.T.);
#1392=EDGE_CURVE('',#1172,#1172,#678,.T.);
#1393=EDGE_CURVE('',#1173,#1173,#679,.T.);
#1394=EDGE_CURVE('',#1174,#1174,#680,.T.);
#1395=EDGE_CURVE('',#1175,#1175,#681,.T.);
#1396=EDGE_CURVE('',#1176,#1176,#682,.T.);
#1397=EDGE_CURVE('',#1177,#1177,#683,.T.);
#1398=EDGE_CURVE('',#1178,#1178,#684,.T.);
#1399=EDGE_CURVE('',#1179,#1179,#685,.T.);
#1400=EDGE_CURVE('',#1180,#1180,#686,.T.);
#1401=EDGE_CURVE('',#1181,#1181,#687,.T.);
#1402=EDGE_CURVE('',#1182,#1182,#688,.T.);
#1403=EDGE_CURVE('',#1183,#1183,#689,.T.);
#1404=EDGE_CURVE('',#1184,#1184,#690,.T.);
#1405=EDGE_CURVE('',#1185,#1185,#691,.T.);
#1406=EDGE_CURVE('',#1186,#1186,#692,.T.);
#1407=EDGE_CURVE('',#1187,#1187,#693,.T.);
#1408=EDGE_CURVE('',#1188,#1188,#694,.T.);
#1409=EDGE_CURVE('',#1189,#1189,#695,.T.);
#1410=EDGE_CURVE('',#1190,#1190,#696,.T.);
#1411=EDGE_CURVE('',#1191,#1191,#697,.T.);
#1412=EDGE_CURVE('',#1192,#1192,#698,.T.);
#1413=EDGE_CURVE('',#1193,#1193,#699,.T.);
#1414=EDGE_CURVE('',#1194,#1194,#700,.T.);
#1415=EDGE_CURVE('',#1195,#1195,#701,.T.);
#1416=EDGE_CURVE('',#1196,#1196,#702,.T.);
#1417=EDGE_CURVE('',#1197,#1197,#703,.T.);
#1418=EDGE_CURVE('',#1198,#1198,#704,.T.);
#1419=EDGE_CURVE('',#1199,#1199,#705,.T.);
#1420=EDGE_CURVE('',#1200,#1200,#706,.T.);
#1421=EDGE_CURVE('',#1201,#1201,#707,.T.);
#1422=EDGE_CURVE('',#1202,#1202,#708,.T.);
#1423=EDGE_CURVE('',#1203,#1203,#709,.T.);
#1424=EDGE_CURVE('',#1204,#1204,#710,.T.);
#1425=EDGE_CURVE('',#1205,#1205,#711,.T.);
#1426=EDGE_CURVE('',#1206,#1206,#712,.T.);
#1427=EDGE_CURVE('',#1207,#1207,#713,.T.);
#1428=EDGE_CURVE('',#1208,#1208,#714,.T.);
#1429=EDGE_CURVE('',#1209,#1209,#715,.T.);
#1430=EDGE_CURVE('',#1210,#1210,#716,.T.);
#1431=EDGE_CURVE('',#1211,#1212,#717,.T.);
#1432=EDGE_CURVE('',#1212,#1213,#768,.T.);
#1433=EDGE_CURVE('',#1213,#1214,#718,.T.);
#1434=EDGE_CURVE('',#1214,#1211,#769,.T.);
#1435=EDGE_CURVE('',#1215,#1215,#719,.T.);
#1436=EDGE_CURVE('',#1216,#1216,#720,.T.);
#1437=EDGE_CURVE('',#1217,#1218,#721,.T.);
#1438=EDGE_CURVE('',#1218,#1219,#770,.T.);
#1439=EDGE_CURVE('',#1219,#1220,#722,.T.);
#1440=EDGE_CURVE('',#1220,#1217,#771,.T.);
#1441=EDGE_CURVE('',#1221,#1221,#723,.T.);
#1442=EDGE_CURVE('',#1222,#1222,#724,.T.);
#1443=EDGE_CURVE('',#1223,#1223,#725,.T.);
#1444=EDGE_CURVE('',#1224,#1224,#726,.T.);
#1445=EDGE_CURVE('',#1225,#1225,#727,.T.);
#1446=EDGE_CURVE('',#1226,#1226,#728,.T.);
#1447=EDGE_CURVE('',#1227,#1227,#729,.T.);
#1448=EDGE_CURVE('',#1228,#1228,#730,.T.);
#1449=EDGE_CURVE('',#1229,#1229,#731,.T.);
#1450=EDGE_CURVE('',#1230,#1230,#732,.T.);
#1451=EDGE_CURVE('',#1231,#1232,#733,.T.);
#1452=EDGE_CURVE('',#1232,#1233,#772,.T.);
#1453=EDGE_CURVE('',#1233,#1234,#734,.T.);
#1454=EDGE_CURVE('',#1234,#1231,#773,.T.);
#1455=EDGE_CURVE('',#1235,#1235,#735,.T.);
#1456=EDGE_CURVE('',#1047,#1132,#774,.T.);
#1457=EDGE_CURVE('',#1028,#1151,#775,.T.);
#1458=EDGE_CURVE('',#1046,#1133,#776,.T.);
#1459=EDGE_CURVE('',#1029,#1150,#777,.T.);
#1460=EDGE_CURVE('',#1045,#1134,#778,.T.);
#1461=EDGE_CURVE('',#1030,#1149,#779,.T.);
#1462=EDGE_CURVE('',#1044,#1135,#780,.T.);
#1463=EDGE_CURVE('',#1031,#1148,#781,.T.);
#1464=EDGE_CURVE('',#1043,#1136,#782,.T.);
#1465=EDGE_CURVE('',#1032,#1147,#783,.T.);
#1466=EDGE_CURVE('',#1042,#1137,#784,.T.);
#1467=EDGE_CURVE('',#1033,#1146,#785,.T.);
#1468=EDGE_CURVE('',#1041,#1138,#786,.T.);
#1469=EDGE_CURVE('',#1034,#1145,#787,.T.);
#1470=EDGE_CURVE('',#1040,#1139,#788,.T.);
#1471=EDGE_CURVE('',#1035,#1144,#789,.T.);
#1472=EDGE_CURVE('',#1039,#1140,#790,.T.);
#1473=EDGE_CURVE('',#1036,#1143,#791,.T.);
#1474=EDGE_CURVE('',#1038,#1141,#792,.T.);
#1475=EDGE_CURVE('',#1037,#1142,#793,.T.);
#1476=EDGE_CURVE('',#1152,#1048,#794,.T.);
#1477=EDGE_CURVE('',#1153,#1049,#795,.T.);
#1478=EDGE_CURVE('',#1154,#1050,#796,.T.);
#1479=EDGE_CURVE('',#1155,#1051,#797,.T.);
#1480=EDGE_CURVE('',#1156,#1052,#798,.T.);
#1481=EDGE_CURVE('',#1157,#1053,#799,.T.);
#1482=EDGE_CURVE('',#1158,#1054,#800,.T.);
#1483=EDGE_CURVE('',#1159,#1055,#801,.T.);
#1484=EDGE_CURVE('',#1160,#1056,#802,.T.);
#1485=EDGE_CURVE('',#1161,#1057,#803,.T.);
#1486=EDGE_CURVE('',#1162,#1058,#804,.T.);
#1487=EDGE_CURVE('',#1163,#1059,#805,.T.);
#1488=EDGE_CURVE('',#1164,#1060,#806,.T.);
#1489=EDGE_CURVE('',#1165,#1061,#807,.T.);
#1490=EDGE_CURVE('',#1166,#1062,#808,.T.);
#1491=EDGE_CURVE('',#1167,#1063,#809,.T.);
#1492=EDGE_CURVE('',#1168,#1064,#810,.T.);
#1493=EDGE_CURVE('',#1169,#1065,#811,.T.);
#1494=EDGE_CURVE('',#1170,#1066,#812,.T.);
#1495=EDGE_CURVE('',#1171,#1067,#813,.T.);
#1496=EDGE_CURVE('',#1172,#1068,#814,.T.);
#1497=EDGE_CURVE('',#1173,#1069,#815,.T.);
#1498=EDGE_CURVE('',#1174,#1070,#816,.T.);
#1499=EDGE_CURVE('',#1175,#1071,#817,.T.);
#1500=EDGE_CURVE('',#1176,#1072,#818,.T.);
#1501=EDGE_CURVE('',#1177,#1073,#819,.T.);
#1502=EDGE_CURVE('',#1178,#1074,#820,.T.);
#1503=EDGE_CURVE('',#1179,#1075,#821,.T.);
#1504=EDGE_CURVE('',#1180,#1076,#822,.T.);
#1505=EDGE_CURVE('',#1181,#1077,#823,.T.);
#1506=EDGE_CURVE('',#1182,#1078,#824,.T.);
#1507=EDGE_CURVE('',#1183,#1079,#825,.T.);
#1508=EDGE_CURVE('',#1184,#1080,#826,.T.);
#1509=EDGE_CURVE('',#1185,#1081,#827,.T.);
#1510=EDGE_CURVE('',#1186,#1082,#828,.T.);
#1511=EDGE_CURVE('',#1187,#1083,#829,.T.);
#1512=EDGE_CURVE('',#1188,#1084,#830,.T.);
#1513=EDGE_CURVE('',#1189,#1085,#831,.T.);
#1514=EDGE_CURVE('',#1190,#1086,#832,.T.);
#1515=EDGE_CURVE('',#1191,#1087,#833,.T.);
#1516=EDGE_CURVE('',#1192,#1088,#834,.T.);
#1517=EDGE_CURVE('',#1193,#1089,#835,.T.);
#1518=EDGE_CURVE('',#1194,#1090,#836,.T.);
#1519=EDGE_CURVE('',#1195,#1091,#837,.T.);
#1520=EDGE_CURVE('',#1196,#1092,#838,.T.);
#1521=EDGE_CURVE('',#1197,#1093,#839,.T.);
#1522=EDGE_CURVE('',#1198,#1094,#840,.T.);
#1523=EDGE_CURVE('',#1199,#1095,#841,.T.);
#1524=EDGE_CURVE('',#1200,#1096,#842,.T.);
#1525=EDGE_CURVE('',#1201,#1097,#843,.T.);
#1526=EDGE_CURVE('',#1202,#1098,#844,.T.);
#1527=EDGE_CURVE('',#1203,#1099,#845,.T.);
#1528=EDGE_CURVE('',#1204,#1100,#846,.T.);
#1529=EDGE_CURVE('',#1205,#1101,#847,.T.);
#1530=EDGE_CURVE('',#1206,#1102,#848,.T.);
#1531=EDGE_CURVE('',#1207,#1103,#849,.T.);
#1532=EDGE_CURVE('',#1208,#1104,#850,.T.);
#1533=EDGE_CURVE('',#1209,#1105,#851,.T.);
#1534=EDGE_CURVE('',#1210,#1106,#852,.T.);
#1535=EDGE_CURVE('',#1108,#1212,#853,.T.);
#1536=EDGE_CURVE('',#1107,#1211,#854,.T.);
#1537=EDGE_CURVE('',#1109,#1214,#855,.T.);
#1538=EDGE_CURVE('',#1110,#1213,#856,.T.);
#1539=EDGE_CURVE('',#1215,#1111,#857,.T.);
#1540=EDGE_CURVE('',#1216,#1112,#858,.T.);
#1541=EDGE_CURVE('',#1114,#1218,#859,.T.);
#1542=EDGE_CURVE('',#1113,#1217,#860,.T.);
#1543=EDGE_CURVE('',#1115,#1220,#861,.T.);
#1544=EDGE_CURVE('',#1116,#1219,#862,.T.);
#1545=EDGE_CURVE('',#1221,#1117,#863,.T.);
#1546=EDGE_CURVE('',#1222,#1118,#864,.T.);
#1547=EDGE_CURVE('',#1223,#1119,#865,.T.);
#1548=EDGE_CURVE('',#1224,#1120,#866,.T.);
#1549=EDGE_CURVE('',#1225,#1121,#867,.T.);
#1550=EDGE_CURVE('',#1226,#1122,#868,.T.);
#1551=EDGE_CURVE('',#1227,#1123,#869,.T.);
#1552=EDGE_CURVE('',#1228,#1124,#870,.T.);
#1553=EDGE_CURVE('',#1229,#1125,#871,.T.);
#1554=EDGE_CURVE('',#1230,#1126,#872,.T.);
#1555=EDGE_CURVE('',#1128,#1232,#873,.T.);
#1556=EDGE_CURVE('',#1127,#1231,#874,.T.);
#1557=EDGE_CURVE('',#1129,#1234,#875,.T.);
#1558=EDGE_CURVE('',#1130,#1233,#876,.T.);
#1559=EDGE_CURVE('',#1235,#1131,#877,.T.);
#1560=ORIENTED_EDGE('',*,*,#1236,.T.);
#1561=ORIENTED_EDGE('',*,*,#1237,.T.);
#1562=ORIENTED_EDGE('',*,*,#1238,.F.);
#1563=ORIENTED_EDGE('',*,*,#1239,.F.);
#1564=ORIENTED_EDGE('',*,*,#1240,.T.);
#1565=ORIENTED_EDGE('',*,*,#1241,.T.);
#1566=ORIENTED_EDGE('',*,*,#1236,.F.);
#1567=ORIENTED_EDGE('',*,*,#1242,.F.);
#1568=ORIENTED_EDGE('',*,*,#1238,.T.);
#1569=ORIENTED_EDGE('',*,*,#1243,.T.);
#1570=ORIENTED_EDGE('',*,*,#1244,.F.);
#1571=ORIENTED_EDGE('',*,*,#1245,.F.);
#1572=ORIENTED_EDGE('',*,*,#1239,.T.);
#1573=ORIENTED_EDGE('',*,*,#1245,.T.);
#1574=ORIENTED_EDGE('',*,*,#1246,.T.);
#1575=ORIENTED_EDGE('',*,*,#1247,.T.);
#1576=ORIENTED_EDGE('',*,*,#1248,.T.);
#1577=ORIENTED_EDGE('',*,*,#1249,.T.);
#1578=ORIENTED_EDGE('',*,*,#1250,.T.);
#1579=ORIENTED_EDGE('',*,*,#1251,.T.);
#1580=ORIENTED_EDGE('',*,*,#1252,.T.);
#1581=ORIENTED_EDGE('',*,*,#1253,.T.);
#1582=ORIENTED_EDGE('',*,*,#1254,.T.);
#1583=ORIENTED_EDGE('',*,*,#1255,.T.);
#1584=ORIENTED_EDGE('',*,*,#1256,.T.);
#1585=ORIENTED_EDGE('',*,*,#1257,.T.);
#1586=ORIENTED_EDGE('',*,*,#1258,.T.);
#1587=ORIENTED_EDGE('',*,*,#1259,.T.);
#1588=ORIENTED_EDGE('',*,*,#1260,.T.);
#1589=ORIENTED_EDGE('',*,*,#1261,.T.);
#1590=ORIENTED_EDGE('',*,*,#1262,.T.);
#1591=ORIENTED_EDGE('',*,*,#1263,.T.);
#1592=ORIENTED_EDGE('',*,*,#1264,.T.);
#1593=ORIENTED_EDGE('',*,*,#1265,.T.);
#1594=ORIENTED_EDGE('',*,*,#1266,.T.);
#1595=ORIENTED_EDGE('',*,*,#1242,.T.);
#1596=ORIENTED_EDGE('',*,*,#1267,.F.);
#1597=ORIENTED_EDGE('',*,*,#1268,.F.);
#1598=ORIENTED_EDGE('',*,*,#1269,.F.);
#1599=ORIENTED_EDGE('',*,*,#1270,.F.);
#1600=ORIENTED_EDGE('',*,*,#1271,.F.);
#1601=ORIENTED_EDGE('',*,*,#1272,.F.);
#1602=ORIENTED_EDGE('',*,*,#1273,.F.);
#1603=ORIENTED_EDGE('',*,*,#1274,.F.);
#1604=ORIENTED_EDGE('',*,*,#1275,.F.);
#1605=ORIENTED_EDGE('',*,*,#1276,.F.);
#1606=ORIENTED_EDGE('',*,*,#1277,.F.);
#1607=ORIENTED_EDGE('',*,*,#1278,.F.);
#1608=ORIENTED_EDGE('',*,*,#1279,.F.);
#1609=ORIENTED_EDGE('',*,*,#1280,.F.);
#1610=ORIENTED_EDGE('',*,*,#1281,.F.);
#1611=ORIENTED_EDGE('',*,*,#1282,.F.);
#1612=ORIENTED_EDGE('',*,*,#1283,.F.);
#1613=ORIENTED_EDGE('',*,*,#1284,.F.);
#1614=ORIENTED_EDGE('',*,*,#1285,.F.);
#1615=ORIENTED_EDGE('',*,*,#1286,.F.);
#1616=ORIENTED_EDGE('',*,*,#1287,.F.);
#1617=ORIENTED_EDGE('',*,*,#1288,.F.);
#1618=ORIENTED_EDGE('',*,*,#1289,.F.);
#1619=ORIENTED_EDGE('',*,*,#1290,.F.);
#1620=ORIENTED_EDGE('',*,*,#1291,.F.);
#1621=ORIENTED_EDGE('',*,*,#1292,.F.);
#1622=ORIENTED_EDGE('',*,*,#1293,.F.);
#1623=ORIENTED_EDGE('',*,*,#1294,.F.);
#1624=ORIENTED_EDGE('',*,*,#1295,.F.);
#1625=ORIENTED_EDGE('',*,*,#1296,.F.);
#1626=ORIENTED_EDGE('',*,*,#1297,.F.);
#1627=ORIENTED_EDGE('',*,*,#1298,.F.);
#1628=ORIENTED_EDGE('',*,*,#1299,.F.);
#1629=ORIENTED_EDGE('',*,*,#1300,.F.);
#1630=ORIENTED_EDGE('',*,*,#1301,.F.);
#1631=ORIENTED_EDGE('',*,*,#1302,.F.);
#1632=ORIENTED_EDGE('',*,*,#1303,.F.);
#1633=ORIENTED_EDGE('',*,*,#1304,.F.);
#1634=ORIENTED_EDGE('',*,*,#1305,.F.);
#1635=ORIENTED_EDGE('',*,*,#1306,.F.);
#1636=ORIENTED_EDGE('',*,*,#1307,.F.);
#1637=ORIENTED_EDGE('',*,*,#1308,.F.);
#1638=ORIENTED_EDGE('',*,*,#1309,.F.);
#1639=ORIENTED_EDGE('',*,*,#1310,.F.);
#1640=ORIENTED_EDGE('',*,*,#1311,.F.);
#1641=ORIENTED_EDGE('',*,*,#1312,.F.);
#1642=ORIENTED_EDGE('',*,*,#1313,.F.);
#1643=ORIENTED_EDGE('',*,*,#1314,.F.);
#1644=ORIENTED_EDGE('',*,*,#1315,.F.);
#1645=ORIENTED_EDGE('',*,*,#1316,.F.);
#1646=ORIENTED_EDGE('',*,*,#1317,.F.);
#1647=ORIENTED_EDGE('',*,*,#1318,.F.);
#1648=ORIENTED_EDGE('',*,*,#1319,.F.);
#1649=ORIENTED_EDGE('',*,*,#1320,.F.);
#1650=ORIENTED_EDGE('',*,*,#1321,.F.);
#1651=ORIENTED_EDGE('',*,*,#1322,.F.);
#1652=ORIENTED_EDGE('',*,*,#1323,.F.);
#1653=ORIENTED_EDGE('',*,*,#1324,.F.);
#1654=ORIENTED_EDGE('',*,*,#1325,.F.);
#1655=ORIENTED_EDGE('',*,*,#1326,.F.);
#1656=ORIENTED_EDGE('',*,*,#1327,.F.);
#1657=ORIENTED_EDGE('',*,*,#1328,.F.);
#1658=ORIENTED_EDGE('',*,*,#1329,.F.);
#1659=ORIENTED_EDGE('',*,*,#1330,.F.);
#1660=ORIENTED_EDGE('',*,*,#1331,.F.);
#1661=ORIENTED_EDGE('',*,*,#1332,.F.);
#1662=ORIENTED_EDGE('',*,*,#1333,.F.);
#1663=ORIENTED_EDGE('',*,*,#1334,.F.);
#1664=ORIENTED_EDGE('',*,*,#1335,.F.);
#1665=ORIENTED_EDGE('',*,*,#1336,.F.);
#1666=ORIENTED_EDGE('',*,*,#1337,.F.);
#1667=ORIENTED_EDGE('',*,*,#1338,.F.);
#1668=ORIENTED_EDGE('',*,*,#1339,.F.);
#1669=ORIENTED_EDGE('',*,*,#1340,.F.);
#1670=ORIENTED_EDGE('',*,*,#1341,.F.);
#1671=ORIENTED_EDGE('',*,*,#1342,.F.);
#1672=ORIENTED_EDGE('',*,*,#1343,.F.);
#1673=ORIENTED_EDGE('',*,*,#1344,.F.);
#1674=ORIENTED_EDGE('',*,*,#1345,.F.);
#1675=ORIENTED_EDGE('',*,*,#1346,.F.);
#1676=ORIENTED_EDGE('',*,*,#1347,.F.);
#1677=ORIENTED_EDGE('',*,*,#1348,.F.);
#1678=ORIENTED_EDGE('',*,*,#1349,.F.);
#1679=ORIENTED_EDGE('',*,*,#1350,.F.);
#1680=ORIENTED_EDGE('',*,*,#1237,.F.);
#1681=ORIENTED_EDGE('',*,*,#1241,.F.);
#1682=ORIENTED_EDGE('',*,*,#1351,.F.);
#1683=ORIENTED_EDGE('',*,*,#1352,.F.);
#1684=ORIENTED_EDGE('',*,*,#1353,.F.);
#1685=ORIENTED_EDGE('',*,*,#1354,.F.);
#1686=ORIENTED_EDGE('',*,*,#1355,.F.);
#1687=ORIENTED_EDGE('',*,*,#1356,.F.);
#1688=ORIENTED_EDGE('',*,*,#1357,.F.);
#1689=ORIENTED_EDGE('',*,*,#1358,.F.);
#1690=ORIENTED_EDGE('',*,*,#1359,.F.);
#1691=ORIENTED_EDGE('',*,*,#1360,.F.);
#1692=ORIENTED_EDGE('',*,*,#1361,.F.);
#1693=ORIENTED_EDGE('',*,*,#1362,.F.);
#1694=ORIENTED_EDGE('',*,*,#1363,.F.);
#1695=ORIENTED_EDGE('',*,*,#1364,.F.);
#1696=ORIENTED_EDGE('',*,*,#1365,.F.);
#1697=ORIENTED_EDGE('',*,*,#1366,.F.);
#1698=ORIENTED_EDGE('',*,*,#1367,.F.);
#1699=ORIENTED_EDGE('',*,*,#1368,.F.);
#1700=ORIENTED_EDGE('',*,*,#1369,.F.);
#1701=ORIENTED_EDGE('',*,*,#1370,.F.);
#1702=ORIENTED_EDGE('',*,*,#1371,.F.);
#1703=ORIENTED_EDGE('',*,*,#1243,.F.);
#1704=ORIENTED_EDGE('',*,*,#1372,.T.);
#1705=ORIENTED_EDGE('',*,*,#1373,.T.);
#1706=ORIENTED_EDGE('',*,*,#1374,.T.);
#1707=ORIENTED_EDGE('',*,*,#1375,.T.);
#1708=ORIENTED_EDGE('',*,*,#1376,.T.);
#1709=ORIENTED_EDGE('',*,*,#1377,.T.);
#1710=ORIENTED_EDGE('',*,*,#1378,.T.);
#1711=ORIENTED_EDGE('',*,*,#1379,.T.);
#1712=ORIENTED_EDGE('',*,*,#1380,.T.);
#1713=ORIENTED_EDGE('',*,*,#1381,.T.);
#1714=ORIENTED_EDGE('',*,*,#1382,.T.);
#1715=ORIENTED_EDGE('',*,*,#1383,.T.);
#1716=ORIENTED_EDGE('',*,*,#1384,.T.);
#1717=ORIENTED_EDGE('',*,*,#1385,.T.);
#1718=ORIENTED_EDGE('',*,*,#1386,.T.);
#1719=ORIENTED_EDGE('',*,*,#1387,.T.);
#1720=ORIENTED_EDGE('',*,*,#1388,.T.);
#1721=ORIENTED_EDGE('',*,*,#1389,.T.);
#1722=ORIENTED_EDGE('',*,*,#1390,.T.);
#1723=ORIENTED_EDGE('',*,*,#1391,.T.);
#1724=ORIENTED_EDGE('',*,*,#1392,.T.);
#1725=ORIENTED_EDGE('',*,*,#1393,.T.);
#1726=ORIENTED_EDGE('',*,*,#1394,.T.);
#1727=ORIENTED_EDGE('',*,*,#1395,.T.);
#1728=ORIENTED_EDGE('',*,*,#1396,.T.);
#1729=ORIENTED_EDGE('',*,*,#1397,.T.);
#1730=ORIENTED_EDGE('',*,*,#1398,.T.);
#1731=ORIENTED_EDGE('',*,*,#1399,.T.);
#1732=ORIENTED_EDGE('',*,*,#1400,.T.);
#1733=ORIENTED_EDGE('',*,*,#1401,.T.);
#1734=ORIENTED_EDGE('',*,*,#1402,.T.);
#1735=ORIENTED_EDGE('',*,*,#1403,.T.);
#1736=ORIENTED_EDGE('',*,*,#1404,.T.);
#1737=ORIENTED_EDGE('',*,*,#1405,.T.);
#1738=ORIENTED_EDGE('',*,*,#1406,.T.);
#1739=ORIENTED_EDGE('',*,*,#1407,.T.);
#1740=ORIENTED_EDGE('',*,*,#1408,.T.);
#1741=ORIENTED_EDGE('',*,*,#1409,.T.);
#1742=ORIENTED_EDGE('',*,*,#1410,.T.);
#1743=ORIENTED_EDGE('',*,*,#1411,.T.);
#1744=ORIENTED_EDGE('',*,*,#1412,.T.);
#1745=ORIENTED_EDGE('',*,*,#1413,.T.);
#1746=ORIENTED_EDGE('',*,*,#1414,.T.);
#1747=ORIENTED_EDGE('',*,*,#1415,.T.);
#1748=ORIENTED_EDGE('',*,*,#1416,.T.);
#1749=ORIENTED_EDGE('',*,*,#1417,.T.);
#1750=ORIENTED_EDGE('',*,*,#1418,.T.);
#1751=ORIENTED_EDGE('',*,*,#1419,.T.);
#1752=ORIENTED_EDGE('',*,*,#1420,.T.);
#1753=ORIENTED_EDGE('',*,*,#1421,.T.);
#1754=ORIENTED_EDGE('',*,*,#1422,.T.);
#1755=ORIENTED_EDGE('',*,*,#1423,.T.);
#1756=ORIENTED_EDGE('',*,*,#1424,.T.);
#1757=ORIENTED_EDGE('',*,*,#1425,.T.);
#1758=ORIENTED_EDGE('',*,*,#1426,.T.);
#1759=ORIENTED_EDGE('',*,*,#1427,.T.);
#1760=ORIENTED_EDGE('',*,*,#1428,.T.);
#1761=ORIENTED_EDGE('',*,*,#1429,.T.);
#1762=ORIENTED_EDGE('',*,*,#1430,.T.);
#1763=ORIENTED_EDGE('',*,*,#1431,.T.);
#1764=ORIENTED_EDGE('',*,*,#1432,.T.);
#1765=ORIENTED_EDGE('',*,*,#1433,.T.);
#1766=ORIENTED_EDGE('',*,*,#1434,.T.);
#1767=ORIENTED_EDGE('',*,*,#1435,.T.);
#1768=ORIENTED_EDGE('',*,*,#1436,.T.);
#1769=ORIENTED_EDGE('',*,*,#1437,.T.);
#1770=ORIENTED_EDGE('',*,*,#1438,.T.);
#1771=ORIENTED_EDGE('',*,*,#1439,.T.);
#1772=ORIENTED_EDGE('',*,*,#1440,.T.);
#1773=ORIENTED_EDGE('',*,*,#1441,.T.);
#1774=ORIENTED_EDGE('',*,*,#1442,.T.);
#1775=ORIENTED_EDGE('',*,*,#1443,.T.);
#1776=ORIENTED_EDGE('',*,*,#1444,.T.);
#1777=ORIENTED_EDGE('',*,*,#1445,.T.);
#1778=ORIENTED_EDGE('',*,*,#1446,.T.);
#1779=ORIENTED_EDGE('',*,*,#1447,.T.);
#1780=ORIENTED_EDGE('',*,*,#1448,.T.);
#1781=ORIENTED_EDGE('',*,*,#1449,.T.);
#1782=ORIENTED_EDGE('',*,*,#1450,.T.);
#1783=ORIENTED_EDGE('',*,*,#1451,.T.);
#1784=ORIENTED_EDGE('',*,*,#1452,.T.);
#1785=ORIENTED_EDGE('',*,*,#1453,.T.);
#1786=ORIENTED_EDGE('',*,*,#1454,.T.);
#1787=ORIENTED_EDGE('',*,*,#1455,.T.);
#1788=ORIENTED_EDGE('',*,*,#1456,.T.);
#1789=ORIENTED_EDGE('',*,*,#1351,.T.);
#1790=ORIENTED_EDGE('',*,*,#1240,.F.);
#1791=ORIENTED_EDGE('',*,*,#1266,.F.);
#1792=ORIENTED_EDGE('',*,*,#1244,.T.);
#1793=ORIENTED_EDGE('',*,*,#1371,.T.);
#1794=ORIENTED_EDGE('',*,*,#1457,.F.);
#1795=ORIENTED_EDGE('',*,*,#1246,.F.);
#1796=ORIENTED_EDGE('',*,*,#1458,.T.);
#1797=ORIENTED_EDGE('',*,*,#1352,.T.);
#1798=ORIENTED_EDGE('',*,*,#1456,.F.);
#1799=ORIENTED_EDGE('',*,*,#1265,.F.);
#1800=ORIENTED_EDGE('',*,*,#1457,.T.);
#1801=ORIENTED_EDGE('',*,*,#1370,.T.);
#1802=ORIENTED_EDGE('',*,*,#1459,.F.);
#1803=ORIENTED_EDGE('',*,*,#1247,.F.);
#1804=ORIENTED_EDGE('',*,*,#1460,.T.);
#1805=ORIENTED_EDGE('',*,*,#1353,.T.);
#1806=ORIENTED_EDGE('',*,*,#1458,.F.);
#1807=ORIENTED_EDGE('',*,*,#1264,.F.);
#1808=ORIENTED_EDGE('',*,*,#1459,.T.);
#1809=ORIENTED_EDGE('',*,*,#1369,.T.);
#1810=ORIENTED_EDGE('',*,*,#1461,.F.);
#1811=ORIENTED_EDGE('',*,*,#1248,.F.);
#1812=ORIENTED_EDGE('',*,*,#1462,.T.);
#1813=ORIENTED_EDGE('',*,*,#1354,.T.);
#1814=ORIENTED_EDGE('',*,*,#1460,.F.);
#1815=ORIENTED_EDGE('',*,*,#1263,.F.);
#1816=ORIENTED_EDGE('',*,*,#1461,.T.);
#1817=ORIENTED_EDGE('',*,*,#1368,.T.);
#1818=ORIENTED_EDGE('',*,*,#1463,.F.);
#1819=ORIENTED_EDGE('',*,*,#1249,.F.);
#1820=ORIENTED_EDGE('',*,*,#1464,.T.);
#1821=ORIENTED_EDGE('',*,*,#1355,.T.);
#1822=ORIENTED_EDGE('',*,*,#1462,.F.);
#1823=ORIENTED_EDGE('',*,*,#1262,.F.);
#1824=ORIENTED_EDGE('',*,*,#1463,.T.);
#1825=ORIENTED_EDGE('',*,*,#1367,.T.);
#1826=ORIENTED_EDGE('',*,*,#1465,.F.);
#1827=ORIENTED_EDGE('',*,*,#1250,.F.);
#1828=ORIENTED_EDGE('',*,*,#1466,.T.);
#1829=ORIENTED_EDGE('',*,*,#1356,.T.);
#1830=ORIENTED_EDGE('',*,*,#1464,.F.);
#1831=ORIENTED_EDGE('',*,*,#1261,.F.);
#1832=ORIENTED_EDGE('',*,*,#1465,.T.);
#1833=ORIENTED_EDGE('',*,*,#1366,.T.);
#1834=ORIENTED_EDGE('',*,*,#1467,.F.);
#1835=ORIENTED_EDGE('',*,*,#1251,.F.);
#1836=ORIENTED_EDGE('',*,*,#1468,.T.);
#1837=ORIENTED_EDGE('',*,*,#1357,.T.);
#1838=ORIENTED_EDGE('',*,*,#1466,.F.);
#1839=ORIENTED_EDGE('',*,*,#1260,.F.);
#1840=ORIENTED_EDGE('',*,*,#1467,.T.);
#1841=ORIENTED_EDGE('',*,*,#1365,.T.);
#1842=ORIENTED_EDGE('',*,*,#1469,.F.);
#1843=ORIENTED_EDGE('',*,*,#1252,.F.);
#1844=ORIENTED_EDGE('',*,*,#1470,.T.);
#1845=ORIENTED_EDGE('',*,*,#1358,.T.);
#1846=ORIENTED_EDGE('',*,*,#1468,.F.);
#1847=ORIENTED_EDGE('',*,*,#1259,.F.);
#1848=ORIENTED_EDGE('',*,*,#1469,.T.);
#1849=ORIENTED_EDGE('',*,*,#1364,.T.);
#1850=ORIENTED_EDGE('',*,*,#1471,.F.);
#1851=ORIENTED_EDGE('',*,*,#1253,.F.);
#1852=ORIENTED_EDGE('',*,*,#1472,.T.);
#1853=ORIENTED_EDGE('',*,*,#1359,.T.);
#1854=ORIENTED_EDGE('',*,*,#1470,.F.);
#1855=ORIENTED_EDGE('',*,*,#1258,.F.);
#1856=ORIENTED_EDGE('',*,*,#1471,.T.);
#1857=ORIENTED_EDGE('',*,*,#1363,.T.);
#1858=ORIENTED_EDGE('',*,*,#1473,.F.);
#1859=ORIENTED_EDGE('',*,*,#1254,.F.);
#1860=ORIENTED_EDGE('',*,*,#1474,.T.);
#1861=ORIENTED_EDGE('',*,*,#1360,.T.);
#1862=ORIENTED_EDGE('',*,*,#1472,.F.);
#1863=ORIENTED_EDGE('',*,*,#1257,.F.);
#1864=ORIENTED_EDGE('',*,*,#1473,.T.);
#1865=ORIENTED_EDGE('',*,*,#1362,.T.);
#1866=ORIENTED_EDGE('',*,*,#1475,.F.);
#1867=ORIENTED_EDGE('',*,*,#1255,.F.);
#1868=ORIENTED_EDGE('',*,*,#1475,.T.);
#1869=ORIENTED_EDGE('',*,*,#1361,.T.);
#1870=ORIENTED_EDGE('',*,*,#1474,.F.);
#1871=ORIENTED_EDGE('',*,*,#1256,.F.);
#1872=ORIENTED_EDGE('',*,*,#1372,.F.);
#1873=ORIENTED_EDGE('',*,*,#1476,.T.);
#1874=ORIENTED_EDGE('',*,*,#1267,.T.);
#1875=ORIENTED_EDGE('',*,*,#1476,.F.);
#1876=ORIENTED_EDGE('',*,*,#1373,.F.);
#1877=ORIENTED_EDGE('',*,*,#1477,.T.);
#1878=ORIENTED_EDGE('',*,*,#1268,.T.);
#1879=ORIENTED_EDGE('',*,*,#1477,.F.);
#1880=ORIENTED_EDGE('',*,*,#1374,.F.);
#1881=ORIENTED_EDGE('',*,*,#1478,.T.);
#1882=ORIENTED_EDGE('',*,*,#1269,.T.);
#1883=ORIENTED_EDGE('',*,*,#1478,.F.);
#1884=ORIENTED_EDGE('',*,*,#1375,.F.);
#1885=ORIENTED_EDGE('',*,*,#1479,.T.);
#1886=ORIENTED_EDGE('',*,*,#1270,.T.);
#1887=ORIENTED_EDGE('',*,*,#1479,.F.);
#1888=ORIENTED_EDGE('',*,*,#1376,.F.);
#1889=ORIENTED_EDGE('',*,*,#1480,.T.);
#1890=ORIENTED_EDGE('',*,*,#1271,.T.);
#1891=ORIENTED_EDGE('',*,*,#1480,.F.);
#1892=ORIENTED_EDGE('',*,*,#1377,.F.);
#1893=ORIENTED_EDGE('',*,*,#1481,.T.);
#1894=ORIENTED_EDGE('',*,*,#1272,.T.);
#1895=ORIENTED_EDGE('',*,*,#1481,.F.);
#1896=ORIENTED_EDGE('',*,*,#1378,.F.);
#1897=ORIENTED_EDGE('',*,*,#1482,.T.);
#1898=ORIENTED_EDGE('',*,*,#1273,.T.);
#1899=ORIENTED_EDGE('',*,*,#1482,.F.);
#1900=ORIENTED_EDGE('',*,*,#1379,.F.);
#1901=ORIENTED_EDGE('',*,*,#1483,.T.);
#1902=ORIENTED_EDGE('',*,*,#1274,.T.);
#1903=ORIENTED_EDGE('',*,*,#1483,.F.);
#1904=ORIENTED_EDGE('',*,*,#1380,.F.);
#1905=ORIENTED_EDGE('',*,*,#1484,.T.);
#1906=ORIENTED_EDGE('',*,*,#1275,.T.);
#1907=ORIENTED_EDGE('',*,*,#1484,.F.);
#1908=ORIENTED_EDGE('',*,*,#1381,.F.);
#1909=ORIENTED_EDGE('',*,*,#1485,.T.);
#1910=ORIENTED_EDGE('',*,*,#1276,.T.);
#1911=ORIENTED_EDGE('',*,*,#1485,.F.);
#1912=ORIENTED_EDGE('',*,*,#1382,.F.);
#1913=ORIENTED_EDGE('',*,*,#1486,.T.);
#1914=ORIENTED_EDGE('',*,*,#1277,.T.);
#1915=ORIENTED_EDGE('',*,*,#1486,.F.);
#1916=ORIENTED_EDGE('',*,*,#1383,.F.);
#1917=ORIENTED_EDGE('',*,*,#1487,.T.);
#1918=ORIENTED_EDGE('',*,*,#1278,.T.);
#1919=ORIENTED_EDGE('',*,*,#1487,.F.);
#1920=ORIENTED_EDGE('',*,*,#1384,.F.);
#1921=ORIENTED_EDGE('',*,*,#1488,.T.);
#1922=ORIENTED_EDGE('',*,*,#1279,.T.);
#1923=ORIENTED_EDGE('',*,*,#1488,.F.);
#1924=ORIENTED_EDGE('',*,*,#1385,.F.);
#1925=ORIENTED_EDGE('',*,*,#1489,.T.);
#1926=ORIENTED_EDGE('',*,*,#1280,.T.);
#1927=ORIENTED_EDGE('',*,*,#1489,.F.);
#1928=ORIENTED_EDGE('',*,*,#1386,.F.);
#1929=ORIENTED_EDGE('',*,*,#1490,.T.);
#1930=ORIENTED_EDGE('',*,*,#1281,.T.);
#1931=ORIENTED_EDGE('',*,*,#1490,.F.);
#1932=ORIENTED_EDGE('',*,*,#1387,.F.);
#1933=ORIENTED_EDGE('',*,*,#1491,.T.);
#1934=ORIENTED_EDGE('',*,*,#1282,.T.);
#1935=ORIENTED_EDGE('',*,*,#1491,.F.);
#1936=ORIENTED_EDGE('',*,*,#1388,.F.);
#1937=ORIENTED_EDGE('',*,*,#1492,.T.);
#1938=ORIENTED_EDGE('',*,*,#1283,.T.);
#1939=ORIENTED_EDGE('',*,*,#1492,.F.);
#1940=ORIENTED_EDGE('',*,*,#1389,.F.);
#1941=ORIENTED_EDGE('',*,*,#1493,.T.);
#1942=ORIENTED_EDGE('',*,*,#1284,.T.);
#1943=ORIENTED_EDGE('',*,*,#1493,.F.);
#1944=ORIENTED_EDGE('',*,*,#1390,.F.);
#1945=ORIENTED_EDGE('',*,*,#1494,.T.);
#1946=ORIENTED_EDGE('',*,*,#1285,.T.);
#1947=ORIENTED_EDGE('',*,*,#1494,.F.);
#1948=ORIENTED_EDGE('',*,*,#1391,.F.);
#1949=ORIENTED_EDGE('',*,*,#1495,.T.);
#1950=ORIENTED_EDGE('',*,*,#1286,.T.);
#1951=ORIENTED_EDGE('',*,*,#1495,.F.);
#1952=ORIENTED_EDGE('',*,*,#1392,.F.);
#1953=ORIENTED_EDGE('',*,*,#1496,.T.);
#1954=ORIENTED_EDGE('',*,*,#1287,.T.);
#1955=ORIENTED_EDGE('',*,*,#1496,.F.);
#1956=ORIENTED_EDGE('',*,*,#1393,.F.);
#1957=ORIENTED_EDGE('',*,*,#1497,.T.);
#1958=ORIENTED_EDGE('',*,*,#1288,.T.);
#1959=ORIENTED_EDGE('',*,*,#1497,.F.);
#1960=ORIENTED_EDGE('',*,*,#1394,.F.);
#1961=ORIENTED_EDGE('',*,*,#1498,.T.);
#1962=ORIENTED_EDGE('',*,*,#1289,.T.);
#1963=ORIENTED_EDGE('',*,*,#1498,.F.);
#1964=ORIENTED_EDGE('',*,*,#1395,.F.);
#1965=ORIENTED_EDGE('',*,*,#1499,.T.);
#1966=ORIENTED_EDGE('',*,*,#1290,.T.);
#1967=ORIENTED_EDGE('',*,*,#1499,.F.);
#1968=ORIENTED_EDGE('',*,*,#1396,.F.);
#1969=ORIENTED_EDGE('',*,*,#1500,.T.);
#1970=ORIENTED_EDGE('',*,*,#1291,.T.);
#1971=ORIENTED_EDGE('',*,*,#1500,.F.);
#1972=ORIENTED_EDGE('',*,*,#1397,.F.);
#1973=ORIENTED_EDGE('',*,*,#1501,.T.);
#1974=ORIENTED_EDGE('',*,*,#1292,.T.);
#1975=ORIENTED_EDGE('',*,*,#1501,.F.);
#1976=ORIENTED_EDGE('',*,*,#1398,.F.);
#1977=ORIENTED_EDGE('',*,*,#1502,.T.);
#1978=ORIENTED_EDGE('',*,*,#1293,.T.);
#1979=ORIENTED_EDGE('',*,*,#1502,.F.);
#1980=ORIENTED_EDGE('',*,*,#1399,.F.);
#1981=ORIENTED_EDGE('',*,*,#1503,.T.);
#1982=ORIENTED_EDGE('',*,*,#1294,.T.);
#1983=ORIENTED_EDGE('',*,*,#1503,.F.);
#1984=ORIENTED_EDGE('',*,*,#1400,.F.);
#1985=ORIENTED_EDGE('',*,*,#1504,.T.);
#1986=ORIENTED_EDGE('',*,*,#1295,.T.);
#1987=ORIENTED_EDGE('',*,*,#1504,.F.);
#1988=ORIENTED_EDGE('',*,*,#1401,.F.);
#1989=ORIENTED_EDGE('',*,*,#1505,.T.);
#1990=ORIENTED_EDGE('',*,*,#1296,.T.);
#1991=ORIENTED_EDGE('',*,*,#1505,.F.);
#1992=ORIENTED_EDGE('',*,*,#1402,.F.);
#1993=ORIENTED_EDGE('',*,*,#1506,.T.);
#1994=ORIENTED_EDGE('',*,*,#1297,.T.);
#1995=ORIENTED_EDGE('',*,*,#1506,.F.);
#1996=ORIENTED_EDGE('',*,*,#1403,.F.);
#1997=ORIENTED_EDGE('',*,*,#1507,.T.);
#1998=ORIENTED_EDGE('',*,*,#1298,.T.);
#1999=ORIENTED_EDGE('',*,*,#1507,.F.);
#2000=ORIENTED_EDGE('',*,*,#1404,.F.);
#2001=ORIENTED_EDGE('',*,*,#1508,.T.);
#2002=ORIENTED_EDGE('',*,*,#1299,.T.);
#2003=ORIENTED_EDGE('',*,*,#1508,.F.);
#2004=ORIENTED_EDGE('',*,*,#1405,.F.);
#2005=ORIENTED_EDGE('',*,*,#1509,.T.);
#2006=ORIENTED_EDGE('',*,*,#1300,.T.);
#2007=ORIENTED_EDGE('',*,*,#1509,.F.);
#2008=ORIENTED_EDGE('',*,*,#1406,.F.);
#2009=ORIENTED_EDGE('',*,*,#1510,.T.);
#2010=ORIENTED_EDGE('',*,*,#1301,.T.);
#2011=ORIENTED_EDGE('',*,*,#1510,.F.);
#2012=ORIENTED_EDGE('',*,*,#1407,.F.);
#2013=ORIENTED_EDGE('',*,*,#1511,.T.);
#2014=ORIENTED_EDGE('',*,*,#1302,.T.);
#2015=ORIENTED_EDGE('',*,*,#1511,.F.);
#2016=ORIENTED_EDGE('',*,*,#1408,.F.);
#2017=ORIENTED_EDGE('',*,*,#1512,.T.);
#2018=ORIENTED_EDGE('',*,*,#1303,.T.);
#2019=ORIENTED_EDGE('',*,*,#1512,.F.);
#2020=ORIENTED_EDGE('',*,*,#1409,.F.);
#2021=ORIENTED_EDGE('',*,*,#1513,.T.);
#2022=ORIENTED_EDGE('',*,*,#1304,.T.);
#2023=ORIENTED_EDGE('',*,*,#1513,.F.);
#2024=ORIENTED_EDGE('',*,*,#1410,.F.);
#2025=ORIENTED_EDGE('',*,*,#1514,.T.);
#2026=ORIENTED_EDGE('',*,*,#1305,.T.);
#2027=ORIENTED_EDGE('',*,*,#1514,.F.);
#2028=ORIENTED_EDGE('',*,*,#1411,.F.);
#2029=ORIENTED_EDGE('',*,*,#1515,.T.);
#2030=ORIENTED_EDGE('',*,*,#1306,.T.);
#2031=ORIENTED_EDGE('',*,*,#1515,.F.);
#2032=ORIENTED_EDGE('',*,*,#1412,.F.);
#2033=ORIENTED_EDGE('',*,*,#1516,.T.);
#2034=ORIENTED_EDGE('',*,*,#1307,.T.);
#2035=ORIENTED_EDGE('',*,*,#1516,.F.);
#2036=ORIENTED_EDGE('',*,*,#1413,.F.);
#2037=ORIENTED_EDGE('',*,*,#1517,.T.);
#2038=ORIENTED_EDGE('',*,*,#1308,.T.);
#2039=ORIENTED_EDGE('',*,*,#1517,.F.);
#2040=ORIENTED_EDGE('',*,*,#1414,.F.);
#2041=ORIENTED_EDGE('',*,*,#1518,.T.);
#2042=ORIENTED_EDGE('',*,*,#1309,.T.);
#2043=ORIENTED_EDGE('',*,*,#1518,.F.);
#2044=ORIENTED_EDGE('',*,*,#1415,.F.);
#2045=ORIENTED_EDGE('',*,*,#1519,.T.);
#2046=ORIENTED_EDGE('',*,*,#1310,.T.);
#2047=ORIENTED_EDGE('',*,*,#1519,.F.);
#2048=ORIENTED_EDGE('',*,*,#1416,.F.);
#2049=ORIENTED_EDGE('',*,*,#1520,.T.);
#2050=ORIENTED_EDGE('',*,*,#1311,.T.);
#2051=ORIENTED_EDGE('',*,*,#1520,.F.);
#2052=ORIENTED_EDGE('',*,*,#1417,.F.);
#2053=ORIENTED_EDGE('',*,*,#1521,.T.);
#2054=ORIENTED_EDGE('',*,*,#1312,.T.);
#2055=ORIENTED_EDGE('',*,*,#1521,.F.);
#2056=ORIENTED_EDGE('',*,*,#1418,.F.);
#2057=ORIENTED_EDGE('',*,*,#1522,.T.);
#2058=ORIENTED_EDGE('',*,*,#1313,.T.);
#2059=ORIENTED_EDGE('',*,*,#1522,.F.);
#2060=ORIENTED_EDGE('',*,*,#1419,.F.);
#2061=ORIENTED_EDGE('',*,*,#1523,.T.);
#2062=ORIENTED_EDGE('',*,*,#1314,.T.);
#2063=ORIENTED_EDGE('',*,*,#1523,.F.);
#2064=ORIENTED_EDGE('',*,*,#1420,.F.);
#2065=ORIENTED_EDGE('',*,*,#1524,.T.);
#2066=ORIENTED_EDGE('',*,*,#1315,.T.);
#2067=ORIENTED_EDGE('',*,*,#1524,.F.);
#2068=ORIENTED_EDGE('',*,*,#1421,.F.);
#2069=ORIENTED_EDGE('',*,*,#1525,.T.);
#2070=ORIENTED_EDGE('',*,*,#1316,.T.);
#2071=ORIENTED_EDGE('',*,*,#1525,.F.);
#2072=ORIENTED_EDGE('',*,*,#1422,.F.);
#2073=ORIENTED_EDGE('',*,*,#1526,.T.);
#2074=ORIENTED_EDGE('',*,*,#1317,.T.);
#2075=ORIENTED_EDGE('',*,*,#1526,.F.);
#2076=ORIENTED_EDGE('',*,*,#1423,.F.);
#2077=ORIENTED_EDGE('',*,*,#1527,.T.);
#2078=ORIENTED_EDGE('',*,*,#1318,.T.);
#2079=ORIENTED_EDGE('',*,*,#1527,.F.);
#2080=ORIENTED_EDGE('',*,*,#1424,.F.);
#2081=ORIENTED_EDGE('',*,*,#1528,.T.);
#2082=ORIENTED_EDGE('',*,*,#1319,.T.);
#2083=ORIENTED_EDGE('',*,*,#1528,.F.);
#2084=ORIENTED_EDGE('',*,*,#1425,.F.);
#2085=ORIENTED_EDGE('',*,*,#1529,.T.);
#2086=ORIENTED_EDGE('',*,*,#1320,.T.);
#2087=ORIENTED_EDGE('',*,*,#1529,.F.);
#2088=ORIENTED_EDGE('',*,*,#1426,.F.);
#2089=ORIENTED_EDGE('',*,*,#1530,.T.);
#2090=ORIENTED_EDGE('',*,*,#1321,.T.);
#2091=ORIENTED_EDGE('',*,*,#1530,.F.);
#2092=ORIENTED_EDGE('',*,*,#1427,.F.);
#2093=ORIENTED_EDGE('',*,*,#1531,.T.);
#2094=ORIENTED_EDGE('',*,*,#1322,.T.);
#2095=ORIENTED_EDGE('',*,*,#1531,.F.);
#2096=ORIENTED_EDGE('',*,*,#1428,.F.);
#2097=ORIENTED_EDGE('',*,*,#1532,.T.);
#2098=ORIENTED_EDGE('',*,*,#1323,.T.);
#2099=ORIENTED_EDGE('',*,*,#1532,.F.);
#2100=ORIENTED_EDGE('',*,*,#1429,.F.);
#2101=ORIENTED_EDGE('',*,*,#1533,.T.);
#2102=ORIENTED_EDGE('',*,*,#1324,.T.);
#2103=ORIENTED_EDGE('',*,*,#1533,.F.);
#2104=ORIENTED_EDGE('',*,*,#1430,.F.);
#2105=ORIENTED_EDGE('',*,*,#1534,.T.);
#2106=ORIENTED_EDGE('',*,*,#1325,.T.);
#2107=ORIENTED_EDGE('',*,*,#1534,.F.);
#2108=ORIENTED_EDGE('',*,*,#1326,.T.);
#2109=ORIENTED_EDGE('',*,*,#1535,.T.);
#2110=ORIENTED_EDGE('',*,*,#1431,.F.);
#2111=ORIENTED_EDGE('',*,*,#1536,.F.);
#2112=ORIENTED_EDGE('',*,*,#1327,.T.);
#2113=ORIENTED_EDGE('',*,*,#1536,.T.);
#2114=ORIENTED_EDGE('',*,*,#1434,.F.);
#2115=ORIENTED_EDGE('',*,*,#1537,.F.);
#2116=ORIENTED_EDGE('',*,*,#1328,.T.);
#2117=ORIENTED_EDGE('',*,*,#1537,.T.);
#2118=ORIENTED_EDGE('',*,*,#1433,.F.);
#2119=ORIENTED_EDGE('',*,*,#1538,.F.);
#2120=ORIENTED_EDGE('',*,*,#1329,.T.);
#2121=ORIENTED_EDGE('',*,*,#1538,.T.);
#2122=ORIENTED_EDGE('',*,*,#1432,.F.);
#2123=ORIENTED_EDGE('',*,*,#1535,.F.);
#2124=ORIENTED_EDGE('',*,*,#1435,.F.);
#2125=ORIENTED_EDGE('',*,*,#1539,.T.);
#2126=ORIENTED_EDGE('',*,*,#1330,.T.);
#2127=ORIENTED_EDGE('',*,*,#1539,.F.);
#2128=ORIENTED_EDGE('',*,*,#1436,.F.);
#2129=ORIENTED_EDGE('',*,*,#1540,.T.);
#2130=ORIENTED_EDGE('',*,*,#1331,.T.);
#2131=ORIENTED_EDGE('',*,*,#1540,.F.);
#2132=ORIENTED_EDGE('',*,*,#1332,.T.);
#2133=ORIENTED_EDGE('',*,*,#1541,.T.);
#2134=ORIENTED_EDGE('',*,*,#1437,.F.);
#2135=ORIENTED_EDGE('',*,*,#1542,.F.);
#2136=ORIENTED_EDGE('',*,*,#1333,.T.);
#2137=ORIENTED_EDGE('',*,*,#1542,.T.);
#2138=ORIENTED_EDGE('',*,*,#1440,.F.);
#2139=ORIENTED_EDGE('',*,*,#1543,.F.);
#2140=ORIENTED_EDGE('',*,*,#1334,.T.);
#2141=ORIENTED_EDGE('',*,*,#1543,.T.);
#2142=ORIENTED_EDGE('',*,*,#1439,.F.);
#2143=ORIENTED_EDGE('',*,*,#1544,.F.);
#2144=ORIENTED_EDGE('',*,*,#1335,.T.);
#2145=ORIENTED_EDGE('',*,*,#1544,.T.);
#2146=ORIENTED_EDGE('',*,*,#1438,.F.);
#2147=ORIENTED_EDGE('',*,*,#1541,.F.);
#2148=ORIENTED_EDGE('',*,*,#1441,.F.);
#2149=ORIENTED_EDGE('',*,*,#1545,.T.);
#2150=ORIENTED_EDGE('',*,*,#1336,.T.);
#2151=ORIENTED_EDGE('',*,*,#1545,.F.);
#2152=ORIENTED_EDGE('',*,*,#1442,.F.);
#2153=ORIENTED_EDGE('',*,*,#1546,.T.);
#2154=ORIENTED_EDGE('',*,*,#1337,.T.);
#2155=ORIENTED_EDGE('',*,*,#1546,.F.);
#2156=ORIENTED_EDGE('',*,*,#1443,.F.);
#2157=ORIENTED_EDGE('',*,*,#1547,.T.);
#2158=ORIENTED_EDGE('',*,*,#1338,.T.);
#2159=ORIENTED_EDGE('',*,*,#1547,.F.);
#2160=ORIENTED_EDGE('',*,*,#1444,.F.);
#2161=ORIENTED_EDGE('',*,*,#1548,.T.);
#2162=ORIENTED_EDGE('',*,*,#1339,.T.);
#2163=ORIENTED_EDGE('',*,*,#1548,.F.);
#2164=ORIENTED_EDGE('',*,*,#1445,.F.);
#2165=ORIENTED_EDGE('',*,*,#1549,.T.);
#2166=ORIENTED_EDGE('',*,*,#1340,.T.);
#2167=ORIENTED_EDGE('',*,*,#1549,.F.);
#2168=ORIENTED_EDGE('',*,*,#1446,.F.);
#2169=ORIENTED_EDGE('',*,*,#1550,.T.);
#2170=ORIENTED_EDGE('',*,*,#1341,.T.);
#2171=ORIENTED_EDGE('',*,*,#1550,.F.);
#2172=ORIENTED_EDGE('',*,*,#1447,.F.);
#2173=ORIENTED_EDGE('',*,*,#1551,.T.);
#2174=ORIENTED_EDGE('',*,*,#1342,.T.);
#2175=ORIENTED_EDGE('',*,*,#1551,.F.);
#2176=ORIENTED_EDGE('',*,*,#1448,.F.);
#2177=ORIENTED_EDGE('',*,*,#1552,.T.);
#2178=ORIENTED_EDGE('',*,*,#1343,.T.);
#2179=ORIENTED_EDGE('',*,*,#1552,.F.);
#2180=ORIENTED_EDGE('',*,*,#1449,.F.);
#2181=ORIENTED_EDGE('',*,*,#1553,.T.);
#2182=ORIENTED_EDGE('',*,*,#1344,.T.);
#2183=ORIENTED_EDGE('',*,*,#1553,.F.);
#2184=ORIENTED_EDGE('',*,*,#1450,.F.);
#2185=ORIENTED_EDGE('',*,*,#1554,.T.);
#2186=ORIENTED_EDGE('',*,*,#1345,.T.);
#2187=ORIENTED_EDGE('',*,*,#1554,.F.);
#2188=ORIENTED_EDGE('',*,*,#1346,.T.);
#2189=ORIENTED_EDGE('',*,*,#1555,.T.);
#2190=ORIENTED_EDGE('',*,*,#1451,.F.);
#2191=ORIENTED_EDGE('',*,*,#1556,.F.);
#2192=ORIENTED_EDGE('',*,*,#1347,.T.);
#2193=ORIENTED_EDGE('',*,*,#1556,.T.);
#2194=ORIENTED_EDGE('',*,*,#1454,.F.);
#2195=ORIENTED_EDGE('',*,*,#1557,.F.);
#2196=ORIENTED_EDGE('',*,*,#1348,.T.);
#2197=ORIENTED_EDGE('',*,*,#1557,.T.);
#2198=ORIENTED_EDGE('',*,*,#1453,.F.);
#2199=ORIENTED_EDGE('',*,*,#1558,.F.);
#2200=ORIENTED_EDGE('',*,*,#1349,.T.);
#2201=ORIENTED_EDGE('',*,*,#1558,.T.);
#2202=ORIENTED_EDGE('',*,*,#1452,.F.);
#2203=ORIENTED_EDGE('',*,*,#1555,.F.);
#2204=ORIENTED_EDGE('',*,*,#1455,.F.);
#2205=ORIENTED_EDGE('',*,*,#1559,.T.);
#2206=ORIENTED_EDGE('',*,*,#1350,.T.);
#2207=ORIENTED_EDGE('',*,*,#1559,.F.);
#2208=CYLINDRICAL_SURFACE('',#2423,1.650999302616);
#2209=CYLINDRICAL_SURFACE('',#2610,1.650997595521);
#2210=CYLINDRICAL_SURFACE('',#2611,13.538225843063);
#2211=CYLINDRICAL_SURFACE('',#2614,13.538480186269);
#2212=CYLINDRICAL_SURFACE('',#2615,13.207992415378);
#2213=CYLINDRICAL_SURFACE('',#2618,13.207994991134);
#2214=CYLINDRICAL_SURFACE('',#2619,12.459161862475);
#2215=CYLINDRICAL_SURFACE('',#2622,12.459166801643);
#2216=CYLINDRICAL_SURFACE('',#2623,1.651016168588);
#2217=CYLINDRICAL_SURFACE('',#2625,3.699112061403);
#2218=CYLINDRICAL_SURFACE('',#2626,1.65100077302);
#2219=CYLINDRICAL_SURFACE('',#2628,3.698931331364);
#2220=CYLINDRICAL_SURFACE('',#2629,6.151469552209);
#2221=CYLINDRICAL_SURFACE('',#2631,1.05);
#2222=CYLINDRICAL_SURFACE('',#2632,0.55);
#2223=CYLINDRICAL_SURFACE('',#2633,0.55);
#2224=CYLINDRICAL_SURFACE('',#2634,1.05);
#2225=CYLINDRICAL_SURFACE('',#2635,0.508);
#2226=CYLINDRICAL_SURFACE('',#2636,0.508);
#2227=CYLINDRICAL_SURFACE('',#2637,0.508);
#2228=CYLINDRICAL_SURFACE('',#2638,0.55);
#2229=CYLINDRICAL_SURFACE('',#2639,0.55);
#2230=CYLINDRICAL_SURFACE('',#2640,0.55);
#2231=CYLINDRICAL_SURFACE('',#2641,0.55);
#2232=CYLINDRICAL_SURFACE('',#2642,0.4);
#2233=CYLINDRICAL_SURFACE('',#2643,0.4);
#2234=CYLINDRICAL_SURFACE('',#2644,0.508);
#2235=CYLINDRICAL_SURFACE('',#2645,0.508);
#2236=CYLINDRICAL_SURFACE('',#2646,0.508);
#2237=CYLINDRICAL_SURFACE('',#2647,0.55);
#2238=CYLINDRICAL_SURFACE('',#2648,0.55);
#2239=CYLINDRICAL_SURFACE('',#2649,0.55);
#2240=CYLINDRICAL_SURFACE('',#2650,0.55);
#2241=CYLINDRICAL_SURFACE('',#2651,0.381);
#2242=CYLINDRICAL_SURFACE('',#2652,0.381);
#2243=CYLINDRICAL_SURFACE('',#2653,0.381);
#2244=CYLINDRICAL_SURFACE('',#2654,0.381);
#2245=CYLINDRICAL_SURFACE('',#2655,0.381);
#2246=CYLINDRICAL_SURFACE('',#2656,0.55);
#2247=CYLINDRICAL_SURFACE('',#2657,0.55);
#2248=CYLINDRICAL_SURFACE('',#2658,0.381);
#2249=CYLINDRICAL_SURFACE('',#2659,0.381);
#2250=CYLINDRICAL_SURFACE('',#2660,0.381);
#2251=CYLINDRICAL_SURFACE('',#2661,0.381);
#2252=CYLINDRICAL_SURFACE('',#2662,0.381);
#2253=CYLINDRICAL_SURFACE('',#2663,1.05);
#2254=CYLINDRICAL_SURFACE('',#2664,0.508);
#2255=CYLINDRICAL_SURFACE('',#2665,0.508);
#2256=CYLINDRICAL_SURFACE('',#2666,0.508);
#2257=CYLINDRICAL_SURFACE('',#2667,0.508);
#2258=CYLINDRICAL_SURFACE('',#2668,0.508);
#2259=CYLINDRICAL_SURFACE('',#2669,0.508);
#2260=CYLINDRICAL_SURFACE('',#2670,0.508);
#2261=CYLINDRICAL_SURFACE('',#2671,0.508);
#2262=CYLINDRICAL_SURFACE('',#2672,0.508);
#2263=CYLINDRICAL_SURFACE('',#2673,0.508);
#2264=CYLINDRICAL_SURFACE('',#2674,0.508);
#2265=CYLINDRICAL_SURFACE('',#2675,0.508);
#2266=CYLINDRICAL_SURFACE('',#2676,0.508);
#2267=CYLINDRICAL_SURFACE('',#2677,0.508);
#2268=CYLINDRICAL_SURFACE('',#2678,0.508);
#2269=CYLINDRICAL_SURFACE('',#2679,0.508);
#2270=CYLINDRICAL_SURFACE('',#2680,0.508);
#2271=CYLINDRICAL_SURFACE('',#2681,0.508);
#2272=CYLINDRICAL_SURFACE('',#2682,0.508);
#2273=CYLINDRICAL_SURFACE('',#2683,0.508);
#2274=CYLINDRICAL_SURFACE('',#2684,0.508);
#2275=CYLINDRICAL_SURFACE('',#2685,0.508);
#2276=CYLINDRICAL_SURFACE('',#2686,0.5);
#2277=CYLINDRICAL_SURFACE('',#2687,0.508);
#2278=CYLINDRICAL_SURFACE('',#2688,0.5);
#2279=CYLINDRICAL_SURFACE('',#2689,1.05);
#2280=CYLINDRICAL_SURFACE('',#2690,0.4);
#2281=CYLINDRICAL_SURFACE('',#2692,0.4);
#2282=CYLINDRICAL_SURFACE('',#2694,0.6);
#2283=CYLINDRICAL_SURFACE('',#2695,0.6);
#2284=CYLINDRICAL_SURFACE('',#2696,0.4);
#2285=CYLINDRICAL_SURFACE('',#2698,0.4);
#2286=CYLINDRICAL_SURFACE('',#2700,0.381);
#2287=CYLINDRICAL_SURFACE('',#2701,0.381);
#2288=CYLINDRICAL_SURFACE('',#2702,0.381);
#2289=CYLINDRICAL_SURFACE('',#2703,0.5);
#2290=CYLINDRICAL_SURFACE('',#2704,0.5);
#2291=CYLINDRICAL_SURFACE('',#2705,0.381);
#2292=CYLINDRICAL_SURFACE('',#2706,0.381);
#2293=CYLINDRICAL_SURFACE('',#2707,0.381);
#2294=CYLINDRICAL_SURFACE('',#2708,0.5);
#2295=CYLINDRICAL_SURFACE('',#2709,0.5);
#2296=CYLINDRICAL_SURFACE('',#2710,0.4);
#2297=CYLINDRICAL_SURFACE('',#2712,0.4);
#2298=CYLINDRICAL_SURFACE('',#2714,0.6);
#2299=ADVANCED_FACE('',(#184),#2208,.T.);
#2300=ADVANCED_FACE('',(#185),#165,.T.);
#2301=ADVANCED_FACE('',(#186),#166,.T.);
#2302=ADVANCED_FACE('',(#187,#15,#16,#17,#18,#19,#20,#21,#22,#23,#24,#25,
#26,#27,#28,#29,#30,#31,#32,#33,#34,#35,#36,#37,#38,#39,#40,#41,#42,#43,
#44,#45,#46,#47,#48,#49,#50,#51,#52,#53,#54,#55,#56,#57,#58,#59,#60,#61,
#62,#63,#64,#65,#66,#67,#68,#69,#70,#71,#72,#73,#74,#75,#76,#77,#78,#79,
#80,#81,#82,#83,#84,#85,#86,#87,#88,#89),#167,.F.);
#2303=ADVANCED_FACE('',(#188,#90,#91,#92,#93,#94,#95,#96,#97,#98,#99,#100,
#101,#102,#103,#104,#105,#106,#107,#108,#109,#110,#111,#112,#113,#114,#115,
#116,#117,#118,#119,#120,#121,#122,#123,#124,#125,#126,#127,#128,#129,#130,
#131,#132,#133,#134,#135,#136,#137,#138,#139,#140,#141,#142,#143,#144,#145,
#146,#147,#148,#149,#150,#151,#152,#153,#154,#155,#156,#157,#158,#159,#160,
#161,#162,#163,#164),#168,.T.);
#2304=ADVANCED_FACE('',(#189),#2209,.T.);
#2305=ADVANCED_FACE('',(#190),#2210,.F.);
#2306=ADVANCED_FACE('',(#191),#169,.T.);
#2307=ADVANCED_FACE('',(#192),#170,.T.);
#2308=ADVANCED_FACE('',(#193),#2211,.F.);
#2309=ADVANCED_FACE('',(#194),#2212,.T.);
#2310=ADVANCED_FACE('',(#195),#171,.T.);
#2311=ADVANCED_FACE('',(#196),#172,.T.);
#2312=ADVANCED_FACE('',(#197),#2213,.T.);
#2313=ADVANCED_FACE('',(#198),#2214,.F.);
#2314=ADVANCED_FACE('',(#199),#173,.T.);
#2315=ADVANCED_FACE('',(#200),#174,.T.);
#2316=ADVANCED_FACE('',(#201),#2215,.F.);
#2317=ADVANCED_FACE('',(#202),#2216,.T.);
#2318=ADVANCED_FACE('',(#203),#175,.T.);
#2319=ADVANCED_FACE('',(#204),#2217,.T.);
#2320=ADVANCED_FACE('',(#205),#2218,.T.);
#2321=ADVANCED_FACE('',(#206),#176,.T.);
#2322=ADVANCED_FACE('',(#207),#2219,.T.);
#2323=ADVANCED_FACE('',(#208),#2220,.F.);
#2324=ADVANCED_FACE('',(#209),#177,.T.);
#2325=ADVANCED_FACE('',(#210),#2221,.F.);
#2326=ADVANCED_FACE('',(#211),#2222,.F.);
#2327=ADVANCED_FACE('',(#212),#2223,.F.);
#2328=ADVANCED_FACE('',(#213),#2224,.F.);
#2329=ADVANCED_FACE('',(#214),#2225,.F.);
#2330=ADVANCED_FACE('',(#215),#2226,.F.);
#2331=ADVANCED_FACE('',(#216),#2227,.F.);
#2332=ADVANCED_FACE('',(#217),#2228,.F.);
#2333=ADVANCED_FACE('',(#218),#2229,.F.);
#2334=ADVANCED_FACE('',(#219),#2230,.F.);
#2335=ADVANCED_FACE('',(#220),#2231,.F.);
#2336=ADVANCED_FACE('',(#221),#2232,.F.);
#2337=ADVANCED_FACE('',(#222),#2233,.F.);
#2338=ADVANCED_FACE('',(#223),#2234,.F.);
#2339=ADVANCED_FACE('',(#224),#2235,.F.);
#2340=ADVANCED_FACE('',(#225),#2236,.F.);
#2341=ADVANCED_FACE('',(#226),#2237,.F.);
#2342=ADVANCED_FACE('',(#227),#2238,.F.);
#2343=ADVANCED_FACE('',(#228),#2239,.F.);
#2344=ADVANCED_FACE('',(#229),#2240,.F.);
#2345=ADVANCED_FACE('',(#230),#2241,.F.);
#2346=ADVANCED_FACE('',(#231),#2242,.F.);
#2347=ADVANCED_FACE('',(#232),#2243,.F.);
#2348=ADVANCED_FACE('',(#233),#2244,.F.);
#2349=ADVANCED_FACE('',(#234),#2245,.F.);
#2350=ADVANCED_FACE('',(#235),#2246,.F.);
#2351=ADVANCED_FACE('',(#236),#2247,.F.);
#2352=ADVANCED_FACE('',(#237),#2248,.F.);
#2353=ADVANCED_FACE('',(#238),#2249,.F.);
#2354=ADVANCED_FACE('',(#239),#2250,.F.);
#2355=ADVANCED_FACE('',(#240),#2251,.F.);
#2356=ADVANCED_FACE('',(#241),#2252,.F.);
#2357=ADVANCED_FACE('',(#242),#2253,.F.);
#2358=ADVANCED_FACE('',(#243),#2254,.F.);
#2359=ADVANCED_FACE('',(#244),#2255,.F.);
#2360=ADVANCED_FACE('',(#245),#2256,.F.);
#2361=ADVANCED_FACE('',(#246),#2257,.F.);
#2362=ADVANCED_FACE('',(#247),#2258,.F.);
#2363=ADVANCED_FACE('',(#248),#2259,.F.);
#2364=ADVANCED_FACE('',(#249),#2260,.F.);
#2365=ADVANCED_FACE('',(#250),#2261,.F.);
#2366=ADVANCED_FACE('',(#251),#2262,.F.);
#2367=ADVANCED_FACE('',(#252),#2263,.F.);
#2368=ADVANCED_FACE('',(#253),#2264,.F.);
#2369=ADVANCED_FACE('',(#254),#2265,.F.);
#2370=ADVANCED_FACE('',(#255),#2266,.F.);
#2371=ADVANCED_FACE('',(#256),#2267,.F.);
#2372=ADVANCED_FACE('',(#257),#2268,.F.);
#2373=ADVANCED_FACE('',(#258),#2269,.F.);
#2374=ADVANCED_FACE('',(#259),#2270,.F.);
#2375=ADVANCED_FACE('',(#260),#2271,.F.);
#2376=ADVANCED_FACE('',(#261),#2272,.F.);
#2377=ADVANCED_FACE('',(#262),#2273,.F.);
#2378=ADVANCED_FACE('',(#263),#2274,.F.);
#2379=ADVANCED_FACE('',(#264),#2275,.F.);
#2380=ADVANCED_FACE('',(#265),#2276,.F.);
#2381=ADVANCED_FACE('',(#266),#2277,.F.);
#2382=ADVANCED_FACE('',(#267),#2278,.F.);
#2383=ADVANCED_FACE('',(#268),#2279,.F.);
#2384=ADVANCED_FACE('',(#269),#2280,.F.);
#2385=ADVANCED_FACE('',(#270),#178,.T.);
#2386=ADVANCED_FACE('',(#271),#2281,.F.);
#2387=ADVANCED_FACE('',(#272),#179,.T.);
#2388=ADVANCED_FACE('',(#273),#2282,.F.);
#2389=ADVANCED_FACE('',(#274),#2283,.F.);
#2390=ADVANCED_FACE('',(#275),#2284,.F.);
#2391=ADVANCED_FACE('',(#276),#180,.T.);
#2392=ADVANCED_FACE('',(#277),#2285,.F.);
#2393=ADVANCED_FACE('',(#278),#181,.T.);
#2394=ADVANCED_FACE('',(#279),#2286,.F.);
#2395=ADVANCED_FACE('',(#280),#2287,.F.);
#2396=ADVANCED_FACE('',(#281),#2288,.F.);
#2397=ADVANCED_FACE('',(#282),#2289,.F.);
#2398=ADVANCED_FACE('',(#283),#2290,.F.);
#2399=ADVANCED_FACE('',(#284),#2291,.F.);
#2400=ADVANCED_FACE('',(#285),#2292,.F.);
#2401=ADVANCED_FACE('',(#286),#2293,.F.);
#2402=ADVANCED_FACE('',(#287),#2294,.F.);
#2403=ADVANCED_FACE('',(#288),#2295,.F.);
#2404=ADVANCED_FACE('',(#289),#2296,.F.);
#2405=ADVANCED_FACE('',(#290),#182,.T.);
#2406=ADVANCED_FACE('',(#291),#2297,.F.);
#2407=ADVANCED_FACE('',(#292),#183,.T.);
#2408=ADVANCED_FACE('',(#293),#2298,.F.);
#2409=CLOSED_SHELL('',(#2299,#2300,#2301,#2302,#2303,#2304,#2305,#2306,
#2307,#2308,#2309,#2310,#2311,#2312,#2313,#2314,#2315,#2316,#2317,#2318,
#2319,#2320,#2321,#2322,#2323,#2324,#2325,#2326,#2327,#2328,#2329,#2330,
#2331,#2332,#2333,#2334,#2335,#2336,#2337,#2338,#2339,#2340,#2341,#2342,
#2343,#2344,#2345,#2346,#2347,#2348,#2349,#2350,#2351,#2352,#2353,#2354,
#2355,#2356,#2357,#2358,#2359,#2360,#2361,#2362,#2363,#2364,#2365,#2366,
#2367,#2368,#2369,#2370,#2371,#2372,#2373,#2374,#2375,#2376,#2377,#2378,
#2379,#2380,#2381,#2382,#2383,#2384,#2385,#2386,#2387,#2388,#2389,#2390,
#2391,#2392,#2393,#2394,#2395,#2396,#2397,#2398,#2399,#2400,#2401,#2402,
#2403,#2404,#2405,#2406,#2407,#2408));
#2410=DERIVED_UNIT_ELEMENT(#2412,1.);
#2411=DERIVED_UNIT_ELEMENT(#4099,-3.);
#2412=(
MASS_UNIT()
NAMED_UNIT(*)
SI_UNIT(.KILO.,.GRAM.)
);
#2413=DERIVED_UNIT((#2410,#2411));
#2414=MEASURE_REPRESENTATION_ITEM('density measure',
POSITIVE_RATIO_MEASURE(7850.),#2413);
#2415=PROPERTY_DEFINITION_REPRESENTATION(#2420,#2417);
#2416=PROPERTY_DEFINITION_REPRESENTATION(#2421,#2418);
#2417=REPRESENTATION('material name',(#2419),#4096);
#2418=REPRESENTATION('density',(#2414),#4096);
#2419=DESCRIPTIVE_REPRESENTATION_ITEM('Steel','Steel');
#2420=PROPERTY_DEFINITION('material property','material name',#4106);
#2421=PROPERTY_DEFINITION('material property','density of part',#4106);
#2422=AXIS2_PLACEMENT_3D('',#3443,#2715,#2716);
#2423=AXIS2_PLACEMENT_3D('',#3444,#2717,#2718);
#2424=AXIS2_PLACEMENT_3D('',#3449,#2720,#2721);
#2425=AXIS2_PLACEMENT_3D('',#3452,#2723,#2724);
#2426=AXIS2_PLACEMENT_3D('',#3453,#2725,#2726);
#2427=AXIS2_PLACEMENT_3D('',#3459,#2730,#2731);
#2428=AXIS2_PLACEMENT_3D('',#3465,#2735,#2736);
#2429=AXIS2_PLACEMENT_3D('',#3467,#2737,#2738);
#2430=AXIS2_PLACEMENT_3D('',#3471,#2740,#2741);
#2431=AXIS2_PLACEMENT_3D('',#3475,#2743,#2744);
#2432=AXIS2_PLACEMENT_3D('',#3479,#2746,#2747);
#2433=AXIS2_PLACEMENT_3D('',#3481,#2748,#2749);
#2434=AXIS2_PLACEMENT_3D('',#3485,#2751,#2752);
#2435=AXIS2_PLACEMENT_3D('',#3489,#2754,#2755);
#2436=AXIS2_PLACEMENT_3D('',#3491,#2756,#2757);
#2437=AXIS2_PLACEMENT_3D('',#3495,#2759,#2760);
#2438=AXIS2_PLACEMENT_3D('',#3499,#2762,#2763);
#2439=AXIS2_PLACEMENT_3D('',#3503,#2765,#2766);
#2440=AXIS2_PLACEMENT_3D('',#3506,#2768,#2769);
#2441=AXIS2_PLACEMENT_3D('',#3508,#2770,#2771);
#2442=AXIS2_PLACEMENT_3D('',#3510,#2772,#2773);
#2443=AXIS2_PLACEMENT_3D('',#3512,#2774,#2775);
#2444=AXIS2_PLACEMENT_3D('',#3514,#2776,#2777);
#2445=AXIS2_PLACEMENT_3D('',#3516,#2778,#2779);
#2446=AXIS2_PLACEMENT_3D('',#3518,#2780,#2781);
#2447=AXIS2_PLACEMENT_3D('',#3520,#2782,#2783);
#2448=AXIS2_PLACEMENT_3D('',#3522,#2784,#2785);
#2449=AXIS2_PLACEMENT_3D('',#3524,#2786,#2787);
#2450=AXIS2_PLACEMENT_3D('',#3526,#2788,#2789);
#2451=AXIS2_PLACEMENT_3D('',#3528,#2790,#2791);
#2452=AXIS2_PLACEMENT_3D('',#3530,#2792,#2793);
#2453=AXIS2_PLACEMENT_3D('',#3532,#2794,#2795);
#2454=AXIS2_PLACEMENT_3D('',#3534,#2796,#2797);
#2455=AXIS2_PLACEMENT_3D('',#3536,#2798,#2799);
#2456=AXIS2_PLACEMENT_3D('',#3538,#2800,#2801);
#2457=AXIS2_PLACEMENT_3D('',#3540,#2802,#2803);
#2458=AXIS2_PLACEMENT_3D('',#3542,#2804,#2805);
#2459=AXIS2_PLACEMENT_3D('',#3544,#2806,#2807);
#2460=AXIS2_PLACEMENT_3D('',#3546,#2808,#2809);
#2461=AXIS2_PLACEMENT_3D('',#3548,#2810,#2811);
#2462=AXIS2_PLACEMENT_3D('',#3550,#2812,#2813);
#2463=AXIS2_PLACEMENT_3D('',#3552,#2814,#2815);
#2464=AXIS2_PLACEMENT_3D('',#3554,#2816,#2817);
#2465=AXIS2_PLACEMENT_3D('',#3556,#2818,#2819);
#2466=AXIS2_PLACEMENT_3D('',#3558,#2820,#2821);
#2467=AXIS2_PLACEMENT_3D('',#3560,#2822,#2823);
#2468=AXIS2_PLACEMENT_3D('',#3562,#2824,#2825);
#2469=AXIS2_PLACEMENT_3D('',#3564,#2826,#2827);
#2470=AXIS2_PLACEMENT_3D('',#3566,#2828,#2829);
#2471=AXIS2_PLACEMENT_3D('',#3568,#2830,#2831);
#2472=AXIS2_PLACEMENT_3D('',#3570,#2832,#2833);
#2473=AXIS2_PLACEMENT_3D('',#3572,#2834,#2835);
#2474=AXIS2_PLACEMENT_3D('',#3574,#2836,#2837);
#2475=AXIS2_PLACEMENT_3D('',#3576,#2838,#2839);
#2476=AXIS2_PLACEMENT_3D('',#3578,#2840,#2841);
#2477=AXIS2_PLACEMENT_3D('',#3580,#2842,#2843);
#2478=AXIS2_PLACEMENT_3D('',#3582,#2844,#2845);
#2479=AXIS2_PLACEMENT_3D('',#3584,#2846,#2847);
#2480=AXIS2_PLACEMENT_3D('',#3586,#2848,#2849);
#2481=AXIS2_PLACEMENT_3D('',#3588,#2850,#2851);
#2482=AXIS2_PLACEMENT_3D('',#3590,#2852,#2853);
#2483=AXIS2_PLACEMENT_3D('',#3592,#2854,#2855);
#2484=AXIS2_PLACEMENT_3D('',#3594,#2856,#2857);
#2485=AXIS2_PLACEMENT_3D('',#3596,#2858,#2859);
#2486=AXIS2_PLACEMENT_3D('',#3598,#2860,#2861);
#2487=AXIS2_PLACEMENT_3D('',#3600,#2862,#2863);
#2488=AXIS2_PLACEMENT_3D('',#3602,#2864,#2865);
#2489=AXIS2_PLACEMENT_3D('',#3604,#2866,#2867);
#2490=AXIS2_PLACEMENT_3D('',#3606,#2868,#2869);
#2491=AXIS2_PLACEMENT_3D('',#3608,#2870,#2871);
#2492=AXIS2_PLACEMENT_3D('',#3610,#2872,#2873);
#2493=AXIS2_PLACEMENT_3D('',#3612,#2874,#2875);
#2494=AXIS2_PLACEMENT_3D('',#3614,#2876,#2877);
#2495=AXIS2_PLACEMENT_3D('',#3616,#2878,#2879);
#2496=AXIS2_PLACEMENT_3D('',#3618,#2880,#2881);
#2497=AXIS2_PLACEMENT_3D('',#3620,#2882,#2883);
#2498=AXIS2_PLACEMENT_3D('',#3622,#2884,#2885);
#2499=AXIS2_PLACEMENT_3D('',#3624,#2886,#2887);
#2500=AXIS2_PLACEMENT_3D('',#3627,#2888,#2889);
#2501=AXIS2_PLACEMENT_3D('',#3631,#2891,#2892);
#2502=AXIS2_PLACEMENT_3D('',#3634,#2894,#2895);
#2503=AXIS2_PLACEMENT_3D('',#3636,#2896,#2897);
#2504=AXIS2_PLACEMENT_3D('',#3639,#2898,#2899);
#2505=AXIS2_PLACEMENT_3D('',#3643,#2901,#2902);
#2506=AXIS2_PLACEMENT_3D('',#3646,#2904,#2905);
#2507=AXIS2_PLACEMENT_3D('',#3648,#2906,#2907);
#2508=AXIS2_PLACEMENT_3D('',#3650,#2908,#2909);
#2509=AXIS2_PLACEMENT_3D('',#3652,#2910,#2911);
#2510=AXIS2_PLACEMENT_3D('',#3654,#2912,#2913);
#2511=AXIS2_PLACEMENT_3D('',#3656,#2914,#2915);
#2512=AXIS2_PLACEMENT_3D('',#3658,#2916,#2917);
#2513=AXIS2_PLACEMENT_3D('',#3660,#2918,#2919);
#2514=AXIS2_PLACEMENT_3D('',#3662,#2920,#2921);
#2515=AXIS2_PLACEMENT_3D('',#3664,#2922,#2923);
#2516=AXIS2_PLACEMENT_3D('',#3667,#2924,#2925);
#2517=AXIS2_PLACEMENT_3D('',#3671,#2927,#2928);
#2518=AXIS2_PLACEMENT_3D('',#3674,#2930,#2931);
#2519=AXIS2_PLACEMENT_3D('',#3675,#2932,#2933);
#2520=AXIS2_PLACEMENT_3D('',#3677,#2934,#2935);
#2521=AXIS2_PLACEMENT_3D('',#3681,#2937,#2938);
#2522=AXIS2_PLACEMENT_3D('',#3685,#2940,#2941);
#2523=AXIS2_PLACEMENT_3D('',#3689,#2943,#2944);
#2524=AXIS2_PLACEMENT_3D('',#3693,#2946,#2947);
#2525=AXIS2_PLACEMENT_3D('',#3695,#2948,#2949);
#2526=AXIS2_PLACEMENT_3D('',#3699,#2951,#2952);
#2527=AXIS2_PLACEMENT_3D('',#3703,#2954,#2955);
#2528=AXIS2_PLACEMENT_3D('',#3705,#2956,#2957);
#2529=AXIS2_PLACEMENT_3D('',#3709,#2959,#2960);
#2530=AXIS2_PLACEMENT_3D('',#3713,#2962,#2963);
#2531=AXIS2_PLACEMENT_3D('',#3716,#2965,#2966);
#2532=AXIS2_PLACEMENT_3D('',#3718,#2967,#2968);
#2533=AXIS2_PLACEMENT_3D('',#3720,#2969,#2970);
#2534=AXIS2_PLACEMENT_3D('',#3722,#2971,#2972);
#2535=AXIS2_PLACEMENT_3D('',#3724,#2973,#2974);
#2536=AXIS2_PLACEMENT_3D('',#3726,#2975,#2976);
#2537=AXIS2_PLACEMENT_3D('',#3728,#2977,#2978);
#2538=AXIS2_PLACEMENT_3D('',#3730,#2979,#2980);
#2539=AXIS2_PLACEMENT_3D('',#3732,#2981,#2982);
#2540=AXIS2_PLACEMENT_3D('',#3734,#2983,#2984);
#2541=AXIS2_PLACEMENT_3D('',#3736,#2985,#2986);
#2542=AXIS2_PLACEMENT_3D('',#3738,#2987,#2988);
#2543=AXIS2_PLACEMENT_3D('',#3740,#2989,#2990);
#2544=AXIS2_PLACEMENT_3D('',#3742,#2991,#2992);
#2545=AXIS2_PLACEMENT_3D('',#3744,#2993,#2994);
#2546=AXIS2_PLACEMENT_3D('',#3746,#2995,#2996);
#2547=AXIS2_PLACEMENT_3D('',#3748,#2997,#2998);
#2548=AXIS2_PLACEMENT_3D('',#3750,#2999,#3000);
#2549=AXIS2_PLACEMENT_3D('',#3752,#3001,#3002);
#2550=AXIS2_PLACEMENT_3D('',#3754,#3003,#3004);
#2551=AXIS2_PLACEMENT_3D('',#3756,#3005,#3006);
#2552=AXIS2_PLACEMENT_3D('',#3758,#3007,#3008);
#2553=AXIS2_PLACEMENT_3D('',#3760,#3009,#3010);
#2554=AXIS2_PLACEMENT_3D('',#3762,#3011,#3012);
#2555=AXIS2_PLACEMENT_3D('',#3764,#3013,#3014);
#2556=AXIS2_PLACEMENT_3D('',#3766,#3015,#3016);
#2557=AXIS2_PLACEMENT_3D('',#3768,#3017,#3018);
#2558=AXIS2_PLACEMENT_3D('',#3770,#3019,#3020);
#2559=AXIS2_PLACEMENT_3D('',#3772,#3021,#3022);
#2560=AXIS2_PLACEMENT_3D('',#3774,#3023,#3024);
#2561=AXIS2_PLACEMENT_3D('',#3776,#3025,#3026);
#2562=AXIS2_PLACEMENT_3D('',#3778,#3027,#3028);
#2563=AXIS2_PLACEMENT_3D('',#3780,#3029,#3030);
#2564=AXIS2_PLACEMENT_3D('',#3782,#3031,#3032);
#2565=AXIS2_PLACEMENT_3D('',#3784,#3033,#3034);
#2566=AXIS2_PLACEMENT_3D('',#3786,#3035,#3036);
#2567=AXIS2_PLACEMENT_3D('',#3788,#3037,#3038);
#2568=AXIS2_PLACEMENT_3D('',#3790,#3039,#3040);
#2569=AXIS2_PLACEMENT_3D('',#3792,#3041,#3042);
#2570=AXIS2_PLACEMENT_3D('',#3794,#3043,#3044);
#2571=AXIS2_PLACEMENT_3D('',#3796,#3045,#3046);
#2572=AXIS2_PLACEMENT_3D('',#3798,#3047,#3048);
#2573=AXIS2_PLACEMENT_3D('',#3800,#3049,#3050);
#2574=AXIS2_PLACEMENT_3D('',#3802,#3051,#3052);
#2575=AXIS2_PLACEMENT_3D('',#3804,#3053,#3054);
#2576=AXIS2_PLACEMENT_3D('',#3806,#3055,#3056);
#2577=AXIS2_PLACEMENT_3D('',#3808,#3057,#3058);
#2578=AXIS2_PLACEMENT_3D('',#3810,#3059,#3060);
#2579=AXIS2_PLACEMENT_3D('',#3812,#3061,#3062);
#2580=AXIS2_PLACEMENT_3D('',#3814,#3063,#3064);
#2581=AXIS2_PLACEMENT_3D('',#3816,#3065,#3066);
#2582=AXIS2_PLACEMENT_3D('',#3818,#3067,#3068);
#2583=AXIS2_PLACEMENT_3D('',#3820,#3069,#3070);
#2584=AXIS2_PLACEMENT_3D('',#3822,#3071,#3072);
#2585=AXIS2_PLACEMENT_3D('',#3824,#3073,#3074);
#2586=AXIS2_PLACEMENT_3D('',#3826,#3075,#3076);
#2587=AXIS2_PLACEMENT_3D('',#3828,#3077,#3078);
#2588=AXIS2_PLACEMENT_3D('',#3830,#3079,#3080);
#2589=AXIS2_PLACEMENT_3D('',#3832,#3081,#3082);
#2590=AXIS2_PLACEMENT_3D('',#3834,#3083,#3084);
#2591=AXIS2_PLACEMENT_3D('',#3837,#3085,#3086);
#2592=AXIS2_PLACEMENT_3D('',#3841,#3088,#3089);
#2593=AXIS2_PLACEMENT_3D('',#3844,#3091,#3092);
#2594=AXIS2_PLACEMENT_3D('',#3846,#3093,#3094);
#2595=AXIS2_PLACEMENT_3D('',#3849,#3095,#3096);
#2596=AXIS2_PLACEMENT_3D('',#3853,#3098,#3099);
#2597=AXIS2_PLACEMENT_3D('',#3856,#3101,#3102);
#2598=AXIS2_PLACEMENT_3D('',#3858,#3103,#3104);
#2599=AXIS2_PLACEMENT_3D('',#3860,#3105,#3106);
#2600=AXIS2_PLACEMENT_3D('',#3862,#3107,#3108);
#2601=AXIS2_PLACEMENT_3D('',#3864,#3109,#3110);
#2602=AXIS2_PLACEMENT_3D('',#3866,#3111,#3112);
#2603=AXIS2_PLACEMENT_3D('',#3868,#3113,#3114);
#2604=AXIS2_PLACEMENT_3D('',#3870,#3115,#3116);
#2605=AXIS2_PLACEMENT_3D('',#3872,#3117,#3118);
#2606=AXIS2_PLACEMENT_3D('',#3874,#3119,#3120);
#2607=AXIS2_PLACEMENT_3D('',#3877,#3121,#3122);
#2608=AXIS2_PLACEMENT_3D('',#3881,#3124,#3125);
#2609=AXIS2_PLACEMENT_3D('',#3884,#3127,#3128);
#2610=AXIS2_PLACEMENT_3D('',#3885,#3129,#3130);
#2611=AXIS2_PLACEMENT_3D('',#3887,#3132,#3133);
#2612=AXIS2_PLACEMENT_3D('',#3889,#3135,#3136);
#2613=AXIS2_PLACEMENT_3D('',#3891,#3138,#3139);
#2614=AXIS2_PLACEMENT_3D('',#3893,#3141,#3142);
#2615=AXIS2_PLACEMENT_3D('',#3895,#3144,#3145);
#2616=AXIS2_PLACEMENT_3D('',#3897,#3147,#3148);
#2617=AXIS2_PLACEMENT_3D('',#3899,#3150,#3151);
#2618=AXIS2_PLACEMENT_3D('',#3901,#3153,#3154);
#2619=AXIS2_PLACEMENT_3D('',#3903,#3156,#3157);
#2620=AXIS2_PLACEMENT_3D('',#3905,#3159,#3160);
#2621=AXIS2_PLACEMENT_3D('',#3907,#3162,#3163);
#2622=AXIS2_PLACEMENT_3D('',#3909,#3165,#3166);
#2623=AXIS2_PLACEMENT_3D('',#3911,#3168,#3169);
#2624=AXIS2_PLACEMENT_3D('',#3913,#3171,#3172);
#2625=AXIS2_PLACEMENT_3D('',#3915,#3174,#3175);
#2626=AXIS2_PLACEMENT_3D('',#3917,#3177,#3178);
#2627=AXIS2_PLACEMENT_3D('',#3919,#3180,#3181);
#2628=AXIS2_PLACEMENT_3D('',#3921,#3183,#3184);
#2629=AXIS2_PLACEMENT_3D('',#3923,#3186,#3187);
#2630=AXIS2_PLACEMENT_3D('',#3925,#3189,#3190);
#2631=AXIS2_PLACEMENT_3D('',#3926,#3191,#3192);
#2632=AXIS2_PLACEMENT_3D('',#3928,#3194,#3195);
#2633=AXIS2_PLACEMENT_3D('',#3930,#3197,#3198);
#2634=AXIS2_PLACEMENT_3D('',#3932,#3200,#3201);
#2635=AXIS2_PLACEMENT_3D('',#3934,#3203,#3204);
#2636=AXIS2_PLACEMENT_3D('',#3936,#3206,#3207);
#2637=AXIS2_PLACEMENT_3D('',#3938,#3209,#3210);
#2638=AXIS2_PLACEMENT_3D('',#3940,#3212,#3213);
#2639=AXIS2_PLACEMENT_3D('',#3942,#3215,#3216);
#2640=AXIS2_PLACEMENT_3D('',#3944,#3218,#3219);
#2641=AXIS2_PLACEMENT_3D('',#3946,#3221,#3222);
#2642=AXIS2_PLACEMENT_3D('',#3948,#3224,#3225);
#2643=AXIS2_PLACEMENT_3D('',#3950,#3227,#3228);
#2644=AXIS2_PLACEMENT_3D('',#3952,#3230,#3231);
#2645=AXIS2_PLACEMENT_3D('',#3954,#3233,#3234);
#2646=AXIS2_PLACEMENT_3D('',#3956,#3236,#3237);
#2647=AXIS2_PLACEMENT_3D('',#3958,#3239,#3240);
#2648=AXIS2_PLACEMENT_3D('',#3960,#3242,#3243);
#2649=AXIS2_PLACEMENT_3D('',#3962,#3245,#3246);
#2650=AXIS2_PLACEMENT_3D('',#3964,#3248,#3249);
#2651=AXIS2_PLACEMENT_3D('',#3966,#3251,#3252);
#2652=AXIS2_PLACEMENT_3D('',#3968,#3254,#3255);
#2653=AXIS2_PLACEMENT_3D('',#3970,#3257,#3258);
#2654=AXIS2_PLACEMENT_3D('',#3972,#3260,#3261);
#2655=AXIS2_PLACEMENT_3D('',#3974,#3263,#3264);
#2656=AXIS2_PLACEMENT_3D('',#3976,#3266,#3267);
#2657=AXIS2_PLACEMENT_3D('',#3978,#3269,#3270);
#2658=AXIS2_PLACEMENT_3D('',#3980,#3272,#3273);
#2659=AXIS2_PLACEMENT_3D('',#3982,#3275,#3276);
#2660=AXIS2_PLACEMENT_3D('',#3984,#3278,#3279);
#2661=AXIS2_PLACEMENT_3D('',#3986,#3281,#3282);
#2662=AXIS2_PLACEMENT_3D('',#3988,#3284,#3285);
#2663=AXIS2_PLACEMENT_3D('',#3990,#3287,#3288);
#2664=AXIS2_PLACEMENT_3D('',#3992,#3290,#3291);
#2665=AXIS2_PLACEMENT_3D('',#3994,#3293,#3294);
#2666=AXIS2_PLACEMENT_3D('',#3996,#3296,#3297);
#2667=AXIS2_PLACEMENT_3D('',#3998,#3299,#3300);
#2668=AXIS2_PLACEMENT_3D('',#4000,#3302,#3303);
#2669=AXIS2_PLACEMENT_3D('',#4002,#3305,#3306);
#2670=AXIS2_PLACEMENT_3D('',#4004,#3308,#3309);
#2671=AXIS2_PLACEMENT_3D('',#4006,#3311,#3312);
#2672=AXIS2_PLACEMENT_3D('',#4008,#3314,#3315);
#2673=AXIS2_PLACEMENT_3D('',#4010,#3317,#3318);
#2674=AXIS2_PLACEMENT_3D('',#4012,#3320,#3321);
#2675=AXIS2_PLACEMENT_3D('',#4014,#3323,#3324);
#2676=AXIS2_PLACEMENT_3D('',#4016,#3326,#3327);
#2677=AXIS2_PLACEMENT_3D('',#4018,#3329,#3330);
#2678=AXIS2_PLACEMENT_3D('',#4020,#3332,#3333);
#2679=AXIS2_PLACEMENT_3D('',#4022,#3335,#3336);
#2680=AXIS2_PLACEMENT_3D('',#4024,#3338,#3339);
#2681=AXIS2_PLACEMENT_3D('',#4026,#3341,#3342);
#2682=AXIS2_PLACEMENT_3D('',#4028,#3344,#3345);
#2683=AXIS2_PLACEMENT_3D('',#4030,#3347,#3348);
#2684=AXIS2_PLACEMENT_3D('',#4032,#3350,#3351);
#2685=AXIS2_PLACEMENT_3D('',#4034,#3353,#3354);
#2686=AXIS2_PLACEMENT_3D('',#4036,#3356,#3357);
#2687=AXIS2_PLACEMENT_3D('',#4038,#3359,#3360);
#2688=AXIS2_PLACEMENT_3D('',#4040,#3362,#3363);
#2689=AXIS2_PLACEMENT_3D('',#4042,#3365,#3366);
#2690=AXIS2_PLACEMENT_3D('',#4044,#3368,#3369);
#2691=AXIS2_PLACEMENT_3D('',#4047,#3372,#3373);
#2692=AXIS2_PLACEMENT_3D('',#4049,#3375,#3376);
#2693=AXIS2_PLACEMENT_3D('',#4051,#3378,#3379);
#2694=AXIS2_PLACEMENT_3D('',#4052,#3380,#3381);
#2695=AXIS2_PLACEMENT_3D('',#4054,#3383,#3384);
#2696=AXIS2_PLACEMENT_3D('',#4056,#3386,#3387);
#2697=AXIS2_PLACEMENT_3D('',#4059,#3390,#3391);
#2698=AXIS2_PLACEMENT_3D('',#4061,#3393,#3394);
#2699=AXIS2_PLACEMENT_3D('',#4063,#3396,#3397);
#2700=AXIS2_PLACEMENT_3D('',#4064,#3398,#3399);
#2701=AXIS2_PLACEMENT_3D('',#4066,#3401,#3402);
#2702=AXIS2_PLACEMENT_3D('',#4068,#3404,#3405);
#2703=AXIS2_PLACEMENT_3D('',#4070,#3407,#3408);
#2704=AXIS2_PLACEMENT_3D('',#4072,#3410,#3411);
#2705=AXIS2_PLACEMENT_3D('',#4074,#3413,#3414);
#2706=AXIS2_PLACEMENT_3D('',#4076,#3416,#3417);
#2707=AXIS2_PLACEMENT_3D('',#4078,#3419,#3420);
#2708=AXIS2_PLACEMENT_3D('',#4080,#3422,#3423);
#2709=AXIS2_PLACEMENT_3D('',#4082,#3425,#3426);
#2710=AXIS2_PLACEMENT_3D('',#4084,#3428,#3429);
#2711=AXIS2_PLACEMENT_3D('',#4087,#3432,#3433);
#2712=AXIS2_PLACEMENT_3D('',#4089,#3435,#3436);
#2713=AXIS2_PLACEMENT_3D('',#4091,#3438,#3439);
#2714=AXIS2_PLACEMENT_3D('',#4092,#3440,#3441);
#2715=DIRECTION('axis',(0.,0.,1.));
#2716=DIRECTION('refdir',(1.,0.,0.));
#2717=DIRECTION('center_axis',(0.,0.,-1.));
#2718=DIRECTION('ref_axis',(-4.22403520689162E-7,0.999999999999911,0.));
#2719=DIRECTION('',(0.,0.,1.));
#2720=DIRECTION('center_axis',(0.,0.,-1.));
#2721=DIRECTION('ref_axis',(-4.22403520689162E-7,0.999999999999911,0.));
#2722=DIRECTION('',(0.,0.,1.));
#2723=DIRECTION('center_axis',(0.,0.,-1.));
#2724=DIRECTION('ref_axis',(-4.22403520689162E-7,0.999999999999911,0.));
#2725=DIRECTION('center_axis',(0.,1.,0.));
#2726=DIRECTION('ref_axis',(1.,0.,0.));
#2727=DIRECTION('',(0.,0.,1.));
#2728=DIRECTION('',(1.,0.,0.));
#2729=DIRECTION('',(1.,0.,0.));
#2730=DIRECTION('center_axis',(1.,0.,0.));
#2731=DIRECTION('ref_axis',(0.,-1.,0.));
#2732=DIRECTION('',(0.,-1.,0.));
#2733=DIRECTION('',(0.,0.,1.));
#2734=DIRECTION('',(0.,-1.,0.));
#2735=DIRECTION('center_axis',(0.,0.,1.));
#2736=DIRECTION('ref_axis',(1.,0.,0.));
#2737=DIRECTION('center_axis',(0.,0.,1.));
#2738=DIRECTION('ref_axis',(-0.999999999999999,5.31019356728599E-8,0.));
#2739=DIRECTION('',(0.422885474959098,-0.906183135502211,0.));
#2740=DIRECTION('center_axis',(0.,0.,-1.));
#2741=DIRECTION('ref_axis',(0.906183319839183,0.422885079951086,0.));
#2742=DIRECTION('',(-0.422885469238022,-0.906183138172046,0.));
#2743=DIRECTION('center_axis',(0.,0.,1.));
#2744=DIRECTION('ref_axis',(-0.906183218253921,0.422885297633963,0.));
#2745=DIRECTION('',(0.496139091384903,-0.86824305467983,0.));
#2746=DIRECTION('center_axis',(0.,0.,-1.));
#2747=DIRECTION('ref_axis',(0.868243354384195,0.496138566902111,0.));
#2748=DIRECTION('center_axis',(0.,0.,-1.));
#2749=DIRECTION('ref_axis',(0.900843702675429,-0.434143551547207,0.));
#2750=DIRECTION('',(-0.919665346630708,0.392703005089875,0.));
#2751=DIRECTION('center_axis',(0.,0.,1.));
#2752=DIRECTION('ref_axis',(0.392702938776056,0.919665374947132,0.));
#2753=DIRECTION('',(-0.91966534583512,-0.392703006953051,0.));
#2754=DIRECTION('center_axis',(0.,0.,-1.));
#2755=DIRECTION('ref_axis',(0.392714370101844,-0.919660493614634,0.));
#2756=DIRECTION('center_axis',(0.,0.,-1.));
#2757=DIRECTION('ref_axis',(-0.900851445377748,-0.434127485147879,0.));
#2758=DIRECTION('',(0.496139046376845,0.86824308039873,0.));
#2759=DIRECTION('center_axis',(0.,0.,1.));
#2760=DIRECTION('ref_axis',(0.868243159240951,-0.496138908402972,0.));
#2761=DIRECTION('',(-0.422885466632894,0.906183139387773,0.));
#2762=DIRECTION('center_axis',(0.,0.,-1.));
#2763=DIRECTION('ref_axis',(-0.906183338134892,-0.42288504074595,0.));
#2764=DIRECTION('',(0.422885429213149,0.906183156850319,0.));
#2765=DIRECTION('center_axis',(0.,0.,1.));
#2766=DIRECTION('ref_axis',(0.905595311849066,-0.424142819292031,0.));
#2767=DIRECTION('',(0.,1.,0.));
#2768=DIRECTION('center_axis',(0.,0.,-1.));
#2769=DIRECTION('ref_axis',(-0.999999999994642,-3.27346397861083E-6,0.));
#2770=DIRECTION('center_axis',(0.,0.,-1.));
#2771=DIRECTION('ref_axis',(0.,-1.,0.));
#2772=DIRECTION('center_axis',(0.,0.,-1.));
#2773=DIRECTION('ref_axis',(-5.167583532801E-14,-1.,0.));
#2774=DIRECTION('center_axis',(0.,0.,-1.));
#2775=DIRECTION('ref_axis',(-5.167583532801E-14,-1.,0.));
#2776=DIRECTION('center_axis',(0.,0.,-1.));
#2777=DIRECTION('ref_axis',(0.,-1.,0.));
#2778=DIRECTION('center_axis',(0.,0.,-1.));
#2779=DIRECTION('ref_axis',(-5.594824691025E-14,-1.,0.));
#2780=DIRECTION('center_axis',(0.,0.,-1.));
#2781=DIRECTION('ref_axis',(-5.594824691025E-14,-1.,0.));
#2782=DIRECTION('center_axis',(0.,0.,-1.));
#2783=DIRECTION('ref_axis',(-5.594824691025E-14,-1.,0.));
#2784=DIRECTION('center_axis',(0.,0.,-1.));
#2785=DIRECTION('ref_axis',(-5.167583532801E-14,-1.,0.));
#2786=DIRECTION('center_axis',(0.,0.,-1.));
#2787=DIRECTION('ref_axis',(-5.167583532801E-14,-1.,0.));
#2788=DIRECTION('center_axis',(0.,0.,-1.));
#2789=DIRECTION('ref_axis',(-5.167583532801E-14,-1.,0.));
#2790=DIRECTION('center_axis',(0.,0.,-1.));
#2791=DIRECTION('ref_axis',(-5.167583532801E-14,-1.,0.));
#2792=DIRECTION('center_axis',(0.,0.,-1.));
#2793=DIRECTION('ref_axis',(0.,-1.,0.));
#2794=DIRECTION('center_axis',(0.,0.,-1.));
#2795=DIRECTION('ref_axis',(0.,-1.,0.));
#2796=DIRECTION('center_axis',(0.,0.,-1.));
#2797=DIRECTION('ref_axis',(0.,-1.,0.));
#2798=DIRECTION('center_axis',(0.,0.,-1.));
#2799=DIRECTION('ref_axis',(0.,-1.,0.));
#2800=DIRECTION('center_axis',(0.,0.,-1.));
#2801=DIRECTION('ref_axis',(0.,-1.,0.));
#2802=DIRECTION('center_axis',(0.,0.,-1.));
#2803=DIRECTION('ref_axis',(-5.167583532801E-14,-1.,0.));
#2804=DIRECTION('center_axis',(0.,0.,-1.));
#2805=DIRECTION('ref_axis',(-5.167583532801E-14,-1.,0.));
#2806=DIRECTION('center_axis',(0.,0.,-1.));
#2807=DIRECTION('ref_axis',(-5.167583532801E-14,-1.,0.));
#2808=DIRECTION('center_axis',(0.,0.,-1.));
#2809=DIRECTION('ref_axis',(-5.167583532801E-14,-1.,0.));
#2810=DIRECTION('center_axis',(0.,0.,-1.));
#2811=DIRECTION('ref_axis',(0.,-1.,0.));
#2812=DIRECTION('center_axis',(0.,0.,-1.));
#2813=DIRECTION('ref_axis',(0.,-1.,0.));
#2814=DIRECTION('center_axis',(0.,0.,-1.));
#2815=DIRECTION('ref_axis',(0.,-1.,0.));
#2816=DIRECTION('center_axis',(0.,0.,-1.));
#2817=DIRECTION('ref_axis',(0.,-1.,0.));
#2818=DIRECTION('center_axis',(0.,0.,-1.));
#2819=DIRECTION('ref_axis',(0.,-1.,0.));
#2820=DIRECTION('center_axis',(0.,0.,-1.));
#2821=DIRECTION('ref_axis',(-5.167583532801E-14,-1.,0.));
#2822=DIRECTION('center_axis',(0.,0.,-1.));
#2823=DIRECTION('ref_axis',(-5.167583532801E-14,-1.,0.));
#2824=DIRECTION('center_axis',(0.,0.,-1.));
#2825=DIRECTION('ref_axis',(0.,-1.,0.));
#2826=DIRECTION('center_axis',(0.,0.,-1.));
#2827=DIRECTION('ref_axis',(0.,-1.,0.));
#2828=DIRECTION('center_axis',(0.,0.,-1.));
#2829=DIRECTION('ref_axis',(0.,-1.,0.));
#2830=DIRECTION('center_axis',(0.,0.,-1.));
#2831=DIRECTION('ref_axis',(0.,-1.,0.));
#2832=DIRECTION('center_axis',(0.,0.,-1.));
#2833=DIRECTION('ref_axis',(0.,-1.,0.));
#2834=DIRECTION('center_axis',(0.,0.,-1.));
#2835=DIRECTION('ref_axis',(0.,-1.,0.));
#2836=DIRECTION('center_axis',(0.,0.,-1.));
#2837=DIRECTION('ref_axis',(-5.594824691025E-14,-1.,0.));
#2838=DIRECTION('center_axis',(0.,0.,-1.));
#2839=DIRECTION('ref_axis',(-5.594824691025E-14,-1.,0.));
#2840=DIRECTION('center_axis',(0.,0.,-1.));
#2841=DIRECTION('ref_axis',(-5.594824691025E-14,-1.,0.));
#2842=DIRECTION('center_axis',(0.,0.,-1.));
#2843=DIRECTION('ref_axis',(-5.594824691025E-14,-1.,0.));
#2844=DIRECTION('center_axis',(0.,0.,-1.));
#2845=DIRECTION('ref_axis',(-5.594824691025E-14,-1.,0.));
#2846=DIRECTION('center_axis',(0.,0.,-1.));
#2847=DIRECTION('ref_axis',(-5.594824691025E-14,-1.,0.));
#2848=DIRECTION('center_axis',(0.,0.,-1.));
#2849=DIRECTION('ref_axis',(-5.594824691025E-14,-1.,0.));
#2850=DIRECTION('center_axis',(0.,0.,-1.));
#2851=DIRECTION('ref_axis',(-5.594824691025E-14,-1.,0.));
#2852=DIRECTION('center_axis',(0.,0.,-1.));
#2853=DIRECTION('ref_axis',(-5.594824691025E-14,-1.,0.));
#2854=DIRECTION('center_axis',(0.,0.,-1.));
#2855=DIRECTION('ref_axis',(5.594824691024E-14,-1.,0.));
#2856=DIRECTION('center_axis',(0.,0.,-1.));
#2857=DIRECTION('ref_axis',(5.594824691024E-14,-1.,0.));
#2858=DIRECTION('center_axis',(0.,0.,-1.));
#2859=DIRECTION('ref_axis',(0.,-1.,0.));
#2860=DIRECTION('center_axis',(0.,0.,-1.));
#2861=DIRECTION('ref_axis',(0.,-1.,0.));
#2862=DIRECTION('center_axis',(0.,0.,-1.));
#2863=DIRECTION('ref_axis',(0.,-1.,0.));
#2864=DIRECTION('center_axis',(0.,0.,-1.));
#2865=DIRECTION('ref_axis',(0.,-1.,0.));
#2866=DIRECTION('center_axis',(0.,0.,-1.));
#2867=DIRECTION('ref_axis',(0.,-1.,0.));
#2868=DIRECTION('center_axis',(0.,0.,-1.));
#2869=DIRECTION('ref_axis',(5.594824691024E-14,-1.,0.));
#2870=DIRECTION('center_axis',(0.,0.,-1.));
#2871=DIRECTION('ref_axis',(0.,-1.,0.));
#2872=DIRECTION('center_axis',(0.,0.,-1.));
#2873=DIRECTION('ref_axis',(0.,-1.,0.));
#2874=DIRECTION('center_axis',(0.,0.,-1.));
#2875=DIRECTION('ref_axis',(0.,-1.,0.));
#2876=DIRECTION('center_axis',(0.,0.,-1.));
#2877=DIRECTION('ref_axis',(0.,-1.,0.));
#2878=DIRECTION('center_axis',(0.,0.,-1.));
#2879=DIRECTION('ref_axis',(0.,-1.,0.));
#2880=DIRECTION('center_axis',(0.,0.,-1.));
#2881=DIRECTION('ref_axis',(0.,-1.,0.));
#2882=DIRECTION('center_axis',(0.,0.,-1.));
#2883=DIRECTION('ref_axis',(0.,-1.,0.));
#2884=DIRECTION('center_axis',(0.,0.,-1.));
#2885=DIRECTION('ref_axis',(0.,-1.,0.));
#2886=DIRECTION('center_axis',(0.,0.,-1.));
#2887=DIRECTION('ref_axis',(0.,-1.,0.));
#2888=DIRECTION('center_axis',(0.,0.,-1.));
#2889=DIRECTION('ref_axis',(1.,-3.552713678801E-14,0.));
#2890=DIRECTION('',(0.,1.,0.));
#2891=DIRECTION('center_axis',(0.,0.,-1.));
#2892=DIRECTION('ref_axis',(-1.,3.5527136788E-14,0.));
#2893=DIRECTION('',(0.,-1.,0.));
#2894=DIRECTION('center_axis',(0.,0.,-1.));
#2895=DIRECTION('ref_axis',(0.,-1.,0.));
#2896=DIRECTION('center_axis',(0.,0.,-1.));
#2897=DIRECTION('ref_axis',(0.,-1.,0.));
#2898=DIRECTION('center_axis',(0.,0.,-1.));
#2899=DIRECTION('ref_axis',(-7.105427357601E-14,1.,0.));
#2900=DIRECTION('',(-1.,0.,0.));
#2901=DIRECTION('center_axis',(0.,0.,-1.));
#2902=DIRECTION('ref_axis',(-7.105427357601E-14,-1.,0.));
#2903=DIRECTION('',(1.,0.,0.));
#2904=DIRECTION('center_axis',(0.,0.,-1.));
#2905=DIRECTION('ref_axis',(0.,-1.,0.));
#2906=DIRECTION('center_axis',(0.,0.,-1.));
#2907=DIRECTION('ref_axis',(0.,-1.,0.));
#2908=DIRECTION('center_axis',(0.,0.,-1.));
#2909=DIRECTION('ref_axis',(0.,-1.,0.));
#2910=DIRECTION('center_axis',(0.,0.,-1.));
#2911=DIRECTION('ref_axis',(0.,-1.,0.));
#2912=DIRECTION('center_axis',(0.,0.,-1.));
#2913=DIRECTION('ref_axis',(0.,-1.,0.));
#2914=DIRECTION('center_axis',(0.,0.,-1.));
#2915=DIRECTION('ref_axis',(0.,-1.,0.));
#2916=DIRECTION('center_axis',(0.,0.,-1.));
#2917=DIRECTION('ref_axis',(0.,-1.,0.));
#2918=DIRECTION('center_axis',(0.,0.,-1.));
#2919=DIRECTION('ref_axis',(0.,-1.,0.));
#2920=DIRECTION('center_axis',(0.,0.,-1.));
#2921=DIRECTION('ref_axis',(0.,-1.,0.));
#2922=DIRECTION('center_axis',(0.,0.,-1.));
#2923=DIRECTION('ref_axis',(0.,-1.,0.));
#2924=DIRECTION('center_axis',(0.,0.,-1.));
#2925=DIRECTION('ref_axis',(1.,-3.552713678801E-14,0.));
#2926=DIRECTION('',(0.,1.,0.));
#2927=DIRECTION('center_axis',(0.,0.,-1.));
#2928=DIRECTION('ref_axis',(-1.,3.5527136788E-14,0.));
#2929=DIRECTION('',(0.,-1.,0.));
#2930=DIRECTION('center_axis',(0.,0.,-1.));
#2931=DIRECTION('ref_axis',(0.,-1.,0.));
#2932=DIRECTION('center_axis',(0.,0.,1.));
#2933=DIRECTION('ref_axis',(1.,0.,0.));
#2934=DIRECTION('center_axis',(0.,0.,-1.));
#2935=DIRECTION('ref_axis',(-0.999999999994642,-3.27346397861083E-6,0.));
#2936=DIRECTION('',(0.,1.,0.));
#2937=DIRECTION('center_axis',(0.,0.,1.));
#2938=DIRECTION('ref_axis',(0.905595311849066,-0.424142819292031,0.));
#2939=DIRECTION('',(0.422885429213149,0.906183156850319,0.));
#2940=DIRECTION('center_axis',(0.,0.,-1.));
#2941=DIRECTION('ref_axis',(-0.906183338134892,-0.42288504074595,0.));
#2942=DIRECTION('',(-0.422885466632894,0.906183139387773,0.));
#2943=DIRECTION('center_axis',(0.,0.,1.));
#2944=DIRECTION('ref_axis',(0.868243159240951,-0.496138908402972,0.));
#2945=DIRECTION('',(0.496139046376845,0.86824308039873,0.));
#2946=DIRECTION('center_axis',(0.,0.,-1.));
#2947=DIRECTION('ref_axis',(-0.900851445377748,-0.434127485147879,0.));
#2948=DIRECTION('center_axis',(0.,0.,-1.));
#2949=DIRECTION('ref_axis',(0.392714370101844,-0.919660493614634,0.));
#2950=DIRECTION('',(-0.91966534583512,-0.392703006953051,0.));
#2951=DIRECTION('center_axis',(0.,0.,1.));
#2952=DIRECTION('ref_axis',(0.392702938776056,0.919665374947132,0.));
#2953=DIRECTION('',(-0.919665346630708,0.392703005089875,0.));
#2954=DIRECTION('center_axis',(0.,0.,-1.));
#2955=DIRECTION('ref_axis',(0.900843702675429,-0.434143551547207,0.));
#2956=DIRECTION('center_axis',(0.,0.,-1.));
#2957=DIRECTION('ref_axis',(0.868243354384195,0.496138566902111,0.));
#2958=DIRECTION('',(0.496139091384903,-0.86824305467983,0.));
#2959=DIRECTION('center_axis',(0.,0.,1.));
#2960=DIRECTION('ref_axis',(-0.906183218253921,0.422885297633963,0.));
#2961=DIRECTION('',(-0.422885469238022,-0.906183138172046,0.));
#2962=DIRECTION('center_axis',(0.,0.,-1.));
#2963=DIRECTION('ref_axis',(0.906183319839183,0.422885079951086,0.));
#2964=DIRECTION('',(0.422885474959098,-0.906183135502211,0.));
#2965=DIRECTION('center_axis',(0.,0.,1.));
#2966=DIRECTION('ref_axis',(-0.999999999999999,5.31019356728599E-8,0.));
#2967=DIRECTION('center_axis',(0.,0.,-1.));
#2968=DIRECTION('ref_axis',(0.,-1.,0.));
#2969=DIRECTION('center_axis',(0.,0.,-1.));
#2970=DIRECTION('ref_axis',(-5.167583532801E-14,-1.,0.));
#2971=DIRECTION('center_axis',(0.,0.,-1.));
#2972=DIRECTION('ref_axis',(-5.167583532801E-14,-1.,0.));
#2973=DIRECTION('center_axis',(0.,0.,-1.));
#2974=DIRECTION('ref_axis',(0.,-1.,0.));
#2975=DIRECTION('center_axis',(0.,0.,-1.));
#2976=DIRECTION('ref_axis',(-5.594824691025E-14,-1.,0.));
#2977=DIRECTION('center_axis',(0.,0.,-1.));
#2978=DIRECTION('ref_axis',(-5.594824691025E-14,-1.,0.));
#2979=DIRECTION('center_axis',(0.,0.,-1.));
#2980=DIRECTION('ref_axis',(-5.594824691025E-14,-1.,0.));
#2981=DIRECTION('center_axis',(0.,0.,-1.));
#2982=DIRECTION('ref_axis',(-5.167583532801E-14,-1.,0.));
#2983=DIRECTION('center_axis',(0.,0.,-1.));
#2984=DIRECTION('ref_axis',(-5.167583532801E-14,-1.,0.));
#2985=DIRECTION('center_axis',(0.,0.,-1.));
#2986=DIRECTION('ref_axis',(-5.167583532801E-14,-1.,0.));
#2987=DIRECTION('center_axis',(0.,0.,-1.));
#2988=DIRECTION('ref_axis',(-5.167583532801E-14,-1.,0.));
#2989=DIRECTION('center_axis',(0.,0.,-1.));
#2990=DIRECTION('ref_axis',(0.,-1.,0.));
#2991=DIRECTION('center_axis',(0.,0.,-1.));
#2992=DIRECTION('ref_axis',(0.,-1.,0.));
#2993=DIRECTION('center_axis',(0.,0.,-1.));
#2994=DIRECTION('ref_axis',(0.,-1.,0.));
#2995=DIRECTION('center_axis',(0.,0.,-1.));
#2996=DIRECTION('ref_axis',(0.,-1.,0.));
#2997=DIRECTION('center_axis',(0.,0.,-1.));
#2998=DIRECTION('ref_axis',(0.,-1.,0.));
#2999=DIRECTION('center_axis',(0.,0.,-1.));
#3000=DIRECTION('ref_axis',(-5.167583532801E-14,-1.,0.));
#3001=DIRECTION('center_axis',(0.,0.,-1.));
#3002=DIRECTION('ref_axis',(-5.167583532801E-14,-1.,0.));
#3003=DIRECTION('center_axis',(0.,0.,-1.));
#3004=DIRECTION('ref_axis',(-5.167583532801E-14,-1.,0.));
#3005=DIRECTION('center_axis',(0.,0.,-1.));
#3006=DIRECTION('ref_axis',(-5.167583532801E-14,-1.,0.));
#3007=DIRECTION('center_axis',(0.,0.,-1.));
#3008=DIRECTION('ref_axis',(0.,-1.,0.));
#3009=DIRECTION('center_axis',(0.,0.,-1.));
#3010=DIRECTION('ref_axis',(0.,-1.,0.));
#3011=DIRECTION('center_axis',(0.,0.,-1.));
#3012=DIRECTION('ref_axis',(0.,-1.,0.));
#3013=DIRECTION('center_axis',(0.,0.,-1.));
#3014=DIRECTION('ref_axis',(0.,-1.,0.));
#3015=DIRECTION('center_axis',(0.,0.,-1.));
#3016=DIRECTION('ref_axis',(0.,-1.,0.));
#3017=DIRECTION('center_axis',(0.,0.,-1.));
#3018=DIRECTION('ref_axis',(-5.167583532801E-14,-1.,0.));
#3019=DIRECTION('center_axis',(0.,0.,-1.));
#3020=DIRECTION('ref_axis',(-5.167583532801E-14,-1.,0.));
#3021=DIRECTION('center_axis',(0.,0.,-1.));
#3022=DIRECTION('ref_axis',(0.,-1.,0.));
#3023=DIRECTION('center_axis',(0.,0.,-1.));
#3024=DIRECTION('ref_axis',(0.,-1.,0.));
#3025=DIRECTION('center_axis',(0.,0.,-1.));
#3026=DIRECTION('ref_axis',(0.,-1.,0.));
#3027=DIRECTION('center_axis',(0.,0.,-1.));
#3028=DIRECTION('ref_axis',(0.,-1.,0.));
#3029=DIRECTION('center_axis',(0.,0.,-1.));
#3030=DIRECTION('ref_axis',(0.,-1.,0.));
#3031=DIRECTION('center_axis',(0.,0.,-1.));
#3032=DIRECTION('ref_axis',(0.,-1.,0.));
#3033=DIRECTION('center_axis',(0.,0.,-1.));
#3034=DIRECTION('ref_axis',(-5.594824691025E-14,-1.,0.));
#3035=DIRECTION('center_axis',(0.,0.,-1.));
#3036=DIRECTION('ref_axis',(-5.594824691025E-14,-1.,0.));
#3037=DIRECTION('center_axis',(0.,0.,-1.));
#3038=DIRECTION('ref_axis',(-5.594824691025E-14,-1.,0.));
#3039=DIRECTION('center_axis',(0.,0.,-1.));
#3040=DIRECTION('ref_axis',(-5.594824691025E-14,-1.,0.));
#3041=DIRECTION('center_axis',(0.,0.,-1.));
#3042=DIRECTION('ref_axis',(-5.594824691025E-14,-1.,0.));
#3043=DIRECTION('center_axis',(0.,0.,-1.));
#3044=DIRECTION('ref_axis',(-5.594824691025E-14,-1.,0.));
#3045=DIRECTION('center_axis',(0.,0.,-1.));
#3046=DIRECTION('ref_axis',(-5.594824691025E-14,-1.,0.));
#3047=DIRECTION('center_axis',(0.,0.,-1.));
#3048=DIRECTION('ref_axis',(-5.594824691025E-14,-1.,0.));
#3049=DIRECTION('center_axis',(0.,0.,-1.));
#3050=DIRECTION('ref_axis',(-5.594824691025E-14,-1.,0.));
#3051=DIRECTION('center_axis',(0.,0.,-1.));
#3052=DIRECTION('ref_axis',(5.594824691024E-14,-1.,0.));
#3053=DIRECTION('center_axis',(0.,0.,-1.));
#3054=DIRECTION('ref_axis',(5.594824691024E-14,-1.,0.));
#3055=DIRECTION('center_axis',(0.,0.,-1.));
#3056=DIRECTION('ref_axis',(0.,-1.,0.));
#3057=DIRECTION('center_axis',(0.,0.,-1.));
#3058=DIRECTION('ref_axis',(0.,-1.,0.));
#3059=DIRECTION('center_axis',(0.,0.,-1.));
#3060=DIRECTION('ref_axis',(0.,-1.,0.));
#3061=DIRECTION('center_axis',(0.,0.,-1.));
#3062=DIRECTION('ref_axis',(0.,-1.,0.));
#3063=DIRECTION('center_axis',(0.,0.,-1.));
#3064=DIRECTION('ref_axis',(0.,-1.,0.));
#3065=DIRECTION('center_axis',(0.,0.,-1.));
#3066=DIRECTION('ref_axis',(5.594824691024E-14,-1.,0.));
#3067=DIRECTION('center_axis',(0.,0.,-1.));
#3068=DIRECTION('ref_axis',(0.,-1.,0.));
#3069=DIRECTION('center_axis',(0.,0.,-1.));
#3070=DIRECTION('ref_axis',(0.,-1.,0.));
#3071=DIRECTION('center_axis',(0.,0.,-1.));
#3072=DIRECTION('ref_axis',(0.,-1.,0.));
#3073=DIRECTION('center_axis',(0.,0.,-1.));
#3074=DIRECTION('ref_axis',(0.,-1.,0.));
#3075=DIRECTION('center_axis',(0.,0.,-1.));
#3076=DIRECTION('ref_axis',(0.,-1.,0.));
#3077=DIRECTION('center_axis',(0.,0.,-1.));
#3078=DIRECTION('ref_axis',(0.,-1.,0.));
#3079=DIRECTION('center_axis',(0.,0.,-1.));
#3080=DIRECTION('ref_axis',(0.,-1.,0.));
#3081=DIRECTION('center_axis',(0.,0.,-1.));
#3082=DIRECTION('ref_axis',(0.,-1.,0.));
#3083=DIRECTION('center_axis',(0.,0.,-1.));
#3084=DIRECTION('ref_axis',(0.,-1.,0.));
#3085=DIRECTION('center_axis',(0.,0.,-1.));
#3086=DIRECTION('ref_axis',(1.,-3.552713678801E-14,0.));
#3087=DIRECTION('',(0.,-1.,0.));
#3088=DIRECTION('center_axis',(0.,0.,-1.));
#3089=DIRECTION('ref_axis',(-1.,3.5527136788E-14,0.));
#3090=DIRECTION('',(0.,1.,0.));
#3091=DIRECTION('center_axis',(0.,0.,-1.));
#3092=DIRECTION('ref_axis',(0.,-1.,0.));
#3093=DIRECTION('center_axis',(0.,0.,-1.));
#3094=DIRECTION('ref_axis',(0.,-1.,0.));
#3095=DIRECTION('center_axis',(0.,0.,-1.));
#3096=DIRECTION('ref_axis',(-7.105427357601E-14,1.,0.));
#3097=DIRECTION('',(1.,0.,0.));
#3098=DIRECTION('center_axis',(0.,0.,-1.));
#3099=DIRECTION('ref_axis',(-7.105427357601E-14,-1.,0.));
#3100=DIRECTION('',(-1.,0.,0.));
#3101=DIRECTION('center_axis',(0.,0.,-1.));
#3102=DIRECTION('ref_axis',(0.,-1.,0.));
#3103=DIRECTION('center_axis',(0.,0.,-1.));
#3104=DIRECTION('ref_axis',(0.,-1.,0.));
#3105=DIRECTION('center_axis',(0.,0.,-1.));
#3106=DIRECTION('ref_axis',(0.,-1.,0.));
#3107=DIRECTION('center_axis',(0.,0.,-1.));
#3108=DIRECTION('ref_axis',(0.,-1.,0.));
#3109=DIRECTION('center_axis',(0.,0.,-1.));
#3110=DIRECTION('ref_axis',(0.,-1.,0.));
#3111=DIRECTION('center_axis',(0.,0.,-1.));
#3112=DIRECTION('ref_axis',(0.,-1.,0.));
#3113=DIRECTION('center_axis',(0.,0.,-1.));
#3114=DIRECTION('ref_axis',(0.,-1.,0.));
#3115=DIRECTION('center_axis',(0.,0.,-1.));
#3116=DIRECTION('ref_axis',(0.,-1.,0.));
#3117=DIRECTION('center_axis',(0.,0.,-1.));
#3118=DIRECTION('ref_axis',(0.,-1.,0.));
#3119=DIRECTION('center_axis',(0.,0.,-1.));
#3120=DIRECTION('ref_axis',(0.,-1.,0.));
#3121=DIRECTION('center_axis',(0.,0.,-1.));
#3122=DIRECTION('ref_axis',(1.,-3.552713678801E-14,0.));
#3123=DIRECTION('',(0.,-1.,0.));
#3124=DIRECTION('center_axis',(0.,0.,-1.));
#3125=DIRECTION('ref_axis',(-1.,3.5527136788E-14,0.));
#3126=DIRECTION('',(0.,1.,0.));
#3127=DIRECTION('center_axis',(0.,0.,-1.));
#3128=DIRECTION('ref_axis',(0.,-1.,0.));
#3129=DIRECTION('center_axis',(0.,0.,-1.));
#3130=DIRECTION('ref_axis',(-0.999999999994642,-3.27346397861083E-6,0.));
#3131=DIRECTION('',(0.,0.,1.));
#3132=DIRECTION('center_axis',(0.,0.,-1.));
#3133=DIRECTION('ref_axis',(-0.999999999999999,5.31019356728599E-8,0.));
#3134=DIRECTION('',(0.,0.,1.));
#3135=DIRECTION('center_axis',(-1.,0.,0.));
#3136=DIRECTION('ref_axis',(0.,1.,0.));
#3137=DIRECTION('',(0.,0.,1.));
#3138=DIRECTION('center_axis',(0.906183135502211,0.422885474959098,0.));
#3139=DIRECTION('ref_axis',(0.422885474959098,-0.906183135502211,0.));
#3140=DIRECTION('',(0.,0.,1.));
#3141=DIRECTION('center_axis',(0.,0.,-1.));
#3142=DIRECTION('ref_axis',(0.905595311849066,-0.424142819292031,0.));
#3143=DIRECTION('',(0.,0.,1.));
#3144=DIRECTION('center_axis',(0.,0.,-1.));
#3145=DIRECTION('ref_axis',(0.906183319839183,0.422885079951086,0.));
#3146=DIRECTION('',(0.,0.,1.));
#3147=DIRECTION('center_axis',(-0.906183156850319,0.422885429213149,0.));
#3148=DIRECTION('ref_axis',(0.422885429213149,0.90618315685032,0.));
#3149=DIRECTION('',(0.,0.,1.));
#3150=DIRECTION('center_axis',(0.906183138172047,-0.422885469238022,0.));
#3151=DIRECTION('ref_axis',(-0.422885469238022,-0.906183138172046,0.));
#3152=DIRECTION('',(0.,0.,1.));
#3153=DIRECTION('center_axis',(0.,0.,-1.));
#3154=DIRECTION('ref_axis',(-0.906183338134892,-0.42288504074595,0.));
#3155=DIRECTION('',(0.,0.,1.));
#3156=DIRECTION('center_axis',(0.,0.,-1.));
#3157=DIRECTION('ref_axis',(-0.906183218253921,0.422885297633963,0.));
#3158=DIRECTION('',(0.,0.,1.));
#3159=DIRECTION('center_axis',(-0.906183139387773,-0.422885466632894,0.));
#3160=DIRECTION('ref_axis',(-0.422885466632894,0.906183139387773,0.));
#3161=DIRECTION('',(0.,0.,1.));
#3162=DIRECTION('center_axis',(0.86824305467983,0.496139091384903,0.));
#3163=DIRECTION('ref_axis',(0.496139091384903,-0.86824305467983,0.));
#3164=DIRECTION('',(0.,0.,1.));
#3165=DIRECTION('center_axis',(0.,0.,-1.));
#3166=DIRECTION('ref_axis',(0.868243159240951,-0.496138908402972,0.));
#3167=DIRECTION('',(0.,0.,1.));
#3168=DIRECTION('center_axis',(0.,0.,-1.));
#3169=DIRECTION('ref_axis',(0.868243354384195,0.496138566902111,0.));
#3170=DIRECTION('',(0.,0.,1.));
#3171=DIRECTION('center_axis',(-0.868243080398729,0.496139046376845,0.));
#3172=DIRECTION('ref_axis',(0.496139046376845,0.86824308039873,0.));
#3173=DIRECTION('',(0.,0.,1.));
#3174=DIRECTION('center_axis',(0.,0.,-1.));
#3175=DIRECTION('ref_axis',(0.900843702675429,-0.434143551547207,0.));
#3176=DIRECTION('',(0.,0.,1.));
#3177=DIRECTION('center_axis',(0.,0.,-1.));
#3178=DIRECTION('ref_axis',(-0.900851445377748,-0.434127485147879,0.));
#3179=DIRECTION('',(0.,0.,1.));
#3180=DIRECTION('center_axis',(-0.392703005089876,-0.919665346630709,0.));
#3181=DIRECTION('ref_axis',(-0.919665346630709,0.392703005089876,0.));
#3182=DIRECTION('',(0.,0.,1.));
#3183=DIRECTION('center_axis',(0.,0.,-1.));
#3184=DIRECTION('ref_axis',(0.392714370101844,-0.919660493614634,0.));
#3185=DIRECTION('',(0.,0.,1.));
#3186=DIRECTION('center_axis',(0.,0.,-1.));
#3187=DIRECTION('ref_axis',(0.392702938776056,0.919665374947132,0.));
#3188=DIRECTION('',(0.,0.,1.));
#3189=DIRECTION('center_axis',(0.392703006953051,-0.91966534583512,0.));
#3190=DIRECTION('ref_axis',(-0.91966534583512,-0.392703006953051,0.));
#3191=DIRECTION('center_axis',(0.,0.,-1.));
#3192=DIRECTION('ref_axis',(0.,-1.,0.));
#3193=DIRECTION('',(0.,0.,-1.));
#3194=DIRECTION('center_axis',(0.,0.,-1.));
#3195=DIRECTION('ref_axis',(-5.167583532801E-14,-1.,0.));
#3196=DIRECTION('',(0.,0.,-1.));
#3197=DIRECTION('center_axis',(0.,0.,-1.));
#3198=DIRECTION('ref_axis',(-5.167583532801E-14,-1.,0.));
#3199=DIRECTION('',(0.,0.,-1.));
#3200=DIRECTION('center_axis',(0.,0.,-1.));
#3201=DIRECTION('ref_axis',(0.,-1.,0.));
#3202=DIRECTION('',(0.,0.,-1.));
#3203=DIRECTION('center_axis',(0.,0.,-1.));
#3204=DIRECTION('ref_axis',(-5.594824691025E-14,-1.,0.));
#3205=DIRECTION('',(0.,0.,-1.));
#3206=DIRECTION('center_axis',(0.,0.,-1.));
#3207=DIRECTION('ref_axis',(-5.594824691025E-14,-1.,0.));
#3208=DIRECTION('',(0.,0.,-1.));
#3209=DIRECTION('center_axis',(0.,0.,-1.));
#3210=DIRECTION('ref_axis',(-5.594824691025E-14,-1.,0.));
#3211=DIRECTION('',(0.,0.,-1.));
#3212=DIRECTION('center_axis',(0.,0.,-1.));
#3213=DIRECTION('ref_axis',(-5.167583532801E-14,-1.,0.));
#3214=DIRECTION('',(0.,0.,-1.));
#3215=DIRECTION('center_axis',(0.,0.,-1.));
#3216=DIRECTION('ref_axis',(-5.167583532801E-14,-1.,0.));
#3217=DIRECTION('',(0.,0.,-1.));
#3218=DIRECTION('center_axis',(0.,0.,-1.));
#3219=DIRECTION('ref_axis',(-5.167583532801E-14,-1.,0.));
#3220=DIRECTION('',(0.,0.,-1.));
#3221=DIRECTION('center_axis',(0.,0.,-1.));
#3222=DIRECTION('ref_axis',(-5.167583532801E-14,-1.,0.));
#3223=DIRECTION('',(0.,0.,-1.));
#3224=DIRECTION('center_axis',(0.,0.,-1.));
#3225=DIRECTION('ref_axis',(0.,-1.,0.));
#3226=DIRECTION('',(0.,0.,-1.));
#3227=DIRECTION('center_axis',(0.,0.,-1.));
#3228=DIRECTION('ref_axis',(0.,-1.,0.));
#3229=DIRECTION('',(0.,0.,-1.));
#3230=DIRECTION('center_axis',(0.,0.,-1.));
#3231=DIRECTION('ref_axis',(0.,-1.,0.));
#3232=DIRECTION('',(0.,0.,-1.));
#3233=DIRECTION('center_axis',(0.,0.,-1.));
#3234=DIRECTION('ref_axis',(0.,-1.,0.));
#3235=DIRECTION('',(0.,0.,-1.));
#3236=DIRECTION('center_axis',(0.,0.,-1.));
#3237=DIRECTION('ref_axis',(0.,-1.,0.));
#3238=DIRECTION('',(0.,0.,-1.));
#3239=DIRECTION('center_axis',(0.,0.,-1.));
#3240=DIRECTION('ref_axis',(-5.167583532801E-14,-1.,0.));
#3241=DIRECTION('',(0.,0.,-1.));
#3242=DIRECTION('center_axis',(0.,0.,-1.));
#3243=DIRECTION('ref_axis',(-5.167583532801E-14,-1.,0.));
#3244=DIRECTION('',(0.,0.,-1.));
#3245=DIRECTION('center_axis',(0.,0.,-1.));
#3246=DIRECTION('ref_axis',(-5.167583532801E-14,-1.,0.));
#3247=DIRECTION('',(0.,0.,-1.));
#3248=DIRECTION('center_axis',(0.,0.,-1.));
#3249=DIRECTION('ref_axis',(-5.167583532801E-14,-1.,0.));
#3250=DIRECTION('',(0.,0.,-1.));
#3251=DIRECTION('center_axis',(0.,0.,-1.));
#3252=DIRECTION('ref_axis',(0.,-1.,0.));
#3253=DIRECTION('',(0.,0.,-1.));
#3254=DIRECTION('center_axis',(0.,0.,-1.));
#3255=DIRECTION('ref_axis',(0.,-1.,0.));
#3256=DIRECTION('',(0.,0.,-1.));
#3257=DIRECTION('center_axis',(0.,0.,-1.));
#3258=DIRECTION('ref_axis',(0.,-1.,0.));
#3259=DIRECTION('',(0.,0.,-1.));
#3260=DIRECTION('center_axis',(0.,0.,-1.));
#3261=DIRECTION('ref_axis',(0.,-1.,0.));
#3262=DIRECTION('',(0.,0.,-1.));
#3263=DIRECTION('center_axis',(0.,0.,-1.));
#3264=DIRECTION('ref_axis',(0.,-1.,0.));
#3265=DIRECTION('',(0.,0.,-1.));
#3266=DIRECTION('center_axis',(0.,0.,-1.));
#3267=DIRECTION('ref_axis',(-5.167583532801E-14,-1.,0.));
#3268=DIRECTION('',(0.,0.,-1.));
#3269=DIRECTION('center_axis',(0.,0.,-1.));
#3270=DIRECTION('ref_axis',(-5.167583532801E-14,-1.,0.));
#3271=DIRECTION('',(0.,0.,-1.));
#3272=DIRECTION('center_axis',(0.,0.,-1.));
#3273=DIRECTION('ref_axis',(0.,-1.,0.));
#3274=DIRECTION('',(0.,0.,-1.));
#3275=DIRECTION('center_axis',(0.,0.,-1.));
#3276=DIRECTION('ref_axis',(0.,-1.,0.));
#3277=DIRECTION('',(0.,0.,-1.));
#3278=DIRECTION('center_axis',(0.,0.,-1.));
#3279=DIRECTION('ref_axis',(0.,-1.,0.));
#3280=DIRECTION('',(0.,0.,-1.));
#3281=DIRECTION('center_axis',(0.,0.,-1.));
#3282=DIRECTION('ref_axis',(0.,-1.,0.));
#3283=DIRECTION('',(0.,0.,-1.));
#3284=DIRECTION('center_axis',(0.,0.,-1.));
#3285=DIRECTION('ref_axis',(0.,-1.,0.));
#3286=DIRECTION('',(0.,0.,-1.));
#3287=DIRECTION('center_axis',(0.,0.,-1.));
#3288=DIRECTION('ref_axis',(0.,-1.,0.));
#3289=DIRECTION('',(0.,0.,-1.));
#3290=DIRECTION('center_axis',(0.,0.,-1.));
#3291=DIRECTION('ref_axis',(-5.594824691025E-14,-1.,0.));
#3292=DIRECTION('',(0.,0.,-1.));
#3293=DIRECTION('center_axis',(0.,0.,-1.));
#3294=DIRECTION('ref_axis',(-5.594824691025E-14,-1.,0.));
#3295=DIRECTION('',(0.,0.,-1.));
#3296=DIRECTION('center_axis',(0.,0.,-1.));
#3297=DIRECTION('ref_axis',(-5.594824691025E-14,-1.,0.));
#3298=DIRECTION('',(0.,0.,-1.));
#3299=DIRECTION('center_axis',(0.,0.,-1.));
#3300=DIRECTION('ref_axis',(-5.594824691025E-14,-1.,0.));
#3301=DIRECTION('',(0.,0.,-1.));
#3302=DIRECTION('center_axis',(0.,0.,-1.));
#3303=DIRECTION('ref_axis',(-5.594824691025E-14,-1.,0.));
#3304=DIRECTION('',(0.,0.,-1.));
#3305=DIRECTION('center_axis',(0.,0.,-1.));
#3306=DIRECTION('ref_axis',(-5.594824691025E-14,-1.,0.));
#3307=DIRECTION('',(0.,0.,-1.));
#3308=DIRECTION('center_axis',(0.,0.,-1.));
#3309=DIRECTION('ref_axis',(-5.594824691025E-14,-1.,0.));
#3310=DIRECTION('',(0.,0.,-1.));
#3311=DIRECTION('center_axis',(0.,0.,-1.));
#3312=DIRECTION('ref_axis',(-5.594824691025E-14,-1.,0.));
#3313=DIRECTION('',(0.,0.,-1.));
#3314=DIRECTION('center_axis',(0.,0.,-1.));
#3315=DIRECTION('ref_axis',(-5.594824691025E-14,-1.,0.));
#3316=DIRECTION('',(0.,0.,-1.));
#3317=DIRECTION('center_axis',(0.,0.,-1.));
#3318=DIRECTION('ref_axis',(5.594824691024E-14,-1.,0.));
#3319=DIRECTION('',(0.,0.,-1.));
#3320=DIRECTION('center_axis',(0.,0.,-1.));
#3321=DIRECTION('ref_axis',(5.594824691024E-14,-1.,0.));
#3322=DIRECTION('',(0.,0.,-1.));
#3323=DIRECTION('center_axis',(0.,0.,-1.));
#3324=DIRECTION('ref_axis',(0.,-1.,0.));
#3325=DIRECTION('',(0.,0.,-1.));
#3326=DIRECTION('center_axis',(0.,0.,-1.));
#3327=DIRECTION('ref_axis',(0.,-1.,0.));
#3328=DIRECTION('',(0.,0.,-1.));
#3329=DIRECTION('center_axis',(0.,0.,-1.));
#3330=DIRECTION('ref_axis',(0.,-1.,0.));
#3331=DIRECTION('',(0.,0.,-1.));
#3332=DIRECTION('center_axis',(0.,0.,-1.));
#3333=DIRECTION('ref_axis',(0.,-1.,0.));
#3334=DIRECTION('',(0.,0.,-1.));
#3335=DIRECTION('center_axis',(0.,0.,-1.));
#3336=DIRECTION('ref_axis',(0.,-1.,0.));
#3337=DIRECTION('',(0.,0.,-1.));
#3338=DIRECTION('center_axis',(0.,0.,-1.));
#3339=DIRECTION('ref_axis',(5.594824691024E-14,-1.,0.));
#3340=DIRECTION('',(0.,0.,-1.));
#3341=DIRECTION('center_axis',(0.,0.,-1.));
#3342=DIRECTION('ref_axis',(0.,-1.,0.));
#3343=DIRECTION('',(0.,0.,-1.));
#3344=DIRECTION('center_axis',(0.,0.,-1.));
#3345=DIRECTION('ref_axis',(0.,-1.,0.));
#3346=DIRECTION('',(0.,0.,-1.));
#3347=DIRECTION('center_axis',(0.,0.,-1.));
#3348=DIRECTION('ref_axis',(0.,-1.,0.));
#3349=DIRECTION('',(0.,0.,-1.));
#3350=DIRECTION('center_axis',(0.,0.,-1.));
#3351=DIRECTION('ref_axis',(0.,-1.,0.));
#3352=DIRECTION('',(0.,0.,-1.));
#3353=DIRECTION('center_axis',(0.,0.,-1.));
#3354=DIRECTION('ref_axis',(0.,-1.,0.));
#3355=DIRECTION('',(0.,0.,-1.));
#3356=DIRECTION('center_axis',(0.,0.,-1.));
#3357=DIRECTION('ref_axis',(0.,-1.,0.));
#3358=DIRECTION('',(0.,0.,-1.));
#3359=DIRECTION('center_axis',(0.,0.,-1.));
#3360=DIRECTION('ref_axis',(0.,-1.,0.));
#3361=DIRECTION('',(0.,0.,-1.));
#3362=DIRECTION('center_axis',(0.,0.,-1.));
#3363=DIRECTION('ref_axis',(0.,-1.,0.));
#3364=DIRECTION('',(0.,0.,-1.));
#3365=DIRECTION('center_axis',(0.,0.,-1.));
#3366=DIRECTION('ref_axis',(0.,-1.,0.));
#3367=DIRECTION('',(0.,0.,-1.));
#3368=DIRECTION('center_axis',(0.,0.,-1.));
#3369=DIRECTION('ref_axis',(1.,-3.552713678801E-14,0.));
#3370=DIRECTION('',(0.,0.,1.));
#3371=DIRECTION('',(0.,0.,1.));
#3372=DIRECTION('center_axis',(1.,0.,0.));
#3373=DIRECTION('ref_axis',(0.,-1.,0.));
#3374=DIRECTION('',(0.,0.,1.));
#3375=DIRECTION('center_axis',(0.,0.,-1.));
#3376=DIRECTION('ref_axis',(-1.,3.5527136788E-14,0.));
#3377=DIRECTION('',(0.,0.,1.));
#3378=DIRECTION('center_axis',(-1.,0.,0.));
#3379=DIRECTION('ref_axis',(0.,1.,0.));
#3380=DIRECTION('center_axis',(0.,0.,-1.));
#3381=DIRECTION('ref_axis',(0.,-1.,0.));
#3382=DIRECTION('',(0.,0.,-1.));
#3383=DIRECTION('center_axis',(0.,0.,-1.));
#3384=DIRECTION('ref_axis',(0.,-1.,0.));
#3385=DIRECTION('',(0.,0.,-1.));
#3386=DIRECTION('center_axis',(0.,0.,-1.));
#3387=DIRECTION('ref_axis',(-7.105427357601E-14,1.,0.));
#3388=DIRECTION('',(0.,0.,1.));
#3389=DIRECTION('',(0.,0.,1.));
#3390=DIRECTION('center_axis',(0.,1.,0.));
#3391=DIRECTION('ref_axis',(1.,0.,0.));
#3392=DIRECTION('',(0.,0.,1.));
#3393=DIRECTION('center_axis',(0.,0.,-1.));
#3394=DIRECTION('ref_axis',(-7.105427357601E-14,-1.,0.));
#3395=DIRECTION('',(0.,0.,1.));
#3396=DIRECTION('center_axis',(0.,-1.,0.));
#3397=DIRECTION('ref_axis',(-1.,0.,0.));
#3398=DIRECTION('center_axis',(0.,0.,-1.));
#3399=DIRECTION('ref_axis',(0.,-1.,0.));
#3400=DIRECTION('',(0.,0.,-1.));
#3401=DIRECTION('center_axis',(0.,0.,-1.));
#3402=DIRECTION('ref_axis',(0.,-1.,0.));
#3403=DIRECTION('',(0.,0.,-1.));
#3404=DIRECTION('center_axis',(0.,0.,-1.));
#3405=DIRECTION('ref_axis',(0.,-1.,0.));
#3406=DIRECTION('',(0.,0.,-1.));
#3407=DIRECTION('center_axis',(0.,0.,-1.));
#3408=DIRECTION('ref_axis',(0.,-1.,0.));
#3409=DIRECTION('',(0.,0.,-1.));
#3410=DIRECTION('center_axis',(0.,0.,-1.));
#3411=DIRECTION('ref_axis',(0.,-1.,0.));
#3412=DIRECTION('',(0.,0.,-1.));
#3413=DIRECTION('center_axis',(0.,0.,-1.));
#3414=DIRECTION('ref_axis',(0.,-1.,0.));
#3415=DIRECTION('',(0.,0.,-1.));
#3416=DIRECTION('center_axis',(0.,0.,-1.));
#3417=DIRECTION('ref_axis',(0.,-1.,0.));
#3418=DIRECTION('',(0.,0.,-1.));
#3419=DIRECTION('center_axis',(0.,0.,-1.));
#3420=DIRECTION('ref_axis',(0.,-1.,0.));
#3421=DIRECTION('',(0.,0.,-1.));
#3422=DIRECTION('center_axis',(0.,0.,-1.));
#3423=DIRECTION('ref_axis',(0.,-1.,0.));
#3424=DIRECTION('',(0.,0.,-1.));
#3425=DIRECTION('center_axis',(0.,0.,-1.));
#3426=DIRECTION('ref_axis',(0.,-1.,0.));
#3427=DIRECTION('',(0.,0.,-1.));
#3428=DIRECTION('center_axis',(0.,0.,-1.));
#3429=DIRECTION('ref_axis',(1.,-3.552713678801E-14,0.));
#3430=DIRECTION('',(0.,0.,1.));
#3431=DIRECTION('',(0.,0.,1.));
#3432=DIRECTION('center_axis',(1.,0.,0.));
#3433=DIRECTION('ref_axis',(0.,-1.,0.));
#3434=DIRECTION('',(0.,0.,1.));
#3435=DIRECTION('center_axis',(0.,0.,-1.));
#3436=DIRECTION('ref_axis',(-1.,3.5527136788E-14,0.));
#3437=DIRECTION('',(0.,0.,1.));
#3438=DIRECTION('center_axis',(-1.,0.,0.));
#3439=DIRECTION('ref_axis',(0.,1.,0.));
#3440=DIRECTION('center_axis',(0.,0.,-1.));
#3441=DIRECTION('ref_axis',(0.,-1.,0.));
#3442=DIRECTION('',(0.,0.,-1.));
#3443=CARTESIAN_POINT('',(0.,0.,0.));
#3444=CARTESIAN_POINT('Origin',(238.75500069738,-21.68499630261,0.));
#3445=CARTESIAN_POINT('',(238.755,-20.033997,0.));
#3446=CARTESIAN_POINT('',(238.755,-20.033997,1.51));
#3447=CARTESIAN_POINT('',(238.755,-20.033997,0.));
#3448=CARTESIAN_POINT('',(240.406,-21.685,1.51));
#3449=CARTESIAN_POINT('Origin',(238.75500069738,-21.68499630261,1.51));
#3450=CARTESIAN_POINT('',(240.406,-21.685,0.));
#3451=CARTESIAN_POINT('',(240.406,-21.685,0.));
#3452=CARTESIAN_POINT('Origin',(238.75500069738,-21.68499630261,0.));
#3453=CARTESIAN_POINT('Origin',(222.245,-20.033997,0.));
#3454=CARTESIAN_POINT('',(222.245,-20.033997,0.));
#3455=CARTESIAN_POINT('',(222.245,-20.033997,1.51));
#3456=CARTESIAN_POINT('',(222.245,-20.033997,0.));
#3457=CARTESIAN_POINT('',(222.245,-20.033997,1.51));
#3458=CARTESIAN_POINT('',(222.245,-20.033997,0.));
#3459=CARTESIAN_POINT('Origin',(240.406,-21.685,0.));
#3460=CARTESIAN_POINT('',(240.406,-26.93655,1.51));
#3461=CARTESIAN_POINT('',(240.406,-21.685,1.51));
#3462=CARTESIAN_POINT('',(240.406,-26.93655,0.));
#3463=CARTESIAN_POINT('',(240.406,-26.93655,0.));
#3464=CARTESIAN_POINT('',(240.406,-21.685,0.));
#3465=CARTESIAN_POINT('Origin',(0.,0.,0.));
#3466=CARTESIAN_POINT('',(241.676128,-32.6617,0.));
#3467=CARTESIAN_POINT('Origin',(253.94422584306,-26.9365507189,0.));
#3468=CARTESIAN_POINT('',(260.913452,-73.884536,0.));
#3469=CARTESIAN_POINT('',(241.676128,-32.6617,0.));
#3470=CARTESIAN_POINT('',(260.913451,-85.055464,0.));
#3471=CARTESIAN_POINT('Origin',(248.94458958462,-79.46999892857,0.));
#3472=CARTESIAN_POINT('',(243.134855,-123.152455,0.));
#3473=CARTESIAN_POINT('',(260.913451,-85.055464,0.));
#3474=CARTESIAN_POINT('',(243.607555,-134.602724,0.));
#3475=CARTESIAN_POINT('Origin',(254.42513839328,-128.4212513724,0.));
#3476=CARTESIAN_POINT('',(249.543182,-144.990067,0.));
#3477=CARTESIAN_POINT('',(243.607555,-134.602724,0.));
#3478=CARTESIAN_POINT('',(249.597022,-146.525944,0.));
#3479=CARTESIAN_POINT('Origin',(248.10969818364,-145.8091997958,0.));
#3480=CARTESIAN_POINT('',(244.837843,-148.332843,0.));
#3481=CARTESIAN_POINT('Origin',(246.26470019399,-144.919998352,0.));
#3482=CARTESIAN_POINT('',(232.915699,-143.242011,0.));
#3483=CARTESIAN_POINT('',(244.837843,-148.332843,0.));
#3484=CARTESIAN_POINT('',(228.084301,-143.24201,0.));
#3485=CARTESIAN_POINT('Origin',(230.49999882905,-148.8993045522,0.));
#3486=CARTESIAN_POINT('',(216.187789,-148.321897,0.));
#3487=CARTESIAN_POINT('',(228.084301,-143.24201,0.));
#3488=CARTESIAN_POINT('',(211.402978,-146.525944,0.));
#3489=CARTESIAN_POINT('Origin',(214.73516551215,-144.9201359859,0.));
#3490=CARTESIAN_POINT('',(211.456818,-144.990067,0.));
#3491=CARTESIAN_POINT('Origin',(212.89028443269,-145.8091991864,0.));
#3492=CARTESIAN_POINT('',(217.392442,-134.602728,0.));
#3493=CARTESIAN_POINT('',(211.456818,-144.990067,0.));
#3494=CARTESIAN_POINT('',(217.865143,-123.152451,0.));
#3495=CARTESIAN_POINT('Origin',(206.57485565463,-128.4212505834,0.));
#3496=CARTESIAN_POINT('',(200.086549,-85.055464,0.));
#3497=CARTESIAN_POINT('',(217.865143,-123.152451,0.));
#3498=CARTESIAN_POINT('',(200.086549,-73.884537,0.));
#3499=CARTESIAN_POINT('Origin',(212.05541399113,-79.4700005,0.));
#3500=CARTESIAN_POINT('',(219.315904,-32.678772,0.));
#3501=CARTESIAN_POINT('',(200.086549,-73.884537,0.));
#3502=CARTESIAN_POINT('',(220.594,-26.9365,0.));
#3503=CARTESIAN_POINT('Origin',(207.05551981375,-26.93652284487,0.));
#3504=CARTESIAN_POINT('',(220.594,-21.685,0.));
#3505=CARTESIAN_POINT('',(220.594,-26.9365,0.));
#3506=CARTESIAN_POINT('Origin',(222.24499759551,-21.68499459551,0.));
#3507=CARTESIAN_POINT('',(230.3,-128.75,0.));
#3508=CARTESIAN_POINT('Origin',(230.3,-129.8,0.));
#3509=CARTESIAN_POINT('',(213.6,-96.45,0.));
#3510=CARTESIAN_POINT('Origin',(213.6,-97.,0.));
#3511=CARTESIAN_POINT('',(213.6,-91.95,0.));
#3512=CARTESIAN_POINT('Origin',(213.6,-92.5,0.));
#3513=CARTESIAN_POINT('',(203.2,-78.85,0.));
#3514=CARTESIAN_POINT('Origin',(203.2,-79.9,0.));
#3515=CARTESIAN_POINT('',(214.1,-80.592,0.));
#3516=CARTESIAN_POINT('Origin',(214.1,-81.1,0.));
#3517=CARTESIAN_POINT('',(214.100001,-78.052,0.));
#3518=CARTESIAN_POINT('Origin',(214.100001,-78.56,0.));
#3519=CARTESIAN_POINT('',(214.1,-75.512,0.));
#3520=CARTESIAN_POINT('Origin',(214.1,-76.02,0.));
#3521=CARTESIAN_POINT('',(220.1,-96.45,0.));
#3522=CARTESIAN_POINT('Origin',(220.1,-97.,0.));
#3523=CARTESIAN_POINT('',(220.1,-91.95,0.));
#3524=CARTESIAN_POINT('Origin',(220.1,-92.5,0.));
#3525=CARTESIAN_POINT('',(227.35,-96.45,0.));
#3526=CARTESIAN_POINT('Origin',(227.35,-97.,0.));
#3527=CARTESIAN_POINT('',(227.35,-91.95,0.));
#3528=CARTESIAN_POINT('Origin',(227.35,-92.5,0.));
#3529=CARTESIAN_POINT('',(221.89,-87.2,0.));
#3530=CARTESIAN_POINT('Origin',(221.89,-87.6,0.));
#3531=CARTESIAN_POINT('',(229.51,-87.2,0.));
#3532=CARTESIAN_POINT('Origin',(229.51,-87.6,0.));
#3533=CARTESIAN_POINT('',(229.340001,-80.592001,0.));
#3534=CARTESIAN_POINT('Origin',(229.340001,-81.100001,0.));
#3535=CARTESIAN_POINT('',(229.340001,-78.052,0.));
#3536=CARTESIAN_POINT('Origin',(229.340001,-78.56,0.));
#3537=CARTESIAN_POINT('',(229.340001,-75.512001,0.));
#3538=CARTESIAN_POINT('Origin',(229.340001,-76.020001,0.));
#3539=CARTESIAN_POINT('',(233.85,-96.45,0.));
#3540=CARTESIAN_POINT('Origin',(233.85,-97.,0.));
#3541=CARTESIAN_POINT('',(233.85,-91.95,0.));
#3542=CARTESIAN_POINT('Origin',(233.85,-92.5,0.));
#3543=CARTESIAN_POINT('',(241.1,-96.55,0.));
#3544=CARTESIAN_POINT('Origin',(241.1,-97.1,0.));
#3545=CARTESIAN_POINT('',(241.1,-92.05,0.));
#3546=CARTESIAN_POINT('Origin',(241.1,-92.6,0.));
#3547=CARTESIAN_POINT('',(234.1,-86.699,0.));
#3548=CARTESIAN_POINT('Origin',(234.1,-87.08,0.));
#3549=CARTESIAN_POINT('',(234.1,-84.159,0.));
#3550=CARTESIAN_POINT('Origin',(234.1,-84.54,0.));
#3551=CARTESIAN_POINT('',(234.1,-81.619,0.));
#3552=CARTESIAN_POINT('Origin',(234.1,-82.,0.));
#3553=CARTESIAN_POINT('',(234.1,-79.079,0.));
#3554=CARTESIAN_POINT('Origin',(234.1,-79.46,0.));
#3555=CARTESIAN_POINT('',(234.1,-76.539,0.));
#3556=CARTESIAN_POINT('Origin',(234.1,-76.92,0.));
#3557=CARTESIAN_POINT('',(247.6,-96.55,0.));
#3558=CARTESIAN_POINT('Origin',(247.6,-97.1,0.));
#3559=CARTESIAN_POINT('',(247.6,-92.05,0.));
#3560=CARTESIAN_POINT('Origin',(247.6,-92.6,0.));
#3561=CARTESIAN_POINT('',(251.88,-86.699,0.));
#3562=CARTESIAN_POINT('Origin',(251.88,-87.08,0.));
#3563=CARTESIAN_POINT('',(251.88,-84.159,0.));
#3564=CARTESIAN_POINT('Origin',(251.88,-84.54,0.));
#3565=CARTESIAN_POINT('',(251.88,-81.619,0.));
#3566=CARTESIAN_POINT('Origin',(251.88,-82.,0.));
#3567=CARTESIAN_POINT('',(251.88,-79.079,0.));
#3568=CARTESIAN_POINT('Origin',(251.88,-79.46,0.));
#3569=CARTESIAN_POINT('',(251.88,-76.539,0.));
#3570=CARTESIAN_POINT('Origin',(251.88,-76.92,0.));
#3571=CARTESIAN_POINT('',(258.2,-78.55,0.));
#3572=CARTESIAN_POINT('Origin',(258.2,-79.6,0.));
#3573=CARTESIAN_POINT('',(214.100001,-72.972,0.));
#3574=CARTESIAN_POINT('Origin',(214.100001,-73.48,0.));
#3575=CARTESIAN_POINT('',(214.1,-70.432,0.));
#3576=CARTESIAN_POINT('Origin',(214.1,-70.94,0.));
#3577=CARTESIAN_POINT('',(214.100001,-67.892,0.));
#3578=CARTESIAN_POINT('Origin',(214.100001,-68.4,0.));
#3579=CARTESIAN_POINT('',(214.100001,-65.351999,0.));
#3580=CARTESIAN_POINT('Origin',(214.100001,-65.859999,0.));
#3581=CARTESIAN_POINT('',(214.100001,-62.812,0.));
#3582=CARTESIAN_POINT('Origin',(214.100001,-63.32,0.));
#3583=CARTESIAN_POINT('',(214.100001,-60.271999,0.));
#3584=CARTESIAN_POINT('Origin',(214.100001,-60.779999,0.));
#3585=CARTESIAN_POINT('',(214.100001,-57.732,0.));
#3586=CARTESIAN_POINT('Origin',(214.100001,-58.24,0.));
#3587=CARTESIAN_POINT('',(214.100001,-55.191999,0.));
#3588=CARTESIAN_POINT('Origin',(214.100001,-55.699999,0.));
#3589=CARTESIAN_POINT('',(214.100001,-52.652,0.));
#3590=CARTESIAN_POINT('Origin',(214.100001,-53.16,0.));
#3591=CARTESIAN_POINT('',(216.640001,-71.702,0.));
#3592=CARTESIAN_POINT('Origin',(216.640001,-72.21,0.));
#3593=CARTESIAN_POINT('',(216.640001,-69.162,0.));
#3594=CARTESIAN_POINT('Origin',(216.640001,-69.67,0.));
#3595=CARTESIAN_POINT('',(229.340001,-72.972,0.));
#3596=CARTESIAN_POINT('Origin',(229.340001,-73.48,0.));
#3597=CARTESIAN_POINT('',(229.340001,-70.432001,0.));
#3598=CARTESIAN_POINT('Origin',(229.340001,-70.940001,0.));
#3599=CARTESIAN_POINT('',(229.340001,-67.892,0.));
#3600=CARTESIAN_POINT('Origin',(229.340001,-68.4,0.));
#3601=CARTESIAN_POINT('',(229.340002,-65.352,0.));
#3602=CARTESIAN_POINT('Origin',(229.340002,-65.86,0.));
#3603=CARTESIAN_POINT('',(229.340001,-62.812,0.));
#3604=CARTESIAN_POINT('Origin',(229.340001,-63.32,0.));
#3605=CARTESIAN_POINT('',(216.640001,-52.652,0.));
#3606=CARTESIAN_POINT('Origin',(216.640001,-53.16,0.));
#3607=CARTESIAN_POINT('',(219.180001,-52.652,0.));
#3608=CARTESIAN_POINT('Origin',(219.180001,-53.16,0.));
#3609=CARTESIAN_POINT('',(221.720001,-52.652,0.));
#3610=CARTESIAN_POINT('Origin',(221.720001,-53.16,0.));
#3611=CARTESIAN_POINT('',(229.340002,-60.272,0.));
#3612=CARTESIAN_POINT('Origin',(229.340002,-60.78,0.));
#3613=CARTESIAN_POINT('',(229.340001,-57.732,0.));
#3614=CARTESIAN_POINT('Origin',(229.340001,-58.24,0.));
#3615=CARTESIAN_POINT('',(229.340002,-55.192,0.));
#3616=CARTESIAN_POINT('Origin',(229.340002,-55.7,0.));
#3617=CARTESIAN_POINT('',(226.7,-48.9,0.));
#3618=CARTESIAN_POINT('Origin',(226.7,-49.4,0.));
#3619=CARTESIAN_POINT('',(229.340001,-52.652,0.));
#3620=CARTESIAN_POINT('Origin',(229.340001,-53.16,0.));
#3621=CARTESIAN_POINT('',(229.24,-48.9,0.));
#3622=CARTESIAN_POINT('Origin',(229.24,-49.4,0.));
#3623=CARTESIAN_POINT('',(230.5,-38.75,0.));
#3624=CARTESIAN_POINT('Origin',(230.5,-39.8,0.));
#3625=CARTESIAN_POINT('',(224.9,-26.15,0.));
#3626=CARTESIAN_POINT('',(225.7,-26.15,0.));
#3627=CARTESIAN_POINT('Origin',(225.3,-26.15,0.));
#3628=CARTESIAN_POINT('',(224.9,-26.85,0.));
#3629=CARTESIAN_POINT('',(224.9,-13.075,0.));
#3630=CARTESIAN_POINT('',(225.7,-26.85,0.));
#3631=CARTESIAN_POINT('Origin',(225.3,-26.85,0.));
#3632=CARTESIAN_POINT('',(225.7,-13.425,0.));
#3633=CARTESIAN_POINT('',(225.3,-20.9,0.));
#3634=CARTESIAN_POINT('Origin',(225.3,-21.5,0.));
#3635=CARTESIAN_POINT('',(230.3,-25.9,0.));
#3636=CARTESIAN_POINT('Origin',(230.3,-26.5,0.));
#3637=CARTESIAN_POINT('',(229.95,-21.9,0.));
#3638=CARTESIAN_POINT('',(229.95,-21.1,0.));
#3639=CARTESIAN_POINT('Origin',(229.95,-21.5,0.));
#3640=CARTESIAN_POINT('',(230.65,-21.9,0.));
#3641=CARTESIAN_POINT('',(114.975,-21.9,0.));
#3642=CARTESIAN_POINT('',(230.65,-21.1,0.));
#3643=CARTESIAN_POINT('Origin',(230.65,-21.5,0.));
#3644=CARTESIAN_POINT('',(115.325,-21.1,0.));
#3645=CARTESIAN_POINT('',(234.1,-73.999,0.));
#3646=CARTESIAN_POINT('Origin',(234.1,-74.38,0.));
#3647=CARTESIAN_POINT('',(234.1,-71.459,0.));
#3648=CARTESIAN_POINT('Origin',(234.1,-71.84,0.));
#3649=CARTESIAN_POINT('',(234.1,-68.919,0.));
#3650=CARTESIAN_POINT('Origin',(234.1,-69.3,0.));
#3651=CARTESIAN_POINT('',(231.78,-48.9,0.));
#3652=CARTESIAN_POINT('Origin',(231.78,-49.4,0.));
#3653=CARTESIAN_POINT('',(234.32,-48.9,0.));
#3654=CARTESIAN_POINT('Origin',(234.32,-49.4,0.));
#3655=CARTESIAN_POINT('',(251.88,-73.999,0.));
#3656=CARTESIAN_POINT('Origin',(251.88,-74.38,0.));
#3657=CARTESIAN_POINT('',(251.88,-71.459,0.));
#3658=CARTESIAN_POINT('Origin',(251.88,-71.84,0.));
#3659=CARTESIAN_POINT('',(251.88,-68.919,0.));
#3660=CARTESIAN_POINT('Origin',(251.88,-69.3,0.));
#3661=CARTESIAN_POINT('',(248.,-61.2,0.));
#3662=CARTESIAN_POINT('Origin',(248.,-61.7,0.));
#3663=CARTESIAN_POINT('',(248.,-58.7,0.));
#3664=CARTESIAN_POINT('Origin',(248.,-59.2,0.));
#3665=CARTESIAN_POINT('',(234.9,-26.15,0.));
#3666=CARTESIAN_POINT('',(235.7,-26.15,0.));
#3667=CARTESIAN_POINT('Origin',(235.3,-26.15,0.));
#3668=CARTESIAN_POINT('',(234.9,-26.85,0.));
#3669=CARTESIAN_POINT('',(234.9,-13.075,0.));
#3670=CARTESIAN_POINT('',(235.7,-26.85,0.));
#3671=CARTESIAN_POINT('Origin',(235.3,-26.85,0.));
#3672=CARTESIAN_POINT('',(235.7,-13.425,0.));
#3673=CARTESIAN_POINT('',(235.3,-20.9,0.));
#3674=CARTESIAN_POINT('Origin',(235.3,-21.5,0.));
#3675=CARTESIAN_POINT('Origin',(0.,0.,1.51));
#3676=CARTESIAN_POINT('',(220.594,-21.685,1.51));
#3677=CARTESIAN_POINT('Origin',(222.24499759551,-21.68499459551,1.51));
#3678=CARTESIAN_POINT('',(220.594,-26.9365,1.51));
#3679=CARTESIAN_POINT('',(220.594,-26.9365,1.51));
#3680=CARTESIAN_POINT('',(219.315904,-32.678772,1.51));
#3681=CARTESIAN_POINT('Origin',(207.05551981375,-26.93652284487,1.51));
#3682=CARTESIAN_POINT('',(200.086549,-73.884537,1.51));
#3683=CARTESIAN_POINT('',(200.086549,-73.884537,1.51));
#3684=CARTESIAN_POINT('',(200.086549,-85.055464,1.51));
#3685=CARTESIAN_POINT('Origin',(212.05541399113,-79.4700005,1.51));
#3686=CARTESIAN_POINT('',(217.865143,-123.152451,1.51));
#3687=CARTESIAN_POINT('',(217.865143,-123.152451,1.51));
#3688=CARTESIAN_POINT('',(217.392442,-134.602728,1.51));
#3689=CARTESIAN_POINT('Origin',(206.57485565463,-128.4212505834,1.51));
#3690=CARTESIAN_POINT('',(211.456818,-144.990067,1.51));
#3691=CARTESIAN_POINT('',(211.456818,-144.990067,1.51));
#3692=CARTESIAN_POINT('',(211.402978,-146.525944,1.51));
#3693=CARTESIAN_POINT('Origin',(212.89028443269,-145.8091991864,1.51));
#3694=CARTESIAN_POINT('',(216.187789,-148.321897,1.51));
#3695=CARTESIAN_POINT('Origin',(214.73516551215,-144.9201359859,1.51));
#3696=CARTESIAN_POINT('',(228.084301,-143.24201,1.51));
#3697=CARTESIAN_POINT('',(228.084301,-143.24201,1.51));
#3698=CARTESIAN_POINT('',(232.915699,-143.242011,1.51));
#3699=CARTESIAN_POINT('Origin',(230.49999882905,-148.8993045522,1.51));
#3700=CARTESIAN_POINT('',(244.837843,-148.332843,1.51));
#3701=CARTESIAN_POINT('',(244.837843,-148.332843,1.51));
#3702=CARTESIAN_POINT('',(249.597022,-146.525944,1.51));
#3703=CARTESIAN_POINT('Origin',(246.26470019399,-144.919998352,1.51));
#3704=CARTESIAN_POINT('',(249.543182,-144.990067,1.51));
#3705=CARTESIAN_POINT('Origin',(248.10969818364,-145.8091997958,1.51));
#3706=CARTESIAN_POINT('',(243.607555,-134.602724,1.51));
#3707=CARTESIAN_POINT('',(243.607555,-134.602724,1.51));
#3708=CARTESIAN_POINT('',(243.134855,-123.152455,1.51));
#3709=CARTESIAN_POINT('Origin',(254.42513839328,-128.4212513724,1.51));
#3710=CARTESIAN_POINT('',(260.913451,-85.055464,1.51));
#3711=CARTESIAN_POINT('',(260.913451,-85.055464,1.51));
#3712=CARTESIAN_POINT('',(260.913452,-73.884536,1.51));
#3713=CARTESIAN_POINT('Origin',(248.94458958462,-79.46999892857,1.51));
#3714=CARTESIAN_POINT('',(241.676128,-32.6617,1.51));
#3715=CARTESIAN_POINT('',(241.676128,-32.6617,1.51));
#3716=CARTESIAN_POINT('Origin',(253.94422584306,-26.9365507189,1.51));
#3717=CARTESIAN_POINT('',(230.3,-128.75,1.51));
#3718=CARTESIAN_POINT('Origin',(230.3,-129.8,1.51));
#3719=CARTESIAN_POINT('',(213.6,-96.45,1.51));
#3720=CARTESIAN_POINT('Origin',(213.6,-97.,1.51));
#3721=CARTESIAN_POINT('',(213.6,-91.95,1.51));
#3722=CARTESIAN_POINT('Origin',(213.6,-92.5,1.51));
#3723=CARTESIAN_POINT('',(203.2,-78.85,1.51));
#3724=CARTESIAN_POINT('Origin',(203.2,-79.9,1.51));
#3725=CARTESIAN_POINT('',(214.1,-80.592,1.51));
#3726=CARTESIAN_POINT('Origin',(214.1,-81.1,1.51));
#3727=CARTESIAN_POINT('',(214.100001,-78.052,1.51));
#3728=CARTESIAN_POINT('Origin',(214.100001,-78.56,1.51));
#3729=CARTESIAN_POINT('',(214.1,-75.512,1.51));
#3730=CARTESIAN_POINT('Origin',(214.1,-76.02,1.51));
#3731=CARTESIAN_POINT('',(220.1,-96.45,1.51));
#3732=CARTESIAN_POINT('Origin',(220.1,-97.,1.51));
#3733=CARTESIAN_POINT('',(220.1,-91.95,1.51));
#3734=CARTESIAN_POINT('Origin',(220.1,-92.5,1.51));
#3735=CARTESIAN_POINT('',(227.35,-96.45,1.51));
#3736=CARTESIAN_POINT('Origin',(227.35,-97.,1.51));
#3737=CARTESIAN_POINT('',(227.35,-91.95,1.51));
#3738=CARTESIAN_POINT('Origin',(227.35,-92.5,1.51));
#3739=CARTESIAN_POINT('',(221.89,-87.2,1.51));
#3740=CARTESIAN_POINT('Origin',(221.89,-87.6,1.51));
#3741=CARTESIAN_POINT('',(229.51,-87.2,1.51));
#3742=CARTESIAN_POINT('Origin',(229.51,-87.6,1.51));
#3743=CARTESIAN_POINT('',(229.340001,-80.592001,1.51));
#3744=CARTESIAN_POINT('Origin',(229.340001,-81.100001,1.51));
#3745=CARTESIAN_POINT('',(229.340001,-78.052,1.51));
#3746=CARTESIAN_POINT('Origin',(229.340001,-78.56,1.51));
#3747=CARTESIAN_POINT('',(229.340001,-75.512001,1.51));
#3748=CARTESIAN_POINT('Origin',(229.340001,-76.020001,1.51));
#3749=CARTESIAN_POINT('',(233.85,-96.45,1.51));
#3750=CARTESIAN_POINT('Origin',(233.85,-97.,1.51));
#3751=CARTESIAN_POINT('',(233.85,-91.95,1.51));
#3752=CARTESIAN_POINT('Origin',(233.85,-92.5,1.51));
#3753=CARTESIAN_POINT('',(241.1,-96.55,1.51));
#3754=CARTESIAN_POINT('Origin',(241.1,-97.1,1.51));
#3755=CARTESIAN_POINT('',(241.1,-92.05,1.51));
#3756=CARTESIAN_POINT('Origin',(241.1,-92.6,1.51));
#3757=CARTESIAN_POINT('',(234.1,-86.699,1.51));
#3758=CARTESIAN_POINT('Origin',(234.1,-87.08,1.51));
#3759=CARTESIAN_POINT('',(234.1,-84.159,1.51));
#3760=CARTESIAN_POINT('Origin',(234.1,-84.54,1.51));
#3761=CARTESIAN_POINT('',(234.1,-81.619,1.51));
#3762=CARTESIAN_POINT('Origin',(234.1,-82.,1.51));
#3763=CARTESIAN_POINT('',(234.1,-79.079,1.51));
#3764=CARTESIAN_POINT('Origin',(234.1,-79.46,1.51));
#3765=CARTESIAN_POINT('',(234.1,-76.539,1.51));
#3766=CARTESIAN_POINT('Origin',(234.1,-76.92,1.51));
#3767=CARTESIAN_POINT('',(247.6,-96.55,1.51));
#3768=CARTESIAN_POINT('Origin',(247.6,-97.1,1.51));
#3769=CARTESIAN_POINT('',(247.6,-92.05,1.51));
#3770=CARTESIAN_POINT('Origin',(247.6,-92.6,1.51));
#3771=CARTESIAN_POINT('',(251.88,-86.699,1.51));
#3772=CARTESIAN_POINT('Origin',(251.88,-87.08,1.51));
#3773=CARTESIAN_POINT('',(251.88,-84.159,1.51));
#3774=CARTESIAN_POINT('Origin',(251.88,-84.54,1.51));
#3775=CARTESIAN_POINT('',(251.88,-81.619,1.51));
#3776=CARTESIAN_POINT('Origin',(251.88,-82.,1.51));
#3777=CARTESIAN_POINT('',(251.88,-79.079,1.51));
#3778=CARTESIAN_POINT('Origin',(251.88,-79.46,1.51));
#3779=CARTESIAN_POINT('',(251.88,-76.539,1.51));
#3780=CARTESIAN_POINT('Origin',(251.88,-76.92,1.51));
#3781=CARTESIAN_POINT('',(258.2,-78.55,1.51));
#3782=CARTESIAN_POINT('Origin',(258.2,-79.6,1.51));
#3783=CARTESIAN_POINT('',(214.100001,-72.972,1.51));
#3784=CARTESIAN_POINT('Origin',(214.100001,-73.48,1.51));
#3785=CARTESIAN_POINT('',(214.1,-70.432,1.51));
#3786=CARTESIAN_POINT('Origin',(214.1,-70.94,1.51));
#3787=CARTESIAN_POINT('',(214.100001,-67.892,1.51));
#3788=CARTESIAN_POINT('Origin',(214.100001,-68.4,1.51));
#3789=CARTESIAN_POINT('',(214.100001,-65.351999,1.51));
#3790=CARTESIAN_POINT('Origin',(214.100001,-65.859999,1.51));
#3791=CARTESIAN_POINT('',(214.100001,-62.812,1.51));
#3792=CARTESIAN_POINT('Origin',(214.100001,-63.32,1.51));
#3793=CARTESIAN_POINT('',(214.100001,-60.271999,1.51));
#3794=CARTESIAN_POINT('Origin',(214.100001,-60.779999,1.51));
#3795=CARTESIAN_POINT('',(214.100001,-57.732,1.51));
#3796=CARTESIAN_POINT('Origin',(214.100001,-58.24,1.51));
#3797=CARTESIAN_POINT('',(214.100001,-55.191999,1.51));
#3798=CARTESIAN_POINT('Origin',(214.100001,-55.699999,1.51));
#3799=CARTESIAN_POINT('',(214.100001,-52.652,1.51));
#3800=CARTESIAN_POINT('Origin',(214.100001,-53.16,1.51));
#3801=CARTESIAN_POINT('',(216.640001,-71.702,1.51));
#3802=CARTESIAN_POINT('Origin',(216.640001,-72.21,1.51));
#3803=CARTESIAN_POINT('',(216.640001,-69.162,1.51));
#3804=CARTESIAN_POINT('Origin',(216.640001,-69.67,1.51));
#3805=CARTESIAN_POINT('',(229.340001,-72.972,1.51));
#3806=CARTESIAN_POINT('Origin',(229.340001,-73.48,1.51));
#3807=CARTESIAN_POINT('',(229.340001,-70.432001,1.51));
#3808=CARTESIAN_POINT('Origin',(229.340001,-70.940001,1.51));
#3809=CARTESIAN_POINT('',(229.340001,-67.892,1.51));
#3810=CARTESIAN_POINT('Origin',(229.340001,-68.4,1.51));
#3811=CARTESIAN_POINT('',(229.340002,-65.352,1.51));
#3812=CARTESIAN_POINT('Origin',(229.340002,-65.86,1.51));
#3813=CARTESIAN_POINT('',(229.340001,-62.812,1.51));
#3814=CARTESIAN_POINT('Origin',(229.340001,-63.32,1.51));
#3815=CARTESIAN_POINT('',(216.640001,-52.652,1.51));
#3816=CARTESIAN_POINT('Origin',(216.640001,-53.16,1.51));
#3817=CARTESIAN_POINT('',(219.180001,-52.652,1.51));
#3818=CARTESIAN_POINT('Origin',(219.180001,-53.16,1.51));
#3819=CARTESIAN_POINT('',(221.720001,-52.652,1.51));
#3820=CARTESIAN_POINT('Origin',(221.720001,-53.16,1.51));
#3821=CARTESIAN_POINT('',(229.340002,-60.272,1.51));
#3822=CARTESIAN_POINT('Origin',(229.340002,-60.78,1.51));
#3823=CARTESIAN_POINT('',(229.340001,-57.732,1.51));
#3824=CARTESIAN_POINT('Origin',(229.340001,-58.24,1.51));
#3825=CARTESIAN_POINT('',(229.340002,-55.192,1.51));
#3826=CARTESIAN_POINT('Origin',(229.340002,-55.7,1.51));
#3827=CARTESIAN_POINT('',(226.7,-48.9,1.51));
#3828=CARTESIAN_POINT('Origin',(226.7,-49.4,1.51));
#3829=CARTESIAN_POINT('',(229.340001,-52.652,1.51));
#3830=CARTESIAN_POINT('Origin',(229.340001,-53.16,1.51));
#3831=CARTESIAN_POINT('',(229.24,-48.9,1.51));
#3832=CARTESIAN_POINT('Origin',(229.24,-49.4,1.51));
#3833=CARTESIAN_POINT('',(230.5,-38.75,1.51));
#3834=CARTESIAN_POINT('Origin',(230.5,-39.8,1.51));
#3835=CARTESIAN_POINT('',(224.9,-26.15,1.51));
#3836=CARTESIAN_POINT('',(225.7,-26.15,1.51));
#3837=CARTESIAN_POINT('Origin',(225.3,-26.15,1.51));
#3838=CARTESIAN_POINT('',(225.7,-26.85,1.51));
#3839=CARTESIAN_POINT('',(225.7,-13.425,1.51));
#3840=CARTESIAN_POINT('',(224.9,-26.85,1.51));
#3841=CARTESIAN_POINT('Origin',(225.3,-26.85,1.51));
#3842=CARTESIAN_POINT('',(224.9,-13.075,1.51));
#3843=CARTESIAN_POINT('',(225.3,-20.9,1.51));
#3844=CARTESIAN_POINT('Origin',(225.3,-21.5,1.51));
#3845=CARTESIAN_POINT('',(230.3,-25.9,1.51));
#3846=CARTESIAN_POINT('Origin',(230.3,-26.5,1.51));
#3847=CARTESIAN_POINT('',(229.95,-21.9,1.51));
#3848=CARTESIAN_POINT('',(229.95,-21.1,1.51));
#3849=CARTESIAN_POINT('Origin',(229.95,-21.5,1.51));
#3850=CARTESIAN_POINT('',(230.65,-21.1,1.51));
#3851=CARTESIAN_POINT('',(115.325,-21.1,1.51));
#3852=CARTESIAN_POINT('',(230.65,-21.9,1.51));
#3853=CARTESIAN_POINT('Origin',(230.65,-21.5,1.51));
#3854=CARTESIAN_POINT('',(114.975,-21.9,1.51));
#3855=CARTESIAN_POINT('',(234.1,-73.999,1.51));
#3856=CARTESIAN_POINT('Origin',(234.1,-74.38,1.51));
#3857=CARTESIAN_POINT('',(234.1,-71.459,1.51));
#3858=CARTESIAN_POINT('Origin',(234.1,-71.84,1.51));
#3859=CARTESIAN_POINT('',(234.1,-68.919,1.51));
#3860=CARTESIAN_POINT('Origin',(234.1,-69.3,1.51));
#3861=CARTESIAN_POINT('',(231.78,-48.9,1.51));
#3862=CARTESIAN_POINT('Origin',(231.78,-49.4,1.51));
#3863=CARTESIAN_POINT('',(234.32,-48.9,1.51));
#3864=CARTESIAN_POINT('Origin',(234.32,-49.4,1.51));
#3865=CARTESIAN_POINT('',(251.88,-73.999,1.51));
#3866=CARTESIAN_POINT('Origin',(251.88,-74.38,1.51));
#3867=CARTESIAN_POINT('',(251.88,-71.459,1.51));
#3868=CARTESIAN_POINT('Origin',(251.88,-71.84,1.51));
#3869=CARTESIAN_POINT('',(251.88,-68.919,1.51));
#3870=CARTESIAN_POINT('Origin',(251.88,-69.3,1.51));
#3871=CARTESIAN_POINT('',(248.,-61.2,1.51));
#3872=CARTESIAN_POINT('Origin',(248.,-61.7,1.51));
#3873=CARTESIAN_POINT('',(248.,-58.7,1.51));
#3874=CARTESIAN_POINT('Origin',(248.,-59.2,1.51));
#3875=CARTESIAN_POINT('',(234.9,-26.15,1.51));
#3876=CARTESIAN_POINT('',(235.7,-26.15,1.51));
#3877=CARTESIAN_POINT('Origin',(235.3,-26.15,1.51));
#3878=CARTESIAN_POINT('',(235.7,-26.85,1.51));
#3879=CARTESIAN_POINT('',(235.7,-13.425,1.51));
#3880=CARTESIAN_POINT('',(234.9,-26.85,1.51));
#3881=CARTESIAN_POINT('Origin',(235.3,-26.85,1.51));
#3882=CARTESIAN_POINT('',(234.9,-13.075,1.51));
#3883=CARTESIAN_POINT('',(235.3,-20.9,1.51));
#3884=CARTESIAN_POINT('Origin',(235.3,-21.5,1.51));
#3885=CARTESIAN_POINT('Origin',(222.24499759551,-21.68499459551,0.));
#3886=CARTESIAN_POINT('',(220.594,-21.685,0.));
#3887=CARTESIAN_POINT('Origin',(253.94422584306,-26.9365507189,0.));
#3888=CARTESIAN_POINT('',(241.676128,-32.6617,0.));
#3889=CARTESIAN_POINT('Origin',(220.594,-26.9365,0.));
#3890=CARTESIAN_POINT('',(220.594,-26.9365,0.));
#3891=CARTESIAN_POINT('Origin',(241.676128,-32.6617,0.));
#3892=CARTESIAN_POINT('',(260.913452,-73.884536,0.));
#3893=CARTESIAN_POINT('Origin',(207.05551981375,-26.93652284487,0.));
#3894=CARTESIAN_POINT('',(219.315904,-32.678772,0.));
#3895=CARTESIAN_POINT('Origin',(248.94458958462,-79.46999892857,0.));
#3896=CARTESIAN_POINT('',(260.913451,-85.055464,0.));
#3897=CARTESIAN_POINT('Origin',(200.086549,-73.884537,0.));
#3898=CARTESIAN_POINT('',(200.086549,-73.884537,0.));
#3899=CARTESIAN_POINT('Origin',(260.913451,-85.055464,0.));
#3900=CARTESIAN_POINT('',(243.134855,-123.152455,0.));
#3901=CARTESIAN_POINT('Origin',(212.05541399113,-79.4700005,0.));
#3902=CARTESIAN_POINT('',(200.086549,-85.055464,0.));
#3903=CARTESIAN_POINT('Origin',(254.42513839328,-128.4212513724,0.));
#3904=CARTESIAN_POINT('',(243.607555,-134.602724,0.));
#3905=CARTESIAN_POINT('Origin',(217.865143,-123.152451,0.));
#3906=CARTESIAN_POINT('',(217.865143,-123.152451,0.));
#3907=CARTESIAN_POINT('Origin',(243.607555,-134.602724,0.));
#3908=CARTESIAN_POINT('',(249.543182,-144.990067,0.));
#3909=CARTESIAN_POINT('Origin',(206.57485565463,-128.4212505834,0.));
#3910=CARTESIAN_POINT('',(217.392442,-134.602728,0.));
#3911=CARTESIAN_POINT('Origin',(248.10969818364,-145.8091997958,0.));
#3912=CARTESIAN_POINT('',(249.597022,-146.525944,0.));
#3913=CARTESIAN_POINT('Origin',(211.456818,-144.990067,0.));
#3914=CARTESIAN_POINT('',(211.456818,-144.990067,0.));
#3915=CARTESIAN_POINT('Origin',(246.26470019399,-144.919998352,0.));
#3916=CARTESIAN_POINT('',(244.837843,-148.332843,0.));
#3917=CARTESIAN_POINT('Origin',(212.89028443269,-145.8091991864,0.));
#3918=CARTESIAN_POINT('',(211.402978,-146.525944,0.));
#3919=CARTESIAN_POINT('Origin',(244.837843,-148.332843,0.));
#3920=CARTESIAN_POINT('',(232.915699,-143.242011,0.));
#3921=CARTESIAN_POINT('Origin',(214.73516551215,-144.9201359859,0.));
#3922=CARTESIAN_POINT('',(216.187789,-148.321897,0.));
#3923=CARTESIAN_POINT('Origin',(230.49999882905,-148.8993045522,0.));
#3924=CARTESIAN_POINT('',(228.084301,-143.24201,0.));
#3925=CARTESIAN_POINT('Origin',(228.084301,-143.24201,0.));
#3926=CARTESIAN_POINT('Origin',(230.3,-129.8,-0.046));
#3927=CARTESIAN_POINT('',(230.3,-128.75,-0.046));
#3928=CARTESIAN_POINT('Origin',(213.6,-97.,-0.046));
#3929=CARTESIAN_POINT('',(213.6,-96.45,-0.046));
#3930=CARTESIAN_POINT('Origin',(213.6,-92.5,-0.046));
#3931=CARTESIAN_POINT('',(213.6,-91.95,-0.046));
#3932=CARTESIAN_POINT('Origin',(203.2,-79.9,-0.046));
#3933=CARTESIAN_POINT('',(203.2,-78.85,-0.046));
#3934=CARTESIAN_POINT('Origin',(214.1,-81.1,-0.046));
#3935=CARTESIAN_POINT('',(214.1,-80.592,-0.046));
#3936=CARTESIAN_POINT('Origin',(214.100001,-78.56,-0.046));
#3937=CARTESIAN_POINT('',(214.100001,-78.052,-0.046));
#3938=CARTESIAN_POINT('Origin',(214.1,-76.02,-0.046));
#3939=CARTESIAN_POINT('',(214.1,-75.512,-0.046));
#3940=CARTESIAN_POINT('Origin',(220.1,-97.,-0.046));
#3941=CARTESIAN_POINT('',(220.1,-96.45,-0.046));
#3942=CARTESIAN_POINT('Origin',(220.1,-92.5,-0.046));
#3943=CARTESIAN_POINT('',(220.1,-91.95,-0.046));
#3944=CARTESIAN_POINT('Origin',(227.35,-97.,-0.046));
#3945=CARTESIAN_POINT('',(227.35,-96.45,-0.046));
#3946=CARTESIAN_POINT('Origin',(227.35,-92.5,-0.046));
#3947=CARTESIAN_POINT('',(227.35,-91.95,-0.046));
#3948=CARTESIAN_POINT('Origin',(221.89,-87.6,-0.046));
#3949=CARTESIAN_POINT('',(221.89,-87.2,-0.046));
#3950=CARTESIAN_POINT('Origin',(229.51,-87.6,-0.046));
#3951=CARTESIAN_POINT('',(229.51,-87.2,-0.046));
#3952=CARTESIAN_POINT('Origin',(229.340001,-81.100001,-0.046));
#3953=CARTESIAN_POINT('',(229.340001,-80.592001,-0.046));
#3954=CARTESIAN_POINT('Origin',(229.340001,-78.56,-0.046));
#3955=CARTESIAN_POINT('',(229.340001,-78.052,-0.046));
#3956=CARTESIAN_POINT('Origin',(229.340001,-76.020001,-0.046));
#3957=CARTESIAN_POINT('',(229.340001,-75.512001,-0.046));
#3958=CARTESIAN_POINT('Origin',(233.85,-97.,-0.046));
#3959=CARTESIAN_POINT('',(233.85,-96.45,-0.046));
#3960=CARTESIAN_POINT('Origin',(233.85,-92.5,-0.046));
#3961=CARTESIAN_POINT('',(233.85,-91.95,-0.046));
#3962=CARTESIAN_POINT('Origin',(241.1,-97.1,-0.046));
#3963=CARTESIAN_POINT('',(241.1,-96.55,-0.046));
#3964=CARTESIAN_POINT('Origin',(241.1,-92.6,-0.046));
#3965=CARTESIAN_POINT('',(241.1,-92.05,-0.046));
#3966=CARTESIAN_POINT('Origin',(234.1,-87.08,-0.046));
#3967=CARTESIAN_POINT('',(234.1,-86.699,-0.046));
#3968=CARTESIAN_POINT('Origin',(234.1,-84.54,-0.046));
#3969=CARTESIAN_POINT('',(234.1,-84.159,-0.046));
#3970=CARTESIAN_POINT('Origin',(234.1,-82.,-0.046));
#3971=CARTESIAN_POINT('',(234.1,-81.619,-0.046));
#3972=CARTESIAN_POINT('Origin',(234.1,-79.46,-0.046));
#3973=CARTESIAN_POINT('',(234.1,-79.079,-0.046));
#3974=CARTESIAN_POINT('Origin',(234.1,-76.92,-0.046));
#3975=CARTESIAN_POINT('',(234.1,-76.539,-0.046));
#3976=CARTESIAN_POINT('Origin',(247.6,-97.1,-0.046));
#3977=CARTESIAN_POINT('',(247.6,-96.55,-0.046));
#3978=CARTESIAN_POINT('Origin',(247.6,-92.6,-0.046));
#3979=CARTESIAN_POINT('',(247.6,-92.05,-0.046));
#3980=CARTESIAN_POINT('Origin',(251.88,-87.08,-0.046));
#3981=CARTESIAN_POINT('',(251.88,-86.699,-0.046));
#3982=CARTESIAN_POINT('Origin',(251.88,-84.54,-0.046));
#3983=CARTESIAN_POINT('',(251.88,-84.159,-0.046));
#3984=CARTESIAN_POINT('Origin',(251.88,-82.,-0.046));
#3985=CARTESIAN_POINT('',(251.88,-81.619,-0.046));
#3986=CARTESIAN_POINT('Origin',(251.88,-79.46,-0.046));
#3987=CARTESIAN_POINT('',(251.88,-79.079,-0.046));
#3988=CARTESIAN_POINT('Origin',(251.88,-76.92,-0.046));
#3989=CARTESIAN_POINT('',(251.88,-76.539,-0.046));
#3990=CARTESIAN_POINT('Origin',(258.2,-79.6,-0.046));
#3991=CARTESIAN_POINT('',(258.2,-78.55,-0.046));
#3992=CARTESIAN_POINT('Origin',(214.100001,-73.48,-0.046));
#3993=CARTESIAN_POINT('',(214.100001,-72.972,-0.046));
#3994=CARTESIAN_POINT('Origin',(214.1,-70.94,-0.046));
#3995=CARTESIAN_POINT('',(214.1,-70.432,-0.046));
#3996=CARTESIAN_POINT('Origin',(214.100001,-68.4,-0.046));
#3997=CARTESIAN_POINT('',(214.100001,-67.892,-0.046));
#3998=CARTESIAN_POINT('Origin',(214.100001,-65.859999,-0.046));
#3999=CARTESIAN_POINT('',(214.100001,-65.351999,-0.046));
#4000=CARTESIAN_POINT('Origin',(214.100001,-63.32,-0.046));
#4001=CARTESIAN_POINT('',(214.100001,-62.812,-0.046));
#4002=CARTESIAN_POINT('Origin',(214.100001,-60.779999,-0.046));
#4003=CARTESIAN_POINT('',(214.100001,-60.271999,-0.046));
#4004=CARTESIAN_POINT('Origin',(214.100001,-58.24,-0.046));
#4005=CARTESIAN_POINT('',(214.100001,-57.732,-0.046));
#4006=CARTESIAN_POINT('Origin',(214.100001,-55.699999,-0.046));
#4007=CARTESIAN_POINT('',(214.100001,-55.191999,-0.046));
#4008=CARTESIAN_POINT('Origin',(214.100001,-53.16,-0.046));
#4009=CARTESIAN_POINT('',(214.100001,-52.652,-0.046));
#4010=CARTESIAN_POINT('Origin',(216.640001,-72.21,-0.046));
#4011=CARTESIAN_POINT('',(216.640001,-71.702,-0.046));
#4012=CARTESIAN_POINT('Origin',(216.640001,-69.67,-0.046));
#4013=CARTESIAN_POINT('',(216.640001,-69.162,-0.046));
#4014=CARTESIAN_POINT('Origin',(229.340001,-73.48,-0.046));
#4015=CARTESIAN_POINT('',(229.340001,-72.972,-0.046));
#4016=CARTESIAN_POINT('Origin',(229.340001,-70.940001,-0.046));
#4017=CARTESIAN_POINT('',(229.340001,-70.432001,-0.046));
#4018=CARTESIAN_POINT('Origin',(229.340001,-68.4,-0.046));
#4019=CARTESIAN_POINT('',(229.340001,-67.892,-0.046));
#4020=CARTESIAN_POINT('Origin',(229.340002,-65.86,-0.046));
#4021=CARTESIAN_POINT('',(229.340002,-65.352,-0.046));
#4022=CARTESIAN_POINT('Origin',(229.340001,-63.32,-0.046));
#4023=CARTESIAN_POINT('',(229.340001,-62.812,-0.046));
#4024=CARTESIAN_POINT('Origin',(216.640001,-53.16,-0.046));
#4025=CARTESIAN_POINT('',(216.640001,-52.652,-0.046));
#4026=CARTESIAN_POINT('Origin',(219.180001,-53.16,-0.046));
#4027=CARTESIAN_POINT('',(219.180001,-52.652,-0.046));
#4028=CARTESIAN_POINT('Origin',(221.720001,-53.16,-0.046));
#4029=CARTESIAN_POINT('',(221.720001,-52.652,-0.046));
#4030=CARTESIAN_POINT('Origin',(229.340002,-60.78,-0.046));
#4031=CARTESIAN_POINT('',(229.340002,-60.272,-0.046));
#4032=CARTESIAN_POINT('Origin',(229.340001,-58.24,-0.046));
#4033=CARTESIAN_POINT('',(229.340001,-57.732,-0.046));
#4034=CARTESIAN_POINT('Origin',(229.340002,-55.7,-0.046));
#4035=CARTESIAN_POINT('',(229.340002,-55.192,-0.046));
#4036=CARTESIAN_POINT('Origin',(226.7,-49.4,-0.046));
#4037=CARTESIAN_POINT('',(226.7,-48.9,-0.046));
#4038=CARTESIAN_POINT('Origin',(229.340001,-53.16,-0.046));
#4039=CARTESIAN_POINT('',(229.340001,-52.652,-0.046));
#4040=CARTESIAN_POINT('Origin',(229.24,-49.4,-0.046));
#4041=CARTESIAN_POINT('',(229.24,-48.9,-0.046));
#4042=CARTESIAN_POINT('Origin',(230.5,-39.8,-0.046));
#4043=CARTESIAN_POINT('',(230.5,-38.75,-0.046));
#4044=CARTESIAN_POINT('Origin',(225.3,-26.15,-0.046));
#4045=CARTESIAN_POINT('',(225.7,-26.15,-0.046));
#4046=CARTESIAN_POINT('',(224.9,-26.15,-0.046));
#4047=CARTESIAN_POINT('Origin',(224.9,-26.15,-0.046));
#4048=CARTESIAN_POINT('',(224.9,-26.85,-0.046));
#4049=CARTESIAN_POINT('Origin',(225.3,-26.85,-0.046));
#4050=CARTESIAN_POINT('',(225.7,-26.85,-0.046));
#4051=CARTESIAN_POINT('Origin',(225.7,-26.85,-0.046));
#4052=CARTESIAN_POINT('Origin',(225.3,-21.5,-0.046));
#4053=CARTESIAN_POINT('',(225.3,-20.9,-0.046));
#4054=CARTESIAN_POINT('Origin',(230.3,-26.5,-0.046));
#4055=CARTESIAN_POINT('',(230.3,-25.9,-0.046));
#4056=CARTESIAN_POINT('Origin',(229.95,-21.5,-0.046));
#4057=CARTESIAN_POINT('',(229.95,-21.1,-0.046));
#4058=CARTESIAN_POINT('',(229.95,-21.9,-0.046));
#4059=CARTESIAN_POINT('Origin',(229.95,-21.9,-0.046));
#4060=CARTESIAN_POINT('',(230.65,-21.9,-0.046));
#4061=CARTESIAN_POINT('Origin',(230.65,-21.5,-0.046));
#4062=CARTESIAN_POINT('',(230.65,-21.1,-0.046));
#4063=CARTESIAN_POINT('Origin',(230.65,-21.1,-0.046));
#4064=CARTESIAN_POINT('Origin',(234.1,-74.38,-0.046));
#4065=CARTESIAN_POINT('',(234.1,-73.999,-0.046));
#4066=CARTESIAN_POINT('Origin',(234.1,-71.84,-0.046));
#4067=CARTESIAN_POINT('',(234.1,-71.459,-0.046));
#4068=CARTESIAN_POINT('Origin',(234.1,-69.3,-0.046));
#4069=CARTESIAN_POINT('',(234.1,-68.919,-0.046));
#4070=CARTESIAN_POINT('Origin',(231.78,-49.4,-0.046));
#4071=CARTESIAN_POINT('',(231.78,-48.9,-0.046));
#4072=CARTESIAN_POINT('Origin',(234.32,-49.4,-0.046));
#4073=CARTESIAN_POINT('',(234.32,-48.9,-0.046));
#4074=CARTESIAN_POINT('Origin',(251.88,-74.38,-0.046));
#4075=CARTESIAN_POINT('',(251.88,-73.999,-0.046));
#4076=CARTESIAN_POINT('Origin',(251.88,-71.84,-0.046));
#4077=CARTESIAN_POINT('',(251.88,-71.459,-0.046));
#4078=CARTESIAN_POINT('Origin',(251.88,-69.3,-0.046));
#4079=CARTESIAN_POINT('',(251.88,-68.919,-0.046));
#4080=CARTESIAN_POINT('Origin',(248.,-61.7,-0.046));
#4081=CARTESIAN_POINT('',(248.,-61.2,-0.046));
#4082=CARTESIAN_POINT('Origin',(248.,-59.2,-0.046));
#4083=CARTESIAN_POINT('',(248.,-58.7,-0.046));
#4084=CARTESIAN_POINT('Origin',(235.3,-26.15,-0.046));
#4085=CARTESIAN_POINT('',(235.7,-26.15,-0.046));
#4086=CARTESIAN_POINT('',(234.9,-26.15,-0.046));
#4087=CARTESIAN_POINT('Origin',(234.9,-26.15,-0.046));
#4088=CARTESIAN_POINT('',(234.9,-26.85,-0.046));
#4089=CARTESIAN_POINT('Origin',(235.3,-26.85,-0.046));
#4090=CARTESIAN_POINT('',(235.7,-26.85,-0.046));
#4091=CARTESIAN_POINT('Origin',(235.7,-26.85,-0.046));
#4092=CARTESIAN_POINT('Origin',(235.3,-21.5,-0.046));
#4093=CARTESIAN_POINT('',(235.3,-20.9,-0.046));
#4094=UNCERTAINTY_MEASURE_WITH_UNIT(LENGTH_MEASURE(0.01),#4098,
'DISTANCE_ACCURACY_VALUE',
'Maximum model space distance between geometric entities at asserted c
onnectivities');
#4095=UNCERTAINTY_MEASURE_WITH_UNIT(LENGTH_MEASURE(0.01),#4098,
'DISTANCE_ACCURACY_VALUE',
'Maximum model space distance between geometric entities at asserted c
onnectivities');
#4096=(
GEOMETRIC_REPRESENTATION_CONTEXT(3)
GLOBAL_UNCERTAINTY_ASSIGNED_CONTEXT((#4094))
GLOBAL_UNIT_ASSIGNED_CONTEXT((#4098,#4100,#4101))
REPRESENTATION_CONTEXT('','3D')
);
#4097=(
GEOMETRIC_REPRESENTATION_CONTEXT(3)
GLOBAL_UNCERTAINTY_ASSIGNED_CONTEXT((#4095))
GLOBAL_UNIT_ASSIGNED_CONTEXT((#4098,#4100,#4101))
REPRESENTATION_CONTEXT('','3D')
);
#4098=(
LENGTH_UNIT()
NAMED_UNIT(*)
SI_UNIT(.MILLI.,.METRE.)
);
#4099=(
LENGTH_UNIT()
NAMED_UNIT(*)
SI_UNIT($,.METRE.)
);
#4100=(
NAMED_UNIT(*)
PLANE_ANGLE_UNIT()
SI_UNIT($,.RADIAN.)
);
#4101=(
NAMED_UNIT(*)
SI_UNIT($,.STERADIAN.)
SOLID_ANGLE_UNIT()
);
#4102=SHAPE_DEFINITION_REPRESENTATION(#4103,#4104);
#4103=PRODUCT_DEFINITION_SHAPE('',$,#4106);
#4104=SHAPE_REPRESENTATION('',(#2422),#4096);
#4105=PRODUCT_DEFINITION_CONTEXT('part definition',#4110,'design');
#4106=PRODUCT_DEFINITION('2026-06-03-17-52-14-517',
'MP3KicadProject_PCB',#4107,#4105);
#4107=PRODUCT_DEFINITION_FORMATION('',$,#4112);
#4108=PRODUCT_RELATED_PRODUCT_CATEGORY('MP3KicadProject_PCB',
'MP3KicadProject_PCB',(#4112));
#4109=APPLICATION_PROTOCOL_DEFINITION('international standard',
'automotive_design',2009,#4110);
#4110=APPLICATION_CONTEXT(
'Core Data for Automotive Mechanical Design Process');
#4111=PRODUCT_CONTEXT('part definition',#4110,'mechanical');
#4112=PRODUCT('2026-06-03-17-52-14-517','MP3KicadProject_PCB',$,(#4111));
#4113=PRESENTATION_STYLE_ASSIGNMENT((#4115));
#4114=PRESENTATION_STYLE_ASSIGNMENT((#4116));
#4115=SURFACE_STYLE_USAGE(.BOTH.,#4117);
#4116=SURFACE_STYLE_USAGE(.BOTH.,#4118);
#4117=SURFACE_SIDE_STYLE('',(#4119));
#4118=SURFACE_SIDE_STYLE('',(#4120));
#4119=SURFACE_STYLE_FILL_AREA(#4121);
#4120=SURFACE_STYLE_FILL_AREA(#4122);
#4121=FILL_AREA_STYLE('Steel - Satin',(#4123));
#4122=FILL_AREA_STYLE('Opaque(80,124,105)',(#4124));
#4123=FILL_AREA_STYLE_COLOUR('Steel - Satin',#4125);
#4124=FILL_AREA_STYLE_COLOUR('Opaque(80,124,105)',#4126);
#4125=COLOUR_RGB('Steel - Satin',0.627450980392157,0.627450980392157,0.627450980392157);
#4126=COLOUR_RGB('Opaque(80,124,105)',0.313725490196078,0.486274509803922,
0.411764705882353);
ENDSEC;
END-ISO-10303-21;
