ISO-10303-21;
HEADER;
/* Generated by software containing ST-Developer
 * from STEP Tools, Inc. (www.steptools.com) 
 */

FILE_DESCRIPTION(
/* description */ (''),
/* implementation_level */ '2;1');

FILE_NAME(
/* name */ 'JST 2.50mm_Vertical Battery Connector.step',
/* time_stamp */ '2026-06-03T18:26:36-04:00',
/* author */ (''),
/* organization */ (''),
/* preprocessor_version */ 'ST-DEVELOPER v20.1',
/* originating_system */ 'Autodesk Translation Framework v15.8.0.0',
/* authorisation */ '');

FILE_SCHEMA (('AUTOMOTIVE_DESIGN { 1 0 10303 214 3 1 1 }'));
ENDSEC;

DATA;
#10=MECHANICAL_DESIGN_GEOMETRIC_PRESENTATION_REPRESENTATION('',(#1512,#1513,
#1514,#1515,#1516,#1517,#1518,#1519,#1520,#1521,#1522,#1523,#1524,#1525,
#1526,#1527,#1528,#1529,#1530,#1531,#1532,#1533,#1534,#1535,#1536,#1537,
#1538,#1539,#1540,#1541,#1542,#1543,#1544,#1545,#1546,#1547,#1548,#1549,
#1550,#1551,#1552,#1553,#1554,#1555,#1556,#1557,#1558,#1559,#1560,#1561,
#1562,#1563,#1564,#1565,#1566,#1567,#1568,#1569,#1570,#1571,#1572,#1573,
#1574,#1575,#1576,#1577,#1578,#1579,#1580,#1581,#1582,#1583,#1584,#1585,
#1586,#1587,#1588,#1589,#1590,#1591,#1592,#1593,#1594),#2609);
#11=SHAPE_REPRESENTATION_RELATIONSHIP('SRR','None',#2616,#12);
#12=ADVANCED_BREP_SHAPE_REPRESENTATION('',(#13),#2608);
#13=MANIFOLD_SOLID_BREP('Body1',#1677);
#14=FACE_BOUND('',#104,.T.);
#15=FACE_BOUND('',#109,.T.);
#16=FACE_BOUND('',#131,.T.);
#17=FACE_BOUND('',#132,.T.);
#18=FACE_OUTER_BOUND('',#100,.T.);
#19=FACE_OUTER_BOUND('',#101,.T.);
#20=FACE_OUTER_BOUND('',#102,.T.);
#21=FACE_OUTER_BOUND('',#103,.T.);
#22=FACE_OUTER_BOUND('',#105,.T.);
#23=FACE_OUTER_BOUND('',#106,.T.);
#24=FACE_OUTER_BOUND('',#107,.T.);
#25=FACE_OUTER_BOUND('',#108,.T.);
#26=FACE_OUTER_BOUND('',#110,.T.);
#27=FACE_OUTER_BOUND('',#111,.T.);
#28=FACE_OUTER_BOUND('',#112,.T.);
#29=FACE_OUTER_BOUND('',#113,.T.);
#30=FACE_OUTER_BOUND('',#114,.T.);
#31=FACE_OUTER_BOUND('',#115,.T.);
#32=FACE_OUTER_BOUND('',#116,.T.);
#33=FACE_OUTER_BOUND('',#117,.T.);
#34=FACE_OUTER_BOUND('',#118,.T.);
#35=FACE_OUTER_BOUND('',#119,.T.);
#36=FACE_OUTER_BOUND('',#120,.T.);
#37=FACE_OUTER_BOUND('',#121,.T.);
#38=FACE_OUTER_BOUND('',#122,.T.);
#39=FACE_OUTER_BOUND('',#123,.T.);
#40=FACE_OUTER_BOUND('',#124,.T.);
#41=FACE_OUTER_BOUND('',#125,.T.);
#42=FACE_OUTER_BOUND('',#126,.T.);
#43=FACE_OUTER_BOUND('',#127,.T.);
#44=FACE_OUTER_BOUND('',#128,.T.);
#45=FACE_OUTER_BOUND('',#129,.T.);
#46=FACE_OUTER_BOUND('',#130,.T.);
#47=FACE_OUTER_BOUND('',#133,.T.);
#48=FACE_OUTER_BOUND('',#134,.T.);
#49=FACE_OUTER_BOUND('',#135,.T.);
#50=FACE_OUTER_BOUND('',#136,.T.);
#51=FACE_OUTER_BOUND('',#137,.T.);
#52=FACE_OUTER_BOUND('',#138,.T.);
#53=FACE_OUTER_BOUND('',#139,.T.);
#54=FACE_OUTER_BOUND('',#140,.T.);
#55=FACE_OUTER_BOUND('',#141,.T.);
#56=FACE_OUTER_BOUND('',#142,.T.);
#57=FACE_OUTER_BOUND('',#143,.T.);
#58=FACE_OUTER_BOUND('',#144,.T.);
#59=FACE_OUTER_BOUND('',#145,.T.);
#60=FACE_OUTER_BOUND('',#146,.T.);
#61=FACE_OUTER_BOUND('',#147,.T.);
#62=FACE_OUTER_BOUND('',#148,.T.);
#63=FACE_OUTER_BOUND('',#149,.T.);
#64=FACE_OUTER_BOUND('',#150,.T.);
#65=FACE_OUTER_BOUND('',#151,.T.);
#66=FACE_OUTER_BOUND('',#152,.T.);
#67=FACE_OUTER_BOUND('',#153,.T.);
#68=FACE_OUTER_BOUND('',#154,.T.);
#69=FACE_OUTER_BOUND('',#155,.T.);
#70=FACE_OUTER_BOUND('',#156,.T.);
#71=FACE_OUTER_BOUND('',#157,.T.);
#72=FACE_OUTER_BOUND('',#158,.T.);
#73=FACE_OUTER_BOUND('',#159,.T.);
#74=FACE_OUTER_BOUND('',#160,.T.);
#75=FACE_OUTER_BOUND('',#161,.T.);
#76=FACE_OUTER_BOUND('',#162,.T.);
#77=FACE_OUTER_BOUND('',#163,.T.);
#78=FACE_OUTER_BOUND('',#164,.T.);
#79=FACE_OUTER_BOUND('',#165,.T.);
#80=FACE_OUTER_BOUND('',#166,.T.);
#81=FACE_OUTER_BOUND('',#167,.T.);
#82=FACE_OUTER_BOUND('',#168,.T.);
#83=FACE_OUTER_BOUND('',#169,.T.);
#84=FACE_OUTER_BOUND('',#170,.T.);
#85=FACE_OUTER_BOUND('',#171,.T.);
#86=FACE_OUTER_BOUND('',#172,.T.);
#87=FACE_OUTER_BOUND('',#173,.T.);
#88=FACE_OUTER_BOUND('',#174,.T.);
#89=FACE_OUTER_BOUND('',#175,.T.);
#90=FACE_OUTER_BOUND('',#176,.T.);
#91=FACE_OUTER_BOUND('',#177,.T.);
#92=FACE_OUTER_BOUND('',#178,.T.);
#93=FACE_OUTER_BOUND('',#179,.T.);
#94=FACE_OUTER_BOUND('',#180,.T.);
#95=FACE_OUTER_BOUND('',#181,.T.);
#96=FACE_OUTER_BOUND('',#182,.T.);
#97=FACE_OUTER_BOUND('',#183,.T.);
#98=FACE_OUTER_BOUND('',#184,.T.);
#99=FACE_OUTER_BOUND('',#185,.T.);
#100=EDGE_LOOP('',(#990,#991,#992,#993,#994,#995,#996,#997,#998,#999,#1000,
#1001,#1002,#1003,#1004,#1005));
#101=EDGE_LOOP('',(#1006,#1007,#1008,#1009));
#102=EDGE_LOOP('',(#1010,#1011,#1012,#1013));
#103=EDGE_LOOP('',(#1014,#1015,#1016,#1017));
#104=EDGE_LOOP('',(#1018,#1019,#1020,#1021));
#105=EDGE_LOOP('',(#1022,#1023,#1024,#1025));
#106=EDGE_LOOP('',(#1026,#1027,#1028,#1029));
#107=EDGE_LOOP('',(#1030,#1031,#1032,#1033));
#108=EDGE_LOOP('',(#1034,#1035,#1036,#1037));
#109=EDGE_LOOP('',(#1038,#1039,#1040,#1041));
#110=EDGE_LOOP('',(#1042,#1043,#1044,#1045));
#111=EDGE_LOOP('',(#1046,#1047,#1048,#1049));
#112=EDGE_LOOP('',(#1050,#1051,#1052,#1053,#1054,#1055,#1056,#1057,#1058,
#1059,#1060));
#113=EDGE_LOOP('',(#1061,#1062,#1063,#1064));
#114=EDGE_LOOP('',(#1065,#1066,#1067,#1068,#1069,#1070,#1071,#1072,#1073));
#115=EDGE_LOOP('',(#1074,#1075,#1076,#1077));
#116=EDGE_LOOP('',(#1078,#1079,#1080,#1081,#1082,#1083,#1084,#1085,#1086));
#117=EDGE_LOOP('',(#1087,#1088,#1089,#1090));
#118=EDGE_LOOP('',(#1091,#1092,#1093,#1094,#1095,#1096,#1097,#1098,#1099,
#1100,#1101));
#119=EDGE_LOOP('',(#1102,#1103,#1104,#1105,#1106,#1107,#1108,#1109,#1110,
#1111,#1112,#1113));
#120=EDGE_LOOP('',(#1114,#1115,#1116,#1117,#1118,#1119,#1120,#1121));
#121=EDGE_LOOP('',(#1122,#1123,#1124,#1125));
#122=EDGE_LOOP('',(#1126,#1127,#1128,#1129,#1130,#1131,#1132,#1133));
#123=EDGE_LOOP('',(#1134,#1135,#1136,#1137));
#124=EDGE_LOOP('',(#1138,#1139,#1140,#1141,#1142,#1143,#1144,#1145));
#125=EDGE_LOOP('',(#1146,#1147,#1148,#1149));
#126=EDGE_LOOP('',(#1150,#1151,#1152,#1153,#1154,#1155,#1156,#1157));
#127=EDGE_LOOP('',(#1158,#1159,#1160,#1161));
#128=EDGE_LOOP('',(#1162,#1163,#1164,#1165,#1166,#1167,#1168,#1169,#1170,
#1171,#1172,#1173));
#129=EDGE_LOOP('',(#1174,#1175,#1176,#1177));
#130=EDGE_LOOP('',(#1178,#1179,#1180,#1181,#1182,#1183,#1184,#1185,#1186,
#1187,#1188,#1189,#1190,#1191,#1192,#1193));
#131=EDGE_LOOP('',(#1194,#1195,#1196,#1197));
#132=EDGE_LOOP('',(#1198,#1199,#1200,#1201));
#133=EDGE_LOOP('',(#1202,#1203,#1204,#1205));
#134=EDGE_LOOP('',(#1206,#1207,#1208,#1209));
#135=EDGE_LOOP('',(#1210,#1211,#1212,#1213));
#136=EDGE_LOOP('',(#1214,#1215,#1216,#1217));
#137=EDGE_LOOP('',(#1218,#1219,#1220,#1221));
#138=EDGE_LOOP('',(#1222,#1223,#1224,#1225));
#139=EDGE_LOOP('',(#1226,#1227,#1228,#1229));
#140=EDGE_LOOP('',(#1230,#1231,#1232,#1233));
#141=EDGE_LOOP('',(#1234,#1235,#1236,#1237));
#142=EDGE_LOOP('',(#1238,#1239,#1240,#1241));
#143=EDGE_LOOP('',(#1242,#1243,#1244,#1245,#1246,#1247));
#144=EDGE_LOOP('',(#1248,#1249,#1250,#1251,#1252,#1253));
#145=EDGE_LOOP('',(#1254,#1255,#1256,#1257));
#146=EDGE_LOOP('',(#1258,#1259,#1260,#1261));
#147=EDGE_LOOP('',(#1262,#1263,#1264,#1265,#1266,#1267));
#148=EDGE_LOOP('',(#1268,#1269,#1270,#1271,#1272,#1273));
#149=EDGE_LOOP('',(#1274,#1275,#1276,#1277,#1278,#1279));
#150=EDGE_LOOP('',(#1280,#1281,#1282,#1283,#1284,#1285));
#151=EDGE_LOOP('',(#1286,#1287,#1288,#1289));
#152=EDGE_LOOP('',(#1290,#1291,#1292,#1293));
#153=EDGE_LOOP('',(#1294,#1295,#1296,#1297,#1298,#1299));
#154=EDGE_LOOP('',(#1300,#1301,#1302,#1303,#1304,#1305));
#155=EDGE_LOOP('',(#1306,#1307,#1308,#1309));
#156=EDGE_LOOP('',(#1310,#1311,#1312,#1313));
#157=EDGE_LOOP('',(#1314,#1315,#1316,#1317));
#158=EDGE_LOOP('',(#1318,#1319,#1320,#1321));
#159=EDGE_LOOP('',(#1322,#1323,#1324,#1325));
#160=EDGE_LOOP('',(#1326,#1327,#1328,#1329));
#161=EDGE_LOOP('',(#1330,#1331,#1332,#1333));
#162=EDGE_LOOP('',(#1334,#1335,#1336,#1337));
#163=EDGE_LOOP('',(#1338,#1339,#1340,#1341));
#164=EDGE_LOOP('',(#1342,#1343,#1344,#1345));
#165=EDGE_LOOP('',(#1346,#1347,#1348,#1349));
#166=EDGE_LOOP('',(#1350,#1351,#1352,#1353));
#167=EDGE_LOOP('',(#1354,#1355,#1356,#1357));
#168=EDGE_LOOP('',(#1358,#1359,#1360,#1361));
#169=EDGE_LOOP('',(#1362,#1363,#1364,#1365));
#170=EDGE_LOOP('',(#1366,#1367,#1368,#1369));
#171=EDGE_LOOP('',(#1370,#1371,#1372,#1373));
#172=EDGE_LOOP('',(#1374,#1375,#1376,#1377));
#173=EDGE_LOOP('',(#1378,#1379,#1380,#1381));
#174=EDGE_LOOP('',(#1382,#1383,#1384,#1385));
#175=EDGE_LOOP('',(#1386,#1387,#1388,#1389));
#176=EDGE_LOOP('',(#1390,#1391,#1392,#1393));
#177=EDGE_LOOP('',(#1394,#1395,#1396,#1397));
#178=EDGE_LOOP('',(#1398,#1399,#1400,#1401));
#179=EDGE_LOOP('',(#1402,#1403,#1404,#1405));
#180=EDGE_LOOP('',(#1406,#1407,#1408,#1409));
#181=EDGE_LOOP('',(#1410,#1411,#1412,#1413));
#182=EDGE_LOOP('',(#1414,#1415,#1416,#1417));
#183=EDGE_LOOP('',(#1418,#1419,#1420,#1421));
#184=EDGE_LOOP('',(#1422,#1423,#1424,#1425));
#185=EDGE_LOOP('',(#1426,#1427,#1428,#1429));
#186=LINE('',#2163,#406);
#187=LINE('',#2165,#407);
#188=LINE('',#2167,#408);
#189=LINE('',#2169,#409);
#190=LINE('',#2171,#410);
#191=LINE('',#2173,#411);
#192=LINE('',#2175,#412);
#193=LINE('',#2177,#413);
#194=LINE('',#2179,#414);
#195=LINE('',#2181,#415);
#196=LINE('',#2183,#416);
#197=LINE('',#2185,#417);
#198=LINE('',#2187,#418);
#199=LINE('',#2189,#419);
#200=LINE('',#2191,#420);
#201=LINE('',#2192,#421);
#202=LINE('',#2195,#422);
#203=LINE('',#2197,#423);
#204=LINE('',#2198,#424);
#205=LINE('',#2201,#425);
#206=LINE('',#2202,#426);
#207=LINE('',#2205,#427);
#208=LINE('',#2206,#428);
#209=LINE('',#2209,#429);
#210=LINE('',#2211,#430);
#211=LINE('',#2213,#431);
#212=LINE('',#2214,#432);
#213=LINE('',#2217,#433);
#214=LINE('',#2218,#434);
#215=LINE('',#2221,#435);
#216=LINE('',#2222,#436);
#217=LINE('',#2225,#437);
#218=LINE('',#2226,#438);
#219=LINE('',#2229,#439);
#220=LINE('',#2230,#440);
#221=LINE('',#2233,#441);
#222=LINE('',#2235,#442);
#223=LINE('',#2237,#443);
#224=LINE('',#2238,#444);
#225=LINE('',#2241,#445);
#226=LINE('',#2242,#446);
#227=LINE('',#2245,#447);
#228=LINE('',#2246,#448);
#229=LINE('',#2249,#449);
#230=LINE('',#2251,#450);
#231=LINE('',#2253,#451);
#232=LINE('',#2255,#452);
#233=LINE('',#2257,#453);
#234=LINE('',#2259,#454);
#235=LINE('',#2261,#455);
#236=LINE('',#2263,#456);
#237=LINE('',#2264,#457);
#238=LINE('',#2267,#458);
#239=LINE('',#2268,#459);
#240=LINE('',#2271,#460);
#241=LINE('',#2273,#461);
#242=LINE('',#2275,#462);
#243=LINE('',#2277,#463);
#244=LINE('',#2279,#464);
#245=LINE('',#2281,#465);
#246=LINE('',#2282,#466);
#247=LINE('',#2285,#467);
#248=LINE('',#2286,#468);
#249=LINE('',#2289,#469);
#250=LINE('',#2291,#470);
#251=LINE('',#2293,#471);
#252=LINE('',#2295,#472);
#253=LINE('',#2297,#473);
#254=LINE('',#2299,#474);
#255=LINE('',#2300,#475);
#256=LINE('',#2303,#476);
#257=LINE('',#2304,#477);
#258=LINE('',#2307,#478);
#259=LINE('',#2309,#479);
#260=LINE('',#2311,#480);
#261=LINE('',#2313,#481);
#262=LINE('',#2315,#482);
#263=LINE('',#2317,#483);
#264=LINE('',#2319,#484);
#265=LINE('',#2320,#485);
#266=LINE('',#2322,#486);
#267=LINE('',#2326,#487);
#268=LINE('',#2328,#488);
#269=LINE('',#2330,#489);
#270=LINE('',#2331,#490);
#271=LINE('',#2333,#491);
#272=LINE('',#2335,#492);
#273=LINE('',#2336,#493);
#274=LINE('',#2339,#494);
#275=LINE('',#2340,#495);
#276=LINE('',#2344,#496);
#277=LINE('',#2346,#497);
#278=LINE('',#2348,#498);
#279=LINE('',#2349,#499);
#280=LINE('',#2351,#500);
#281=LINE('',#2352,#501);
#282=LINE('',#2354,#502);
#283=LINE('',#2358,#503);
#284=LINE('',#2360,#504);
#285=LINE('',#2362,#505);
#286=LINE('',#2363,#506);
#287=LINE('',#2365,#507);
#288=LINE('',#2367,#508);
#289=LINE('',#2368,#509);
#290=LINE('',#2371,#510);
#291=LINE('',#2372,#511);
#292=LINE('',#2376,#512);
#293=LINE('',#2378,#513);
#294=LINE('',#2380,#514);
#295=LINE('',#2381,#515);
#296=LINE('',#2383,#516);
#297=LINE('',#2384,#517);
#298=LINE('',#2386,#518);
#299=LINE('',#2389,#519);
#300=LINE('',#2391,#520);
#301=LINE('',#2393,#521);
#302=LINE('',#2395,#522);
#303=LINE('',#2397,#523);
#304=LINE('',#2399,#524);
#305=LINE('',#2401,#525);
#306=LINE('',#2403,#526);
#307=LINE('',#2404,#527);
#308=LINE('',#2407,#528);
#309=LINE('',#2408,#529);
#310=LINE('',#2410,#530);
#311=LINE('',#2412,#531);
#312=LINE('',#2414,#532);
#313=LINE('',#2416,#533);
#314=LINE('',#2418,#534);
#315=LINE('',#2420,#535);
#316=LINE('',#2422,#536);
#317=LINE('',#2424,#537);
#318=LINE('',#2425,#538);
#319=LINE('',#2426,#539);
#320=LINE('',#2427,#540);
#321=LINE('',#2430,#541);
#322=LINE('',#2432,#542);
#323=LINE('',#2434,#543);
#324=LINE('',#2435,#544);
#325=LINE('',#2438,#545);
#326=LINE('',#2440,#546);
#327=LINE('',#2442,#547);
#328=LINE('',#2443,#548);
#329=LINE('',#2445,#549);
#330=LINE('',#2447,#550);
#331=LINE('',#2449,#551);
#332=LINE('',#2453,#552);
#333=LINE('',#2455,#553);
#334=LINE('',#2457,#554);
#335=LINE('',#2460,#555);
#336=LINE('',#2464,#556);
#337=LINE('',#2466,#557);
#338=LINE('',#2468,#558);
#339=LINE('',#2469,#559);
#340=LINE('',#2470,#560);
#341=LINE('',#2473,#561);
#342=LINE('',#2474,#562);
#343=LINE('',#2475,#563);
#344=LINE('',#2478,#564);
#345=LINE('',#2481,#565);
#346=LINE('',#2482,#566);
#347=LINE('',#2485,#567);
#348=LINE('',#2487,#568);
#349=LINE('',#2488,#569);
#350=LINE('',#2492,#570);
#351=LINE('',#2493,#571);
#352=LINE('',#2495,#572);
#353=LINE('',#2497,#573);
#354=LINE('',#2498,#574);
#355=LINE('',#2501,#575);
#356=LINE('',#2502,#576);
#357=LINE('',#2503,#577);
#358=LINE('',#2506,#578);
#359=LINE('',#2509,#579);
#360=LINE('',#2510,#580);
#361=LINE('',#2513,#581);
#362=LINE('',#2515,#582);
#363=LINE('',#2516,#583);
#364=LINE('',#2518,#584);
#365=LINE('',#2520,#585);
#366=LINE('',#2522,#586);
#367=LINE('',#2524,#587);
#368=LINE('',#2526,#588);
#369=LINE('',#2528,#589);
#370=LINE('',#2532,#590);
#371=LINE('',#2534,#591);
#372=LINE('',#2535,#592);
#373=LINE('',#2538,#593);
#374=LINE('',#2539,#594);
#375=LINE('',#2542,#595);
#376=LINE('',#2543,#596);
#377=LINE('',#2545,#597);
#378=LINE('',#2548,#598);
#379=LINE('',#2550,#599);
#380=LINE('',#2551,#600);
#381=LINE('',#2554,#601);
#382=LINE('',#2555,#602);
#383=LINE('',#2558,#603);
#384=LINE('',#2559,#604);
#385=LINE('',#2561,#605);
#386=LINE('',#2563,#606);
#387=LINE('',#2565,#607);
#388=LINE('',#2568,#608);
#389=LINE('',#2570,#609);
#390=LINE('',#2574,#610);
#391=LINE('',#2576,#611);
#392=LINE('',#2577,#612);
#393=LINE('',#2580,#613);
#394=LINE('',#2581,#614);
#395=LINE('',#2584,#615);
#396=LINE('',#2585,#616);
#397=LINE('',#2587,#617);
#398=LINE('',#2590,#618);
#399=LINE('',#2592,#619);
#400=LINE('',#2593,#620);
#401=LINE('',#2596,#621);
#402=LINE('',#2597,#622);
#403=LINE('',#2600,#623);
#404=LINE('',#2601,#624);
#405=LINE('',#2603,#625);
#406=VECTOR('',#1777,1.);
#407=VECTOR('',#1778,1.);
#408=VECTOR('',#1779,1.);
#409=VECTOR('',#1780,1.);
#410=VECTOR('',#1781,1.);
#411=VECTOR('',#1782,1.);
#412=VECTOR('',#1783,1.);
#413=VECTOR('',#1784,1.);
#414=VECTOR('',#1785,1.);
#415=VECTOR('',#1786,1.);
#416=VECTOR('',#1787,1.);
#417=VECTOR('',#1788,1.);
#418=VECTOR('',#1789,1.);
#419=VECTOR('',#1790,1.);
#420=VECTOR('',#1791,1.);
#421=VECTOR('',#1792,1.);
#422=VECTOR('',#1795,1.);
#423=VECTOR('',#1796,1.);
#424=VECTOR('',#1797,1.);
#425=VECTOR('',#1800,1.);
#426=VECTOR('',#1801,1.);
#427=VECTOR('',#1804,1.);
#428=VECTOR('',#1805,1.);
#429=VECTOR('',#1806,1.);
#430=VECTOR('',#1807,1.);
#431=VECTOR('',#1808,1.);
#432=VECTOR('',#1809,1.);
#433=VECTOR('',#1812,1.);
#434=VECTOR('',#1813,1.);
#435=VECTOR('',#1816,1.);
#436=VECTOR('',#1817,1.);
#437=VECTOR('',#1820,1.);
#438=VECTOR('',#1821,1.);
#439=VECTOR('',#1824,1.);
#440=VECTOR('',#1825,1.);
#441=VECTOR('',#1826,1.);
#442=VECTOR('',#1827,1.);
#443=VECTOR('',#1828,1.);
#444=VECTOR('',#1829,1.);
#445=VECTOR('',#1832,1.);
#446=VECTOR('',#1833,1.);
#447=VECTOR('',#1836,1.);
#448=VECTOR('',#1837,1.);
#449=VECTOR('',#1840,1.);
#450=VECTOR('',#1841,1.);
#451=VECTOR('',#1842,1.);
#452=VECTOR('',#1843,1.);
#453=VECTOR('',#1844,0.999999999999855);
#454=VECTOR('',#1845,1.);
#455=VECTOR('',#1846,1.);
#456=VECTOR('',#1847,0.999999999999795);
#457=VECTOR('',#1848,1.);
#458=VECTOR('',#1851,1.);
#459=VECTOR('',#1852,1.);
#460=VECTOR('',#1855,0.999999999999795);
#461=VECTOR('',#1856,1.);
#462=VECTOR('',#1857,1.);
#463=VECTOR('',#1858,0.999999999999855);
#464=VECTOR('',#1859,1.);
#465=VECTOR('',#1860,1.00000000000064);
#466=VECTOR('',#1861,1.);
#467=VECTOR('',#1864,1.);
#468=VECTOR('',#1865,1.);
#469=VECTOR('',#1868,1.00000000000064);
#470=VECTOR('',#1869,1.);
#471=VECTOR('',#1870,0.999999999999855);
#472=VECTOR('',#1871,1.);
#473=VECTOR('',#1872,1.);
#474=VECTOR('',#1873,0.999999999999795);
#475=VECTOR('',#1874,1.);
#476=VECTOR('',#1877,1.);
#477=VECTOR('',#1878,1.);
#478=VECTOR('',#1881,0.999999999999795);
#479=VECTOR('',#1882,1.);
#480=VECTOR('',#1883,1.);
#481=VECTOR('',#1884,0.999999999999855);
#482=VECTOR('',#1885,1.);
#483=VECTOR('',#1886,1.);
#484=VECTOR('',#1887,1.);
#485=VECTOR('',#1888,1.);
#486=VECTOR('',#1891,1.);
#487=VECTOR('',#1894,1.);
#488=VECTOR('',#1895,0.99999999999993);
#489=VECTOR('',#1896,1.00000000000009);
#490=VECTOR('',#1897,1.);
#491=VECTOR('',#1898,1.);
#492=VECTOR('',#1899,1.00000000000009);
#493=VECTOR('',#1900,0.99999999999993);
#494=VECTOR('',#1903,1.);
#495=VECTOR('',#1904,1.);
#496=VECTOR('',#1907,1.);
#497=VECTOR('',#1908,0.99999999999993);
#498=VECTOR('',#1909,1.00000000000009);
#499=VECTOR('',#1910,1.);
#500=VECTOR('',#1911,1.00000000000009);
#501=VECTOR('',#1912,0.99999999999993);
#502=VECTOR('',#1915,1.);
#503=VECTOR('',#1918,1.);
#504=VECTOR('',#1919,0.99999999999993);
#505=VECTOR('',#1920,1.00000000000009);
#506=VECTOR('',#1921,1.);
#507=VECTOR('',#1922,1.);
#508=VECTOR('',#1923,1.00000000000009);
#509=VECTOR('',#1924,0.99999999999993);
#510=VECTOR('',#1927,1.);
#511=VECTOR('',#1928,1.);
#512=VECTOR('',#1931,1.);
#513=VECTOR('',#1932,0.99999999999993);
#514=VECTOR('',#1933,1.00000000000009);
#515=VECTOR('',#1934,1.);
#516=VECTOR('',#1935,1.00000000000009);
#517=VECTOR('',#1936,0.99999999999993);
#518=VECTOR('',#1939,1.);
#519=VECTOR('',#1942,1.);
#520=VECTOR('',#1943,1.);
#521=VECTOR('',#1944,1.);
#522=VECTOR('',#1945,1.);
#523=VECTOR('',#1946,1.);
#524=VECTOR('',#1947,1.);
#525=VECTOR('',#1948,1.);
#526=VECTOR('',#1949,1.);
#527=VECTOR('',#1950,1.);
#528=VECTOR('',#1953,1.);
#529=VECTOR('',#1954,1.);
#530=VECTOR('',#1957,1.);
#531=VECTOR('',#1958,1.);
#532=VECTOR('',#1959,1.);
#533=VECTOR('',#1960,1.);
#534=VECTOR('',#1961,1.);
#535=VECTOR('',#1962,1.);
#536=VECTOR('',#1963,1.);
#537=VECTOR('',#1964,1.);
#538=VECTOR('',#1965,1.);
#539=VECTOR('',#1966,1.);
#540=VECTOR('',#1967,1.);
#541=VECTOR('',#1968,1.);
#542=VECTOR('',#1969,1.);
#543=VECTOR('',#1970,1.);
#544=VECTOR('',#1971,1.);
#545=VECTOR('',#1972,1.);
#546=VECTOR('',#1973,1.);
#547=VECTOR('',#1974,1.);
#548=VECTOR('',#1975,1.);
#549=VECTOR('',#1978,1.);
#550=VECTOR('',#1981,1.);
#551=VECTOR('',#1984,1.);
#552=VECTOR('',#1991,1.);
#553=VECTOR('',#1994,1.);
#554=VECTOR('',#1997,1.);
#555=VECTOR('',#2002,1.);
#556=VECTOR('',#2005,1.00000000000055);
#557=VECTOR('',#2006,1.);
#558=VECTOR('',#2007,1.00000000000058);
#559=VECTOR('',#2008,1.00000000000061);
#560=VECTOR('',#2009,1.00000000000061);
#561=VECTOR('',#2012,1.00000000000061);
#562=VECTOR('',#2013,1.);
#563=VECTOR('',#2014,1.);
#564=VECTOR('',#2019,1.);
#565=VECTOR('',#2022,1.);
#566=VECTOR('',#2023,1.00000000000061);
#567=VECTOR('',#2026,1.00000000000055);
#568=VECTOR('',#2027,1.00000000000058);
#569=VECTOR('',#2028,1.);
#570=VECTOR('',#2031,1.00000000000055);
#571=VECTOR('',#2032,1.00000000000061);
#572=VECTOR('',#2033,1.00000000000061);
#573=VECTOR('',#2034,1.00000000000058);
#574=VECTOR('',#2035,1.);
#575=VECTOR('',#2038,1.);
#576=VECTOR('',#2039,1.00000000000061);
#577=VECTOR('',#2040,1.);
#578=VECTOR('',#2045,1.);
#579=VECTOR('',#2048,1.00000000000061);
#580=VECTOR('',#2049,1.);
#581=VECTOR('',#2052,1.00000000000055);
#582=VECTOR('',#2053,1.);
#583=VECTOR('',#2054,1.00000000000058);
#584=VECTOR('',#2057,1.);
#585=VECTOR('',#2060,1.);
#586=VECTOR('',#2063,1.);
#587=VECTOR('',#2066,1.);
#588=VECTOR('',#2069,1.);
#589=VECTOR('',#2072,1.);
#590=VECTOR('',#2077,1.);
#591=VECTOR('',#2078,1.);
#592=VECTOR('',#2079,1.);
#593=VECTOR('',#2082,1.);
#594=VECTOR('',#2083,1.);
#595=VECTOR('',#2086,1.);
#596=VECTOR('',#2087,1.);
#597=VECTOR('',#2090,1.);
#598=VECTOR('',#2093,1.);
#599=VECTOR('',#2094,1.);
#600=VECTOR('',#2095,1.);
#601=VECTOR('',#2098,1.);
#602=VECTOR('',#2099,1.);
#603=VECTOR('',#2102,1.);
#604=VECTOR('',#2103,1.);
#605=VECTOR('',#2106,1.);
#606=VECTOR('',#2109,1.);
#607=VECTOR('',#2112,1.);
#608=VECTOR('',#2117,1.);
#609=VECTOR('',#2120,1.);
#610=VECTOR('',#2125,1.00000000000065);
#611=VECTOR('',#2126,1.);
#612=VECTOR('',#2127,1.00000000000065);
#613=VECTOR('',#2130,1.00000000000065);
#614=VECTOR('',#2131,1.);
#615=VECTOR('',#2134,1.00000000000065);
#616=VECTOR('',#2135,1.);
#617=VECTOR('',#2138,1.);
#618=VECTOR('',#2141,1.00000000000065);
#619=VECTOR('',#2142,1.00000000000065);
#620=VECTOR('',#2143,1.);
#621=VECTOR('',#2146,1.00000000000065);
#622=VECTOR('',#2147,1.);
#623=VECTOR('',#2150,1.00000000000065);
#624=VECTOR('',#2151,1.);
#625=VECTOR('',#2154,1.);
#626=VERTEX_POINT('',#2161);
#627=VERTEX_POINT('',#2162);
#628=VERTEX_POINT('',#2164);
#629=VERTEX_POINT('',#2166);
#630=VERTEX_POINT('',#2168);
#631=VERTEX_POINT('',#2170);
#632=VERTEX_POINT('',#2172);
#633=VERTEX_POINT('',#2174);
#634=VERTEX_POINT('',#2176);
#635=VERTEX_POINT('',#2178);
#636=VERTEX_POINT('',#2180);
#637=VERTEX_POINT('',#2182);
#638=VERTEX_POINT('',#2184);
#639=VERTEX_POINT('',#2186);
#640=VERTEX_POINT('',#2188);
#641=VERTEX_POINT('',#2190);
#642=VERTEX_POINT('',#2194);
#643=VERTEX_POINT('',#2196);
#644=VERTEX_POINT('',#2200);
#645=VERTEX_POINT('',#2204);
#646=VERTEX_POINT('',#2207);
#647=VERTEX_POINT('',#2208);
#648=VERTEX_POINT('',#2210);
#649=VERTEX_POINT('',#2212);
#650=VERTEX_POINT('',#2216);
#651=VERTEX_POINT('',#2220);
#652=VERTEX_POINT('',#2224);
#653=VERTEX_POINT('',#2228);
#654=VERTEX_POINT('',#2231);
#655=VERTEX_POINT('',#2232);
#656=VERTEX_POINT('',#2234);
#657=VERTEX_POINT('',#2236);
#658=VERTEX_POINT('',#2240);
#659=VERTEX_POINT('',#2244);
#660=VERTEX_POINT('',#2248);
#661=VERTEX_POINT('',#2250);
#662=VERTEX_POINT('',#2252);
#663=VERTEX_POINT('',#2254);
#664=VERTEX_POINT('',#2256);
#665=VERTEX_POINT('',#2258);
#666=VERTEX_POINT('',#2260);
#667=VERTEX_POINT('',#2262);
#668=VERTEX_POINT('',#2266);
#669=VERTEX_POINT('',#2270);
#670=VERTEX_POINT('',#2272);
#671=VERTEX_POINT('',#2274);
#672=VERTEX_POINT('',#2276);
#673=VERTEX_POINT('',#2278);
#674=VERTEX_POINT('',#2280);
#675=VERTEX_POINT('',#2284);
#676=VERTEX_POINT('',#2288);
#677=VERTEX_POINT('',#2290);
#678=VERTEX_POINT('',#2292);
#679=VERTEX_POINT('',#2294);
#680=VERTEX_POINT('',#2296);
#681=VERTEX_POINT('',#2298);
#682=VERTEX_POINT('',#2302);
#683=VERTEX_POINT('',#2306);
#684=VERTEX_POINT('',#2308);
#685=VERTEX_POINT('',#2310);
#686=VERTEX_POINT('',#2312);
#687=VERTEX_POINT('',#2314);
#688=VERTEX_POINT('',#2316);
#689=VERTEX_POINT('',#2318);
#690=VERTEX_POINT('',#2324);
#691=VERTEX_POINT('',#2325);
#692=VERTEX_POINT('',#2327);
#693=VERTEX_POINT('',#2329);
#694=VERTEX_POINT('',#2332);
#695=VERTEX_POINT('',#2334);
#696=VERTEX_POINT('',#2338);
#697=VERTEX_POINT('',#2342);
#698=VERTEX_POINT('',#2343);
#699=VERTEX_POINT('',#2345);
#700=VERTEX_POINT('',#2347);
#701=VERTEX_POINT('',#2350);
#702=VERTEX_POINT('',#2356);
#703=VERTEX_POINT('',#2357);
#704=VERTEX_POINT('',#2359);
#705=VERTEX_POINT('',#2361);
#706=VERTEX_POINT('',#2364);
#707=VERTEX_POINT('',#2366);
#708=VERTEX_POINT('',#2370);
#709=VERTEX_POINT('',#2374);
#710=VERTEX_POINT('',#2375);
#711=VERTEX_POINT('',#2377);
#712=VERTEX_POINT('',#2379);
#713=VERTEX_POINT('',#2382);
#714=VERTEX_POINT('',#2388);
#715=VERTEX_POINT('',#2390);
#716=VERTEX_POINT('',#2392);
#717=VERTEX_POINT('',#2394);
#718=VERTEX_POINT('',#2396);
#719=VERTEX_POINT('',#2398);
#720=VERTEX_POINT('',#2400);
#721=VERTEX_POINT('',#2402);
#722=VERTEX_POINT('',#2406);
#723=VERTEX_POINT('',#2411);
#724=VERTEX_POINT('',#2413);
#725=VERTEX_POINT('',#2415);
#726=VERTEX_POINT('',#2417);
#727=VERTEX_POINT('',#2419);
#728=VERTEX_POINT('',#2421);
#729=VERTEX_POINT('',#2423);
#730=VERTEX_POINT('',#2428);
#731=VERTEX_POINT('',#2429);
#732=VERTEX_POINT('',#2431);
#733=VERTEX_POINT('',#2433);
#734=VERTEX_POINT('',#2436);
#735=VERTEX_POINT('',#2437);
#736=VERTEX_POINT('',#2439);
#737=VERTEX_POINT('',#2441);
#738=VERTEX_POINT('',#2462);
#739=VERTEX_POINT('',#2463);
#740=VERTEX_POINT('',#2465);
#741=VERTEX_POINT('',#2467);
#742=VERTEX_POINT('',#2472);
#743=VERTEX_POINT('',#2480);
#744=VERTEX_POINT('',#2484);
#745=VERTEX_POINT('',#2486);
#746=VERTEX_POINT('',#2490);
#747=VERTEX_POINT('',#2491);
#748=VERTEX_POINT('',#2494);
#749=VERTEX_POINT('',#2496);
#750=VERTEX_POINT('',#2500);
#751=VERTEX_POINT('',#2508);
#752=VERTEX_POINT('',#2512);
#753=VERTEX_POINT('',#2514);
#754=VERTEX_POINT('',#2531);
#755=VERTEX_POINT('',#2533);
#756=VERTEX_POINT('',#2537);
#757=VERTEX_POINT('',#2541);
#758=VERTEX_POINT('',#2547);
#759=VERTEX_POINT('',#2549);
#760=VERTEX_POINT('',#2553);
#761=VERTEX_POINT('',#2557);
#762=VERTEX_POINT('',#2573);
#763=VERTEX_POINT('',#2575);
#764=VERTEX_POINT('',#2579);
#765=VERTEX_POINT('',#2583);
#766=VERTEX_POINT('',#2589);
#767=VERTEX_POINT('',#2591);
#768=VERTEX_POINT('',#2595);
#769=VERTEX_POINT('',#2599);
#770=EDGE_CURVE('',#626,#627,#186,.T.);
#771=EDGE_CURVE('',#627,#628,#187,.T.);
#772=EDGE_CURVE('',#628,#629,#188,.T.);
#773=EDGE_CURVE('',#630,#629,#189,.T.);
#774=EDGE_CURVE('',#630,#631,#190,.T.);
#775=EDGE_CURVE('',#631,#632,#191,.T.);
#776=EDGE_CURVE('',#632,#633,#192,.T.);
#777=EDGE_CURVE('',#634,#633,#193,.T.);
#778=EDGE_CURVE('',#634,#635,#194,.T.);
#779=EDGE_CURVE('',#635,#636,#195,.T.);
#780=EDGE_CURVE('',#637,#636,#196,.T.);
#781=EDGE_CURVE('',#637,#638,#197,.T.);
#782=EDGE_CURVE('',#639,#638,#198,.T.);
#783=EDGE_CURVE('',#640,#639,#199,.T.);
#784=EDGE_CURVE('',#641,#640,#200,.T.);
#785=EDGE_CURVE('',#626,#641,#201,.T.);
#786=EDGE_CURVE('',#642,#626,#202,.T.);
#787=EDGE_CURVE('',#643,#642,#203,.T.);
#788=EDGE_CURVE('',#643,#627,#204,.T.);
#789=EDGE_CURVE('',#644,#643,#205,.T.);
#790=EDGE_CURVE('',#628,#644,#206,.T.);
#791=EDGE_CURVE('',#644,#645,#207,.T.);
#792=EDGE_CURVE('',#629,#645,#208,.T.);
#793=EDGE_CURVE('',#646,#647,#209,.T.);
#794=EDGE_CURVE('',#648,#647,#210,.T.);
#795=EDGE_CURVE('',#649,#648,#211,.T.);
#796=EDGE_CURVE('',#646,#649,#212,.T.);
#797=EDGE_CURVE('',#645,#650,#213,.T.);
#798=EDGE_CURVE('',#650,#630,#214,.T.);
#799=EDGE_CURVE('',#651,#650,#215,.T.);
#800=EDGE_CURVE('',#651,#631,#216,.T.);
#801=EDGE_CURVE('',#652,#651,#217,.T.);
#802=EDGE_CURVE('',#632,#652,#218,.T.);
#803=EDGE_CURVE('',#652,#653,#219,.T.);
#804=EDGE_CURVE('',#633,#653,#220,.T.);
#805=EDGE_CURVE('',#654,#655,#221,.T.);
#806=EDGE_CURVE('',#656,#654,#222,.T.);
#807=EDGE_CURVE('',#656,#657,#223,.T.);
#808=EDGE_CURVE('',#655,#657,#224,.T.);
#809=EDGE_CURVE('',#653,#658,#225,.T.);
#810=EDGE_CURVE('',#658,#634,#226,.T.);
#811=EDGE_CURVE('',#659,#658,#227,.T.);
#812=EDGE_CURVE('',#635,#659,#228,.T.);
#813=EDGE_CURVE('',#659,#660,#229,.T.);
#814=EDGE_CURVE('',#661,#660,#230,.T.);
#815=EDGE_CURVE('',#661,#662,#231,.T.);
#816=EDGE_CURVE('',#662,#663,#232,.T.);
#817=EDGE_CURVE('',#663,#664,#233,.T.);
#818=EDGE_CURVE('',#664,#665,#234,.T.);
#819=EDGE_CURVE('',#665,#666,#235,.T.);
#820=EDGE_CURVE('',#666,#667,#236,.T.);
#821=EDGE_CURVE('',#667,#636,#237,.T.);
#822=EDGE_CURVE('',#668,#637,#238,.T.);
#823=EDGE_CURVE('',#668,#667,#239,.T.);
#824=EDGE_CURVE('',#669,#668,#240,.T.);
#825=EDGE_CURVE('',#670,#669,#241,.T.);
#826=EDGE_CURVE('',#671,#670,#242,.T.);
#827=EDGE_CURVE('',#672,#671,#243,.T.);
#828=EDGE_CURVE('',#673,#672,#244,.T.);
#829=EDGE_CURVE('',#674,#673,#245,.T.);
#830=EDGE_CURVE('',#638,#674,#246,.T.);
#831=EDGE_CURVE('',#675,#674,#247,.T.);
#832=EDGE_CURVE('',#639,#675,#248,.T.);
#833=EDGE_CURVE('',#675,#676,#249,.T.);
#834=EDGE_CURVE('',#677,#676,#250,.T.);
#835=EDGE_CURVE('',#678,#677,#251,.T.);
#836=EDGE_CURVE('',#679,#678,#252,.T.);
#837=EDGE_CURVE('',#680,#679,#253,.T.);
#838=EDGE_CURVE('',#681,#680,#254,.T.);
#839=EDGE_CURVE('',#640,#681,#255,.T.);
#840=EDGE_CURVE('',#682,#641,#256,.T.);
#841=EDGE_CURVE('',#682,#681,#257,.T.);
#842=EDGE_CURVE('',#683,#682,#258,.T.);
#843=EDGE_CURVE('',#684,#683,#259,.T.);
#844=EDGE_CURVE('',#685,#684,#260,.T.);
#845=EDGE_CURVE('',#686,#685,#261,.T.);
#846=EDGE_CURVE('',#687,#686,#262,.T.);
#847=EDGE_CURVE('',#688,#687,#263,.T.);
#848=EDGE_CURVE('',#689,#688,#264,.T.);
#849=EDGE_CURVE('',#642,#689,#265,.T.);
#850=EDGE_CURVE('',#660,#689,#266,.T.);
#851=EDGE_CURVE('',#690,#691,#267,.T.);
#852=EDGE_CURVE('',#691,#692,#268,.T.);
#853=EDGE_CURVE('',#692,#693,#269,.T.);
#854=EDGE_CURVE('',#693,#647,#270,.T.);
#855=EDGE_CURVE('',#646,#694,#271,.T.);
#856=EDGE_CURVE('',#694,#695,#272,.T.);
#857=EDGE_CURVE('',#695,#690,#273,.T.);
#858=EDGE_CURVE('',#696,#648,#274,.T.);
#859=EDGE_CURVE('',#696,#693,#275,.T.);
#860=EDGE_CURVE('',#697,#698,#276,.T.);
#861=EDGE_CURVE('',#699,#697,#277,.T.);
#862=EDGE_CURVE('',#700,#699,#278,.T.);
#863=EDGE_CURVE('',#649,#700,#279,.T.);
#864=EDGE_CURVE('',#701,#696,#280,.T.);
#865=EDGE_CURVE('',#698,#701,#281,.T.);
#866=EDGE_CURVE('',#700,#694,#282,.T.);
#867=EDGE_CURVE('',#702,#703,#283,.T.);
#868=EDGE_CURVE('',#704,#702,#284,.T.);
#869=EDGE_CURVE('',#705,#704,#285,.T.);
#870=EDGE_CURVE('',#654,#705,#286,.T.);
#871=EDGE_CURVE('',#706,#655,#287,.T.);
#872=EDGE_CURVE('',#707,#706,#288,.T.);
#873=EDGE_CURVE('',#703,#707,#289,.T.);
#874=EDGE_CURVE('',#705,#708,#290,.T.);
#875=EDGE_CURVE('',#656,#708,#291,.T.);
#876=EDGE_CURVE('',#709,#710,#292,.T.);
#877=EDGE_CURVE('',#710,#711,#293,.T.);
#878=EDGE_CURVE('',#711,#712,#294,.T.);
#879=EDGE_CURVE('',#712,#657,#295,.T.);
#880=EDGE_CURVE('',#708,#713,#296,.T.);
#881=EDGE_CURVE('',#713,#709,#297,.T.);
#882=EDGE_CURVE('',#706,#712,#298,.T.);
#883=EDGE_CURVE('',#688,#714,#299,.T.);
#884=EDGE_CURVE('',#715,#714,#300,.T.);
#885=EDGE_CURVE('',#716,#715,#301,.T.);
#886=EDGE_CURVE('',#717,#716,#302,.T.);
#887=EDGE_CURVE('',#718,#717,#303,.T.);
#888=EDGE_CURVE('',#719,#718,#304,.T.);
#889=EDGE_CURVE('',#720,#719,#305,.T.);
#890=EDGE_CURVE('',#721,#720,#306,.T.);
#891=EDGE_CURVE('',#721,#661,#307,.T.);
#892=EDGE_CURVE('',#721,#722,#308,.T.);
#893=EDGE_CURVE('',#722,#662,#309,.T.);
#894=EDGE_CURVE('',#672,#663,#310,.T.);
#895=EDGE_CURVE('',#722,#723,#311,.T.);
#896=EDGE_CURVE('',#723,#724,#312,.T.);
#897=EDGE_CURVE('',#724,#725,#313,.T.);
#898=EDGE_CURVE('',#725,#726,#314,.T.);
#899=EDGE_CURVE('',#726,#727,#315,.T.);
#900=EDGE_CURVE('',#727,#728,#316,.T.);
#901=EDGE_CURVE('',#728,#729,#317,.T.);
#902=EDGE_CURVE('',#687,#729,#318,.T.);
#903=EDGE_CURVE('',#686,#677,#319,.T.);
#904=EDGE_CURVE('',#676,#673,#320,.T.);
#905=EDGE_CURVE('',#730,#731,#321,.T.);
#906=EDGE_CURVE('',#730,#732,#322,.T.);
#907=EDGE_CURVE('',#732,#733,#323,.T.);
#908=EDGE_CURVE('',#733,#731,#324,.T.);
#909=EDGE_CURVE('',#734,#735,#325,.T.);
#910=EDGE_CURVE('',#735,#736,#326,.T.);
#911=EDGE_CURVE('',#737,#736,#327,.T.);
#912=EDGE_CURVE('',#737,#734,#328,.T.);
#913=EDGE_CURVE('',#671,#664,#329,.T.);
#914=EDGE_CURVE('',#670,#665,#330,.T.);
#915=EDGE_CURVE('',#669,#666,#331,.T.);
#916=EDGE_CURVE('',#683,#680,#332,.T.);
#917=EDGE_CURVE('',#684,#679,#333,.T.);
#918=EDGE_CURVE('',#685,#678,#334,.T.);
#919=EDGE_CURVE('',#729,#714,#335,.T.);
#920=EDGE_CURVE('',#738,#739,#336,.T.);
#921=EDGE_CURVE('',#738,#740,#337,.T.);
#922=EDGE_CURVE('',#740,#741,#338,.T.);
#923=EDGE_CURVE('',#741,#691,#339,.T.);
#924=EDGE_CURVE('',#739,#690,#340,.T.);
#925=EDGE_CURVE('',#742,#697,#341,.T.);
#926=EDGE_CURVE('',#742,#739,#342,.T.);
#927=EDGE_CURVE('',#699,#695,#343,.T.);
#928=EDGE_CURVE('',#701,#692,#344,.T.);
#929=EDGE_CURVE('',#743,#741,#345,.T.);
#930=EDGE_CURVE('',#743,#698,#346,.T.);
#931=EDGE_CURVE('',#744,#742,#347,.T.);
#932=EDGE_CURVE('',#745,#743,#348,.T.);
#933=EDGE_CURVE('',#744,#745,#349,.T.);
#934=EDGE_CURVE('',#746,#747,#350,.T.);
#935=EDGE_CURVE('',#747,#702,#351,.T.);
#936=EDGE_CURVE('',#748,#703,#352,.T.);
#937=EDGE_CURVE('',#749,#748,#353,.T.);
#938=EDGE_CURVE('',#746,#749,#354,.T.);
#939=EDGE_CURVE('',#747,#750,#355,.T.);
#940=EDGE_CURVE('',#750,#709,#356,.T.);
#941=EDGE_CURVE('',#704,#713,#357,.T.);
#942=EDGE_CURVE('',#707,#711,#358,.T.);
#943=EDGE_CURVE('',#751,#710,#359,.T.);
#944=EDGE_CURVE('',#748,#751,#360,.T.);
#945=EDGE_CURVE('',#752,#750,#361,.T.);
#946=EDGE_CURVE('',#752,#753,#362,.T.);
#947=EDGE_CURVE('',#753,#751,#363,.T.);
#948=EDGE_CURVE('',#720,#723,#364,.T.);
#949=EDGE_CURVE('',#719,#724,#365,.T.);
#950=EDGE_CURVE('',#718,#725,#366,.T.);
#951=EDGE_CURVE('',#717,#726,#367,.T.);
#952=EDGE_CURVE('',#716,#727,#368,.T.);
#953=EDGE_CURVE('',#715,#728,#369,.T.);
#954=EDGE_CURVE('',#731,#754,#370,.T.);
#955=EDGE_CURVE('',#754,#755,#371,.T.);
#956=EDGE_CURVE('',#755,#730,#372,.T.);
#957=EDGE_CURVE('',#733,#756,#373,.T.);
#958=EDGE_CURVE('',#756,#754,#374,.T.);
#959=EDGE_CURVE('',#757,#732,#375,.T.);
#960=EDGE_CURVE('',#756,#757,#376,.T.);
#961=EDGE_CURVE('',#757,#755,#377,.T.);
#962=EDGE_CURVE('',#758,#734,#378,.T.);
#963=EDGE_CURVE('',#759,#758,#379,.T.);
#964=EDGE_CURVE('',#735,#759,#380,.T.);
#965=EDGE_CURVE('',#760,#737,#381,.T.);
#966=EDGE_CURVE('',#758,#760,#382,.T.);
#967=EDGE_CURVE('',#736,#761,#383,.T.);
#968=EDGE_CURVE('',#761,#760,#384,.T.);
#969=EDGE_CURVE('',#759,#761,#385,.T.);
#970=EDGE_CURVE('',#744,#738,#386,.T.);
#971=EDGE_CURVE('',#745,#740,#387,.T.);
#972=EDGE_CURVE('',#746,#752,#388,.T.);
#973=EDGE_CURVE('',#749,#753,#389,.T.);
#974=EDGE_CURVE('',#754,#762,#390,.T.);
#975=EDGE_CURVE('',#762,#763,#391,.T.);
#976=EDGE_CURVE('',#763,#755,#392,.T.);
#977=EDGE_CURVE('',#756,#764,#393,.T.);
#978=EDGE_CURVE('',#764,#762,#394,.T.);
#979=EDGE_CURVE('',#765,#757,#395,.T.);
#980=EDGE_CURVE('',#764,#765,#396,.T.);
#981=EDGE_CURVE('',#765,#763,#397,.T.);
#982=EDGE_CURVE('',#759,#766,#398,.T.);
#983=EDGE_CURVE('',#767,#758,#399,.T.);
#984=EDGE_CURVE('',#766,#767,#400,.T.);
#985=EDGE_CURVE('',#768,#760,#401,.T.);
#986=EDGE_CURVE('',#767,#768,#402,.T.);
#987=EDGE_CURVE('',#761,#769,#403,.T.);
#988=EDGE_CURVE('',#769,#768,#404,.T.);
#989=EDGE_CURVE('',#766,#769,#405,.T.);
#990=ORIENTED_EDGE('',*,*,#770,.T.);
#991=ORIENTED_EDGE('',*,*,#771,.T.);
#992=ORIENTED_EDGE('',*,*,#772,.T.);
#993=ORIENTED_EDGE('',*,*,#773,.F.);
#994=ORIENTED_EDGE('',*,*,#774,.T.);
#995=ORIENTED_EDGE('',*,*,#775,.T.);
#996=ORIENTED_EDGE('',*,*,#776,.T.);
#997=ORIENTED_EDGE('',*,*,#777,.F.);
#998=ORIENTED_EDGE('',*,*,#778,.T.);
#999=ORIENTED_EDGE('',*,*,#779,.T.);
#1000=ORIENTED_EDGE('',*,*,#780,.F.);
#1001=ORIENTED_EDGE('',*,*,#781,.T.);
#1002=ORIENTED_EDGE('',*,*,#782,.F.);
#1003=ORIENTED_EDGE('',*,*,#783,.F.);
#1004=ORIENTED_EDGE('',*,*,#784,.F.);
#1005=ORIENTED_EDGE('',*,*,#785,.F.);
#1006=ORIENTED_EDGE('',*,*,#786,.F.);
#1007=ORIENTED_EDGE('',*,*,#787,.F.);
#1008=ORIENTED_EDGE('',*,*,#788,.T.);
#1009=ORIENTED_EDGE('',*,*,#770,.F.);
#1010=ORIENTED_EDGE('',*,*,#771,.F.);
#1011=ORIENTED_EDGE('',*,*,#788,.F.);
#1012=ORIENTED_EDGE('',*,*,#789,.F.);
#1013=ORIENTED_EDGE('',*,*,#790,.F.);
#1014=ORIENTED_EDGE('',*,*,#772,.F.);
#1015=ORIENTED_EDGE('',*,*,#790,.T.);
#1016=ORIENTED_EDGE('',*,*,#791,.T.);
#1017=ORIENTED_EDGE('',*,*,#792,.F.);
#1018=ORIENTED_EDGE('',*,*,#793,.T.);
#1019=ORIENTED_EDGE('',*,*,#794,.F.);
#1020=ORIENTED_EDGE('',*,*,#795,.F.);
#1021=ORIENTED_EDGE('',*,*,#796,.F.);
#1022=ORIENTED_EDGE('',*,*,#773,.T.);
#1023=ORIENTED_EDGE('',*,*,#792,.T.);
#1024=ORIENTED_EDGE('',*,*,#797,.T.);
#1025=ORIENTED_EDGE('',*,*,#798,.T.);
#1026=ORIENTED_EDGE('',*,*,#799,.F.);
#1027=ORIENTED_EDGE('',*,*,#800,.T.);
#1028=ORIENTED_EDGE('',*,*,#774,.F.);
#1029=ORIENTED_EDGE('',*,*,#798,.F.);
#1030=ORIENTED_EDGE('',*,*,#775,.F.);
#1031=ORIENTED_EDGE('',*,*,#800,.F.);
#1032=ORIENTED_EDGE('',*,*,#801,.F.);
#1033=ORIENTED_EDGE('',*,*,#802,.F.);
#1034=ORIENTED_EDGE('',*,*,#776,.F.);
#1035=ORIENTED_EDGE('',*,*,#802,.T.);
#1036=ORIENTED_EDGE('',*,*,#803,.T.);
#1037=ORIENTED_EDGE('',*,*,#804,.F.);
#1038=ORIENTED_EDGE('',*,*,#805,.F.);
#1039=ORIENTED_EDGE('',*,*,#806,.F.);
#1040=ORIENTED_EDGE('',*,*,#807,.T.);
#1041=ORIENTED_EDGE('',*,*,#808,.F.);
#1042=ORIENTED_EDGE('',*,*,#777,.T.);
#1043=ORIENTED_EDGE('',*,*,#804,.T.);
#1044=ORIENTED_EDGE('',*,*,#809,.T.);
#1045=ORIENTED_EDGE('',*,*,#810,.T.);
#1046=ORIENTED_EDGE('',*,*,#811,.F.);
#1047=ORIENTED_EDGE('',*,*,#812,.F.);
#1048=ORIENTED_EDGE('',*,*,#778,.F.);
#1049=ORIENTED_EDGE('',*,*,#810,.F.);
#1050=ORIENTED_EDGE('',*,*,#812,.T.);
#1051=ORIENTED_EDGE('',*,*,#813,.T.);
#1052=ORIENTED_EDGE('',*,*,#814,.F.);
#1053=ORIENTED_EDGE('',*,*,#815,.T.);
#1054=ORIENTED_EDGE('',*,*,#816,.T.);
#1055=ORIENTED_EDGE('',*,*,#817,.T.);
#1056=ORIENTED_EDGE('',*,*,#818,.T.);
#1057=ORIENTED_EDGE('',*,*,#819,.T.);
#1058=ORIENTED_EDGE('',*,*,#820,.T.);
#1059=ORIENTED_EDGE('',*,*,#821,.T.);
#1060=ORIENTED_EDGE('',*,*,#779,.F.);
#1061=ORIENTED_EDGE('',*,*,#822,.T.);
#1062=ORIENTED_EDGE('',*,*,#780,.T.);
#1063=ORIENTED_EDGE('',*,*,#821,.F.);
#1064=ORIENTED_EDGE('',*,*,#823,.F.);
#1065=ORIENTED_EDGE('',*,*,#781,.F.);
#1066=ORIENTED_EDGE('',*,*,#822,.F.);
#1067=ORIENTED_EDGE('',*,*,#824,.F.);
#1068=ORIENTED_EDGE('',*,*,#825,.F.);
#1069=ORIENTED_EDGE('',*,*,#826,.F.);
#1070=ORIENTED_EDGE('',*,*,#827,.F.);
#1071=ORIENTED_EDGE('',*,*,#828,.F.);
#1072=ORIENTED_EDGE('',*,*,#829,.F.);
#1073=ORIENTED_EDGE('',*,*,#830,.F.);
#1074=ORIENTED_EDGE('',*,*,#782,.T.);
#1075=ORIENTED_EDGE('',*,*,#830,.T.);
#1076=ORIENTED_EDGE('',*,*,#831,.F.);
#1077=ORIENTED_EDGE('',*,*,#832,.F.);
#1078=ORIENTED_EDGE('',*,*,#783,.T.);
#1079=ORIENTED_EDGE('',*,*,#832,.T.);
#1080=ORIENTED_EDGE('',*,*,#833,.T.);
#1081=ORIENTED_EDGE('',*,*,#834,.F.);
#1082=ORIENTED_EDGE('',*,*,#835,.F.);
#1083=ORIENTED_EDGE('',*,*,#836,.F.);
#1084=ORIENTED_EDGE('',*,*,#837,.F.);
#1085=ORIENTED_EDGE('',*,*,#838,.F.);
#1086=ORIENTED_EDGE('',*,*,#839,.F.);
#1087=ORIENTED_EDGE('',*,*,#840,.T.);
#1088=ORIENTED_EDGE('',*,*,#784,.T.);
#1089=ORIENTED_EDGE('',*,*,#839,.T.);
#1090=ORIENTED_EDGE('',*,*,#841,.F.);
#1091=ORIENTED_EDGE('',*,*,#786,.T.);
#1092=ORIENTED_EDGE('',*,*,#785,.T.);
#1093=ORIENTED_EDGE('',*,*,#840,.F.);
#1094=ORIENTED_EDGE('',*,*,#842,.F.);
#1095=ORIENTED_EDGE('',*,*,#843,.F.);
#1096=ORIENTED_EDGE('',*,*,#844,.F.);
#1097=ORIENTED_EDGE('',*,*,#845,.F.);
#1098=ORIENTED_EDGE('',*,*,#846,.F.);
#1099=ORIENTED_EDGE('',*,*,#847,.F.);
#1100=ORIENTED_EDGE('',*,*,#848,.F.);
#1101=ORIENTED_EDGE('',*,*,#849,.F.);
#1102=ORIENTED_EDGE('',*,*,#811,.T.);
#1103=ORIENTED_EDGE('',*,*,#809,.F.);
#1104=ORIENTED_EDGE('',*,*,#803,.F.);
#1105=ORIENTED_EDGE('',*,*,#801,.T.);
#1106=ORIENTED_EDGE('',*,*,#799,.T.);
#1107=ORIENTED_EDGE('',*,*,#797,.F.);
#1108=ORIENTED_EDGE('',*,*,#791,.F.);
#1109=ORIENTED_EDGE('',*,*,#789,.T.);
#1110=ORIENTED_EDGE('',*,*,#787,.T.);
#1111=ORIENTED_EDGE('',*,*,#849,.T.);
#1112=ORIENTED_EDGE('',*,*,#850,.F.);
#1113=ORIENTED_EDGE('',*,*,#813,.F.);
#1114=ORIENTED_EDGE('',*,*,#851,.T.);
#1115=ORIENTED_EDGE('',*,*,#852,.T.);
#1116=ORIENTED_EDGE('',*,*,#853,.T.);
#1117=ORIENTED_EDGE('',*,*,#854,.T.);
#1118=ORIENTED_EDGE('',*,*,#793,.F.);
#1119=ORIENTED_EDGE('',*,*,#855,.T.);
#1120=ORIENTED_EDGE('',*,*,#856,.T.);
#1121=ORIENTED_EDGE('',*,*,#857,.T.);
#1122=ORIENTED_EDGE('',*,*,#858,.T.);
#1123=ORIENTED_EDGE('',*,*,#794,.T.);
#1124=ORIENTED_EDGE('',*,*,#854,.F.);
#1125=ORIENTED_EDGE('',*,*,#859,.F.);
#1126=ORIENTED_EDGE('',*,*,#860,.F.);
#1127=ORIENTED_EDGE('',*,*,#861,.F.);
#1128=ORIENTED_EDGE('',*,*,#862,.F.);
#1129=ORIENTED_EDGE('',*,*,#863,.F.);
#1130=ORIENTED_EDGE('',*,*,#795,.T.);
#1131=ORIENTED_EDGE('',*,*,#858,.F.);
#1132=ORIENTED_EDGE('',*,*,#864,.F.);
#1133=ORIENTED_EDGE('',*,*,#865,.F.);
#1134=ORIENTED_EDGE('',*,*,#863,.T.);
#1135=ORIENTED_EDGE('',*,*,#866,.T.);
#1136=ORIENTED_EDGE('',*,*,#855,.F.);
#1137=ORIENTED_EDGE('',*,*,#796,.T.);
#1138=ORIENTED_EDGE('',*,*,#867,.F.);
#1139=ORIENTED_EDGE('',*,*,#868,.F.);
#1140=ORIENTED_EDGE('',*,*,#869,.F.);
#1141=ORIENTED_EDGE('',*,*,#870,.F.);
#1142=ORIENTED_EDGE('',*,*,#805,.T.);
#1143=ORIENTED_EDGE('',*,*,#871,.F.);
#1144=ORIENTED_EDGE('',*,*,#872,.F.);
#1145=ORIENTED_EDGE('',*,*,#873,.F.);
#1146=ORIENTED_EDGE('',*,*,#870,.T.);
#1147=ORIENTED_EDGE('',*,*,#874,.T.);
#1148=ORIENTED_EDGE('',*,*,#875,.F.);
#1149=ORIENTED_EDGE('',*,*,#806,.T.);
#1150=ORIENTED_EDGE('',*,*,#876,.T.);
#1151=ORIENTED_EDGE('',*,*,#877,.T.);
#1152=ORIENTED_EDGE('',*,*,#878,.T.);
#1153=ORIENTED_EDGE('',*,*,#879,.T.);
#1154=ORIENTED_EDGE('',*,*,#807,.F.);
#1155=ORIENTED_EDGE('',*,*,#875,.T.);
#1156=ORIENTED_EDGE('',*,*,#880,.T.);
#1157=ORIENTED_EDGE('',*,*,#881,.T.);
#1158=ORIENTED_EDGE('',*,*,#871,.T.);
#1159=ORIENTED_EDGE('',*,*,#808,.T.);
#1160=ORIENTED_EDGE('',*,*,#879,.F.);
#1161=ORIENTED_EDGE('',*,*,#882,.F.);
#1162=ORIENTED_EDGE('',*,*,#850,.T.);
#1163=ORIENTED_EDGE('',*,*,#848,.T.);
#1164=ORIENTED_EDGE('',*,*,#883,.T.);
#1165=ORIENTED_EDGE('',*,*,#884,.F.);
#1166=ORIENTED_EDGE('',*,*,#885,.F.);
#1167=ORIENTED_EDGE('',*,*,#886,.F.);
#1168=ORIENTED_EDGE('',*,*,#887,.F.);
#1169=ORIENTED_EDGE('',*,*,#888,.F.);
#1170=ORIENTED_EDGE('',*,*,#889,.F.);
#1171=ORIENTED_EDGE('',*,*,#890,.F.);
#1172=ORIENTED_EDGE('',*,*,#891,.T.);
#1173=ORIENTED_EDGE('',*,*,#814,.T.);
#1174=ORIENTED_EDGE('',*,*,#892,.T.);
#1175=ORIENTED_EDGE('',*,*,#893,.T.);
#1176=ORIENTED_EDGE('',*,*,#815,.F.);
#1177=ORIENTED_EDGE('',*,*,#891,.F.);
#1178=ORIENTED_EDGE('',*,*,#894,.T.);
#1179=ORIENTED_EDGE('',*,*,#816,.F.);
#1180=ORIENTED_EDGE('',*,*,#893,.F.);
#1181=ORIENTED_EDGE('',*,*,#895,.T.);
#1182=ORIENTED_EDGE('',*,*,#896,.T.);
#1183=ORIENTED_EDGE('',*,*,#897,.T.);
#1184=ORIENTED_EDGE('',*,*,#898,.T.);
#1185=ORIENTED_EDGE('',*,*,#899,.T.);
#1186=ORIENTED_EDGE('',*,*,#900,.T.);
#1187=ORIENTED_EDGE('',*,*,#901,.T.);
#1188=ORIENTED_EDGE('',*,*,#902,.F.);
#1189=ORIENTED_EDGE('',*,*,#846,.T.);
#1190=ORIENTED_EDGE('',*,*,#903,.T.);
#1191=ORIENTED_EDGE('',*,*,#834,.T.);
#1192=ORIENTED_EDGE('',*,*,#904,.T.);
#1193=ORIENTED_EDGE('',*,*,#828,.T.);
#1194=ORIENTED_EDGE('',*,*,#905,.F.);
#1195=ORIENTED_EDGE('',*,*,#906,.T.);
#1196=ORIENTED_EDGE('',*,*,#907,.T.);
#1197=ORIENTED_EDGE('',*,*,#908,.T.);
#1198=ORIENTED_EDGE('',*,*,#909,.T.);
#1199=ORIENTED_EDGE('',*,*,#910,.T.);
#1200=ORIENTED_EDGE('',*,*,#911,.F.);
#1201=ORIENTED_EDGE('',*,*,#912,.T.);
#1202=ORIENTED_EDGE('',*,*,#827,.T.);
#1203=ORIENTED_EDGE('',*,*,#913,.T.);
#1204=ORIENTED_EDGE('',*,*,#817,.F.);
#1205=ORIENTED_EDGE('',*,*,#894,.F.);
#1206=ORIENTED_EDGE('',*,*,#826,.T.);
#1207=ORIENTED_EDGE('',*,*,#914,.T.);
#1208=ORIENTED_EDGE('',*,*,#818,.F.);
#1209=ORIENTED_EDGE('',*,*,#913,.F.);
#1210=ORIENTED_EDGE('',*,*,#825,.T.);
#1211=ORIENTED_EDGE('',*,*,#915,.T.);
#1212=ORIENTED_EDGE('',*,*,#819,.F.);
#1213=ORIENTED_EDGE('',*,*,#914,.F.);
#1214=ORIENTED_EDGE('',*,*,#824,.T.);
#1215=ORIENTED_EDGE('',*,*,#823,.T.);
#1216=ORIENTED_EDGE('',*,*,#820,.F.);
#1217=ORIENTED_EDGE('',*,*,#915,.F.);
#1218=ORIENTED_EDGE('',*,*,#831,.T.);
#1219=ORIENTED_EDGE('',*,*,#829,.T.);
#1220=ORIENTED_EDGE('',*,*,#904,.F.);
#1221=ORIENTED_EDGE('',*,*,#833,.F.);
#1222=ORIENTED_EDGE('',*,*,#842,.T.);
#1223=ORIENTED_EDGE('',*,*,#841,.T.);
#1224=ORIENTED_EDGE('',*,*,#838,.T.);
#1225=ORIENTED_EDGE('',*,*,#916,.F.);
#1226=ORIENTED_EDGE('',*,*,#843,.T.);
#1227=ORIENTED_EDGE('',*,*,#916,.T.);
#1228=ORIENTED_EDGE('',*,*,#837,.T.);
#1229=ORIENTED_EDGE('',*,*,#917,.F.);
#1230=ORIENTED_EDGE('',*,*,#844,.T.);
#1231=ORIENTED_EDGE('',*,*,#917,.T.);
#1232=ORIENTED_EDGE('',*,*,#836,.T.);
#1233=ORIENTED_EDGE('',*,*,#918,.F.);
#1234=ORIENTED_EDGE('',*,*,#845,.T.);
#1235=ORIENTED_EDGE('',*,*,#918,.T.);
#1236=ORIENTED_EDGE('',*,*,#835,.T.);
#1237=ORIENTED_EDGE('',*,*,#903,.F.);
#1238=ORIENTED_EDGE('',*,*,#847,.T.);
#1239=ORIENTED_EDGE('',*,*,#902,.T.);
#1240=ORIENTED_EDGE('',*,*,#919,.T.);
#1241=ORIENTED_EDGE('',*,*,#883,.F.);
#1242=ORIENTED_EDGE('',*,*,#920,.F.);
#1243=ORIENTED_EDGE('',*,*,#921,.T.);
#1244=ORIENTED_EDGE('',*,*,#922,.T.);
#1245=ORIENTED_EDGE('',*,*,#923,.T.);
#1246=ORIENTED_EDGE('',*,*,#851,.F.);
#1247=ORIENTED_EDGE('',*,*,#924,.F.);
#1248=ORIENTED_EDGE('',*,*,#861,.T.);
#1249=ORIENTED_EDGE('',*,*,#925,.F.);
#1250=ORIENTED_EDGE('',*,*,#926,.T.);
#1251=ORIENTED_EDGE('',*,*,#924,.T.);
#1252=ORIENTED_EDGE('',*,*,#857,.F.);
#1253=ORIENTED_EDGE('',*,*,#927,.F.);
#1254=ORIENTED_EDGE('',*,*,#866,.F.);
#1255=ORIENTED_EDGE('',*,*,#862,.T.);
#1256=ORIENTED_EDGE('',*,*,#927,.T.);
#1257=ORIENTED_EDGE('',*,*,#856,.F.);
#1258=ORIENTED_EDGE('',*,*,#928,.F.);
#1259=ORIENTED_EDGE('',*,*,#864,.T.);
#1260=ORIENTED_EDGE('',*,*,#859,.T.);
#1261=ORIENTED_EDGE('',*,*,#853,.F.);
#1262=ORIENTED_EDGE('',*,*,#865,.T.);
#1263=ORIENTED_EDGE('',*,*,#928,.T.);
#1264=ORIENTED_EDGE('',*,*,#852,.F.);
#1265=ORIENTED_EDGE('',*,*,#923,.F.);
#1266=ORIENTED_EDGE('',*,*,#929,.F.);
#1267=ORIENTED_EDGE('',*,*,#930,.T.);
#1268=ORIENTED_EDGE('',*,*,#931,.T.);
#1269=ORIENTED_EDGE('',*,*,#925,.T.);
#1270=ORIENTED_EDGE('',*,*,#860,.T.);
#1271=ORIENTED_EDGE('',*,*,#930,.F.);
#1272=ORIENTED_EDGE('',*,*,#932,.F.);
#1273=ORIENTED_EDGE('',*,*,#933,.F.);
#1274=ORIENTED_EDGE('',*,*,#934,.T.);
#1275=ORIENTED_EDGE('',*,*,#935,.T.);
#1276=ORIENTED_EDGE('',*,*,#867,.T.);
#1277=ORIENTED_EDGE('',*,*,#936,.F.);
#1278=ORIENTED_EDGE('',*,*,#937,.F.);
#1279=ORIENTED_EDGE('',*,*,#938,.F.);
#1280=ORIENTED_EDGE('',*,*,#868,.T.);
#1281=ORIENTED_EDGE('',*,*,#935,.F.);
#1282=ORIENTED_EDGE('',*,*,#939,.T.);
#1283=ORIENTED_EDGE('',*,*,#940,.T.);
#1284=ORIENTED_EDGE('',*,*,#881,.F.);
#1285=ORIENTED_EDGE('',*,*,#941,.F.);
#1286=ORIENTED_EDGE('',*,*,#874,.F.);
#1287=ORIENTED_EDGE('',*,*,#869,.T.);
#1288=ORIENTED_EDGE('',*,*,#941,.T.);
#1289=ORIENTED_EDGE('',*,*,#880,.F.);
#1290=ORIENTED_EDGE('',*,*,#942,.F.);
#1291=ORIENTED_EDGE('',*,*,#872,.T.);
#1292=ORIENTED_EDGE('',*,*,#882,.T.);
#1293=ORIENTED_EDGE('',*,*,#878,.F.);
#1294=ORIENTED_EDGE('',*,*,#873,.T.);
#1295=ORIENTED_EDGE('',*,*,#942,.T.);
#1296=ORIENTED_EDGE('',*,*,#877,.F.);
#1297=ORIENTED_EDGE('',*,*,#943,.F.);
#1298=ORIENTED_EDGE('',*,*,#944,.F.);
#1299=ORIENTED_EDGE('',*,*,#936,.T.);
#1300=ORIENTED_EDGE('',*,*,#945,.F.);
#1301=ORIENTED_EDGE('',*,*,#946,.T.);
#1302=ORIENTED_EDGE('',*,*,#947,.T.);
#1303=ORIENTED_EDGE('',*,*,#943,.T.);
#1304=ORIENTED_EDGE('',*,*,#876,.F.);
#1305=ORIENTED_EDGE('',*,*,#940,.F.);
#1306=ORIENTED_EDGE('',*,*,#892,.F.);
#1307=ORIENTED_EDGE('',*,*,#890,.T.);
#1308=ORIENTED_EDGE('',*,*,#948,.T.);
#1309=ORIENTED_EDGE('',*,*,#895,.F.);
#1310=ORIENTED_EDGE('',*,*,#948,.F.);
#1311=ORIENTED_EDGE('',*,*,#889,.T.);
#1312=ORIENTED_EDGE('',*,*,#949,.T.);
#1313=ORIENTED_EDGE('',*,*,#896,.F.);
#1314=ORIENTED_EDGE('',*,*,#949,.F.);
#1315=ORIENTED_EDGE('',*,*,#888,.T.);
#1316=ORIENTED_EDGE('',*,*,#950,.T.);
#1317=ORIENTED_EDGE('',*,*,#897,.F.);
#1318=ORIENTED_EDGE('',*,*,#950,.F.);
#1319=ORIENTED_EDGE('',*,*,#887,.T.);
#1320=ORIENTED_EDGE('',*,*,#951,.T.);
#1321=ORIENTED_EDGE('',*,*,#898,.F.);
#1322=ORIENTED_EDGE('',*,*,#951,.F.);
#1323=ORIENTED_EDGE('',*,*,#886,.T.);
#1324=ORIENTED_EDGE('',*,*,#952,.T.);
#1325=ORIENTED_EDGE('',*,*,#899,.F.);
#1326=ORIENTED_EDGE('',*,*,#952,.F.);
#1327=ORIENTED_EDGE('',*,*,#885,.T.);
#1328=ORIENTED_EDGE('',*,*,#953,.T.);
#1329=ORIENTED_EDGE('',*,*,#900,.F.);
#1330=ORIENTED_EDGE('',*,*,#884,.T.);
#1331=ORIENTED_EDGE('',*,*,#919,.F.);
#1332=ORIENTED_EDGE('',*,*,#901,.F.);
#1333=ORIENTED_EDGE('',*,*,#953,.F.);
#1334=ORIENTED_EDGE('',*,*,#905,.T.);
#1335=ORIENTED_EDGE('',*,*,#954,.T.);
#1336=ORIENTED_EDGE('',*,*,#955,.T.);
#1337=ORIENTED_EDGE('',*,*,#956,.T.);
#1338=ORIENTED_EDGE('',*,*,#957,.T.);
#1339=ORIENTED_EDGE('',*,*,#958,.T.);
#1340=ORIENTED_EDGE('',*,*,#954,.F.);
#1341=ORIENTED_EDGE('',*,*,#908,.F.);
#1342=ORIENTED_EDGE('',*,*,#907,.F.);
#1343=ORIENTED_EDGE('',*,*,#959,.F.);
#1344=ORIENTED_EDGE('',*,*,#960,.F.);
#1345=ORIENTED_EDGE('',*,*,#957,.F.);
#1346=ORIENTED_EDGE('',*,*,#959,.T.);
#1347=ORIENTED_EDGE('',*,*,#906,.F.);
#1348=ORIENTED_EDGE('',*,*,#956,.F.);
#1349=ORIENTED_EDGE('',*,*,#961,.F.);
#1350=ORIENTED_EDGE('',*,*,#909,.F.);
#1351=ORIENTED_EDGE('',*,*,#962,.F.);
#1352=ORIENTED_EDGE('',*,*,#963,.F.);
#1353=ORIENTED_EDGE('',*,*,#964,.F.);
#1354=ORIENTED_EDGE('',*,*,#962,.T.);
#1355=ORIENTED_EDGE('',*,*,#912,.F.);
#1356=ORIENTED_EDGE('',*,*,#965,.F.);
#1357=ORIENTED_EDGE('',*,*,#966,.F.);
#1358=ORIENTED_EDGE('',*,*,#911,.T.);
#1359=ORIENTED_EDGE('',*,*,#967,.T.);
#1360=ORIENTED_EDGE('',*,*,#968,.T.);
#1361=ORIENTED_EDGE('',*,*,#965,.T.);
#1362=ORIENTED_EDGE('',*,*,#964,.T.);
#1363=ORIENTED_EDGE('',*,*,#969,.T.);
#1364=ORIENTED_EDGE('',*,*,#967,.F.);
#1365=ORIENTED_EDGE('',*,*,#910,.F.);
#1366=ORIENTED_EDGE('',*,*,#931,.F.);
#1367=ORIENTED_EDGE('',*,*,#970,.T.);
#1368=ORIENTED_EDGE('',*,*,#920,.T.);
#1369=ORIENTED_EDGE('',*,*,#926,.F.);
#1370=ORIENTED_EDGE('',*,*,#933,.T.);
#1371=ORIENTED_EDGE('',*,*,#971,.T.);
#1372=ORIENTED_EDGE('',*,*,#921,.F.);
#1373=ORIENTED_EDGE('',*,*,#970,.F.);
#1374=ORIENTED_EDGE('',*,*,#932,.T.);
#1375=ORIENTED_EDGE('',*,*,#929,.T.);
#1376=ORIENTED_EDGE('',*,*,#922,.F.);
#1377=ORIENTED_EDGE('',*,*,#971,.F.);
#1378=ORIENTED_EDGE('',*,*,#934,.F.);
#1379=ORIENTED_EDGE('',*,*,#972,.T.);
#1380=ORIENTED_EDGE('',*,*,#945,.T.);
#1381=ORIENTED_EDGE('',*,*,#939,.F.);
#1382=ORIENTED_EDGE('',*,*,#938,.T.);
#1383=ORIENTED_EDGE('',*,*,#973,.T.);
#1384=ORIENTED_EDGE('',*,*,#946,.F.);
#1385=ORIENTED_EDGE('',*,*,#972,.F.);
#1386=ORIENTED_EDGE('',*,*,#937,.T.);
#1387=ORIENTED_EDGE('',*,*,#944,.T.);
#1388=ORIENTED_EDGE('',*,*,#947,.F.);
#1389=ORIENTED_EDGE('',*,*,#973,.F.);
#1390=ORIENTED_EDGE('',*,*,#974,.T.);
#1391=ORIENTED_EDGE('',*,*,#975,.T.);
#1392=ORIENTED_EDGE('',*,*,#976,.T.);
#1393=ORIENTED_EDGE('',*,*,#955,.F.);
#1394=ORIENTED_EDGE('',*,*,#977,.T.);
#1395=ORIENTED_EDGE('',*,*,#978,.T.);
#1396=ORIENTED_EDGE('',*,*,#974,.F.);
#1397=ORIENTED_EDGE('',*,*,#958,.F.);
#1398=ORIENTED_EDGE('',*,*,#977,.F.);
#1399=ORIENTED_EDGE('',*,*,#960,.T.);
#1400=ORIENTED_EDGE('',*,*,#979,.F.);
#1401=ORIENTED_EDGE('',*,*,#980,.F.);
#1402=ORIENTED_EDGE('',*,*,#979,.T.);
#1403=ORIENTED_EDGE('',*,*,#961,.T.);
#1404=ORIENTED_EDGE('',*,*,#976,.F.);
#1405=ORIENTED_EDGE('',*,*,#981,.F.);
#1406=ORIENTED_EDGE('',*,*,#982,.F.);
#1407=ORIENTED_EDGE('',*,*,#963,.T.);
#1408=ORIENTED_EDGE('',*,*,#983,.F.);
#1409=ORIENTED_EDGE('',*,*,#984,.F.);
#1410=ORIENTED_EDGE('',*,*,#983,.T.);
#1411=ORIENTED_EDGE('',*,*,#966,.T.);
#1412=ORIENTED_EDGE('',*,*,#985,.F.);
#1413=ORIENTED_EDGE('',*,*,#986,.F.);
#1414=ORIENTED_EDGE('',*,*,#987,.T.);
#1415=ORIENTED_EDGE('',*,*,#988,.T.);
#1416=ORIENTED_EDGE('',*,*,#985,.T.);
#1417=ORIENTED_EDGE('',*,*,#968,.F.);
#1418=ORIENTED_EDGE('',*,*,#982,.T.);
#1419=ORIENTED_EDGE('',*,*,#989,.T.);
#1420=ORIENTED_EDGE('',*,*,#987,.F.);
#1421=ORIENTED_EDGE('',*,*,#969,.F.);
#1422=ORIENTED_EDGE('',*,*,#978,.F.);
#1423=ORIENTED_EDGE('',*,*,#980,.T.);
#1424=ORIENTED_EDGE('',*,*,#981,.T.);
#1425=ORIENTED_EDGE('',*,*,#975,.F.);
#1426=ORIENTED_EDGE('',*,*,#989,.F.);
#1427=ORIENTED_EDGE('',*,*,#984,.T.);
#1428=ORIENTED_EDGE('',*,*,#986,.T.);
#1429=ORIENTED_EDGE('',*,*,#988,.F.);
#1430=PLANE('',#1691);
#1431=PLANE('',#1692);
#1432=PLANE('',#1693);
#1433=PLANE('',#1694);
#1434=PLANE('',#1695);
#1435=PLANE('',#1696);
#1436=PLANE('',#1697);
#1437=PLANE('',#1698);
#1438=PLANE('',#1699);
#1439=PLANE('',#1700);
#1440=PLANE('',#1701);
#1441=PLANE('',#1702);
#1442=PLANE('',#1703);
#1443=PLANE('',#1704);
#1444=PLANE('',#1705);
#1445=PLANE('',#1706);
#1446=PLANE('',#1707);
#1447=PLANE('',#1708);
#1448=PLANE('',#1709);
#1449=PLANE('',#1710);
#1450=PLANE('',#1711);
#1451=PLANE('',#1712);
#1452=PLANE('',#1713);
#1453=PLANE('',#1714);
#1454=PLANE('',#1715);
#1455=PLANE('',#1716);
#1456=PLANE('',#1717);
#1457=PLANE('',#1718);
#1458=PLANE('',#1719);
#1459=PLANE('',#1720);
#1460=PLANE('',#1721);
#1461=PLANE('',#1722);
#1462=PLANE('',#1723);
#1463=PLANE('',#1724);
#1464=PLANE('',#1725);
#1465=PLANE('',#1726);
#1466=PLANE('',#1727);
#1467=PLANE('',#1728);
#1468=PLANE('',#1729);
#1469=PLANE('',#1730);
#1470=PLANE('',#1731);
#1471=PLANE('',#1732);
#1472=PLANE('',#1733);
#1473=PLANE('',#1734);
#1474=PLANE('',#1735);
#1475=PLANE('',#1736);
#1476=PLANE('',#1737);
#1477=PLANE('',#1738);
#1478=PLANE('',#1739);
#1479=PLANE('',#1740);
#1480=PLANE('',#1741);
#1481=PLANE('',#1742);
#1482=PLANE('',#1743);
#1483=PLANE('',#1744);
#1484=PLANE('',#1745);
#1485=PLANE('',#1746);
#1486=PLANE('',#1747);
#1487=PLANE('',#1748);
#1488=PLANE('',#1749);
#1489=PLANE('',#1750);
#1490=PLANE('',#1751);
#1491=PLANE('',#1752);
#1492=PLANE('',#1753);
#1493=PLANE('',#1754);
#1494=PLANE('',#1755);
#1495=PLANE('',#1756);
#1496=PLANE('',#1757);
#1497=PLANE('',#1758);
#1498=PLANE('',#1759);
#1499=PLANE('',#1760);
#1500=PLANE('',#1761);
#1501=PLANE('',#1762);
#1502=PLANE('',#1763);
#1503=PLANE('',#1764);
#1504=PLANE('',#1765);
#1505=PLANE('',#1766);
#1506=PLANE('',#1767);
#1507=PLANE('',#1768);
#1508=PLANE('',#1769);
#1509=PLANE('',#1770);
#1510=PLANE('',#1771);
#1511=PLANE('',#1772);
#1512=STYLED_ITEM('',(#2626),#1595);
#1513=STYLED_ITEM('',(#2626),#1596);
#1514=STYLED_ITEM('',(#2626),#1597);
#1515=STYLED_ITEM('',(#2626),#1598);
#1516=STYLED_ITEM('',(#2626),#1599);
#1517=STYLED_ITEM('',(#2626),#1600);
#1518=STYLED_ITEM('',(#2626),#1601);
#1519=STYLED_ITEM('',(#2626),#1602);
#1520=STYLED_ITEM('',(#2626),#1603);
#1521=STYLED_ITEM('',(#2626),#1604);
#1522=STYLED_ITEM('',(#2626),#1605);
#1523=STYLED_ITEM('',(#2626),#1606);
#1524=STYLED_ITEM('',(#2626),#1607);
#1525=STYLED_ITEM('',(#2626),#1608);
#1526=STYLED_ITEM('',(#2626),#1609);
#1527=STYLED_ITEM('',(#2626),#1610);
#1528=STYLED_ITEM('',(#2626),#1611);
#1529=STYLED_ITEM('',(#2626),#1612);
#1530=STYLED_ITEM('',(#2627),#1613);
#1531=STYLED_ITEM('',(#2627),#1614);
#1532=STYLED_ITEM('',(#2627),#1615);
#1533=STYLED_ITEM('',(#2627),#1616);
#1534=STYLED_ITEM('',(#2627),#1617);
#1535=STYLED_ITEM('',(#2627),#1618);
#1536=STYLED_ITEM('',(#2627),#1619);
#1537=STYLED_ITEM('',(#2627),#1620);
#1538=STYLED_ITEM('',(#2626),#1621);
#1539=STYLED_ITEM('',(#2626),#1622);
#1540=STYLED_ITEM('',(#2626),#1623);
#1541=STYLED_ITEM('',(#2626),#1624);
#1542=STYLED_ITEM('',(#2626),#1625);
#1543=STYLED_ITEM('',(#2626),#1626);
#1544=STYLED_ITEM('',(#2626),#1627);
#1545=STYLED_ITEM('',(#2626),#1628);
#1546=STYLED_ITEM('',(#2626),#1629);
#1547=STYLED_ITEM('',(#2626),#1630);
#1548=STYLED_ITEM('',(#2626),#1631);
#1549=STYLED_ITEM('',(#2626),#1632);
#1550=STYLED_ITEM('',(#2626),#1633);
#1551=STYLED_ITEM('',(#2627),#1634);
#1552=STYLED_ITEM('',(#2627),#1635);
#1553=STYLED_ITEM('',(#2627),#1636);
#1554=STYLED_ITEM('',(#2627),#1637);
#1555=STYLED_ITEM('',(#2627),#1638);
#1556=STYLED_ITEM('',(#2627),#1639);
#1557=STYLED_ITEM('',(#2627),#1640);
#1558=STYLED_ITEM('',(#2627),#1641);
#1559=STYLED_ITEM('',(#2627),#1642);
#1560=STYLED_ITEM('',(#2627),#1643);
#1561=STYLED_ITEM('',(#2627),#1644);
#1562=STYLED_ITEM('',(#2627),#1645);
#1563=STYLED_ITEM('',(#2626),#1646);
#1564=STYLED_ITEM('',(#2626),#1647);
#1565=STYLED_ITEM('',(#2626),#1648);
#1566=STYLED_ITEM('',(#2626),#1649);
#1567=STYLED_ITEM('',(#2626),#1650);
#1568=STYLED_ITEM('',(#2626),#1651);
#1569=STYLED_ITEM('',(#2626),#1652);
#1570=STYLED_ITEM('',(#2627),#1653);
#1571=STYLED_ITEM('',(#2627),#1654);
#1572=STYLED_ITEM('',(#2627),#1655);
#1573=STYLED_ITEM('',(#2627),#1656);
#1574=STYLED_ITEM('',(#2627),#1657);
#1575=STYLED_ITEM('',(#2627),#1658);
#1576=STYLED_ITEM('',(#2627),#1659);
#1577=STYLED_ITEM('',(#2627),#1660);
#1578=STYLED_ITEM('',(#2627),#1661);
#1579=STYLED_ITEM('',(#2627),#1662);
#1580=STYLED_ITEM('',(#2627),#1663);
#1581=STYLED_ITEM('',(#2627),#1664);
#1582=STYLED_ITEM('',(#2627),#1665);
#1583=STYLED_ITEM('',(#2627),#1666);
#1584=STYLED_ITEM('',(#2627),#1667);
#1585=STYLED_ITEM('',(#2627),#1668);
#1586=STYLED_ITEM('',(#2627),#1669);
#1587=STYLED_ITEM('',(#2627),#1670);
#1588=STYLED_ITEM('',(#2627),#1671);
#1589=STYLED_ITEM('',(#2627),#1672);
#1590=STYLED_ITEM('',(#2627),#1673);
#1591=STYLED_ITEM('',(#2627),#1674);
#1592=STYLED_ITEM('',(#2627),#1675);
#1593=STYLED_ITEM('',(#2627),#1676);
#1594=STYLED_ITEM('',(#2625),#13);
#1595=ADVANCED_FACE('',(#18),#1430,.F.);
#1596=ADVANCED_FACE('',(#19),#1431,.F.);
#1597=ADVANCED_FACE('',(#20),#1432,.F.);
#1598=ADVANCED_FACE('',(#21,#14),#1433,.F.);
#1599=ADVANCED_FACE('',(#22),#1434,.T.);
#1600=ADVANCED_FACE('',(#23),#1435,.F.);
#1601=ADVANCED_FACE('',(#24),#1436,.F.);
#1602=ADVANCED_FACE('',(#25,#15),#1437,.F.);
#1603=ADVANCED_FACE('',(#26),#1438,.T.);
#1604=ADVANCED_FACE('',(#27),#1439,.F.);
#1605=ADVANCED_FACE('',(#28),#1440,.F.);
#1606=ADVANCED_FACE('',(#29),#1441,.F.);
#1607=ADVANCED_FACE('',(#30),#1442,.T.);
#1608=ADVANCED_FACE('',(#31),#1443,.T.);
#1609=ADVANCED_FACE('',(#32),#1444,.T.);
#1610=ADVANCED_FACE('',(#33),#1445,.F.);
#1611=ADVANCED_FACE('',(#34),#1446,.F.);
#1612=ADVANCED_FACE('',(#35),#1447,.F.);
#1613=ADVANCED_FACE('',(#36),#1448,.T.);
#1614=ADVANCED_FACE('',(#37),#1449,.F.);
#1615=ADVANCED_FACE('',(#38),#1450,.F.);
#1616=ADVANCED_FACE('',(#39),#1451,.F.);
#1617=ADVANCED_FACE('',(#40),#1452,.F.);
#1618=ADVANCED_FACE('',(#41),#1453,.F.);
#1619=ADVANCED_FACE('',(#42),#1454,.T.);
#1620=ADVANCED_FACE('',(#43),#1455,.F.);
#1621=ADVANCED_FACE('',(#44),#1456,.T.);
#1622=ADVANCED_FACE('',(#45),#1457,.F.);
#1623=ADVANCED_FACE('',(#46,#16,#17),#1458,.T.);
#1624=ADVANCED_FACE('',(#47),#1459,.F.);
#1625=ADVANCED_FACE('',(#48),#1460,.F.);
#1626=ADVANCED_FACE('',(#49),#1461,.F.);
#1627=ADVANCED_FACE('',(#50),#1462,.F.);
#1628=ADVANCED_FACE('',(#51),#1463,.T.);
#1629=ADVANCED_FACE('',(#52),#1464,.F.);
#1630=ADVANCED_FACE('',(#53),#1465,.F.);
#1631=ADVANCED_FACE('',(#54),#1466,.F.);
#1632=ADVANCED_FACE('',(#55),#1467,.F.);
#1633=ADVANCED_FACE('',(#56),#1468,.F.);
#1634=ADVANCED_FACE('',(#57),#1469,.F.);
#1635=ADVANCED_FACE('',(#58),#1470,.F.);
#1636=ADVANCED_FACE('',(#59),#1471,.F.);
#1637=ADVANCED_FACE('',(#60),#1472,.F.);
#1638=ADVANCED_FACE('',(#61),#1473,.F.);
#1639=ADVANCED_FACE('',(#62),#1474,.T.);
#1640=ADVANCED_FACE('',(#63),#1475,.T.);
#1641=ADVANCED_FACE('',(#64),#1476,.F.);
#1642=ADVANCED_FACE('',(#65),#1477,.F.);
#1643=ADVANCED_FACE('',(#66),#1478,.F.);
#1644=ADVANCED_FACE('',(#67),#1479,.F.);
#1645=ADVANCED_FACE('',(#68),#1480,.F.);
#1646=ADVANCED_FACE('',(#69),#1481,.T.);
#1647=ADVANCED_FACE('',(#70),#1482,.F.);
#1648=ADVANCED_FACE('',(#71),#1483,.F.);
#1649=ADVANCED_FACE('',(#72),#1484,.F.);
#1650=ADVANCED_FACE('',(#73),#1485,.F.);
#1651=ADVANCED_FACE('',(#74),#1486,.F.);
#1652=ADVANCED_FACE('',(#75),#1487,.T.);
#1653=ADVANCED_FACE('',(#76),#1488,.T.);
#1654=ADVANCED_FACE('',(#77),#1489,.F.);
#1655=ADVANCED_FACE('',(#78),#1490,.F.);
#1656=ADVANCED_FACE('',(#79),#1491,.F.);
#1657=ADVANCED_FACE('',(#80),#1492,.F.);
#1658=ADVANCED_FACE('',(#81),#1493,.F.);
#1659=ADVANCED_FACE('',(#82),#1494,.T.);
#1660=ADVANCED_FACE('',(#83),#1495,.F.);
#1661=ADVANCED_FACE('',(#84),#1496,.T.);
#1662=ADVANCED_FACE('',(#85),#1497,.F.);
#1663=ADVANCED_FACE('',(#86),#1498,.T.);
#1664=ADVANCED_FACE('',(#87),#1499,.T.);
#1665=ADVANCED_FACE('',(#88),#1500,.F.);
#1666=ADVANCED_FACE('',(#89),#1501,.T.);
#1667=ADVANCED_FACE('',(#90),#1502,.F.);
#1668=ADVANCED_FACE('',(#91),#1503,.T.);
#1669=ADVANCED_FACE('',(#92),#1504,.T.);
#1670=ADVANCED_FACE('',(#93),#1505,.T.);
#1671=ADVANCED_FACE('',(#94),#1506,.T.);
#1672=ADVANCED_FACE('',(#95),#1507,.T.);
#1673=ADVANCED_FACE('',(#96),#1508,.F.);
#1674=ADVANCED_FACE('',(#97),#1509,.T.);
#1675=ADVANCED_FACE('',(#98),#1510,.F.);
#1676=ADVANCED_FACE('',(#99),#1511,.F.);
#1677=CLOSED_SHELL('',(#1595,#1596,#1597,#1598,#1599,#1600,#1601,#1602,
#1603,#1604,#1605,#1606,#1607,#1608,#1609,#1610,#1611,#1612,#1613,#1614,
#1615,#1616,#1617,#1618,#1619,#1620,#1621,#1622,#1623,#1624,#1625,#1626,
#1627,#1628,#1629,#1630,#1631,#1632,#1633,#1634,#1635,#1636,#1637,#1638,
#1639,#1640,#1641,#1642,#1643,#1644,#1645,#1646,#1647,#1648,#1649,#1650,
#1651,#1652,#1653,#1654,#1655,#1656,#1657,#1658,#1659,#1660,#1661,#1662,
#1663,#1664,#1665,#1666,#1667,#1668,#1669,#1670,#1671,#1672,#1673,#1674,
#1675,#1676));
#1678=DERIVED_UNIT_ELEMENT(#1680,1.);
#1679=DERIVED_UNIT_ELEMENT(#2611,-3.);
#1680=(
MASS_UNIT()
NAMED_UNIT(*)
SI_UNIT(.KILO.,.GRAM.)
);
#1681=DERIVED_UNIT((#1678,#1679));
#1682=MEASURE_REPRESENTATION_ITEM('density measure',
POSITIVE_RATIO_MEASURE(7850.),#1681);
#1683=PROPERTY_DEFINITION_REPRESENTATION(#1688,#1685);
#1684=PROPERTY_DEFINITION_REPRESENTATION(#1689,#1686);
#1685=REPRESENTATION('material name',(#1687),#2608);
#1686=REPRESENTATION('density',(#1682),#2608);
#1687=DESCRIPTIVE_REPRESENTATION_ITEM('Steel','Steel');
#1688=PROPERTY_DEFINITION('material property','material name',#2618);
#1689=PROPERTY_DEFINITION('material property','density of part',#2618);
#1690=AXIS2_PLACEMENT_3D('',#2159,#1773,#1774);
#1691=AXIS2_PLACEMENT_3D('',#2160,#1775,#1776);
#1692=AXIS2_PLACEMENT_3D('',#2193,#1793,#1794);
#1693=AXIS2_PLACEMENT_3D('',#2199,#1798,#1799);
#1694=AXIS2_PLACEMENT_3D('',#2203,#1802,#1803);
#1695=AXIS2_PLACEMENT_3D('',#2215,#1810,#1811);
#1696=AXIS2_PLACEMENT_3D('',#2219,#1814,#1815);
#1697=AXIS2_PLACEMENT_3D('',#2223,#1818,#1819);
#1698=AXIS2_PLACEMENT_3D('',#2227,#1822,#1823);
#1699=AXIS2_PLACEMENT_3D('',#2239,#1830,#1831);
#1700=AXIS2_PLACEMENT_3D('',#2243,#1834,#1835);
#1701=AXIS2_PLACEMENT_3D('',#2247,#1838,#1839);
#1702=AXIS2_PLACEMENT_3D('',#2265,#1849,#1850);
#1703=AXIS2_PLACEMENT_3D('',#2269,#1853,#1854);
#1704=AXIS2_PLACEMENT_3D('',#2283,#1862,#1863);
#1705=AXIS2_PLACEMENT_3D('',#2287,#1866,#1867);
#1706=AXIS2_PLACEMENT_3D('',#2301,#1875,#1876);
#1707=AXIS2_PLACEMENT_3D('',#2305,#1879,#1880);
#1708=AXIS2_PLACEMENT_3D('',#2321,#1889,#1890);
#1709=AXIS2_PLACEMENT_3D('',#2323,#1892,#1893);
#1710=AXIS2_PLACEMENT_3D('',#2337,#1901,#1902);
#1711=AXIS2_PLACEMENT_3D('',#2341,#1905,#1906);
#1712=AXIS2_PLACEMENT_3D('',#2353,#1913,#1914);
#1713=AXIS2_PLACEMENT_3D('',#2355,#1916,#1917);
#1714=AXIS2_PLACEMENT_3D('',#2369,#1925,#1926);
#1715=AXIS2_PLACEMENT_3D('',#2373,#1929,#1930);
#1716=AXIS2_PLACEMENT_3D('',#2385,#1937,#1938);
#1717=AXIS2_PLACEMENT_3D('',#2387,#1940,#1941);
#1718=AXIS2_PLACEMENT_3D('',#2405,#1951,#1952);
#1719=AXIS2_PLACEMENT_3D('',#2409,#1955,#1956);
#1720=AXIS2_PLACEMENT_3D('',#2444,#1976,#1977);
#1721=AXIS2_PLACEMENT_3D('',#2446,#1979,#1980);
#1722=AXIS2_PLACEMENT_3D('',#2448,#1982,#1983);
#1723=AXIS2_PLACEMENT_3D('',#2450,#1985,#1986);
#1724=AXIS2_PLACEMENT_3D('',#2451,#1987,#1988);
#1725=AXIS2_PLACEMENT_3D('',#2452,#1989,#1990);
#1726=AXIS2_PLACEMENT_3D('',#2454,#1992,#1993);
#1727=AXIS2_PLACEMENT_3D('',#2456,#1995,#1996);
#1728=AXIS2_PLACEMENT_3D('',#2458,#1998,#1999);
#1729=AXIS2_PLACEMENT_3D('',#2459,#2000,#2001);
#1730=AXIS2_PLACEMENT_3D('',#2461,#2003,#2004);
#1731=AXIS2_PLACEMENT_3D('',#2471,#2010,#2011);
#1732=AXIS2_PLACEMENT_3D('',#2476,#2015,#2016);
#1733=AXIS2_PLACEMENT_3D('',#2477,#2017,#2018);
#1734=AXIS2_PLACEMENT_3D('',#2479,#2020,#2021);
#1735=AXIS2_PLACEMENT_3D('',#2483,#2024,#2025);
#1736=AXIS2_PLACEMENT_3D('',#2489,#2029,#2030);
#1737=AXIS2_PLACEMENT_3D('',#2499,#2036,#2037);
#1738=AXIS2_PLACEMENT_3D('',#2504,#2041,#2042);
#1739=AXIS2_PLACEMENT_3D('',#2505,#2043,#2044);
#1740=AXIS2_PLACEMENT_3D('',#2507,#2046,#2047);
#1741=AXIS2_PLACEMENT_3D('',#2511,#2050,#2051);
#1742=AXIS2_PLACEMENT_3D('',#2517,#2055,#2056);
#1743=AXIS2_PLACEMENT_3D('',#2519,#2058,#2059);
#1744=AXIS2_PLACEMENT_3D('',#2521,#2061,#2062);
#1745=AXIS2_PLACEMENT_3D('',#2523,#2064,#2065);
#1746=AXIS2_PLACEMENT_3D('',#2525,#2067,#2068);
#1747=AXIS2_PLACEMENT_3D('',#2527,#2070,#2071);
#1748=AXIS2_PLACEMENT_3D('',#2529,#2073,#2074);
#1749=AXIS2_PLACEMENT_3D('',#2530,#2075,#2076);
#1750=AXIS2_PLACEMENT_3D('',#2536,#2080,#2081);
#1751=AXIS2_PLACEMENT_3D('',#2540,#2084,#2085);
#1752=AXIS2_PLACEMENT_3D('',#2544,#2088,#2089);
#1753=AXIS2_PLACEMENT_3D('',#2546,#2091,#2092);
#1754=AXIS2_PLACEMENT_3D('',#2552,#2096,#2097);
#1755=AXIS2_PLACEMENT_3D('',#2556,#2100,#2101);
#1756=AXIS2_PLACEMENT_3D('',#2560,#2104,#2105);
#1757=AXIS2_PLACEMENT_3D('',#2562,#2107,#2108);
#1758=AXIS2_PLACEMENT_3D('',#2564,#2110,#2111);
#1759=AXIS2_PLACEMENT_3D('',#2566,#2113,#2114);
#1760=AXIS2_PLACEMENT_3D('',#2567,#2115,#2116);
#1761=AXIS2_PLACEMENT_3D('',#2569,#2118,#2119);
#1762=AXIS2_PLACEMENT_3D('',#2571,#2121,#2122);
#1763=AXIS2_PLACEMENT_3D('',#2572,#2123,#2124);
#1764=AXIS2_PLACEMENT_3D('',#2578,#2128,#2129);
#1765=AXIS2_PLACEMENT_3D('',#2582,#2132,#2133);
#1766=AXIS2_PLACEMENT_3D('',#2586,#2136,#2137);
#1767=AXIS2_PLACEMENT_3D('',#2588,#2139,#2140);
#1768=AXIS2_PLACEMENT_3D('',#2594,#2144,#2145);
#1769=AXIS2_PLACEMENT_3D('',#2598,#2148,#2149);
#1770=AXIS2_PLACEMENT_3D('',#2602,#2152,#2153);
#1771=AXIS2_PLACEMENT_3D('',#2604,#2155,#2156);
#1772=AXIS2_PLACEMENT_3D('',#2605,#2157,#2158);
#1773=DIRECTION('axis',(0.,0.,1.));
#1774=DIRECTION('refdir',(1.,0.,0.));
#1775=DIRECTION('center_axis',(0.,1.,0.));
#1776=DIRECTION('ref_axis',(1.,0.,0.));
#1777=DIRECTION('',(1.,0.,0.));
#1778=DIRECTION('',(0.,0.,1.));
#1779=DIRECTION('',(1.,0.,0.));
#1780=DIRECTION('',(0.,0.,1.));
#1781=DIRECTION('',(1.,0.,0.));
#1782=DIRECTION('',(0.,0.,1.));
#1783=DIRECTION('',(1.,0.,0.));
#1784=DIRECTION('',(0.,0.,1.));
#1785=DIRECTION('',(1.,0.,0.));
#1786=DIRECTION('',(0.,0.,1.));
#1787=DIRECTION('',(1.,0.,0.));
#1788=DIRECTION('',(0.,0.,-1.));
#1789=DIRECTION('',(1.,0.,0.));
#1790=DIRECTION('',(0.,0.,-1.));
#1791=DIRECTION('',(1.,0.,0.));
#1792=DIRECTION('',(0.,0.,1.));
#1793=DIRECTION('center_axis',(0.,0.,1.));
#1794=DIRECTION('ref_axis',(1.,0.,0.));
#1795=DIRECTION('',(0.,-1.,0.));
#1796=DIRECTION('',(-1.,0.,0.));
#1797=DIRECTION('',(0.,-1.,0.));
#1798=DIRECTION('center_axis',(-1.,0.,-1.269339193699E-31));
#1799=DIRECTION('ref_axis',(1.269339193699E-31,0.,-1.));
#1800=DIRECTION('',(0.,0.,-1.));
#1801=DIRECTION('',(0.,1.,0.));
#1802=DIRECTION('center_axis',(0.,0.,1.));
#1803=DIRECTION('ref_axis',(1.,0.,0.));
#1804=DIRECTION('',(1.,0.,0.));
#1805=DIRECTION('',(0.,1.,0.));
#1806=DIRECTION('',(0.,1.,0.));
#1807=DIRECTION('',(1.,0.,0.));
#1808=DIRECTION('',(0.,1.,0.));
#1809=DIRECTION('',(-1.,0.,0.));
#1810=DIRECTION('center_axis',(-1.,0.,-1.269339193699E-31));
#1811=DIRECTION('ref_axis',(1.269339193699E-31,0.,-1.));
#1812=DIRECTION('',(0.,0.,-1.));
#1813=DIRECTION('',(0.,-1.,0.));
#1814=DIRECTION('center_axis',(0.,0.,1.));
#1815=DIRECTION('ref_axis',(1.,0.,0.));
#1816=DIRECTION('',(-1.,0.,0.));
#1817=DIRECTION('',(0.,-1.,0.));
#1818=DIRECTION('center_axis',(-1.,0.,-1.269339193699E-31));
#1819=DIRECTION('ref_axis',(1.269339193699E-31,0.,-1.));
#1820=DIRECTION('',(0.,0.,-1.));
#1821=DIRECTION('',(0.,1.,0.));
#1822=DIRECTION('center_axis',(0.,0.,1.));
#1823=DIRECTION('ref_axis',(1.,0.,0.));
#1824=DIRECTION('',(1.,0.,0.));
#1825=DIRECTION('',(0.,1.,0.));
#1826=DIRECTION('',(0.,1.,0.));
#1827=DIRECTION('',(-1.,0.,0.));
#1828=DIRECTION('',(0.,1.,0.));
#1829=DIRECTION('',(1.,0.,0.));
#1830=DIRECTION('center_axis',(-1.,0.,-1.269339193699E-31));
#1831=DIRECTION('ref_axis',(1.269339193699E-31,0.,-1.));
#1832=DIRECTION('',(0.,0.,-1.));
#1833=DIRECTION('',(0.,-1.,0.));
#1834=DIRECTION('center_axis',(0.,0.,1.));
#1835=DIRECTION('ref_axis',(1.,0.,0.));
#1836=DIRECTION('',(-1.,0.,0.));
#1837=DIRECTION('',(0.,1.,0.));
#1838=DIRECTION('center_axis',(-1.,0.,0.));
#1839=DIRECTION('ref_axis',(0.,1.,0.));
#1840=DIRECTION('',(0.,0.,1.));
#1841=DIRECTION('',(0.,1.,0.));
#1842=DIRECTION('',(0.,0.,-1.));
#1843=DIRECTION('',(0.,-1.,0.));
#1844=DIRECTION('',(0.,-0.114624107985017,0.993408935871144));
#1845=DIRECTION('',(0.,0.832050294337998,0.554700196224998));
#1846=DIRECTION('',(0.,0.,1.));
#1847=DIRECTION('',(0.,-0.650791373456133,0.759256602365155));
#1848=DIRECTION('',(0.,-1.,0.));
#1849=DIRECTION('center_axis',(0.,0.,-1.));
#1850=DIRECTION('ref_axis',(0.,-1.,0.));
#1851=DIRECTION('',(0.,-1.,0.));
#1852=DIRECTION('',(1.,0.,0.));
#1853=DIRECTION('center_axis',(-1.,0.,0.));
#1854=DIRECTION('ref_axis',(0.,0.,-1.));
#1855=DIRECTION('',(0.,-0.650791373456133,0.759256602365155));
#1856=DIRECTION('',(0.,0.,1.));
#1857=DIRECTION('',(0.,0.832050294337998,0.554700196224998));
#1858=DIRECTION('',(0.,-0.114624107985017,0.993408935871144));
#1859=DIRECTION('',(0.,1.,0.));
#1860=DIRECTION('',(0.,0.707106781186548,0.707106781186548));
#1861=DIRECTION('',(0.,1.,0.));
#1862=DIRECTION('center_axis',(0.,0.,1.));
#1863=DIRECTION('ref_axis',(0.,1.,0.));
#1864=DIRECTION('',(1.,0.,0.));
#1865=DIRECTION('',(0.,1.,0.));
#1866=DIRECTION('center_axis',(1.,-1.161353710568E-17,-1.299666824138E-17));
#1867=DIRECTION('ref_axis',(1.299666824138E-17,0.,1.));
#1868=DIRECTION('',(0.,0.707106781186548,0.707106781186548));
#1869=DIRECTION('',(0.,-1.,0.));
#1870=DIRECTION('',(-1.15798150362517E-17,0.114624107985017,-0.993408935871144));
#1871=DIRECTION('',(-1.68723013908599E-17,-0.832050294337998,-0.554700196224998));
#1872=DIRECTION('',(-1.299666824138E-17,0.,-1.));
#1873=DIRECTION('',(-2.30981640733547E-18,0.650791373456133,-0.759256602365155));
#1874=DIRECTION('',(1.161353710568E-17,1.,0.));
#1875=DIRECTION('center_axis',(0.,0.,-1.));
#1876=DIRECTION('ref_axis',(0.,-1.,0.));
#1877=DIRECTION('',(0.,-1.,0.));
#1878=DIRECTION('',(1.,0.,0.));
#1879=DIRECTION('center_axis',(1.,0.,0.));
#1880=DIRECTION('ref_axis',(0.,-1.,0.));
#1881=DIRECTION('',(0.,-0.650791373456133,0.759256602365155));
#1882=DIRECTION('',(0.,0.,1.));
#1883=DIRECTION('',(0.,0.832050294337998,0.554700196224998));
#1884=DIRECTION('',(0.,-0.114624107985017,0.993408935871144));
#1885=DIRECTION('',(0.,-1.,0.));
#1886=DIRECTION('',(0.,0.,-1.));
#1887=DIRECTION('',(0.,-1.,0.));
#1888=DIRECTION('',(0.,0.,1.));
#1889=DIRECTION('center_axis',(0.,-1.,0.));
#1890=DIRECTION('ref_axis',(-1.,0.,0.));
#1891=DIRECTION('',(-1.,0.,0.));
#1892=DIRECTION('center_axis',(1.,0.,0.));
#1893=DIRECTION('ref_axis',(0.,0.,1.));
#1894=DIRECTION('',(0.,1.,0.));
#1895=DIRECTION('',(0.,-0.155962573473011,0.987762965329069));
#1896=DIRECTION('',(0.,0.447213595499958,0.894427190999916));
#1897=DIRECTION('',(0.,0.,1.));
#1898=DIRECTION('',(0.,0.,-1.));
#1899=DIRECTION('',(0.,-0.447213595499958,-0.894427190999916));
#1900=DIRECTION('',(0.,0.155962573473011,-0.987762965329069));
#1901=DIRECTION('center_axis',(0.,-1.,0.));
#1902=DIRECTION('ref_axis',(0.,0.,1.));
#1903=DIRECTION('',(0.,0.,1.));
#1904=DIRECTION('',(1.,0.,0.));
#1905=DIRECTION('center_axis',(1.,0.,0.));
#1906=DIRECTION('ref_axis',(0.,0.,1.));
#1907=DIRECTION('',(0.,1.,0.));
#1908=DIRECTION('',(0.,0.155962573473011,-0.987762965329069));
#1909=DIRECTION('',(0.,-0.447213595499958,-0.894427190999916));
#1910=DIRECTION('',(0.,0.,-1.));
#1911=DIRECTION('',(0.,0.447213595499958,0.894427190999916));
#1912=DIRECTION('',(0.,-0.155962573473011,0.987762965329069));
#1913=DIRECTION('center_axis',(0.,1.,0.));
#1914=DIRECTION('ref_axis',(0.,0.,-1.));
#1915=DIRECTION('',(1.,0.,0.));
#1916=DIRECTION('center_axis',(1.,0.,0.));
#1917=DIRECTION('ref_axis',(0.,0.,1.));
#1918=DIRECTION('',(0.,1.,0.));
#1919=DIRECTION('',(0.,0.155962573473011,-0.987762965329069));
#1920=DIRECTION('',(0.,-0.447213595499958,-0.894427190999916));
#1921=DIRECTION('',(0.,0.,-1.));
#1922=DIRECTION('',(0.,0.,1.));
#1923=DIRECTION('',(0.,0.447213595499958,0.894427190999916));
#1924=DIRECTION('',(0.,-0.155962573473011,0.987762965329069));
#1925=DIRECTION('center_axis',(0.,1.,0.));
#1926=DIRECTION('ref_axis',(0.,0.,-1.));
#1927=DIRECTION('',(1.,0.,0.));
#1928=DIRECTION('',(0.,0.,-1.));
#1929=DIRECTION('center_axis',(1.,0.,0.));
#1930=DIRECTION('ref_axis',(0.,0.,1.));
#1931=DIRECTION('',(0.,1.,0.));
#1932=DIRECTION('',(0.,-0.155962573473011,0.987762965329069));
#1933=DIRECTION('',(0.,0.447213595499958,0.894427190999916));
#1934=DIRECTION('',(0.,0.,1.));
#1935=DIRECTION('',(0.,-0.447213595499958,-0.894427190999916));
#1936=DIRECTION('',(0.,0.155962573473011,-0.987762965329069));
#1937=DIRECTION('center_axis',(0.,-1.,0.));
#1938=DIRECTION('ref_axis',(0.,0.,1.));
#1939=DIRECTION('',(1.,0.,0.));
#1940=DIRECTION('center_axis',(0.,0.,1.));
#1941=DIRECTION('ref_axis',(1.,0.,0.));
#1942=DIRECTION('',(1.,0.,0.));
#1943=DIRECTION('',(0.,-1.,0.));
#1944=DIRECTION('',(1.,0.,0.));
#1945=DIRECTION('',(0.,-1.,0.));
#1946=DIRECTION('',(-1.,0.,0.));
#1947=DIRECTION('',(0.,1.,0.));
#1948=DIRECTION('',(1.,0.,0.));
#1949=DIRECTION('',(0.,1.,0.));
#1950=DIRECTION('',(1.,0.,0.));
#1951=DIRECTION('center_axis',(0.,1.,0.));
#1952=DIRECTION('ref_axis',(0.,0.,-1.));
#1953=DIRECTION('',(0.,0.,-1.));
#1954=DIRECTION('',(1.,0.,0.));
#1955=DIRECTION('center_axis',(3.970526847961E-34,4.284299334657E-32,1.));
#1956=DIRECTION('ref_axis',(0.,1.,-4.284299334657E-32));
#1957=DIRECTION('',(1.,0.,0.));
#1958=DIRECTION('',(0.,1.,0.));
#1959=DIRECTION('',(1.,0.,0.));
#1960=DIRECTION('',(0.,1.,0.));
#1961=DIRECTION('',(-1.,0.,0.));
#1962=DIRECTION('',(0.,-1.,0.));
#1963=DIRECTION('',(1.,0.,0.));
#1964=DIRECTION('',(0.,-1.,0.));
#1965=DIRECTION('',(1.,0.,0.));
#1966=DIRECTION('',(1.,0.,0.));
#1967=DIRECTION('',(1.,0.,0.));
#1968=DIRECTION('',(0.,1.,-4.284299334657E-32));
#1969=DIRECTION('',(-1.,0.,3.970526847961E-34));
#1970=DIRECTION('',(0.,1.,-4.284299334657E-32));
#1971=DIRECTION('',(1.,0.,-3.970526847961E-34));
#1972=DIRECTION('',(0.,1.,-4.284299334657E-32));
#1973=DIRECTION('',(1.,0.,-3.970526847961E-34));
#1974=DIRECTION('',(0.,1.,-4.284299334657E-32));
#1975=DIRECTION('',(-1.,0.,3.970526847961E-34));
#1976=DIRECTION('center_axis',(0.,-0.993408935871144,-0.114624107985017));
#1977=DIRECTION('ref_axis',(0.,-0.114624107985017,0.993408935871144));
#1978=DIRECTION('',(1.,0.,0.));
#1979=DIRECTION('center_axis',(0.,-0.554700196224998,0.832050294337998));
#1980=DIRECTION('ref_axis',(0.,0.832050294337998,0.554700196224998));
#1981=DIRECTION('',(1.,0.,0.));
#1982=DIRECTION('center_axis',(0.,-1.,0.));
#1983=DIRECTION('ref_axis',(0.,0.,1.));
#1984=DIRECTION('',(1.,0.,0.));
#1985=DIRECTION('center_axis',(0.,-0.759256602365155,-0.650791373456133));
#1986=DIRECTION('ref_axis',(0.,-0.650791373456133,0.759256602365155));
#1987=DIRECTION('center_axis',(0.,-0.707106781186548,0.707106781186548));
#1988=DIRECTION('ref_axis',(0.,0.707106781186548,0.707106781186548));
#1989=DIRECTION('center_axis',(0.,-0.759256602365155,-0.650791373456133));
#1990=DIRECTION('ref_axis',(0.,-0.650791373456133,0.759256602365155));
#1991=DIRECTION('',(1.,0.,0.));
#1992=DIRECTION('center_axis',(0.,-1.,0.));
#1993=DIRECTION('ref_axis',(0.,0.,1.));
#1994=DIRECTION('',(1.,0.,0.));
#1995=DIRECTION('center_axis',(0.,-0.554700196224998,0.832050294337998));
#1996=DIRECTION('ref_axis',(0.,0.832050294337998,0.554700196224998));
#1997=DIRECTION('',(1.,0.,0.));
#1998=DIRECTION('center_axis',(0.,-0.993408935871144,-0.114624107985017));
#1999=DIRECTION('ref_axis',(0.,-0.114624107985017,0.993408935871144));
#2000=DIRECTION('center_axis',(0.,1.,0.));
#2001=DIRECTION('ref_axis',(0.,0.,-1.));
#2002=DIRECTION('',(1.299666824138E-17,0.,1.));
#2003=DIRECTION('center_axis',(-0.707106781186548,1.73541722664289E-18,
0.707106781186548));
#2004=DIRECTION('ref_axis',(-1.22712528914714E-18,-1.,1.22712528914714E-18));
#2005=DIRECTION('',(0.544770019248702,-0.637535294909652,0.544770019248702));
#2006=DIRECTION('',(0.,1.,0.));
#2007=DIRECTION('',(0.605209817606649,0.5171480961437,0.605209817606649));
#2008=DIRECTION('',(0.702740385382572,-0.110959008217933,0.702740385382572));
#2009=DIRECTION('',(0.702740385382572,-0.110959008217933,0.702740385382572));
#2010=DIRECTION('center_axis',(0.,0.987762965329069,0.155962573473011));
#2011=DIRECTION('ref_axis',(0.,0.155962573473011,-0.987762965329069));
#2012=DIRECTION('',(-0.702740385382572,-0.110959008217933,0.702740385382572));
#2013=DIRECTION('',(1.,0.,0.));
#2014=DIRECTION('',(1.,0.,0.));
#2015=DIRECTION('center_axis',(0.,0.894427190999916,-0.447213595499958));
#2016=DIRECTION('ref_axis',(0.,-0.447213595499958,-0.894427190999916));
#2017=DIRECTION('center_axis',(0.,-0.894427190999916,0.447213595499958));
#2018=DIRECTION('ref_axis',(0.,0.447213595499958,0.894427190999916));
#2019=DIRECTION('',(1.,0.,0.));
#2020=DIRECTION('center_axis',(0.,-0.987762965329069,-0.155962573473011));
#2021=DIRECTION('ref_axis',(0.,-0.155962573473011,0.987762965329069));
#2022=DIRECTION('',(1.,0.,0.));
#2023=DIRECTION('',(-0.702740385382572,-0.110959008217933,0.702740385382572));
#2024=DIRECTION('center_axis',(-0.707106781186548,-1.73541722664289E-18,
-0.707106781186548));
#2025=DIRECTION('ref_axis',(1.22712528914714E-18,-1.,1.22712528914714E-18));
#2026=DIRECTION('',(-0.544770019248702,-0.637535294909652,0.544770019248702));
#2027=DIRECTION('',(-0.605209817606649,0.5171480961437,0.605209817606649));
#2028=DIRECTION('',(0.,1.,0.));
#2029=DIRECTION('center_axis',(-0.707106781186548,-1.73541722664289E-18,
-0.707106781186548));
#2030=DIRECTION('ref_axis',(1.22712528914714E-18,-1.,1.22712528914714E-18));
#2031=DIRECTION('',(-0.544770019248702,-0.637535294909652,0.544770019248702));
#2032=DIRECTION('',(-0.702740385382572,-0.110959008217933,0.702740385382572));
#2033=DIRECTION('',(-0.702740385382572,-0.110959008217933,0.702740385382572));
#2034=DIRECTION('',(-0.605209817606649,0.5171480961437,0.605209817606649));
#2035=DIRECTION('',(0.,1.,0.));
#2036=DIRECTION('center_axis',(0.,0.987762965329069,0.155962573473011));
#2037=DIRECTION('ref_axis',(0.,0.155962573473011,-0.987762965329069));
#2038=DIRECTION('',(1.,0.,0.));
#2039=DIRECTION('',(0.702740385382572,-0.110959008217933,0.702740385382572));
#2040=DIRECTION('',(1.,0.,0.));
#2041=DIRECTION('center_axis',(0.,0.894427190999916,-0.447213595499958));
#2042=DIRECTION('ref_axis',(0.,-0.447213595499958,-0.894427190999916));
#2043=DIRECTION('center_axis',(0.,-0.894427190999916,0.447213595499958));
#2044=DIRECTION('ref_axis',(0.,0.447213595499958,0.894427190999916));
#2045=DIRECTION('',(1.,0.,0.));
#2046=DIRECTION('center_axis',(0.,-0.987762965329069,-0.155962573473011));
#2047=DIRECTION('ref_axis',(0.,-0.155962573473011,0.987762965329069));
#2048=DIRECTION('',(0.702740385382572,-0.110959008217933,0.702740385382572));
#2049=DIRECTION('',(1.,0.,0.));
#2050=DIRECTION('center_axis',(-0.707106781186548,1.73541722664289E-18,
0.707106781186548));
#2051=DIRECTION('ref_axis',(-1.22712528914714E-18,-1.,1.22712528914714E-18));
#2052=DIRECTION('',(0.544770019248702,-0.637535294909652,0.544770019248702));
#2053=DIRECTION('',(0.,1.,0.));
#2054=DIRECTION('',(0.605209817606649,0.5171480961437,0.605209817606649));
#2055=DIRECTION('center_axis',(-1.,0.,0.));
#2056=DIRECTION('ref_axis',(0.,0.,-1.));
#2057=DIRECTION('',(0.,0.,-1.));
#2058=DIRECTION('center_axis',(0.,-1.,0.));
#2059=DIRECTION('ref_axis',(1.,0.,0.));
#2060=DIRECTION('',(0.,0.,-1.));
#2061=DIRECTION('center_axis',(1.,0.,0.));
#2062=DIRECTION('ref_axis',(0.,1.,0.));
#2063=DIRECTION('',(0.,0.,-1.));
#2064=DIRECTION('center_axis',(0.,1.,0.));
#2065=DIRECTION('ref_axis',(-1.,0.,0.));
#2066=DIRECTION('',(0.,0.,-1.));
#2067=DIRECTION('center_axis',(-1.,0.,0.));
#2068=DIRECTION('ref_axis',(0.,-1.,0.));
#2069=DIRECTION('',(0.,0.,-1.));
#2070=DIRECTION('center_axis',(0.,-1.,0.));
#2071=DIRECTION('ref_axis',(1.,0.,0.));
#2072=DIRECTION('',(0.,0.,-1.));
#2073=DIRECTION('center_axis',(1.,-1.161353710568E-17,-1.299666824138E-17));
#2074=DIRECTION('ref_axis',(1.299666824138E-17,0.,1.));
#2075=DIRECTION('center_axis',(1.,0.,0.));
#2076=DIRECTION('ref_axis',(0.,0.,1.));
#2077=DIRECTION('',(0.,0.,1.));
#2078=DIRECTION('',(0.,-1.,0.));
#2079=DIRECTION('',(0.,0.,-1.));
#2080=DIRECTION('center_axis',(0.,-1.,0.));
#2081=DIRECTION('ref_axis',(0.,0.,1.));
#2082=DIRECTION('',(0.,0.,1.));
#2083=DIRECTION('',(1.,0.,0.));
#2084=DIRECTION('center_axis',(1.,0.,0.));
#2085=DIRECTION('ref_axis',(0.,0.,1.));
#2086=DIRECTION('',(0.,0.,-1.));
#2087=DIRECTION('',(0.,-1.,0.));
#2088=DIRECTION('center_axis',(0.,1.,0.));
#2089=DIRECTION('ref_axis',(0.,0.,-1.));
#2090=DIRECTION('',(1.,0.,0.));
#2091=DIRECTION('center_axis',(1.,0.,0.));
#2092=DIRECTION('ref_axis',(0.,0.,1.));
#2093=DIRECTION('',(0.,0.,-1.));
#2094=DIRECTION('',(0.,-1.,0.));
#2095=DIRECTION('',(0.,0.,1.));
#2096=DIRECTION('center_axis',(0.,1.,0.));
#2097=DIRECTION('ref_axis',(0.,0.,-1.));
#2098=DIRECTION('',(0.,0.,-1.));
#2099=DIRECTION('',(1.,0.,0.));
#2100=DIRECTION('center_axis',(1.,0.,0.));
#2101=DIRECTION('ref_axis',(0.,0.,1.));
#2102=DIRECTION('',(0.,0.,1.));
#2103=DIRECTION('',(0.,-1.,0.));
#2104=DIRECTION('center_axis',(0.,-1.,0.));
#2105=DIRECTION('ref_axis',(0.,0.,1.));
#2106=DIRECTION('',(1.,0.,0.));
#2107=DIRECTION('center_axis',(-3.47105080157443E-18,-0.649629673940268,
-0.760250805153313));
#2108=DIRECTION('ref_axis',(1.,-2.25489760045639E-18,-2.63886916662545E-18));
#2109=DIRECTION('',(1.,0.,0.));
#2110=DIRECTION('center_axis',(0.,0.,1.));
#2111=DIRECTION('ref_axis',(0.,1.,0.));
#2112=DIRECTION('',(1.,0.,0.));
#2113=DIRECTION('center_axis',(0.,0.760250805153313,-0.649629673940268));
#2114=DIRECTION('ref_axis',(-1.,0.,0.));
#2115=DIRECTION('center_axis',(-3.47105080157443E-18,-0.649629673940268,
-0.760250805153313));
#2116=DIRECTION('ref_axis',(1.,-2.25489760045639E-18,-2.63886916662545E-18));
#2117=DIRECTION('',(1.,0.,0.));
#2118=DIRECTION('center_axis',(0.,0.,1.));
#2119=DIRECTION('ref_axis',(0.,1.,0.));
#2120=DIRECTION('',(1.,0.,0.));
#2121=DIRECTION('center_axis',(0.,0.760250805153313,-0.649629673940268));
#2122=DIRECTION('ref_axis',(-1.,0.,0.));
#2123=DIRECTION('center_axis',(-0.707106781186548,-1.73541722664289E-18,
-0.707106781186548));
#2124=DIRECTION('ref_axis',(-1.22712528914714E-18,1.,-1.22712528914714E-18));
#2125=DIRECTION('',(-0.577350269189626,-0.577350269189626,0.577350269189626));
#2126=DIRECTION('',(0.,-1.,0.));
#2127=DIRECTION('',(0.577350269189626,-0.577350269189626,-0.577350269189626));
#2128=DIRECTION('center_axis',(1.73541722664289E-18,0.707106781186548,0.707106781186548));
#2129=DIRECTION('ref_axis',(-1.,1.22712528914714E-18,1.22712528914714E-18));
#2130=DIRECTION('',(0.577350269189626,-0.577350269189626,0.577350269189626));
#2131=DIRECTION('',(1.,0.,0.));
#2132=DIRECTION('center_axis',(-0.707106781186548,1.73541722664289E-18,
0.707106781186548));
#2133=DIRECTION('ref_axis',(1.22712528914714E-18,1.,-1.22712528914714E-18));
#2134=DIRECTION('',(-0.577350269189626,-0.577350269189626,-0.577350269189626));
#2135=DIRECTION('',(0.,-1.,0.));
#2136=DIRECTION('center_axis',(-1.73541722664289E-18,-0.707106781186548,
0.707106781186548));
#2137=DIRECTION('ref_axis',(-1.,1.22712528914714E-18,-1.22712528914714E-18));
#2138=DIRECTION('',(1.,0.,0.));
#2139=DIRECTION('center_axis',(-0.707106781186548,1.73541722664289E-18,
0.707106781186548));
#2140=DIRECTION('ref_axis',(1.22712528914714E-18,1.,-1.22712528914714E-18));
#2141=DIRECTION('',(0.577350269189626,-0.577350269189626,0.577350269189626));
#2142=DIRECTION('',(-0.577350269189626,-0.577350269189626,-0.577350269189626));
#2143=DIRECTION('',(0.,-1.,0.));
#2144=DIRECTION('center_axis',(-1.73541722664289E-18,-0.707106781186548,
0.707106781186548));
#2145=DIRECTION('ref_axis',(-1.,1.22712528914714E-18,-1.22712528914714E-18));
#2146=DIRECTION('',(0.577350269189626,-0.577350269189626,-0.577350269189626));
#2147=DIRECTION('',(1.,0.,0.));
#2148=DIRECTION('center_axis',(-0.707106781186548,-1.73541722664289E-18,
-0.707106781186548));
#2149=DIRECTION('ref_axis',(-1.22712528914714E-18,1.,-1.22712528914714E-18));
#2150=DIRECTION('',(-0.577350269189626,-0.577350269189626,0.577350269189626));
#2151=DIRECTION('',(0.,-1.,0.));
#2152=DIRECTION('center_axis',(1.73541722664289E-18,0.707106781186548,0.707106781186548));
#2153=DIRECTION('ref_axis',(-1.,1.22712528914714E-18,1.22712528914714E-18));
#2154=DIRECTION('',(1.,0.,0.));
#2155=DIRECTION('center_axis',(0.,0.,-1.));
#2156=DIRECTION('ref_axis',(0.,-1.,0.));
#2157=DIRECTION('center_axis',(0.,0.,-1.));
#2158=DIRECTION('ref_axis',(0.,-1.,0.));
#2159=CARTESIAN_POINT('',(0.,0.,0.));
#2160=CARTESIAN_POINT('Origin',(-2.5,-2.2,0.));
#2161=CARTESIAN_POINT('',(-2.5,-2.2,0.));
#2162=CARTESIAN_POINT('',(-0.75,-2.2,0.));
#2163=CARTESIAN_POINT('',(-2.5,-2.2,0.));
#2164=CARTESIAN_POINT('',(-0.75,-2.2,0.3));
#2165=CARTESIAN_POINT('',(-0.75,-2.2,0.));
#2166=CARTESIAN_POINT('',(0.75,-2.2,0.3));
#2167=CARTESIAN_POINT('',(-0.75,-2.2,0.3));
#2168=CARTESIAN_POINT('',(0.75,-2.2,0.));
#2169=CARTESIAN_POINT('',(0.75,-2.2,0.));
#2170=CARTESIAN_POINT('',(1.75,-2.2,0.));
#2171=CARTESIAN_POINT('',(-2.5,-2.2,0.));
#2172=CARTESIAN_POINT('',(1.75,-2.2,0.3));
#2173=CARTESIAN_POINT('',(1.75,-2.2,0.));
#2174=CARTESIAN_POINT('',(3.25,-2.2,0.3));
#2175=CARTESIAN_POINT('',(1.75,-2.2,0.3));
#2176=CARTESIAN_POINT('',(3.25,-2.2,0.));
#2177=CARTESIAN_POINT('',(3.25,-2.2,0.));
#2178=CARTESIAN_POINT('',(5.,-2.2,0.));
#2179=CARTESIAN_POINT('',(-2.5,-2.2,0.));
#2180=CARTESIAN_POINT('',(5.,-2.2,5.2));
#2181=CARTESIAN_POINT('',(5.,-2.2,0.));
#2182=CARTESIAN_POINT('',(4.,-2.2,5.2));
#2183=CARTESIAN_POINT('',(-2.5,-2.2,5.2));
#2184=CARTESIAN_POINT('',(4.,-2.2,1.1));
#2185=CARTESIAN_POINT('',(4.,-2.2,6.));
#2186=CARTESIAN_POINT('',(-1.5,-2.2,1.1));
#2187=CARTESIAN_POINT('',(-1.5,-2.2,1.1));
#2188=CARTESIAN_POINT('',(-1.5,-2.2,5.2));
#2189=CARTESIAN_POINT('',(-1.5,-2.2,1.5));
#2190=CARTESIAN_POINT('',(-2.5,-2.2,5.2));
#2191=CARTESIAN_POINT('',(-2.5,-2.2,5.2));
#2192=CARTESIAN_POINT('',(-2.5,-2.2,0.));
#2193=CARTESIAN_POINT('Origin',(1.25,-0.3,0.));
#2194=CARTESIAN_POINT('',(-2.5,1.6,0.));
#2195=CARTESIAN_POINT('',(-2.5,1.6,0.));
#2196=CARTESIAN_POINT('',(-0.75,1.6,0.));
#2197=CARTESIAN_POINT('',(5.,1.6,0.));
#2198=CARTESIAN_POINT('',(-0.75,1.6,0.));
#2199=CARTESIAN_POINT('Origin',(-0.75,-0.3,0.15));
#2200=CARTESIAN_POINT('',(-0.75,1.6,0.3));
#2201=CARTESIAN_POINT('',(-0.75,1.6,0.3));
#2202=CARTESIAN_POINT('',(-0.75,-2.2,0.3));
#2203=CARTESIAN_POINT('Origin',(0.,-0.3,0.3));
#2204=CARTESIAN_POINT('',(0.75,1.6,0.3));
#2205=CARTESIAN_POINT('',(-0.75,1.6,0.3));
#2206=CARTESIAN_POINT('',(0.75,0.5,0.3));
#2207=CARTESIAN_POINT('',(0.32,-0.32,0.3));
#2208=CARTESIAN_POINT('',(0.32,0.32,0.3));
#2209=CARTESIAN_POINT('',(0.32,-0.171537434396,0.3));
#2210=CARTESIAN_POINT('',(-0.32,0.32,0.3));
#2211=CARTESIAN_POINT('',(-0.16,0.32,0.3));
#2212=CARTESIAN_POINT('',(-0.32,-0.32,0.3));
#2213=CARTESIAN_POINT('',(-0.32,-0.171537434396,0.3));
#2214=CARTESIAN_POINT('',(-0.16,-0.32,0.3));
#2215=CARTESIAN_POINT('Origin',(0.75,-0.3,0.15));
#2216=CARTESIAN_POINT('',(0.75,1.6,0.));
#2217=CARTESIAN_POINT('',(0.75,1.6,0.3));
#2218=CARTESIAN_POINT('',(0.75,1.6,0.));
#2219=CARTESIAN_POINT('Origin',(1.25,-0.3,0.));
#2220=CARTESIAN_POINT('',(1.75,1.6,0.));
#2221=CARTESIAN_POINT('',(5.,1.6,0.));
#2222=CARTESIAN_POINT('',(1.75,1.6,0.));
#2223=CARTESIAN_POINT('Origin',(1.75,-0.3,0.15));
#2224=CARTESIAN_POINT('',(1.75,1.6,0.3));
#2225=CARTESIAN_POINT('',(1.75,1.6,0.3));
#2226=CARTESIAN_POINT('',(1.75,-2.2,0.3));
#2227=CARTESIAN_POINT('Origin',(2.5,-0.3,0.3));
#2228=CARTESIAN_POINT('',(3.25,1.6,0.3));
#2229=CARTESIAN_POINT('',(1.75,1.6,0.3));
#2230=CARTESIAN_POINT('',(3.25,0.5,0.3));
#2231=CARTESIAN_POINT('',(2.18,-0.32,0.3));
#2232=CARTESIAN_POINT('',(2.18,0.32,0.3));
#2233=CARTESIAN_POINT('',(2.18,-0.171537434396,0.3));
#2234=CARTESIAN_POINT('',(2.82,-0.32,0.3));
#2235=CARTESIAN_POINT('',(2.34,-0.32,0.3));
#2236=CARTESIAN_POINT('',(2.82,0.32,0.3));
#2237=CARTESIAN_POINT('',(2.82,-0.171537434396,0.3));
#2238=CARTESIAN_POINT('',(2.34,0.32,0.3));
#2239=CARTESIAN_POINT('Origin',(3.25,-0.3,0.15));
#2240=CARTESIAN_POINT('',(3.25,1.6,0.));
#2241=CARTESIAN_POINT('',(3.25,1.6,0.3));
#2242=CARTESIAN_POINT('',(3.25,1.6,0.));
#2243=CARTESIAN_POINT('Origin',(1.25,-0.3,0.));
#2244=CARTESIAN_POINT('',(5.,1.6,0.));
#2245=CARTESIAN_POINT('',(5.,1.6,0.));
#2246=CARTESIAN_POINT('',(5.,-2.2,0.));
#2247=CARTESIAN_POINT('Origin',(5.,-2.2,0.));
#2248=CARTESIAN_POINT('',(5.,1.6,6.));
#2249=CARTESIAN_POINT('',(5.,1.6,0.));
#2250=CARTESIAN_POINT('',(5.,-0.2,6.));
#2251=CARTESIAN_POINT('',(5.,-2.2,6.));
#2252=CARTESIAN_POINT('',(5.,-0.2,1.5));
#2253=CARTESIAN_POINT('',(5.,-0.2,6.));
#2254=CARTESIAN_POINT('',(5.,-0.6,1.5));
#2255=CARTESIAN_POINT('',(5.,-0.2,1.5));
#2256=CARTESIAN_POINT('',(5.,-0.9,4.1));
#2257=CARTESIAN_POINT('',(5.,-0.6,1.5));
#2258=CARTESIAN_POINT('',(5.,-0.6,4.3));
#2259=CARTESIAN_POINT('',(5.,-0.9,4.1));
#2260=CARTESIAN_POINT('',(5.,-0.6,4.5));
#2261=CARTESIAN_POINT('',(5.,-0.6,4.3));
#2262=CARTESIAN_POINT('',(5.,-1.2,5.2));
#2263=CARTESIAN_POINT('',(5.,-0.6,4.5));
#2264=CARTESIAN_POINT('',(5.,-1.2,5.2));
#2265=CARTESIAN_POINT('Origin',(-2.5,-1.2,5.2));
#2266=CARTESIAN_POINT('',(4.,-1.2,5.2));
#2267=CARTESIAN_POINT('',(4.,-1.007390335865,5.2));
#2268=CARTESIAN_POINT('',(-2.5,-1.2,5.2));
#2269=CARTESIAN_POINT('Origin',(4.,-0.814780671729,3.627769701184));
#2270=CARTESIAN_POINT('',(4.,-0.6,4.5));
#2271=CARTESIAN_POINT('',(4.,-0.429990774306,4.301655903357));
#2272=CARTESIAN_POINT('',(4.,-0.6,4.3));
#2273=CARTESIAN_POINT('',(4.,-0.6,3.963884850592));
#2274=CARTESIAN_POINT('',(4.,-0.9,4.1));
#2275=CARTESIAN_POINT('',(4.,-0.979477224556,4.047015183629));
#2276=CARTESIAN_POINT('',(4.,-0.6,1.5));
#2277=CARTESIAN_POINT('',(4.,-0.722554060393,2.562135190069));
#2278=CARTESIAN_POINT('',(4.,-0.8,1.5));
#2279=CARTESIAN_POINT('',(4.,-2.2,1.5));
#2280=CARTESIAN_POINT('',(4.,-1.2,1.1));
#2281=CARTESIAN_POINT('',(4.,-1.2,1.1));
#2282=CARTESIAN_POINT('',(4.,-2.2,1.1));
#2283=CARTESIAN_POINT('Origin',(-1.5,-2.2,1.1));
#2284=CARTESIAN_POINT('',(-1.5,-1.2,1.1));
#2285=CARTESIAN_POINT('',(-1.5,-1.2,1.1));
#2286=CARTESIAN_POINT('',(-1.5,-2.2,1.1));
#2287=CARTESIAN_POINT('Origin',(-1.5,-0.814780671729,3.627769701184));
#2288=CARTESIAN_POINT('',(-1.5,-0.8,1.5));
#2289=CARTESIAN_POINT('',(-1.5,-1.2,1.1));
#2290=CARTESIAN_POINT('',(-1.5,-0.6,1.5));
#2291=CARTESIAN_POINT('',(-1.5,0.65,1.5));
#2292=CARTESIAN_POINT('',(-1.5,-0.9,4.1));
#2293=CARTESIAN_POINT('',(-1.5,-0.722554060393,2.562135190069));
#2294=CARTESIAN_POINT('',(-1.5,-0.6,4.3));
#2295=CARTESIAN_POINT('',(-1.5,-0.979477224556,4.047015183629));
#2296=CARTESIAN_POINT('',(-1.5,-0.6,4.5));
#2297=CARTESIAN_POINT('',(-1.5,-0.6,3.963884850592));
#2298=CARTESIAN_POINT('',(-1.5,-1.2,5.2));
#2299=CARTESIAN_POINT('',(-1.5,-0.429990774306,4.301655903357));
#2300=CARTESIAN_POINT('',(-1.5,-1.007390335865,5.2));
#2301=CARTESIAN_POINT('Origin',(-2.5,-1.2,5.2));
#2302=CARTESIAN_POINT('',(-2.5,-1.2,5.2));
#2303=CARTESIAN_POINT('',(-2.5,-1.2,5.2));
#2304=CARTESIAN_POINT('',(-2.5,-1.2,5.2));
#2305=CARTESIAN_POINT('Origin',(-2.5,1.6,0.));
#2306=CARTESIAN_POINT('',(-2.5,-0.6,4.5));
#2307=CARTESIAN_POINT('',(-2.5,-0.6,4.5));
#2308=CARTESIAN_POINT('',(-2.5,-0.6,4.3));
#2309=CARTESIAN_POINT('',(-2.5,-0.6,4.3));
#2310=CARTESIAN_POINT('',(-2.5,-0.9,4.1));
#2311=CARTESIAN_POINT('',(-2.5,-0.9,4.1));
#2312=CARTESIAN_POINT('',(-2.5,-0.6,1.5));
#2313=CARTESIAN_POINT('',(-2.5,-0.6,1.5));
#2314=CARTESIAN_POINT('',(-2.5,-0.2,1.5));
#2315=CARTESIAN_POINT('',(-2.5,-0.2,1.5));
#2316=CARTESIAN_POINT('',(-2.5,-0.2,6.));
#2317=CARTESIAN_POINT('',(-2.5,-0.2,6.));
#2318=CARTESIAN_POINT('',(-2.5,1.6,6.));
#2319=CARTESIAN_POINT('',(-2.5,1.6,6.));
#2320=CARTESIAN_POINT('',(-2.5,1.6,0.));
#2321=CARTESIAN_POINT('Origin',(5.,1.6,0.));
#2322=CARTESIAN_POINT('',(5.,1.6,6.));
#2323=CARTESIAN_POINT('Origin',(0.32,-0.04307486879287,0.926376556288));
#2324=CARTESIAN_POINT('',(0.32,-0.351578947368,-3.));
#2325=CARTESIAN_POINT('',(0.32,0.288421052632,-3.));
#2326=CARTESIAN_POINT('',(0.32,-0.32,-3.));
#2327=CARTESIAN_POINT('',(0.32,0.02,-1.3));
#2328=CARTESIAN_POINT('',(0.32,0.32,-3.2));
#2329=CARTESIAN_POINT('',(0.32,0.32,-0.7));
#2330=CARTESIAN_POINT('',(0.32,0.02,-1.3));
#2331=CARTESIAN_POINT('',(0.32,0.32,-0.7));
#2332=CARTESIAN_POINT('',(0.32,-0.32,-0.7));
#2333=CARTESIAN_POINT('',(0.32,-0.32,5.1));
#2334=CARTESIAN_POINT('',(0.32,-0.62,-1.3));
#2335=CARTESIAN_POINT('',(0.32,-0.32,-0.7));
#2336=CARTESIAN_POINT('',(0.32,-0.62,-1.3));
#2337=CARTESIAN_POINT('Origin',(-0.32,0.32,-0.7));
#2338=CARTESIAN_POINT('',(-0.32,0.32,-0.7));
#2339=CARTESIAN_POINT('',(-0.32,0.32,-0.7));
#2340=CARTESIAN_POINT('',(-0.32,0.32,-0.7));
#2341=CARTESIAN_POINT('Origin',(-0.32,-0.04307486879287,0.926376556288));
#2342=CARTESIAN_POINT('',(-0.32,-0.351578947368,-3.));
#2343=CARTESIAN_POINT('',(-0.32,0.288421052632,-3.));
#2344=CARTESIAN_POINT('',(-0.32,-0.32,-3.));
#2345=CARTESIAN_POINT('',(-0.32,-0.62,-1.3));
#2346=CARTESIAN_POINT('',(-0.32,-0.62,-1.3));
#2347=CARTESIAN_POINT('',(-0.32,-0.32,-0.7));
#2348=CARTESIAN_POINT('',(-0.32,-0.32,-0.7));
#2349=CARTESIAN_POINT('',(-0.32,-0.32,5.1));
#2350=CARTESIAN_POINT('',(-0.32,0.02,-1.3));
#2351=CARTESIAN_POINT('',(-0.32,0.02,-1.3));
#2352=CARTESIAN_POINT('',(-0.32,0.32,-3.2));
#2353=CARTESIAN_POINT('Origin',(-0.32,-0.32,5.1));
#2354=CARTESIAN_POINT('',(-0.32,-0.32,-0.7));
#2355=CARTESIAN_POINT('Origin',(2.18,-0.04307486879287,0.926376556288));
#2356=CARTESIAN_POINT('',(2.18,-0.351578947368,-3.));
#2357=CARTESIAN_POINT('',(2.18,0.288421052632,-3.));
#2358=CARTESIAN_POINT('',(2.18,-0.32,-3.));
#2359=CARTESIAN_POINT('',(2.18,-0.62,-1.3));
#2360=CARTESIAN_POINT('',(2.18,-0.62,-1.3));
#2361=CARTESIAN_POINT('',(2.18,-0.32,-0.7));
#2362=CARTESIAN_POINT('',(2.18,-0.32,-0.7));
#2363=CARTESIAN_POINT('',(2.18,-0.32,5.1));
#2364=CARTESIAN_POINT('',(2.18,0.32,-0.7));
#2365=CARTESIAN_POINT('',(2.18,0.32,-0.7));
#2366=CARTESIAN_POINT('',(2.18,0.02,-1.3));
#2367=CARTESIAN_POINT('',(2.18,0.02,-1.3));
#2368=CARTESIAN_POINT('',(2.18,0.32,-3.2));
#2369=CARTESIAN_POINT('Origin',(2.18,-0.32,5.1));
#2370=CARTESIAN_POINT('',(2.82,-0.32,-0.7));
#2371=CARTESIAN_POINT('',(2.18,-0.32,-0.7));
#2372=CARTESIAN_POINT('',(2.82,-0.32,5.1));
#2373=CARTESIAN_POINT('Origin',(2.82,-0.04307486879287,0.926376556288));
#2374=CARTESIAN_POINT('',(2.82,-0.351578947368,-3.));
#2375=CARTESIAN_POINT('',(2.82,0.288421052632,-3.));
#2376=CARTESIAN_POINT('',(2.82,-0.32,-3.));
#2377=CARTESIAN_POINT('',(2.82,0.02,-1.3));
#2378=CARTESIAN_POINT('',(2.82,0.32,-3.2));
#2379=CARTESIAN_POINT('',(2.82,0.32,-0.7));
#2380=CARTESIAN_POINT('',(2.82,0.02,-1.3));
#2381=CARTESIAN_POINT('',(2.82,0.32,-0.7));
#2382=CARTESIAN_POINT('',(2.82,-0.62,-1.3));
#2383=CARTESIAN_POINT('',(2.82,-0.32,-0.7));
#2384=CARTESIAN_POINT('',(2.82,-0.62,-1.3));
#2385=CARTESIAN_POINT('Origin',(2.18,0.32,-0.7));
#2386=CARTESIAN_POINT('',(2.18,0.32,-0.7));
#2387=CARTESIAN_POINT('Origin',(1.25,-0.3,6.));
#2388=CARTESIAN_POINT('',(-1.5,-0.2,6.));
#2389=CARTESIAN_POINT('',(-2.5,-0.2,6.));
#2390=CARTESIAN_POINT('',(-1.5,0.65,6.));
#2391=CARTESIAN_POINT('',(-1.5,0.65,6.));
#2392=CARTESIAN_POINT('',(-2.05,0.65,6.));
#2393=CARTESIAN_POINT('',(-2.05,0.65,6.));
#2394=CARTESIAN_POINT('',(-2.05,1.15,6.));
#2395=CARTESIAN_POINT('',(-2.05,1.15,6.));
#2396=CARTESIAN_POINT('',(4.55,1.15,6.));
#2397=CARTESIAN_POINT('',(4.55,1.15,6.));
#2398=CARTESIAN_POINT('',(4.55,0.65,6.));
#2399=CARTESIAN_POINT('',(4.55,0.65,6.));
#2400=CARTESIAN_POINT('',(4.,0.65,6.));
#2401=CARTESIAN_POINT('',(4.,0.65,6.));
#2402=CARTESIAN_POINT('',(4.,-0.2,6.));
#2403=CARTESIAN_POINT('',(4.,-2.2,6.));
#2404=CARTESIAN_POINT('',(-2.5,-0.2,6.));
#2405=CARTESIAN_POINT('Origin',(-2.5,-0.2,6.));
#2406=CARTESIAN_POINT('',(4.,-0.2,1.5));
#2407=CARTESIAN_POINT('',(4.,-0.2,4.813884850592));
#2408=CARTESIAN_POINT('',(-2.5,-0.2,1.5));
#2409=CARTESIAN_POINT('Origin',(1.25,0.141587677725,1.5));
#2410=CARTESIAN_POINT('',(-2.5,-0.6,1.5));
#2411=CARTESIAN_POINT('',(4.,0.65,1.5));
#2412=CARTESIAN_POINT('',(4.,-2.2,1.5));
#2413=CARTESIAN_POINT('',(4.55,0.65,1.5));
#2414=CARTESIAN_POINT('',(4.,0.65,1.5));
#2415=CARTESIAN_POINT('',(4.55,1.15,1.5));
#2416=CARTESIAN_POINT('',(4.55,0.65,1.5));
#2417=CARTESIAN_POINT('',(-2.05,1.15,1.5));
#2418=CARTESIAN_POINT('',(4.55,1.15,1.5));
#2419=CARTESIAN_POINT('',(-2.05,0.65,1.5));
#2420=CARTESIAN_POINT('',(-2.05,1.15,1.5));
#2421=CARTESIAN_POINT('',(-1.5,0.65,1.5));
#2422=CARTESIAN_POINT('',(-2.05,0.65,1.5));
#2423=CARTESIAN_POINT('',(-1.5,-0.2,1.5));
#2424=CARTESIAN_POINT('',(-1.5,0.65,1.5));
#2425=CARTESIAN_POINT('',(-2.5,-0.2,1.5));
#2426=CARTESIAN_POINT('',(-2.5,-0.6,1.5));
#2427=CARTESIAN_POINT('',(-1.5,-0.8,1.5));
#2428=CARTESIAN_POINT('',(0.32,-0.32,1.5));
#2429=CARTESIAN_POINT('',(0.32,0.32,1.5));
#2430=CARTESIAN_POINT('',(0.32,0.04925640446613,1.5));
#2431=CARTESIAN_POINT('',(-0.32,-0.32,1.5));
#2432=CARTESIAN_POINT('',(0.465,-0.32,1.5));
#2433=CARTESIAN_POINT('',(-0.32,0.32,1.5));
#2434=CARTESIAN_POINT('',(-0.32,0.04925640446613,1.5));
#2435=CARTESIAN_POINT('',(0.465,0.32,1.5));
#2436=CARTESIAN_POINT('',(2.18,-0.32,1.5));
#2437=CARTESIAN_POINT('',(2.18,0.32,1.5));
#2438=CARTESIAN_POINT('',(2.18,0.04925640446613,1.5));
#2439=CARTESIAN_POINT('',(2.82,0.32,1.5));
#2440=CARTESIAN_POINT('',(1.715,0.32,1.5));
#2441=CARTESIAN_POINT('',(2.82,-0.32,1.5));
#2442=CARTESIAN_POINT('',(2.82,0.04925640446613,1.5));
#2443=CARTESIAN_POINT('',(1.715,-0.32,1.5));
#2444=CARTESIAN_POINT('Origin',(-2.5,-0.6,1.5));
#2445=CARTESIAN_POINT('',(-2.5,-0.9,4.1));
#2446=CARTESIAN_POINT('Origin',(-2.5,-0.9,4.1));
#2447=CARTESIAN_POINT('',(-2.5,-0.6,4.3));
#2448=CARTESIAN_POINT('Origin',(-2.5,-0.6,4.3));
#2449=CARTESIAN_POINT('',(-2.5,-0.6,4.5));
#2450=CARTESIAN_POINT('Origin',(-2.5,-0.6,4.5));
#2451=CARTESIAN_POINT('Origin',(-1.5,-1.2,1.1));
#2452=CARTESIAN_POINT('Origin',(-2.5,-0.6,4.5));
#2453=CARTESIAN_POINT('',(-2.5,-0.6,4.5));
#2454=CARTESIAN_POINT('Origin',(-2.5,-0.6,4.3));
#2455=CARTESIAN_POINT('',(-2.5,-0.6,4.3));
#2456=CARTESIAN_POINT('Origin',(-2.5,-0.9,4.1));
#2457=CARTESIAN_POINT('',(-2.5,-0.9,4.1));
#2458=CARTESIAN_POINT('Origin',(-2.5,-0.6,1.5));
#2459=CARTESIAN_POINT('Origin',(-2.5,-0.2,6.));
#2460=CARTESIAN_POINT('',(-1.5,-0.2,4.813884850592));
#2461=CARTESIAN_POINT('Origin',(0.22,-0.32,-3.1));
#2462=CARTESIAN_POINT('',(0.12,-0.12,-3.2));
#2463=CARTESIAN_POINT('',(0.317552593066,-0.351192514695,-3.002447406934));
#2464=CARTESIAN_POINT('',(0.153849098111,-0.159613036666,-3.166150901889));
#2465=CARTESIAN_POINT('',(0.12,0.12,-3.2));
#2466=CARTESIAN_POINT('',(0.12,-0.32,-3.2));
#2467=CARTESIAN_POINT('',(0.317552593066,0.288807485305,-3.002447406934));
#2468=CARTESIAN_POINT('',(0.03848855660758,0.05034896900541,-3.281511443392));
#2469=CARTESIAN_POINT('',(0.08569083447332,0.325417236662,-3.234309165527));
#2470=CARTESIAN_POINT('',(0.541586867305,-0.386566347469,-2.778413132695));
#2471=CARTESIAN_POINT('Origin',(-0.32,-0.62,-1.3));
#2472=CARTESIAN_POINT('',(-0.317552593066,-0.351192514695,-3.002447406934));
#2473=CARTESIAN_POINT('',(-0.699616963064,-0.411518467852,-2.620383036936));
#2474=CARTESIAN_POINT('',(-0.32,-0.351192514695,-3.002447406934));
#2475=CARTESIAN_POINT('',(-0.32,-0.62,-1.3));
#2476=CARTESIAN_POINT('Origin',(-0.32,-0.32,-0.7));
#2477=CARTESIAN_POINT('Origin',(-0.32,0.02,-1.3));
#2478=CARTESIAN_POINT('',(-0.32,0.02,-1.3));
#2479=CARTESIAN_POINT('Origin',(-0.32,0.32,-3.2));
#2480=CARTESIAN_POINT('',(-0.317552593066,0.288807485305,-3.002447406934));
#2481=CARTESIAN_POINT('',(-0.32,0.288807485305,-3.002447406934));
#2482=CARTESIAN_POINT('',(-0.243720930233,0.300465116279,-3.076279069767));
#2483=CARTESIAN_POINT('Origin',(-0.22,-0.32,-3.1));
#2484=CARTESIAN_POINT('',(-0.12,-0.12,-3.2));
#2485=CARTESIAN_POINT('',(-0.24881689775,-0.270752273427,-3.07118310225));
#2486=CARTESIAN_POINT('',(-0.12,0.12,-3.2));
#2487=CARTESIAN_POINT('',(-0.155697812072,0.150503562587,-3.164302187928));
#2488=CARTESIAN_POINT('',(-0.12,-0.32,-3.2));
#2489=CARTESIAN_POINT('Origin',(2.28,-0.32,-3.1));
#2490=CARTESIAN_POINT('',(2.38,-0.12,-3.2));
#2491=CARTESIAN_POINT('',(2.182447406934,-0.351192514695,-3.002447406934));
#2492=CARTESIAN_POINT('',(2.25118310225,-0.270752273427,-3.07118310225));
#2493=CARTESIAN_POINT('',(1.800383036936,-0.411518467852,-2.620383036936));
#2494=CARTESIAN_POINT('',(2.182447406934,0.288807485305,-3.002447406934));
#2495=CARTESIAN_POINT('',(2.256279069767,0.300465116279,-3.076279069767));
#2496=CARTESIAN_POINT('',(2.38,0.12,-3.2));
#2497=CARTESIAN_POINT('',(2.344302187928,0.150503562587,-3.164302187928));
#2498=CARTESIAN_POINT('',(2.38,-0.32,-3.2));
#2499=CARTESIAN_POINT('Origin',(2.18,-0.62,-1.3));
#2500=CARTESIAN_POINT('',(2.817552593066,-0.351192514695,-3.002447406934));
#2501=CARTESIAN_POINT('',(2.18,-0.351192514695,-3.002447406934));
#2502=CARTESIAN_POINT('',(3.041586867305,-0.386566347469,-2.778413132695));
#2503=CARTESIAN_POINT('',(2.18,-0.62,-1.3));
#2504=CARTESIAN_POINT('Origin',(2.18,-0.32,-0.7));
#2505=CARTESIAN_POINT('Origin',(2.18,0.02,-1.3));
#2506=CARTESIAN_POINT('',(2.18,0.02,-1.3));
#2507=CARTESIAN_POINT('Origin',(2.18,0.32,-3.2));
#2508=CARTESIAN_POINT('',(2.817552593066,0.288807485305,-3.002447406934));
#2509=CARTESIAN_POINT('',(2.585690834473,0.325417236662,-3.234309165527));
#2510=CARTESIAN_POINT('',(2.18,0.288807485305,-3.002447406934));
#2511=CARTESIAN_POINT('Origin',(2.72,-0.32,-3.1));
#2512=CARTESIAN_POINT('',(2.62,-0.12,-3.2));
#2513=CARTESIAN_POINT('',(2.653849098111,-0.159613036666,-3.166150901889));
#2514=CARTESIAN_POINT('',(2.62,0.12,-3.2));
#2515=CARTESIAN_POINT('',(2.62,-0.32,-3.2));
#2516=CARTESIAN_POINT('',(2.538488556608,0.05034896900541,-3.281511443392));
#2517=CARTESIAN_POINT('Origin',(4.,-0.814780671729,3.627769701184));
#2518=CARTESIAN_POINT('',(4.,0.65,6.));
#2519=CARTESIAN_POINT('Origin',(4.,0.65,6.));
#2520=CARTESIAN_POINT('',(4.55,0.65,6.));
#2521=CARTESIAN_POINT('Origin',(4.55,0.65,6.));
#2522=CARTESIAN_POINT('',(4.55,1.15,6.));
#2523=CARTESIAN_POINT('Origin',(4.55,1.15,6.));
#2524=CARTESIAN_POINT('',(-2.05,1.15,6.));
#2525=CARTESIAN_POINT('Origin',(-2.05,1.15,6.));
#2526=CARTESIAN_POINT('',(-2.05,0.65,6.));
#2527=CARTESIAN_POINT('Origin',(-2.05,0.65,6.));
#2528=CARTESIAN_POINT('',(-1.5,0.65,6.));
#2529=CARTESIAN_POINT('Origin',(-1.5,-0.814780671729,3.627769701184));
#2530=CARTESIAN_POINT('Origin',(0.32,-0.04307486879287,0.926376556288));
#2531=CARTESIAN_POINT('',(0.32,0.32,4.9));
#2532=CARTESIAN_POINT('',(0.32,0.32,-0.7));
#2533=CARTESIAN_POINT('',(0.32,-0.32,4.9));
#2534=CARTESIAN_POINT('',(0.32,0.32,4.9));
#2535=CARTESIAN_POINT('',(0.32,-0.32,5.1));
#2536=CARTESIAN_POINT('Origin',(-0.32,0.32,-0.7));
#2537=CARTESIAN_POINT('',(-0.32,0.32,4.9));
#2538=CARTESIAN_POINT('',(-0.32,0.32,-0.7));
#2539=CARTESIAN_POINT('',(-0.32,0.32,4.9));
#2540=CARTESIAN_POINT('Origin',(-0.32,-0.04307486879287,0.926376556288));
#2541=CARTESIAN_POINT('',(-0.32,-0.32,4.9));
#2542=CARTESIAN_POINT('',(-0.32,-0.32,5.1));
#2543=CARTESIAN_POINT('',(-0.32,0.32,4.9));
#2544=CARTESIAN_POINT('Origin',(-0.32,-0.32,5.1));
#2545=CARTESIAN_POINT('',(-0.32,-0.32,4.9));
#2546=CARTESIAN_POINT('Origin',(2.18,-0.04307486879287,0.926376556288));
#2547=CARTESIAN_POINT('',(2.18,-0.32,4.9));
#2548=CARTESIAN_POINT('',(2.18,-0.32,5.1));
#2549=CARTESIAN_POINT('',(2.18,0.32,4.9));
#2550=CARTESIAN_POINT('',(2.18,0.32,4.9));
#2551=CARTESIAN_POINT('',(2.18,0.32,-0.7));
#2552=CARTESIAN_POINT('Origin',(2.18,-0.32,5.1));
#2553=CARTESIAN_POINT('',(2.82,-0.32,4.9));
#2554=CARTESIAN_POINT('',(2.82,-0.32,5.1));
#2555=CARTESIAN_POINT('',(2.18,-0.32,4.9));
#2556=CARTESIAN_POINT('Origin',(2.82,-0.04307486879287,0.926376556288));
#2557=CARTESIAN_POINT('',(2.82,0.32,4.9));
#2558=CARTESIAN_POINT('',(2.82,0.32,-0.7));
#2559=CARTESIAN_POINT('',(2.82,0.32,4.9));
#2560=CARTESIAN_POINT('Origin',(2.18,0.32,-0.7));
#2561=CARTESIAN_POINT('',(2.18,0.32,4.9));
#2562=CARTESIAN_POINT('Origin',(-0.32,-0.235596257347,-3.101223703467));
#2563=CARTESIAN_POINT('',(-0.32,-0.12,-3.2));
#2564=CARTESIAN_POINT('Origin',(-0.32,-0.32,-3.2));
#2565=CARTESIAN_POINT('',(-0.32,0.12,-3.2));
#2566=CARTESIAN_POINT('Origin',(-0.32,0.204403742653,-3.101223703467));
#2567=CARTESIAN_POINT('Origin',(2.18,-0.235596257347,-3.101223703467));
#2568=CARTESIAN_POINT('',(2.18,-0.12,-3.2));
#2569=CARTESIAN_POINT('Origin',(2.18,-0.32,-3.2));
#2570=CARTESIAN_POINT('',(2.18,0.12,-3.2));
#2571=CARTESIAN_POINT('Origin',(2.18,0.204403742653,-3.101223703467));
#2572=CARTESIAN_POINT('Origin',(0.22,0.32,5.));
#2573=CARTESIAN_POINT('',(0.12,0.12,5.1));
#2574=CARTESIAN_POINT('',(0.146666666667,0.146666666667,5.073333333333));
#2575=CARTESIAN_POINT('',(0.12,-0.12,5.1));
#2576=CARTESIAN_POINT('',(0.12,0.32,5.1));
#2577=CARTESIAN_POINT('',(0.04,-0.04,5.18));
#2578=CARTESIAN_POINT('Origin',(-0.32,0.22,5.));
#2579=CARTESIAN_POINT('',(-0.12,0.12,5.1));
#2580=CARTESIAN_POINT('',(-0.253333333333,0.253333333333,4.966666666667));
#2581=CARTESIAN_POINT('',(-0.32,0.12,5.1));
#2582=CARTESIAN_POINT('Origin',(-0.22,0.32,5.));
#2583=CARTESIAN_POINT('',(-0.12,-0.12,5.1));
#2584=CARTESIAN_POINT('',(-0.146666666667,-0.146666666667,5.073333333333));
#2585=CARTESIAN_POINT('',(-0.12,0.32,5.1));
#2586=CARTESIAN_POINT('Origin',(-0.32,-0.22,5.));
#2587=CARTESIAN_POINT('',(-0.32,-0.12,5.1));
#2588=CARTESIAN_POINT('Origin',(2.28,0.32,5.));
#2589=CARTESIAN_POINT('',(2.38,0.12,5.1));
#2590=CARTESIAN_POINT('',(2.246666666667,0.253333333333,4.966666666667));
#2591=CARTESIAN_POINT('',(2.38,-0.12,5.1));
#2592=CARTESIAN_POINT('',(2.353333333333,-0.146666666667,5.073333333333));
#2593=CARTESIAN_POINT('',(2.38,0.32,5.1));
#2594=CARTESIAN_POINT('Origin',(2.18,-0.22,5.));
#2595=CARTESIAN_POINT('',(2.62,-0.12,5.1));
#2596=CARTESIAN_POINT('',(2.54,-0.04,5.18));
#2597=CARTESIAN_POINT('',(2.18,-0.12,5.1));
#2598=CARTESIAN_POINT('Origin',(2.72,0.32,5.));
#2599=CARTESIAN_POINT('',(2.62,0.12,5.1));
#2600=CARTESIAN_POINT('',(2.646666666667,0.146666666667,5.073333333333));
#2601=CARTESIAN_POINT('',(2.62,0.32,5.1));
#2602=CARTESIAN_POINT('Origin',(2.18,0.22,5.));
#2603=CARTESIAN_POINT('',(2.18,0.12,5.1));
#2604=CARTESIAN_POINT('Origin',(-0.32,0.32,5.1));
#2605=CARTESIAN_POINT('Origin',(2.18,0.32,5.1));
#2606=UNCERTAINTY_MEASURE_WITH_UNIT(LENGTH_MEASURE(0.01),#2610,
'DISTANCE_ACCURACY_VALUE',
'Maximum model space distance between geometric entities at asserted c
onnectivities');
#2607=UNCERTAINTY_MEASURE_WITH_UNIT(LENGTH_MEASURE(0.01),#2610,
'DISTANCE_ACCURACY_VALUE',
'Maximum model space distance between geometric entities at asserted c
onnectivities');
#2608=(
GEOMETRIC_REPRESENTATION_CONTEXT(3)
GLOBAL_UNCERTAINTY_ASSIGNED_CONTEXT((#2606))
GLOBAL_UNIT_ASSIGNED_CONTEXT((#2610,#2612,#2613))
REPRESENTATION_CONTEXT('','3D')
);
#2609=(
GEOMETRIC_REPRESENTATION_CONTEXT(3)
GLOBAL_UNCERTAINTY_ASSIGNED_CONTEXT((#2607))
GLOBAL_UNIT_ASSIGNED_CONTEXT((#2610,#2612,#2613))
REPRESENTATION_CONTEXT('','3D')
);
#2610=(
LENGTH_UNIT()
NAMED_UNIT(*)
SI_UNIT(.MILLI.,.METRE.)
);
#2611=(
LENGTH_UNIT()
NAMED_UNIT(*)
SI_UNIT($,.METRE.)
);
#2612=(
NAMED_UNIT(*)
PLANE_ANGLE_UNIT()
SI_UNIT($,.RADIAN.)
);
#2613=(
NAMED_UNIT(*)
SI_UNIT($,.STERADIAN.)
SOLID_ANGLE_UNIT()
);
#2614=SHAPE_DEFINITION_REPRESENTATION(#2615,#2616);
#2615=PRODUCT_DEFINITION_SHAPE('',$,#2618);
#2616=SHAPE_REPRESENTATION('',(#1690),#2608);
#2617=PRODUCT_DEFINITION_CONTEXT('part definition',#2622,'design');
#2618=PRODUCT_DEFINITION('2026-06-03-18-26-36-426',
'JST_EH_B2B-EH-A_1x02_P2.50mm_Vertical',#2619,#2617);
#2619=PRODUCT_DEFINITION_FORMATION('',$,#2624);
#2620=PRODUCT_RELATED_PRODUCT_CATEGORY(
'JST_EH_B2B-EH-A_1x02_P2.50mm_Vertical',
'JST_EH_B2B-EH-A_1x02_P2.50mm_Vertical',(#2624));
#2621=APPLICATION_PROTOCOL_DEFINITION('international standard',
'automotive_design',2009,#2622);
#2622=APPLICATION_CONTEXT(
'Core Data for Automotive Mechanical Design Process');
#2623=PRODUCT_CONTEXT('part definition',#2622,'mechanical');
#2624=PRODUCT('2026-06-03-18-26-36-426',
'JST_EH_B2B-EH-A_1x02_P2.50mm_Vertical',$,(#2623));
#2625=PRESENTATION_STYLE_ASSIGNMENT((#2628));
#2626=PRESENTATION_STYLE_ASSIGNMENT((#2629));
#2627=PRESENTATION_STYLE_ASSIGNMENT((#2630));
#2628=SURFACE_STYLE_USAGE(.BOTH.,#2631);
#2629=SURFACE_STYLE_USAGE(.BOTH.,#2632);
#2630=SURFACE_STYLE_USAGE(.BOTH.,#2633);
#2631=SURFACE_SIDE_STYLE('',(#2634));
#2632=SURFACE_SIDE_STYLE('',(#2635));
#2633=SURFACE_SIDE_STYLE('',(#2636));
#2634=SURFACE_STYLE_FILL_AREA(#2637);
#2635=SURFACE_STYLE_FILL_AREA(#2638);
#2636=SURFACE_STYLE_FILL_AREA(#2639);
#2637=FILL_AREA_STYLE('Steel - Satin',(#2640));
#2638=FILL_AREA_STYLE('Opaque(228,227,207)',(#2641));
#2639=FILL_AREA_STYLE('Opaque(210,209,199)',(#2642));
#2640=FILL_AREA_STYLE_COLOUR('Steel - Satin',#2643);
#2641=FILL_AREA_STYLE_COLOUR('Opaque(228,227,207)',#2644);
#2642=FILL_AREA_STYLE_COLOUR('Opaque(210,209,199)',#2645);
#2643=COLOUR_RGB('Steel - Satin',0.627450980392157,0.627450980392157,0.627450980392157);
#2644=COLOUR_RGB('Opaque(228,227,207)',0.894117647058824,0.890196078431372,
0.811764705882353);
#2645=COLOUR_RGB('Opaque(210,209,199)',0.823529411764706,0.819607843137255,
0.780392156862745);
ENDSEC;
END-ISO-10303-21;
